{"type":"FeatureCollection","name":"Oseberg leasing \u2014 aggregated by PLSS section","crs":{"type":"name","properties":{"name":"urn:ogc:def:crs:OGC:1.3:CRS84"}},"features":[{"type":"Feature","properties":{"section_legal":"20-13N-20W","county":"Custer","total_leases":134,"leases_24mo":10,"leases_12mo":4,"latest_recording":"2025-12-05","top_lessees":[{"name":"AVIDITY EXPLORATION AND PRODUCTION LLC","count":54},{"name":"PINSON LAND SERVICES LLC","count":36},{"name":"DEVON ENERGY PRODUCTION COMPANY LP","count":18}]},"geometry":{"type":"Polygon","coordinates":[[[-99.359338,35.580734],[-99.359333,35.595266],[-99.3416,35.59522],[-99.341615,35.5807],[-99.359338,35.580734]]]}},{"type":"Feature","properties":{"section_legal":"06-14N-20W","county":"Custer","total_leases":42,"leases_24mo":10,"leases_12mo":2,"latest_recording":"2025-07-24","top_lessees":[{"name":"ROCK CREEK LAND & ENERGY LLC","count":32},{"name":"DEVON ENERGY PRODUCTION COMPANY L.P.","count":4},{"name":"INDIAN HILLS RESOURCES LLC","count":2}]},"geometry":{"type":"Polygon","coordinates":[[[-99.376687,35.711221],[-99.376634,35.725672],[-99.358982,35.725673],[-99.359007,35.711225],[-99.376687,35.711221]]]}},{"type":"Feature","properties":{"section_legal":"08-13N-16W","county":"Custer","total_leases":16,"leases_24mo":6,"leases_12mo":6,"latest_recording":"2026-04-22","top_lessees":[{"name":"SUMMIT OIL AND GAS LLC","count":6},{"name":"MEWBOURNE OIL COMPANY","count":4},{"name":"ANCHORPOINT OPERATING LLC","count":4}]},"geometry":{"type":"Polygon","coordinates":[[[-98.924904224988,35.6181212035218],[-98.923404224975,35.6166212035088],[-98.924904224988,35.6151212034958],[-98.926404225001,35.6166212035088],[-98.924904224988,35.6181212035218]]]}},{"type":"Feature","properties":{"section_legal":"01-13N-20W","county":"Custer","total_leases":122,"leases_24mo":18,"leases_12mo":16,"latest_recording":"2026-03-24","top_lessees":[{"name":"AVIDITY EXPLORATION AND PRODUCTION LLC","count":36},{"name":"HALL-WARD ENERGY FUND LP","count":20},{"name":"YUKON TRADING COMPANY LLC","count":20}]},"geometry":{"type":"Polygon","coordinates":[[[-99.2793733092014,35.6330113725029],[-99.2778733091884,35.6315113724899],[-99.2793733092014,35.6300113724768],[-99.2808733092145,35.6315113724899],[-99.2793733092014,35.6330113725029]]]}},{"type":"Feature","properties":{"section_legal":"28-11N-12W","county":"Caddo","total_leases":28,"leases_24mo":8,"leases_12mo":8,"latest_recording":"2026-04-30","top_lessees":[{"name":"STAGHORN PETROLEUM II LLC","count":16},{"name":"TRANSOM HOLDINGS LLC","count":10},{"name":"MINERALMEN LLC","count":2}]},"geometry":{"type":"Polygon","coordinates":[[[-98.4739329834977,35.4003648090412],[-98.4724329834847,35.3988648090282],[-98.4739329834977,35.3973648090152],[-98.4754329835108,35.3988648090282],[-98.4739329834977,35.4003648090412]]]}},{"type":"Feature","properties":{"section_legal":"04-13N-20W","county":"Custer","total_leases":92,"leases_24mo":16,"leases_12mo":2,"latest_recording":"2025-10-17","top_lessees":[{"name":"AVIDITY EXPLORATION AND PRODUCTION LLC","count":38},{"name":"DEVON ENERGY PRODUCTION COMPANY LP","count":24},{"name":"ANEVAY RESOURCES LLC","count":14}]},"geometry":{"type":"Polygon","coordinates":[[[-99.341525,35.624255],[-99.341526,35.638755],[-99.323758,35.638768],[-99.323754,35.624253],[-99.341525,35.624255]]]}},{"type":"Feature","properties":{"section_legal":"23-13N-20W","county":"Custer","total_leases":102,"leases_24mo":0,"leases_12mo":0,"latest_recording":"2023-12-14","top_lessees":[{"name":"AVIDITY EXPLORATION AND PRODUCTION LLC","count":66},{"name":"NWR MINERAL PARTNERS LLC","count":24},{"name":"SKYCAP ENERGY LLC","count":12}]},"geometry":{"type":"Polygon","coordinates":[[[-99.306146,35.580673],[-99.306076,35.595211],[-99.288352,35.595117],[-99.288496,35.58061],[-99.306146,35.580673]]]}},{"type":"Feature","properties":{"section_legal":"34-13N-20W","county":"Custer","total_leases":180,"leases_24mo":12,"leases_12mo":0,"latest_recording":"2025-02-13","top_lessees":[{"name":"AVIDITY EXPLORATION AND PRODUCTION LLC","count":126},{"name":"PINSON LAND SERVICES LLC","count":36},{"name":"PETROVEN INC","count":8}]},"geometry":{"type":"Polygon","coordinates":[[[-99.3150074475149,35.5604748823948],[-99.3135074475018,35.5589748823818],[-99.3150074475149,35.5574748823687],[-99.3165074475279,35.5589748823818],[-99.3150074475149,35.5604748823948]]]}},{"type":"Feature","properties":{"section_legal":"03-13N-18W","county":"Custer","total_leases":66,"leases_24mo":22,"leases_12mo":12,"latest_recording":"2026-04-15","top_lessees":[{"name":"SUMMIT RESOURCES INC","count":42},{"name":"PETROVEN INC","count":8},{"name":"SUMMIT RESOURCES INC.","count":6}]},"geometry":{"type":"Polygon","coordinates":[[[-99.110922,35.62402],[-99.110942,35.638567],[-99.093216,35.638561],[-99.093128,35.62402],[-99.110922,35.62402]]]}},{"type":"Feature","properties":{"section_legal":"07-13N-20W","county":"Custer","total_leases":28,"leases_24mo":0,"leases_12mo":0,"latest_recording":"2023-11-16","top_lessees":[{"name":"AVIDITY EXPLORATION AND PRODUCTION LLC","count":28}]},"geometry":{"type":"Polygon","coordinates":[[[-99.376999,35.609853],[-99.376987,35.624421],[-99.359366,35.624309],[-99.359353,35.609791],[-99.376999,35.609853]]]}},{"type":"Feature","properties":{"section_legal":"02-13N-20W","county":"Custer","total_leases":24,"leases_24mo":4,"leases_12mo":2,"latest_recording":"2025-11-05","top_lessees":[{"name":"AVIDITY EXPLORATION AND PRODUCTION LLC","count":12},{"name":"ANEVAY RESOURCES LLC","count":4},{"name":"DEVON ENERGY PRODUCTION COMPANY LP","count":2}]},"geometry":{"type":"Polygon","coordinates":[[[-99.305994,35.624304],[-99.305937,35.638713],[-99.28819,35.638706],[-99.288317,35.624175],[-99.305994,35.624304]]]}},{"type":"Feature","properties":{"section_legal":"11-11N-13W","county":"Caddo","total_leases":26,"leases_24mo":8,"leases_12mo":8,"latest_recording":"2026-04-30","top_lessees":[{"name":"TRANSOM HOLDINGS LLC","count":24},{"name":"DITCH CHICKEN HOLDINGS LLC","count":2}]},"geometry":{"type":"Polygon","coordinates":[[[-98.553075,35.435275],[-98.553099,35.449762],[-98.535386,35.449668],[-98.53536,35.435213],[-98.553075,35.435275]]]}},{"type":"Feature","properties":{"section_legal":"18-13N-20W","county":"Custer","total_leases":146,"leases_24mo":26,"leases_12mo":14,"latest_recording":"2026-03-12","top_lessees":[{"name":"AVIDITY EXPLORATION AND PRODUCTION LLC","count":82},{"name":"DEVON ENERGY PRODUCTION COMPANY LP","count":26},{"name":"PINSON LAND SERVICES LLC","count":16}]},"geometry":{"type":"Polygon","coordinates":[[[-99.377006,35.595315],[-99.376999,35.609855],[-99.359353,35.609793],[-99.359332,35.595264],[-99.377006,35.595315]]]}},{"type":"Feature","properties":{"section_legal":"32-13N-20W","county":"Custer","total_leases":44,"leases_24mo":8,"leases_12mo":0,"latest_recording":"2025-04-18","top_lessees":[{"name":"AVIDITY EXPLORATION AND PRODUCTION LLC","count":26},{"name":"DEVON ENERGY PRODUCTION COMPANY LP","count":14},{"name":"PINSON LAND SERVICES LLC","count":2}]},"geometry":{"type":"Polygon","coordinates":[[[-99.359394,35.551738],[-99.359351,35.566221],[-99.341646,35.566193],[-99.341657,35.551706],[-99.359394,35.551738]]]}},{"type":"Feature","properties":{"section_legal":"29-13N-20W","county":"Custer","total_leases":162,"leases_24mo":18,"leases_12mo":0,"latest_recording":"2025-02-11","top_lessees":[{"name":"AVIDITY EXPLORATION AND PRODUCTION LLC","count":110},{"name":"DEVON ENERGY PRODUCTION COMPANY LP","count":16},{"name":"SKYCAP ENERGY LLC","count":14}]},"geometry":{"type":"Polygon","coordinates":[[[-99.35935,35.566219],[-99.359337,35.580736],[-99.341615,35.580702],[-99.341646,35.566191],[-99.35935,35.566219]]]}},{"type":"Feature","properties":{"section_legal":"28-13N-20W","county":"Custer","total_leases":140,"leases_24mo":38,"leases_12mo":0,"latest_recording":"2024-12-19","top_lessees":[{"name":"AVIDITY EXPLORATION AND PRODUCTION LLC","count":56},{"name":"DEVON ENERGY PRODUCTION COMPANY LP","count":42},{"name":"PINSON LAND SERVICES LLC","count":20}]},"geometry":{"type":"Polygon","coordinates":[[[-99.341648,35.566191],[-99.341617,35.580702],[-99.323857,35.580707],[-99.323894,35.566196],[-99.341648,35.566191]]]}},{"type":"Feature","properties":{"section_legal":"05-13N-20W","county":"Custer","total_leases":186,"leases_24mo":56,"leases_12mo":4,"latest_recording":"2025-09-05","top_lessees":[{"name":"AVIDITY EXPLORATION AND PRODUCTION LLC","count":58},{"name":"SKYCAP ENERGY LLC","count":50},{"name":"PINSON LAND SERVICES LLC","count":26}]},"geometry":{"type":"Polygon","coordinates":[[[-99.359368,35.624307],[-99.359261,35.638789],[-99.341524,35.638755],[-99.341523,35.624255],[-99.359368,35.624307]]]}},{"type":"Feature","properties":{"section_legal":"21-13N-20W","county":"Custer","total_leases":126,"leases_24mo":0,"leases_12mo":0,"latest_recording":"2024-05-16","top_lessees":[{"name":"AVIDITY EXPLORATION AND PRODUCTION LLC","count":58},{"name":"SKYCAP ENERGY LLC","count":36},{"name":"PINSON LAND SERVICES LLC","count":20}]},"geometry":{"type":"Polygon","coordinates":[[[-99.341617,35.5807],[-99.341601,35.59522],[-99.323811,35.595216],[-99.323857,35.580705],[-99.341617,35.5807]]]}},{"type":"Feature","properties":{"section_legal":"35-14N-20W","county":"Custer","total_leases":46,"leases_24mo":8,"leases_12mo":0,"latest_recording":"2025-01-16","top_lessees":[{"name":"AVIDITY EXPLORATION AND PRODUCTION LLC","count":14},{"name":"YUKON TRADING COMPANY LLC","count":8},{"name":"DEVON ENERGY PRODUCTION COMPANY LP","count":8}]},"geometry":{"type":"Polygon","coordinates":[[[-99.305937,35.638711],[-99.30588,35.653133],[-99.288208,35.653092],[-99.28819,35.638704],[-99.305937,35.638711]]]}},{"type":"Feature","properties":{"section_legal":"36-14N-20W","county":"Custer","total_leases":34,"leases_24mo":4,"leases_12mo":2,"latest_recording":"2026-03-25","top_lessees":[{"name":"AVIDITY EXPLORATION AND PRODUCTION LLC","count":26},{"name":"YUKON TRADING COMPANY LLC","count":4},{"name":"PETROVEN INC","count":2}]},"geometry":{"type":"Polygon","coordinates":[[[-99.28821,35.653091],[-99.270354,35.653251],[-99.270455,35.638692],[-99.288192,35.638704],[-99.28821,35.653091]]]}},{"type":"Feature","properties":{"section_legal":"27-11N-12W","county":"Caddo","total_leases":12,"leases_24mo":10,"leases_12mo":10,"latest_recording":"2026-04-01","top_lessees":[{"name":"MIDNIGHT OIL AND GAS LLC","count":4},{"name":"MINERALMEN LLC","count":2},{"name":"PUZZLEROCK RESOURCES LLC AN OKLAHOMA LIMITED LIABILITY COMPANY","count":2}]},"geometry":{"type":"Polygon","coordinates":[[[-98.465101,35.391801],[-98.465101,35.406281],[-98.447411,35.406297],[-98.447427,35.391858],[-98.465101,35.391801]]]}},{"type":"Feature","properties":{"section_legal":"15-13N-20W","county":"Custer","total_leases":82,"leases_24mo":2,"leases_12mo":0,"latest_recording":"2025-02-20","top_lessees":[{"name":"AVIDITY EXPLORATION AND PRODUCTION LLC","count":58},{"name":"GREENHEAD RESOURCES, LLC","count":10},{"name":"SKYCAP ENERGY LLC","count":6}]},"geometry":{"type":"Polygon","coordinates":[[[-99.323813,35.595214],[-99.323796,35.609738],[-99.306048,35.609755],[-99.306074,35.595209],[-99.323813,35.595214]]]}},{"type":"Feature","properties":{"section_legal":"31-13N-20W","county":"Custer","total_leases":222,"leases_24mo":46,"leases_12mo":0,"latest_recording":"2024-12-19","top_lessees":[{"name":"AVIDITY EXPLORATION AND PRODUCTION LLC","count":122},{"name":"DEVON ENERGY PRODUCTION COMPANY LP","count":70},{"name":"DEVON ENERGY PRODUCTION COMPANY L.P.","count":12}]},"geometry":{"type":"Polygon","coordinates":[[[-99.37712,35.551754],[-99.377073,35.566269],[-99.359349,35.566221],[-99.359392,35.551738],[-99.37712,35.551754]]]}},{"type":"Feature","properties":{"section_legal":"14-13N-19W","county":"Custer","total_leases":34,"leases_24mo":12,"leases_12mo":6,"latest_recording":"2025-12-18","top_lessees":[{"name":"REDHAWK RESOURCES LLC","count":18},{"name":"GREENHEAD RESOURCES LLC","count":6},{"name":"OSTRICH LAND SERVICES LLC","count":4}]},"geometry":{"type":"Polygon","coordinates":[[[-99.199683,35.595199],[-99.199698,35.609674],[-99.181953,35.609639],[-99.181957,35.595149],[-99.199683,35.595199]]]}},{"type":"Feature","properties":{"section_legal":"20-11N-12W","county":"Caddo","total_leases":4,"leases_24mo":0,"leases_12mo":0,"latest_recording":"2023-12-27","top_lessees":[{"name":"TRANSOM HOLDINGS LLC","count":4}]},"geometry":{"type":"Polygon","coordinates":[[[-98.4916828274258,35.4149249246702],[-98.4901828274127,35.4134249246572],[-98.4916828274258,35.4119249246442],[-98.4931828274388,35.4134249246572],[-98.4916828274258,35.4149249246702]]]}},{"type":"Feature","properties":{"section_legal":"04-13N-23W","county":"Roger Mills","total_leases":42,"leases_24mo":0,"leases_12mo":0,"latest_recording":"2024-04-18","top_lessees":[{"name":"MEWBOURNE OIL COMPANY","count":36},{"name":"AZTEK PETROLEUM COMPANY LLC","count":6}]},"geometry":{"type":"Polygon","coordinates":[[[-99.6509902829689,35.6331751732122],[-99.6494902829559,35.6316751731991],[-99.6509902829689,35.6301751731861],[-99.652490282982,35.6316751731991],[-99.6509902829689,35.6331751732122]]]}},{"type":"Feature","properties":{"section_legal":"09-13N-19W","county":"Custer","total_leases":14,"leases_24mo":0,"leases_12mo":0,"latest_recording":"2023-09-14","top_lessees":[{"name":"GREENHEAD RESOURCES LLC","count":4},{"name":"GREENHEAD RESOURCES, LLC","count":4},{"name":"MEWBOURNE OIL COMPANY","count":4}]},"geometry":{"type":"Polygon","coordinates":[[[-99.2309199114879,35.6221517422577],[-99.2294199114749,35.6206517422447],[-99.2309199114879,35.6191517422316],[-99.2324199115009,35.6206517422447],[-99.2309199114879,35.6221517422577]]]}},{"type":"Feature","properties":{"section_legal":"29-14N-19W","county":"Custer","total_leases":54,"leases_24mo":6,"leases_12mo":0,"latest_recording":"2025-01-16","top_lessees":[{"name":"NWR MINERAL PARTNERS LLC","count":32},{"name":"GREENHEAD RESOURCES LLC","count":8},{"name":"DEVON ENERGY PRODUCTION COMPANY LP","count":8}]},"geometry":{"type":"Polygon","coordinates":[[[-99.2441442468326,35.6619772645003],[-99.2426442468196,35.6604772644873],[-99.2441442468326,35.6589772644743],[-99.2456442468456,35.6604772644873],[-99.2441442468326,35.6619772645003]]]}},{"type":"Feature","properties":{"section_legal":"06-13N-19W","county":"Custer","total_leases":30,"leases_24mo":18,"leases_12mo":0,"latest_recording":"2024-12-23","top_lessees":[{"name":"DEVON ENERGY PRODUCTION COMPANY LP","count":10},{"name":"YUKON TRADING COMPANY LLC","count":6},{"name":"VOGEL EXPLORATION LLC","count":6}]},"geometry":{"type":"Polygon","coordinates":[[[-99.270553,35.624213],[-99.270456,35.638694],[-99.252881,35.638671],[-99.252908,35.624191],[-99.270553,35.624213]]]}},{"type":"Feature","properties":{"section_legal":"26-13N-14W","county":"Custer","total_leases":52,"leases_24mo":44,"leases_12mo":30,"latest_recording":"2026-02-04","top_lessees":[{"name":"VALIDUS ENERGY II MIDCON LLC","count":30},{"name":"KIOWA EXPLORATION LLC","count":12},{"name":"CONTINENTAL RESOURCES INC","count":4}]},"geometry":{"type":"Polygon","coordinates":[[[-98.667681,35.565992],[-98.667713,35.580514],[-98.649896,35.580498],[-98.649906,35.566003],[-98.667681,35.565992]]]}},{"type":"Feature","properties":{"section_legal":"12-13N-17W","county":"Custer","total_leases":112,"leases_24mo":0,"leases_12mo":0,"latest_recording":"2024-03-12","top_lessees":[{"name":"MEWBOURNE OIL COMPANY","count":36},{"name":"SUMMIT OIL AND GAS LLC","count":26},{"name":"YUKON TRADING COMPANY LLC","count":16}]},"geometry":{"type":"Polygon","coordinates":[[[-98.969032,35.609474],[-98.969016,35.624003],[-98.951291,35.624049],[-98.951319,35.609546],[-98.969032,35.609474]]]}},{"type":"Feature","properties":{"section_legal":"23-13N-19W","county":"Custer","total_leases":52,"leases_24mo":20,"leases_12mo":14,"latest_recording":"2026-02-18","top_lessees":[{"name":"REDHAWK RESOURCES LLC","count":16},{"name":"GREENHEAD RESOURCES LLC","count":10},{"name":"OK ACQUISITIONS LLC","count":6}]},"geometry":{"type":"Polygon","coordinates":[[[-99.199717,35.580673],[-99.199682,35.595201],[-99.181957,35.59515],[-99.181983,35.580657],[-99.199717,35.580673]]]}},{"type":"Feature","properties":{"section_legal":"14-13N-20W","county":"Custer","total_leases":54,"leases_24mo":8,"leases_12mo":0,"latest_recording":"2025-04-07","top_lessees":[{"name":"NWR MINERAL PARTNERS LLC","count":34},{"name":"AVIDITY EXPLORATION AND PRODUCTION LLC","count":8},{"name":"YUKON TRADING COMPANY LLC","count":4}]},"geometry":{"type":"Polygon","coordinates":[[[-99.306076,35.595209],[-99.30605,35.609755],[-99.288359,35.609651],[-99.288352,35.595115],[-99.306076,35.595209]]]}},{"type":"Feature","properties":{"section_legal":"04-13N-18W","county":"Custer","total_leases":58,"leases_24mo":44,"leases_12mo":10,"latest_recording":"2026-02-24","top_lessees":[{"name":"BIG HORN RESOURCE PARTNERS LLC","count":24},{"name":"SUMMIT RESOURCES INC","count":18},{"name":"WINDING RIVER ENERGY SERVICES CORP","count":4}]},"geometry":{"type":"Polygon","coordinates":[[[-99.128651,35.62402],[-99.128681,35.638575],[-99.11094,35.638567],[-99.11092,35.62402],[-99.128651,35.62402]]]}},{"type":"Feature","properties":{"section_legal":"34-11N-12W","county":"Caddo","total_leases":26,"leases_24mo":16,"leases_12mo":16,"latest_recording":"2026-02-20","top_lessees":[{"name":"SUMMIT LAND COMPANY INC","count":14},{"name":"JESS HARRIS III LLC","count":10},{"name":"MIDNIGHT OIL AND GAS LLC","count":2}]},"geometry":{"type":"Polygon","coordinates":[[[-98.46509,35.377327],[-98.465101,35.391803],[-98.447427,35.39186],[-98.447432,35.377372],[-98.46509,35.377327]]]}},{"type":"Feature","properties":{"section_legal":"07-13N-14W","county":"Custer","total_leases":38,"leases_24mo":32,"leases_12mo":32,"latest_recording":"2026-03-27","top_lessees":[{"name":"SUPERIOR TITLE SERVICES II LLC","count":22},{"name":"SUMMIT OIL AND GAS LLC","count":6},{"name":"J AND A MINERALS, LLC","count":6}]},"geometry":{"type":"Polygon","coordinates":[[[-98.720846,35.623954],[-98.72085,35.609458],[-98.738495,35.60939],[-98.738504,35.623901],[-98.720846,35.623954]]]}},{"type":"Feature","properties":{"section_legal":"11-15N-20W","county":"Custer","total_leases":256,"leases_24mo":34,"leases_12mo":2,"latest_recording":"2026-03-18","top_lessees":[{"name":"MEWBOURNE OIL COMPANY","count":120},{"name":"DEVON ENERGY PRODUCTION COMPANY LP","count":42},{"name":"GBK INTERNATIONAL GROUP LTD","count":26}]},"geometry":{"type":"Polygon","coordinates":[[[-99.305497,35.783439],[-99.305391,35.797882],[-99.28773,35.797845],[-99.287812,35.783385],[-99.305497,35.783439]]]}},{"type":"Feature","properties":{"section_legal":"09-15N-20W","county":"Custer","total_leases":110,"leases_24mo":32,"leases_12mo":12,"latest_recording":"2025-10-02","top_lessees":[{"name":"MEWBOURNE OIL COMPANY","count":48},{"name":"PETROVEN INC","count":20},{"name":"REDWOOD ENERGY PARTNERS LLC","count":10}]},"geometry":{"type":"Polygon","coordinates":[[[-99.3319260613823,35.7920477014698],[-99.3304260613693,35.7905477014568],[-99.3319260613823,35.7890477014437],[-99.3334260613954,35.7905477014568],[-99.3319260613823,35.7920477014698]]]}},{"type":"Feature","properties":{"section_legal":"03-13N-23W","county":"Roger Mills","total_leases":60,"leases_24mo":36,"leases_12mo":0,"latest_recording":"2025-05-30","top_lessees":[{"name":"MEWBOURNE OIL COMPANY","count":32},{"name":"ARNOLD OIL PROPERTIES LLC","count":12},{"name":"KEYSTONE ENERGY LLC","count":8}]},"geometry":{"type":"Polygon","coordinates":[[[-99.642119,35.624338],[-99.642019,35.638823],[-99.624223,35.638803],[-99.624392,35.624352],[-99.642119,35.624338]]]}},{"type":"Feature","properties":{"section_legal":"15-11N-12W","county":"Caddo","total_leases":8,"leases_24mo":0,"leases_12mo":0,"latest_recording":"2023-12-21","top_lessees":[{"name":"TRANSOM HOLDINGS LLC","count":6},{"name":"JP DRILLING FUND LLC","count":2}]},"geometry":{"type":"Polygon","coordinates":[[[-98.465071,35.420725],[-98.465037,35.435206],[-98.447369,35.435147],[-98.447401,35.420744],[-98.465071,35.420725]]]}},{"type":"Feature","properties":{"section_legal":"27-14N-20W","county":"Custer","total_leases":90,"leases_24mo":10,"leases_12mo":6,"latest_recording":"2025-10-14","top_lessees":[{"name":"AVIDITY EXPLORATION AND PRODUCTION LLC","count":58},{"name":"DEVON ENERGY PRODUCTION COMPANY LP","count":12},{"name":"ANEVAY RESOURCES LLC","count":6}]},"geometry":{"type":"Polygon","coordinates":[[[-99.323596,35.653243],[-99.323486,35.667775],[-99.305735,35.667686],[-99.305879,35.653131],[-99.323596,35.653243]]]}},{"type":"Feature","properties":{"section_legal":"10-15N-20W","county":"Custer","total_leases":122,"leases_24mo":38,"leases_12mo":10,"latest_recording":"2025-10-20","top_lessees":[{"name":"MEWBOURNE OIL COMPANY","count":48},{"name":"PETROVEN INC","count":18},{"name":"NWR MINERAL PARTNERS LLC","count":12}]},"geometry":{"type":"Polygon","coordinates":[[[-99.323113,35.783469],[-99.323052,35.79791],[-99.305389,35.797882],[-99.305495,35.783439],[-99.323113,35.783469]]]}},{"type":"Feature","properties":{"section_legal":"25-11N-11W","county":"Caddo","total_leases":102,"leases_24mo":78,"leases_12mo":68,"latest_recording":"2026-02-19","top_lessees":[{"name":"MIDNIGHT OIL AND GAS LLC","count":34},{"name":"SUPERIOR TITLE SERVICES II LLC","count":18},{"name":"SILVER OAK NATURAL RESOURCES LLC","count":14}]},"geometry":{"type":"Polygon","coordinates":[[[-98.324079,35.391774],[-98.324062,35.406194],[-98.306359,35.406156],[-98.30635,35.391724],[-98.324079,35.391774]]]}},{"type":"Feature","properties":{"section_legal":"18-15N-19W","county":"Custer","total_leases":198,"leases_24mo":56,"leases_12mo":2,"latest_recording":"2025-07-14","top_lessees":[{"name":"MEWBOURNE OIL COMPANY","count":116},{"name":"PLAINVIEW OIL COMPANY LLC","count":18},{"name":"GREENHEAD ENERGY LLC","count":12}]},"geometry":{"type":"Polygon","coordinates":[[[-99.2610351592208,35.7775362272655],[-99.2595351592078,35.7760362272525],[-99.2610351592208,35.7745362272395],[-99.2625351592338,35.7760362272525],[-99.2610351592208,35.7775362272655]]]}},{"type":"Feature","properties":{"section_legal":"19-15N-19W","county":"Custer","total_leases":202,"leases_24mo":60,"leases_12mo":0,"latest_recording":"2025-06-02","top_lessees":[{"name":"MEWBOURNE OIL COMPANY","count":120},{"name":"PETROVEN INC","count":26},{"name":"NWR MINERAL PARTNERS LLC","count":14}]},"geometry":{"type":"Polygon","coordinates":[[[-99.270286,35.754479],[-99.270235,35.768946],[-99.252559,35.76894],[-99.252626,35.754496],[-99.270286,35.754479]]]}},{"type":"Feature","properties":{"section_legal":"21-13N-19W","county":"Custer","total_leases":205,"leases_24mo":138,"leases_12mo":116,"latest_recording":"2026-05-28","top_lessees":[{"name":"GREENHEAD RESOURCES LLC","count":44},{"name":"REDHAWK RESOURCES LLC","count":44},{"name":"KAISER-FRANCIS OIL COMPANY","count":30}]},"geometry":{"type":"Polygon","coordinates":[[[-99.235158,35.595167],[-99.217306,35.595205],[-99.217307,35.580669],[-99.235161,35.58064],[-99.235158,35.595167]]]}},{"type":"Feature","properties":{"section_legal":"13-15N-20W","county":"Custer","total_leases":104,"leases_24mo":24,"leases_12mo":16,"latest_recording":"2026-05-12","top_lessees":[{"name":"MEWBOURNE OIL COMPANY","count":54},{"name":"PETROVEN INC","count":8},{"name":"LEGACY MINERAL GROUP LLC","count":8}]},"geometry":{"type":"Polygon","coordinates":[[[-99.287916,35.768919],[-99.287814,35.783387],[-99.270173,35.783393],[-99.270233,35.768944],[-99.287916,35.768919]]]}},{"type":"Feature","properties":{"section_legal":"06-13N-21W","county":"Roger Mills","total_leases":138,"leases_24mo":56,"leases_12mo":28,"latest_recording":"2026-01-15","top_lessees":[{"name":"SKYCAP ENERGY LLC","count":35},{"name":"REDWOOD ENERGY PARTNERS LLC","count":28},{"name":"ANEVAY RESOURCES, LLC","count":21}]},"geometry":{"type":"Polygon","coordinates":[[[-99.483111,35.624271],[-99.483035,35.638775],[-99.465624,35.63881],[-99.46561,35.624288],[-99.483111,35.624271]]]}},{"type":"Feature","properties":{"section_legal":"05-13N-22W","county":"Roger Mills","total_leases":198,"leases_24mo":112,"leases_12mo":12,"latest_recording":"2026-02-24","top_lessees":[{"name":"MEWBOURNE OIL COMPANY","count":92},{"name":"NWR MINERAL PARTNERS","count":64},{"name":"NWR MINERAL PARTNERS, LLC.","count":8}]},"geometry":{"type":"Polygon","coordinates":[[[-99.571319,35.624382],[-99.571327,35.638867],[-99.553608,35.638896],[-99.55368,35.624397],[-99.571319,35.624382]]]}},{"type":"Feature","properties":{"section_legal":"10-11N-13W","county":"Caddo","total_leases":18,"leases_24mo":12,"leases_12mo":12,"latest_recording":"2026-04-20","top_lessees":[{"name":"TRANSOM HOLDINGS LLC","count":18}]},"geometry":{"type":"Polygon","coordinates":[[[-98.5617780164039,35.4440691954222],[-98.5602780163909,35.4425691954092],[-98.5617780164039,35.4410691953962],[-98.5632780164169,35.4425691954092],[-98.5617780164039,35.4440691954222]]]}},{"type":"Feature","properties":{"section_legal":"09-14N-20W","county":"Custer","total_leases":90,"leases_24mo":16,"leases_12mo":0,"latest_recording":"2024-09-30","top_lessees":[{"name":"MEWBOURNE OIL COMPANY","count":38},{"name":"ANNASTIN NON-OP LLC","count":10},{"name":"NWR MINERAL PARTNERS LLC","count":8}]},"geometry":{"type":"Polygon","coordinates":[[[-99.341278,35.696915],[-99.341193,35.711298],[-99.323435,35.711186],[-99.323461,35.696744],[-99.341278,35.696915]]]}},{"type":"Feature","properties":{"section_legal":"30-15N-20W","county":"Custer","total_leases":12,"leases_24mo":0,"leases_12mo":0,"latest_recording":"2023-10-06","top_lessees":[{"name":"MEWBOURNE OIL COMPANY","count":12}]},"geometry":{"type":"Polygon","coordinates":[[[-99.3676790177011,35.7486069043788],[-99.3661790176881,35.7471069043658],[-99.3676790177011,35.7456069043527],[-99.3691790177142,35.7471069043658],[-99.3676790177011,35.7486069043788]]]}},{"type":"Feature","properties":{"section_legal":"32-14N-22W","county":"Roger Mills","total_leases":28,"leases_24mo":6,"leases_12mo":0,"latest_recording":"2025-01-27","top_lessees":[{"name":"NWR MINERAL PARTNERS","count":8},{"name":"ANEVAY RESOURCES","count":8},{"name":"MAKO RESOURCES","count":4}]},"geometry":{"type":"Polygon","coordinates":[[[-99.571327,35.638865],[-99.571053,35.653424],[-99.553487,35.653374],[-99.553609,35.638894],[-99.571327,35.638865]]]}},{"type":"Feature","properties":{"section_legal":"31-14N-22W","county":"Roger Mills","total_leases":186,"leases_24mo":130,"leases_12mo":48,"latest_recording":"2026-03-03","top_lessees":[{"name":"MEWBOURNE OIL COMPANY","count":73},{"name":"NWR MINERAL PARTNERS","count":28},{"name":"ANEVAY RESOURCES, LLC","count":21}]},"geometry":{"type":"Polygon","coordinates":[[[-99.588832,35.638837],[-99.588649,35.653302],[-99.571051,35.653423],[-99.571326,35.638865],[-99.588832,35.638837]]]}},{"type":"Feature","properties":{"section_legal":"06-13N-22W","county":"Roger Mills","total_leases":88,"leases_24mo":60,"leases_12mo":8,"latest_recording":"2026-03-16","top_lessees":[{"name":"MEWBOURNE OIL COMPANY","count":46},{"name":"NWR MINERAL PARTNERS LLC","count":14},{"name":"NWR MINERAL PARTNERS","count":12}]},"geometry":{"type":"Polygon","coordinates":[[[-99.5799833331738,35.633163869268],[-99.5784833331608,35.6316638692549],[-99.5799833331738,35.6301638692419],[-99.5814833331869,35.6316638692549],[-99.5799833331738,35.633163869268]]]}},{"type":"Feature","properties":{"section_legal":"35-11N-11W","county":"Caddo","total_leases":380,"leases_24mo":310,"leases_12mo":252,"latest_recording":"2026-01-14","top_lessees":[{"name":"CLASSIC RESOURCES LLC","count":346},{"name":"WALTER DUNCAN OIL LLC","count":10},{"name":"SUPERIOR TITLE SERVICES II LLC","count":6}]},"geometry":{"type":"Polygon","coordinates":[[[-98.341717,35.377351],[-98.34168,35.391824],[-98.324078,35.391776],[-98.324047,35.377306],[-98.341717,35.377351]]]}},{"type":"Feature","properties":{"section_legal":"21-11N-12W","county":"Caddo","total_leases":22,"leases_24mo":6,"leases_12mo":6,"latest_recording":"2026-04-24","top_lessees":[{"name":"TRANSOM HOLDINGS LLC","count":10},{"name":"ENERGY RESERVE GROUP LLC","count":6},{"name":"STAGHORN PETROLEUM II LLC","count":4}]},"geometry":{"type":"Polygon","coordinates":[[[-98.482759,35.406258],[-98.482744,35.420753],[-98.465069,35.420727],[-98.465099,35.406279],[-98.482759,35.406258]]]}},{"type":"Feature","properties":{"section_legal":"22-13N-19W","county":"Custer","total_leases":90,"leases_24mo":20,"leases_12mo":14,"latest_recording":"2025-12-16","top_lessees":[{"name":"REDHAWK RESOURCES LLC","count":80},{"name":"YUKON TRADING COMPANY LLC","count":4},{"name":"GREENHEAD RESOURCES LLC","count":2}]},"geometry":{"type":"Polygon","coordinates":[[[-99.217309,35.580669],[-99.217307,35.595205],[-99.199681,35.595201],[-99.199715,35.580674],[-99.217309,35.580669]]]}},{"type":"Feature","properties":{"section_legal":"36-15N-20W","county":"Custer","total_leases":2,"leases_24mo":0,"leases_12mo":0,"latest_recording":"2024-02-21","top_lessees":[{"name":"COLEMAN OIL AND GAS INC.","count":2}]},"geometry":{"type":"Polygon","coordinates":[[[-99.2791561256351,35.7342687477142],[-99.2776561256221,35.7327687477012],[-99.2791561256351,35.7312687476882],[-99.2806561256482,35.7327687477012],[-99.2791561256351,35.7342687477142]]]}},{"type":"Feature","properties":{"section_legal":"04-14N-20W","county":"Custer","total_leases":2,"leases_24mo":0,"leases_12mo":0,"latest_recording":"2024-02-21","top_lessees":[{"name":"COLEMAN OIL AND GAS INC.","count":2}]},"geometry":{"type":"Polygon","coordinates":[[[-99.341193,35.711296],[-99.341195,35.725709],[-99.323436,35.725626],[-99.323435,35.711185],[-99.341193,35.711296]]]}},{"type":"Feature","properties":{"section_legal":"20-15N-20W","county":"Custer","total_leases":60,"leases_24mo":14,"leases_12mo":0,"latest_recording":"2025-03-07","top_lessees":[{"name":"TODCO PROPERTIES INC","count":22},{"name":"YUKON TRADING COMPANY LLC","count":16},{"name":"MEWBOURNE OIL COMPANY","count":12}]},"geometry":{"type":"Polygon","coordinates":[[[-99.3498794036875,35.7630786487187],[-99.3483794036745,35.7615786487056],[-99.3498794036875,35.7600786486926],[-99.3513794037006,35.7615786487056],[-99.3498794036875,35.7630786487187]]]}},{"type":"Feature","properties":{"section_legal":"29-15N-20W","county":"Custer","total_leases":46,"leases_24mo":30,"leases_12mo":4,"latest_recording":"2025-10-17","top_lessees":[{"name":"MEWBOURNE OIL COMPANY","count":16},{"name":"REDWOOD ENERGY PARTNERS","count":8},{"name":"REDWOOD ENERGY PARTNERS LLC","count":6}]},"geometry":{"type":"Polygon","coordinates":[[[-99.358967,35.740102],[-99.358867,35.754568],[-99.341093,35.754598],[-99.341163,35.740134],[-99.358967,35.740102]]]}},{"type":"Feature","properties":{"section_legal":"01-11N-11W","county":"Caddo","total_leases":46,"leases_24mo":44,"leases_12mo":36,"latest_recording":"2025-12-12","top_lessees":[{"name":"VALIDUS ENERGY II MIDCON LLC","count":30},{"name":"EPOCH RESOURCES OPERATING LLC","count":6},{"name":"LX ENERGY LLC","count":4}]},"geometry":{"type":"Polygon","coordinates":[[[-98.3150423678555,35.4582015027878],[-98.3135423678425,35.4567015027748],[-98.3150423678555,35.4552015027618],[-98.3165423678685,35.4567015027748],[-98.3150423678555,35.4582015027878]]]}},{"type":"Feature","properties":{"section_legal":"21-15N-20W","county":"Custer","total_leases":52,"leases_24mo":0,"leases_12mo":0,"latest_recording":"2024-01-04","top_lessees":[{"name":"YUKON TRADING COMPANY LLC","count":18},{"name":"ANEVAY RESOURCES LLC","count":12},{"name":"GOLDEN PROPERTIES LLC","count":12}]},"geometry":{"type":"Polygon","coordinates":[[[-99.341095,35.754597],[-99.340958,35.76904],[-99.323202,35.769027],[-99.323311,35.754566],[-99.341095,35.754597]]]}},{"type":"Feature","properties":{"section_legal":"27-13N-14W","county":"Custer","total_leases":94,"leases_24mo":92,"leases_12mo":90,"latest_recording":"2026-05-07","top_lessees":[{"name":"VALIDUS ENERGY II MIDCON LLC","count":44},{"name":"PETROVEN INC","count":20},{"name":"PETROVEN INC.","count":16}]},"geometry":{"type":"Polygon","coordinates":[[[-98.66768,35.565992],[-98.685391,35.565972],[-98.685391,35.580485],[-98.667712,35.580513],[-98.66768,35.565992]]]}},{"type":"Feature","properties":{"section_legal":"22-13N-14W","county":"Custer","total_leases":120,"leases_24mo":114,"leases_12mo":106,"latest_recording":"2026-04-22","top_lessees":[{"name":"VALIDUS ENERGY II MIDCON LLC","count":86},{"name":"LONGREACH ENERGY 2 LLC","count":12},{"name":"PETROVEN INC.","count":8}]},"geometry":{"type":"Polygon","coordinates":[[[-98.667712,35.580512],[-98.685392,35.580483],[-98.68539,35.594969],[-98.667723,35.595015],[-98.667712,35.580512]]]}},{"type":"Feature","properties":{"section_legal":"13-13N-14W","county":"Custer","total_leases":8,"leases_24mo":6,"leases_12mo":0,"latest_recording":"2024-12-04","top_lessees":[{"name":"LONGREACH ENERGY 2 LLC","count":4},{"name":"VALIDUS ENERGY II MIDCON LLC","count":2},{"name":"JAGUAR ENERGY INC","count":2}]},"geometry":{"type":"Polygon","coordinates":[[[-98.632127,35.594974],[-98.649917,35.595012],[-98.649949,35.609534],[-98.632125,35.609498],[-98.632127,35.594974]]]}},{"type":"Feature","properties":{"section_legal":"11-14N-19W","county":"Custer","total_leases":212,"leases_24mo":154,"leases_12mo":28,"latest_recording":"2025-07-31","top_lessees":[{"name":"CLASSIC RESOURCES LLC","count":66},{"name":"WALTER DUNCAN OIL LLC","count":42},{"name":"ANEVAY RESOURCES LLC","count":36}]},"geometry":{"type":"Polygon","coordinates":[[[-99.199615,35.696563],[-99.199605,35.711057],[-99.181859,35.711019],[-99.181874,35.696522],[-99.199615,35.696563]]]}},{"type":"Feature","properties":{"section_legal":"01-14N-21W","county":"Roger Mills","total_leases":18,"leases_24mo":0,"leases_12mo":0,"latest_recording":"2024-02-23","top_lessees":[{"name":"ARY, J. KIRK","count":8},{"name":"MAKO RESOURCES LLC","count":4},{"name":"YUKON TRADING CO","count":4}]},"geometry":{"type":"Polygon","coordinates":[[[-99.394425,35.711224],[-99.394376,35.725679],[-99.376632,35.725672],[-99.376685,35.711221],[-99.394425,35.711224]]]}},{"type":"Feature","properties":{"section_legal":"03-15N-20W","county":"Custer","total_leases":96,"leases_24mo":4,"leases_12mo":4,"latest_recording":"2026-04-21","top_lessees":[{"name":"MEWBOURNE OIL COMPANY","count":92},{"name":"ROCK CREEK LAND & ENERGY LLC","count":2},{"name":"PETROVEN INC","count":2}]},"geometry":{"type":"Polygon","coordinates":[[[-99.3142175506777,35.8064447835242],[-99.3127175506647,35.8049447835112],[-99.3142175506777,35.8034447834982],[-99.3157175506908,35.8049447835112],[-99.3142175506777,35.8064447835242]]]}},{"type":"Feature","properties":{"section_legal":"34-15N-20W","county":"Custer","total_leases":4,"leases_24mo":0,"leases_12mo":0,"latest_recording":"2023-10-13","top_lessees":[{"name":"INDIAN HILLS RESOURCES LLC","count":4}]},"geometry":{"type":"Polygon","coordinates":[[[-99.323437,35.725624],[-99.323398,35.740093],[-99.305684,35.740045],[-99.305732,35.725549],[-99.323437,35.725624]]]}},{"type":"Feature","properties":{"section_legal":"03-14N-20W","county":"Custer","total_leases":32,"leases_24mo":16,"leases_12mo":0,"latest_recording":"2025-03-13","top_lessees":[{"name":"DEVON ENERGY PRODUCTION COMPANY LP","count":16},{"name":"EDGE ENERGY MANAGEMENT LLC","count":12},{"name":"ANEVAY RESOURCES LLC","count":4}]},"geometry":{"type":"Polygon","coordinates":[[[-99.323436,35.711184],[-99.323438,35.725626],[-99.305732,35.725551],[-99.305693,35.711147],[-99.323436,35.711184]]]}},{"type":"Feature","properties":{"section_legal":"07-14N-20W","county":"Custer","total_leases":50,"leases_24mo":2,"leases_12mo":2,"latest_recording":"2025-12-12","top_lessees":[{"name":"MEWBOURNE OIL COMPANY","count":44},{"name":"DEVON ENERGY PRODUCTION COMPANY LP","count":4},{"name":"NWR MINERAL PARTNERS LLC","count":2}]},"geometry":{"type":"Polygon","coordinates":[[[-99.376687,35.711222],[-99.359007,35.711227],[-99.359082,35.696828],[-99.376742,35.696743],[-99.376687,35.711222]]]}},{"type":"Feature","properties":{"section_legal":"16-13N-20W","county":"Custer","total_leases":32,"leases_24mo":6,"leases_12mo":4,"latest_recording":"2025-06-23","top_lessees":[{"name":"AVIDITY EXPLORATION AND PRODUCTION LLC","count":26},{"name":"PETROVEN INC","count":4},{"name":"UNITED LAND COMPANY LLC","count":2}]},"geometry":{"type":"Polygon","coordinates":[[[-99.341601,35.595218],[-99.341558,35.609734],[-99.323795,35.609738],[-99.323811,35.595214],[-99.341601,35.595218]]]}},{"type":"Feature","properties":{"section_legal":"32-15N-20W","county":"Custer","total_leases":10,"leases_24mo":0,"leases_12mo":0,"latest_recording":"2024-01-11","top_lessees":[{"name":"VOGEL EXPLORATION LLC","count":4},{"name":"YUKON TRADING COMPANY LLC","count":4},{"name":"BIRD POINT ENERGY LLC","count":2}]},"geometry":{"type":"Polygon","coordinates":[[[-99.358984,35.725671],[-99.358967,35.740104],[-99.341162,35.740135],[-99.341193,35.725707],[-99.358984,35.725671]]]}},{"type":"Feature","properties":{"section_legal":"12-13N-14W","county":"Custer","total_leases":6,"leases_24mo":0,"leases_12mo":0,"latest_recording":"2023-11-20","top_lessees":[{"name":"LAUGHLIN LAND SERVICES INC","count":4},{"name":"PUZZLEROCK RESOURCES LLC","count":2}]},"geometry":{"type":"Polygon","coordinates":[[[-98.6410926579618,35.6182611355713],[-98.6395926579488,35.6167611355582],[-98.6410926579618,35.6152611355452],[-98.6425926579749,35.6167611355582],[-98.6410926579618,35.6182611355713]]]}},{"type":"Feature","properties":{"section_legal":"23-13N-16W","county":"Custer","total_leases":56,"leases_24mo":54,"leases_12mo":34,"latest_recording":"2026-05-20","top_lessees":[{"name":"ARNOLD OIL PROPERTIES LLC","count":18},{"name":"PETROVEN INC","count":16},{"name":"FLESHMAN AGENCY INC","count":4}]},"geometry":{"type":"Polygon","coordinates":[[[-98.880376,35.580503],[-98.880387,35.59502],[-98.862729,35.595022],[-98.862705,35.580522],[-98.880376,35.580503]]]}},{"type":"Feature","properties":{"section_legal":"16-11N-12W","county":"Caddo","total_leases":12,"leases_24mo":0,"leases_12mo":0,"latest_recording":"2024-02-12","top_lessees":[{"name":"TRANSOM HOLDINGS LLC","count":10},{"name":"MINERALMEN LLC","count":2}]},"geometry":{"type":"Polygon","coordinates":[[[-98.482744,35.420751],[-98.482689,35.43525],[-98.465035,35.435206],[-98.465069,35.420725],[-98.482744,35.420751]]]}},{"type":"Feature","properties":{"section_legal":"25-15N-21W","county":"Roger Mills","total_leases":10,"leases_24mo":4,"leases_12mo":0,"latest_recording":"2024-07-29","top_lessees":[{"name":"ANEVAY RESOURCES","count":6},{"name":"MEWBOURNE OIL COMPANY","count":2},{"name":"SUMMIT OIL & GAS LLC","count":2}]},"geometry":{"type":"Polygon","coordinates":[[[-99.394277,35.740125],[-99.394136,35.754522],[-99.376354,35.754379],[-99.376582,35.740091],[-99.394277,35.740125]]]}},{"type":"Feature","properties":{"section_legal":"28-15N-20W","county":"Custer","total_leases":14,"leases_24mo":2,"leases_12mo":2,"latest_recording":"2025-11-12","top_lessees":[{"name":"MEWBOURNE OIL COMPANY","count":10},{"name":"YUKON TRADING COMPANY LLC","count":4}]},"geometry":{"type":"Polygon","coordinates":[[[-99.3322558556317,35.7486556808926],[-99.3307558556187,35.7471556808796],[-99.3322558556317,35.7456556808666],[-99.3337558556448,35.7471556808796],[-99.3322558556317,35.7486556808926]]]}},{"type":"Feature","properties":{"section_legal":"23-14N-20W","county":"Custer","total_leases":6,"leases_24mo":0,"leases_12mo":0,"latest_recording":"2023-10-20","top_lessees":[{"name":"AVIDITY EXPLORATION AND PRODUCTION LLC","count":6}]},"geometry":{"type":"Polygon","coordinates":[[[-99.2967957724571,35.6764467509326],[-99.2952957724441,35.6749467509196],[-99.2967957724571,35.6734467509065],[-99.2982957724702,35.6749467509196],[-99.2967957724571,35.6764467509326]]]}},{"type":"Feature","properties":{"section_legal":"08-15N-19W","county":"Custer","total_leases":306,"leases_24mo":186,"leases_12mo":76,"latest_recording":"2026-05-22","top_lessees":[{"name":"CLASSIC RESOURCES LLC","count":150},{"name":"ROCKIES RESOURCES HOLDINGS LLC","count":42},{"name":"WALTER DUNCAN OIL LLC","count":30}]},"geometry":{"type":"Polygon","coordinates":[[[-99.252508,35.783388],[-99.252424,35.797809],[-99.234807,35.797925],[-99.234836,35.783444],[-99.252508,35.783388]]]}},{"type":"Feature","properties":{"section_legal":"16-15N-19W","county":"Custer","total_leases":96,"leases_24mo":40,"leases_12mo":10,"latest_recording":"2026-03-20","top_lessees":[{"name":"CLASSIC RESOURCES LLC","count":56},{"name":"WALTER DUNCAN OIL LLC","count":10},{"name":"ANTELOPE OIL & GAS II LLC","count":6}]},"geometry":{"type":"Polygon","coordinates":[[[-99.234885,35.768969],[-99.234838,35.783446],[-99.217118,35.783478],[-99.217157,35.768984],[-99.234885,35.768969]]]}},{"type":"Feature","properties":{"section_legal":"17-15N-19W","county":"Custer","total_leases":66,"leases_24mo":50,"leases_12mo":6,"latest_recording":"2026-05-22","top_lessees":[{"name":"WALTER DUNCAN OIL LLC","count":16},{"name":"GREENHEAD ENERGY LLC","count":14},{"name":"CLASSIC RESOURCES LLC","count":12}]},"geometry":{"type":"Polygon","coordinates":[[[-99.252561,35.768938],[-99.252507,35.78339],[-99.234836,35.783446],[-99.234883,35.768969],[-99.252561,35.768938]]]}},{"type":"Feature","properties":{"section_legal":"33-15N-20W","county":"Custer","total_leases":6,"leases_24mo":0,"leases_12mo":0,"latest_recording":"2024-04-04","top_lessees":[{"name":"BIRD POINT ENERGY LLC","count":4},{"name":"UPLAND EXPLORATION OKLAHOMA, LLC","count":2}]},"geometry":{"type":"Polygon","coordinates":[[[-99.341195,35.725707],[-99.341164,35.740136],[-99.323396,35.740093],[-99.323436,35.725625],[-99.341195,35.725707]]]}},{"type":"Feature","properties":{"section_legal":"12-14N-19W","county":"Custer","total_leases":74,"leases_24mo":32,"leases_12mo":0,"latest_recording":"2025-03-31","top_lessees":[{"name":"ANEVAY RESOURCES LLC","count":26},{"name":"CLASSIC RESOURCES LLC","count":20},{"name":"PETROVEN INC","count":10}]},"geometry":{"type":"Polygon","coordinates":[[[-99.181876,35.696522],[-99.181859,35.711019],[-99.164104,35.711037],[-99.164127,35.696536],[-99.181876,35.696522]]]}},{"type":"Feature","properties":{"section_legal":"01-10N-11W","county":"Caddo","total_leases":14,"leases_24mo":0,"leases_12mo":0,"latest_recording":"2023-11-07","top_lessees":[{"name":"CLASSIC RESOURCES LLC","count":14}]},"geometry":{"type":"Polygon","coordinates":[[[-98.324037,35.362991],[-98.324049,35.377307],[-98.306384,35.377361],[-98.306402,35.362956],[-98.324037,35.362991]]]}},{"type":"Feature","properties":{"section_legal":"02-10N-11W","county":"Caddo","total_leases":4,"leases_24mo":0,"leases_12mo":0,"latest_recording":"2023-11-07","top_lessees":[{"name":"CLASSIC RESOURCES LLC","count":4}]},"geometry":{"type":"Polygon","coordinates":[[[-98.341707,35.363044],[-98.341717,35.377353],[-98.324047,35.377307],[-98.324035,35.362991],[-98.341707,35.363044]]]}},{"type":"Feature","properties":{"section_legal":"08-13N-17W","county":"Custer","total_leases":12,"leases_24mo":4,"leases_12mo":4,"latest_recording":"2026-03-09","top_lessees":[{"name":"MEWBOURNE OIL COMPANY","count":10},{"name":"PETROVEN INC.","count":2}]},"geometry":{"type":"Polygon","coordinates":[[[-99.0312150558,35.6182598440885],[-99.029715055787,35.6167598440755],[-99.0312150558,35.6152598440624],[-99.0327150558131,35.6167598440755],[-99.0312150558,35.6182598440885]]]}},{"type":"Feature","properties":{"section_legal":"05-13N-17W","county":"Custer","total_leases":54,"leases_24mo":24,"leases_12mo":6,"latest_recording":"2026-03-03","top_lessees":[{"name":"SAND CREEK OKLAHOMA LLC","count":38},{"name":"MEWBOURNE OIL COMPANY","count":8},{"name":"SAND CREEK OKLAHOMA, LLC,","count":2}]},"geometry":{"type":"Polygon","coordinates":[[[-99.039901,35.62401],[-99.039908,35.638567],[-99.022188,35.638568],[-99.02217,35.623985],[-99.039901,35.62401]]]}},{"type":"Feature","properties":{"section_legal":"28-14N-19W","county":"Custer","total_leases":104,"leases_24mo":46,"leases_12mo":44,"latest_recording":"2026-02-10","top_lessees":[{"name":"VOGEL EXPLORATION LLC","count":30},{"name":"YUKON TRADING COMPANY LLC","count":16},{"name":"HALL-WARD ENERGY FUND LP","count":10}]},"geometry":{"type":"Polygon","coordinates":[[[-99.235129,35.653136],[-99.235134,35.667619],[-99.217378,35.667597],[-99.217402,35.653098],[-99.235129,35.653136]]]}},{"type":"Feature","properties":{"section_legal":"32-13N-19W","county":"Custer","total_leases":2,"leases_24mo":0,"leases_12mo":0,"latest_recording":"1979-04-10","top_lessees":[{"name":"BERRY PETROLEUM CORP; OCM DENALI HOLDINGS LLC; OKIESMO OIL & GAS LLC","count":2}]},"geometry":{"type":"Polygon","coordinates":[[[-99.2440720679319,35.5603897787481],[-99.2425720679188,35.558889778735],[-99.2440720679319,35.557389778722],[-99.2455720679449,35.558889778735],[-99.2440720679319,35.5603897787481]]]}},{"type":"Feature","properties":{"section_legal":"27-13N-19W","county":"Custer","total_leases":15,"leases_24mo":8,"leases_12mo":0,"latest_recording":"2024-12-20","top_lessees":[{"name":"REDHAWK RESOURCES LLC","count":12},{"name":"DP LEGACY CENTRAL LLC; EL PASO NATURAL GAS COMPANY; OKIESMO OIL & GAS LLC","count":3}]},"geometry":{"type":"Polygon","coordinates":[[[-99.217199,35.566182],[-99.217308,35.580671],[-99.199715,35.580674],[-99.199786,35.566062],[-99.217199,35.566182]]]}},{"type":"Feature","properties":{"section_legal":"22-15N-20W","county":"Custer","total_leases":1,"leases_24mo":0,"leases_12mo":0,"latest_recording":"1976-10-28","top_lessees":[{"name":"EL PASO NATURAL GAS COMPANY; OKIESMO OIL & GAS LLC","count":1}]},"geometry":{"type":"Polygon","coordinates":[[[-99.3143732526243,35.7631650850736],[-99.3128732526112,35.7616650850606],[-99.3143732526243,35.7601650850476],[-99.3158732526373,35.7616650850606],[-99.3143732526243,35.7631650850736]]]}},{"type":"Feature","properties":{"section_legal":"34-14N-23W","county":"Roger Mills","total_leases":156,"leases_24mo":104,"leases_12mo":20,"latest_recording":"2026-01-20","top_lessees":[{"name":"MEWBOURNE OIL COMPANY","count":68},{"name":"KEYSTONE ENERGY LLC","count":40},{"name":"AZTEK PETROLEUM COMPANY LLC","count":18}]},"geometry":{"type":"Polygon","coordinates":[[[-99.642019,35.638821],[-99.641905,35.653317],[-99.62412,35.65329],[-99.624224,35.638802],[-99.642019,35.638821]]]}},{"type":"Feature","properties":{"section_legal":"12-14N-20W","county":"Custer","total_leases":4,"leases_24mo":0,"leases_12mo":0,"latest_recording":"2024-06-07","top_lessees":[{"name":"ANEVAY RESOURCES LLC","count":2},{"name":"DEVON ENERGY PRODUCTION COMPANY LP","count":2}]},"geometry":{"type":"Polygon","coordinates":[[[-99.2791478703642,35.7054747716049],[-99.2776478703511,35.7039747715918],[-99.2791478703642,35.7024747715788],[-99.2806478703772,35.7039747715918],[-99.2791478703642,35.7054747716049]]]}},{"type":"Feature","properties":{"section_legal":"07-13N-19W","county":"Custer","total_leases":44,"leases_24mo":12,"leases_12mo":2,"latest_recording":"2026-04-13","top_lessees":[{"name":"YUKON TRADING COMPANY LLC","count":16},{"name":"PLAINVIEW OIL COMPANY LLC","count":8},{"name":"VOGEL EXPLORATION LLC","count":6}]},"geometry":{"type":"Polygon","coordinates":[[[-99.270664,35.609667],[-99.270554,35.624215],[-99.252909,35.624193],[-99.2529,35.609694],[-99.270664,35.609667]]]}},{"type":"Feature","properties":{"section_legal":"05-14N-20W","county":"Custer","total_leases":24,"leases_24mo":0,"leases_12mo":0,"latest_recording":"2024-01-02","top_lessees":[{"name":"ROCK CREEK LAND & ENERGY LLC","count":24}]},"geometry":{"type":"Polygon","coordinates":[[[-99.3501190226526,35.7198760130164],[-99.3486190226396,35.7183760130033],[-99.3501190226526,35.7168760129903],[-99.3516190226657,35.7183760130033],[-99.3501190226526,35.7198760130164]]]}},{"type":"Feature","properties":{"section_legal":"11-13N-22W","county":"Roger Mills","total_leases":8,"leases_24mo":6,"leases_12mo":0,"latest_recording":"2025-03-31","top_lessees":[{"name":"MEWBOURNE OIL COMPANY","count":6},{"name":"MUSTANG FUEL CORPORATION","count":2}]},"geometry":{"type":"Polygon","coordinates":[[[-99.5093122987606,35.6186786024487],[-99.5078122987475,35.6171786024356],[-99.5093122987606,35.6156786024226],[-99.5108122987736,35.6171786024356],[-99.5093122987606,35.6186786024487]]]}},{"type":"Feature","properties":{"section_legal":"06-13N-14W","county":"Custer","total_leases":108,"leases_24mo":36,"leases_12mo":36,"latest_recording":"2026-03-27","top_lessees":[{"name":"SUPERIOR TITLE SERVICES II LLC","count":88},{"name":"J AND A MINERALS, LLC","count":14},{"name":"PETROVEN INC","count":4}]},"geometry":{"type":"Polygon","coordinates":[[[-98.738481,35.63841],[-98.720883,35.638432],[-98.720845,35.623952],[-98.738504,35.623899],[-98.738481,35.63841]]]}},{"type":"Feature","properties":{"section_legal":"14-11N-13W","county":"Caddo","total_leases":2,"leases_24mo":0,"leases_12mo":0,"latest_recording":"2024-02-05","top_lessees":[{"name":"TRANSOM HOLDINGS LLC","count":2}]},"geometry":{"type":"Polygon","coordinates":[[[-98.553044,35.420831],[-98.553075,35.435277],[-98.53536,35.435215],[-98.53537,35.420743],[-98.553044,35.420831]]]}},{"type":"Feature","properties":{"section_legal":"04-13N-19W","county":"Custer","total_leases":4,"leases_24mo":0,"leases_12mo":0,"latest_recording":"2023-11-20","top_lessees":[{"name":"VOGEL EXPLORATION LLC","count":4}]},"geometry":{"type":"Polygon","coordinates":[[[-99.226408488818,35.6329442408712],[-99.2249084888049,35.6314442408582],[-99.226408488818,35.6299442408451],[-99.227908488831,35.6314442408582],[-99.226408488818,35.6329442408712]]]}},{"type":"Feature","properties":{"section_legal":"31-15N-20W","county":"Custer","total_leases":18,"leases_24mo":6,"leases_12mo":2,"latest_recording":"2025-07-24","top_lessees":[{"name":"ANEVAY RESOURCES LLC","count":6},{"name":"BANK7","count":6},{"name":"SUMMIT OIL AND GAS LLC","count":2}]},"geometry":{"type":"Polygon","coordinates":[[[-99.3677298851121,35.7342697896897],[-99.3662298850991,35.7327697896767],[-99.3677298851121,35.7312697896636],[-99.3692298851252,35.7327697896767],[-99.3677298851121,35.7342697896897]]]}},{"type":"Feature","properties":{"section_legal":"15-15N-19W","county":"Custer","total_leases":134,"leases_24mo":60,"leases_12mo":42,"latest_recording":"2026-05-18","top_lessees":[{"name":"CLASSIC RESOURCES LLC","count":74},{"name":"ROCKIES RESOURCES HOLDINGS LLC","count":36},{"name":"ANTELOPE OIL & GAS II LLC","count":8}]},"geometry":{"type":"Polygon","coordinates":[[[-99.217158,35.768984],[-99.21712,35.783479],[-99.199407,35.783459],[-99.19946,35.768984],[-99.217158,35.768984]]]}},{"type":"Feature","properties":{"section_legal":"22-11N-12W","county":"Caddo","total_leases":24,"leases_24mo":14,"leases_12mo":14,"latest_recording":"2026-04-20","top_lessees":[{"name":"MINERALMEN LLC","count":8},{"name":"OGI MINERALS LLC","count":8},{"name":"TRANSOM HOLDINGS LLC","count":6}]},"geometry":{"type":"Polygon","coordinates":[[[-98.465101,35.406279],[-98.465071,35.420727],[-98.4474,35.420746],[-98.447411,35.406295],[-98.465101,35.406279]]]}},{"type":"Feature","properties":{"section_legal":"11-13N-20W","county":"Custer","total_leases":2,"leases_24mo":0,"leases_12mo":0,"latest_recording":"2023-12-27","top_lessees":[{"name":"VOGEL EXPLORATION LLC","count":2}]},"geometry":{"type":"Polygon","coordinates":[[[-99.2970431847019,35.6185250529008],[-99.2955431846889,35.6170250528878],[-99.2970431847019,35.6155250528748],[-99.2985431847149,35.6170250528878],[-99.2970431847019,35.6185250529008]]]}},{"type":"Feature","properties":{"section_legal":"07-14N-18W","county":"Custer","total_leases":68,"leases_24mo":36,"leases_12mo":0,"latest_recording":"2025-05-05","top_lessees":[{"name":"ANEVAY RESOURCES LLC","count":18},{"name":"CLASSIC RESOURCES LLC","count":14},{"name":"WALTER DUNCAN OIL LLC","count":14}]},"geometry":{"type":"Polygon","coordinates":[[[-99.164128,35.696536],[-99.164106,35.711038],[-99.146298,35.710912],[-99.146337,35.696452],[-99.164128,35.696536]]]}},{"type":"Feature","properties":{"section_legal":"01-12N-21W","county":"Roger Mills","total_leases":462,"leases_24mo":327,"leases_12mo":0,"latest_recording":"2025-03-14","top_lessees":[{"name":"TURNER OIL & GAS PROPERTIES, INC.","count":95},{"name":"TURNER OIL AND GAS PROPERTIES","count":60},{"name":"MEWBOURNE OIL COMPANY","count":47}]},"geometry":{"type":"Polygon","coordinates":[[[-99.3729558683886,35.5462710642083],[-99.3714558683756,35.5447710641952],[-99.3729558683886,35.5432710641822],[-99.3744558684017,35.5447710641952],[-99.3729558683886,35.5462710642083]]]}},{"type":"Feature","properties":{"section_legal":"08-13N-19W","county":"Custer","total_leases":12,"leases_24mo":8,"leases_12mo":8,"latest_recording":"2025-11-12","top_lessees":[{"name":"VOGEL EXPLORATION LLC","count":4},{"name":"MINERALMEN LLC","count":2},{"name":"VOGEL EXPLORATION, LLC","count":2}]},"geometry":{"type":"Polygon","coordinates":[[[-99.2441344548132,35.6186302608681],[-99.2426344548002,35.6171302608551],[-99.2441344548132,35.615630260842],[-99.2456344548263,35.6171302608551],[-99.2441344548132,35.6186302608681]]]}},{"type":"Feature","properties":{"section_legal":"34-13N-21W","county":"Roger Mills","total_leases":94,"leases_24mo":44,"leases_12mo":2,"latest_recording":"2026-04-06","top_lessees":[{"name":"MEWBOURNE OIL COMPANY","count":22},{"name":"ANEVAY RESOURCES","count":16},{"name":"TURNER OIL & GAS PROPERTIES, INC.","count":16}]},"geometry":{"type":"Polygon","coordinates":[[[-99.430264,35.551802],[-99.430261,35.566321],[-99.412507,35.566299],[-99.412535,35.551779],[-99.430264,35.551802]]]}},{"type":"Feature","properties":{"section_legal":"10-13N-19W","county":"Custer","total_leases":2,"leases_24mo":0,"leases_12mo":0,"latest_recording":"2023-12-27","top_lessees":[{"name":"VOGEL EXPLORATION LLC","count":2}]},"geometry":{"type":"Polygon","coordinates":[[[-99.2086473689515,35.618544618814],[-99.2071473689385,35.617044618801],[-99.2086473689515,35.6155446187879],[-99.2101473689646,35.617044618801],[-99.2086473689515,35.618544618814]]]}},{"type":"Feature","properties":{"section_legal":"27-15N-20W","county":"Custer","total_leases":2,"leases_24mo":0,"leases_12mo":0,"latest_recording":"2024-01-02","top_lessees":[{"name":"INDIAN HILLS RESOURCES LLC","count":2}]},"geometry":{"type":"Polygon","coordinates":[[[-99.3145179017909,35.7486589134593],[-99.3130179017779,35.7471589134463],[-99.3145179017909,35.7456589134332],[-99.3160179018039,35.7471589134463],[-99.3145179017909,35.7486589134593]]]}},{"type":"Feature","properties":{"section_legal":"06-13N-20W","county":"Custer","total_leases":2,"leases_24mo":0,"leases_12mo":0,"latest_recording":"2023-12-20","top_lessees":[{"name":"AVIDITY EXPLORATION AND PRODUCTION LLC","count":2}]},"geometry":{"type":"Polygon","coordinates":[[[-99.3680968600187,35.6330319210828],[-99.3665968600057,35.6315319210698],[-99.3680968600187,35.6300319210567],[-99.3695968600317,35.6315319210698],[-99.3680968600187,35.6330319210828]]]}},{"type":"Feature","properties":{"section_legal":"16-13N-19W","county":"Custer","total_leases":56,"leases_24mo":48,"leases_12mo":8,"latest_recording":"2025-08-12","top_lessees":[{"name":"VOGEL EXPLORATION LLC","count":48},{"name":"KAISER-FRANCIS OIL COMPANY","count":4},{"name":"VOGEL EXPLORATION","count":2}]},"geometry":{"type":"Polygon","coordinates":[[[-99.235158,35.595165],[-99.235141,35.609731],[-99.217339,35.609707],[-99.217306,35.595203],[-99.235158,35.595165]]]}},{"type":"Feature","properties":{"section_legal":"34-13N-22W","county":"Roger Mills","total_leases":82,"leases_24mo":78,"leases_12mo":0,"latest_recording":"2024-12-04","top_lessees":[{"name":"NWR MINERAL PARTNERS LLC","count":38},{"name":"NWR MINERAL PARTNERS","count":24},{"name":"NWR MINERALS PARTNERS LLC","count":6}]},"geometry":{"type":"Polygon","coordinates":[[[-99.5273869880491,35.5606030778034],[-99.5258869880361,35.5591030777903],[-99.5273869880491,35.5576030777773],[-99.5288869880622,35.5591030777903],[-99.5273869880491,35.5606030778034]]]}},{"type":"Feature","properties":{"section_legal":"35-12N-23W","county":"Roger Mills","total_leases":2,"leases_24mo":0,"leases_12mo":0,"latest_recording":"2024-01-18","top_lessees":[{"name":"MUSTANG FUEL CORPORATION","count":2}]},"geometry":{"type":"Polygon","coordinates":[[[-99.6021514226413,35.4739770754878],[-99.6006514226282,35.4724770754747],[-99.6021514226413,35.4709770754617],[-99.6036514226543,35.4724770754747],[-99.6021514226413,35.4739770754878]]]}},{"type":"Feature","properties":{"section_legal":"34-15N-19W","county":"Custer","total_leases":214,"leases_24mo":132,"leases_12mo":6,"latest_recording":"2026-04-27","top_lessees":[{"name":"CLASSIC RESOURCES LLC","count":158},{"name":"GALENA ENERGY PARTNERS LLC","count":28},{"name":"WALTER DUNCAN OIL LLC","count":12}]},"geometry":{"type":"Polygon","coordinates":[[[-99.21735,35.725573],[-99.217276,35.740055],[-99.199533,35.740044],[-99.199603,35.725556],[-99.21735,35.725573]]]}},{"type":"Feature","properties":{"section_legal":"24-15N-21W","county":"Roger Mills","total_leases":24,"leases_24mo":16,"leases_12mo":4,"latest_recording":"2025-09-05","top_lessees":[{"name":"YUKON TRADING CO","count":8},{"name":"SUMMIT OIL & GAS LLC","count":4},{"name":"KAISER FRANCIS OIL COMPANY","count":4}]},"geometry":{"type":"Polygon","coordinates":[[[-99.394137,35.75452],[-99.394001,35.768951],[-99.376208,35.768805],[-99.376355,35.754377],[-99.394137,35.75452]]]}},{"type":"Feature","properties":{"section_legal":"27-15N-19W","county":"Custer","total_leases":110,"leases_24mo":72,"leases_12mo":2,"latest_recording":"2026-05-18","top_lessees":[{"name":"CLASSIC RESOURCES LLC","count":82},{"name":"PETROVEN INC","count":8},{"name":"WALTER DUNCAN OIL LLC","count":8}]},"geometry":{"type":"Polygon","coordinates":[[[-99.217277,35.740053],[-99.217213,35.754514],[-99.199512,35.754516],[-99.199533,35.740042],[-99.217277,35.740053]]]}},{"type":"Feature","properties":{"section_legal":"35-15N-19W","county":"Custer","total_leases":140,"leases_24mo":66,"leases_12mo":0,"latest_recording":"2025-04-22","top_lessees":[{"name":"CLASSIC RESOURCES LLC","count":100},{"name":"WALTER DUNCAN OIL LLC","count":30},{"name":"REDHAWK RESOURCES, LLC","count":4}]},"geometry":{"type":"Polygon","coordinates":[[[-99.199605,35.725556],[-99.199535,35.740044],[-99.181869,35.740023],[-99.181848,35.725539],[-99.199605,35.725556]]]}},{"type":"Feature","properties":{"section_legal":"30-13N-23W","county":"Roger Mills","total_leases":68,"leases_24mo":48,"leases_12mo":12,"latest_recording":"2025-08-20","top_lessees":[{"name":"MEWBOURNE OIL COMPANY","count":16},{"name":"SUMMIT OIL & GAS LLC","count":16},{"name":"PETROVEN INC","count":8}]},"geometry":{"type":"Polygon","coordinates":[[[-99.695945,35.566552],[-99.695845,35.581016],[-99.678087,35.580975],[-99.678182,35.566518],[-99.695945,35.566552]]]}},{"type":"Feature","properties":{"section_legal":"18-13N-23W","county":"Roger Mills","total_leases":60,"leases_24mo":6,"leases_12mo":2,"latest_recording":"2025-07-21","top_lessees":[{"name":"MEWBOURNE OIL COMPANY","count":54},{"name":"YUKON TRADING COMPANY, LLC","count":4},{"name":"WINDING RIVER ENERGY SERVICES, CORP.","count":2}]},"geometry":{"type":"Polygon","coordinates":[[[-99.695734,35.595433],[-99.695638,35.609906],[-99.678049,35.609884],[-99.678035,35.595427],[-99.695734,35.595433]]]}},{"type":"Feature","properties":{"section_legal":"12-13N-23W","county":"Roger Mills","total_leases":52,"leases_24mo":10,"leases_12mo":0,"latest_recording":"2025-01-14","top_lessees":[{"name":"MEWBOURNE OIL COMPANY","count":40},{"name":"KEYSTONE ENERGY LLC","count":8},{"name":"PARADISE VALLEY RESOURCES LLC","count":2}]},"geometry":{"type":"Polygon","coordinates":[[[-99.5977977048408,35.6185877538262],[-99.5962977048278,35.6170877538131],[-99.5977977048408,35.6155877538001],[-99.5992977048539,35.6170877538131],[-99.5977977048408,35.6185877538262]]]}},{"type":"Feature","properties":{"section_legal":"01-13N-23W","county":"Roger Mills","total_leases":269,"leases_24mo":172,"leases_12mo":10,"latest_recording":"2026-04-06","top_lessees":[{"name":"MEWBOURNE OIL COMPANY","count":70},{"name":"PETROVEN INC","count":54},{"name":"HALL-WARD ENERGY FUND LP","count":14}]},"geometry":{"type":"Polygon","coordinates":[[[-99.606615,35.624322],[-99.606527,35.6388],[-99.58883,35.638839],[-99.588921,35.624331],[-99.606615,35.624322]]]}},{"type":"Feature","properties":{"section_legal":"14-13N-23W","county":"Roger Mills","total_leases":92,"leases_24mo":72,"leases_12mo":12,"latest_recording":"2025-07-02","top_lessees":[{"name":"MEWBOURNE OIL COMPANY","count":12},{"name":"ANEVAY RESOURCES LLC","count":12},{"name":"REDHAWK RESOURCES LLC","count":12}]},"geometry":{"type":"Polygon","coordinates":[[[-99.624669,35.59539],[-99.624535,35.609865],[-99.606794,35.609876],[-99.606944,35.595383],[-99.624669,35.59539]]]}},{"type":"Feature","properties":{"section_legal":"36-13N-23W","county":"Roger Mills","total_leases":4,"leases_24mo":0,"leases_12mo":0,"latest_recording":"2024-03-01","top_lessees":[{"name":"MEWBOURNE OIL COMPANY","count":4}]},"geometry":{"type":"Polygon","coordinates":[[[-99.60723,35.551927],[-99.607146,35.566411],[-99.589395,35.566387],[-99.589519,35.551905],[-99.60723,35.551927]]]}},{"type":"Feature","properties":{"section_legal":"26-13N-23W","county":"Roger Mills","total_leases":110,"leases_24mo":94,"leases_12mo":8,"latest_recording":"2025-10-03","top_lessees":[{"name":"MEWBOURNE OIL COMPANY","count":22},{"name":"WINDING RIVER ENERGY SERVICES, CORP","count":20},{"name":"GRAYTON ENERGY LLC","count":18}]},"geometry":{"type":"Polygon","coordinates":[[[-99.62487,35.566464],[-99.624785,35.580928],[-99.607059,35.580886],[-99.607144,35.566409],[-99.62487,35.566464]]]}},{"type":"Feature","properties":{"section_legal":"03-12N-21W","county":"Roger Mills","total_leases":246,"leases_24mo":130,"leases_12mo":8,"latest_recording":"2025-07-28","top_lessees":[{"name":"TURNER OIL & GAS PROPERTIES, INC.","count":50},{"name":"TURNER OIL & GAS PROPERTIES INC","count":48},{"name":"WINDING RIVER ENERGY SERVICES, CORP","count":48}]},"geometry":{"type":"Polygon","coordinates":[[[-99.417323,35.537926],[-99.41736,35.551784],[-99.399523,35.551775],[-99.399534,35.537914],[-99.417323,35.537926]]]}},{"type":"Feature","properties":{"section_legal":"20-15N-19W","county":"Custer","total_leases":226,"leases_24mo":208,"leases_12mo":40,"latest_recording":"2026-05-11","top_lessees":[{"name":"WALTER DUNCAN OIL LLC","count":58},{"name":"PRAIRIE VIEW ENERGY LLC","count":34},{"name":"ROCKIES RESOURCES HOLDINGS LLC","count":24}]},"geometry":{"type":"Polygon","coordinates":[[[-99.252628,35.754496],[-99.25256,35.76894],[-99.234883,35.76897],[-99.234926,35.754508],[-99.252628,35.754496]]]}},{"type":"Feature","properties":{"section_legal":"21-15N-19W","county":"Custer","total_leases":68,"leases_24mo":36,"leases_12mo":10,"latest_recording":"2026-05-05","top_lessees":[{"name":"CLASSIC RESOURCES LLC","count":34},{"name":"GALENA ENERGY PARTNERS LLC","count":10},{"name":"OSTRICH LAND SERVICES LLC","count":4}]},"geometry":{"type":"Polygon","coordinates":[[[-99.234928,35.754508],[-99.234884,35.768971],[-99.217156,35.768986],[-99.217211,35.754512],[-99.234928,35.754508]]]}},{"type":"Feature","properties":{"section_legal":"28-15N-19W","county":"Custer","total_leases":124,"leases_24mo":76,"leases_12mo":6,"latest_recording":"2025-12-29","top_lessees":[{"name":"CLASSIC RESOURCES LLC","count":48},{"name":"REDHAWK RESOURCES LLC","count":18},{"name":"BIG HORN RESOURCE PARTNERS LLC","count":8}]},"geometry":{"type":"Polygon","coordinates":[[[-99.235002,35.74004],[-99.234928,35.75451],[-99.217211,35.754514],[-99.217275,35.740053],[-99.235002,35.74004]]]}},{"type":"Feature","properties":{"section_legal":"23-15N-19W","county":"Custer","total_leases":70,"leases_24mo":30,"leases_12mo":16,"latest_recording":"2026-03-12","top_lessees":[{"name":"REDHAWK RESOURCES LLC","count":22},{"name":"REDHAWK RESOURCES, LLC","count":18},{"name":"ROCKIES RESOURCES HOLDINGS LLC","count":16}]},"geometry":{"type":"Polygon","coordinates":[[[-99.199513,35.754514],[-99.199462,35.768986],[-99.181687,35.768943],[-99.181772,35.754482],[-99.199513,35.754514]]]}},{"type":"Feature","properties":{"section_legal":"36-15N-19W","county":"Custer","total_leases":40,"leases_24mo":32,"leases_12mo":6,"latest_recording":"2025-10-20","top_lessees":[{"name":"CLASSIC RESOURCES LLC","count":10},{"name":"DYNAMIC ROYALTIES LLC; SIMON, STEPHANIE MANAGING MEMBER","count":4},{"name":"PETROVEN INC","count":4}]},"geometry":{"type":"Polygon","coordinates":[[[-99.18185,35.725539],[-99.18187,35.740023],[-99.164004,35.739958],[-99.164079,35.725506],[-99.18185,35.725539]]]}},{"type":"Feature","properties":{"section_legal":"24-13N-23W","county":"Roger Mills","total_leases":86,"leases_24mo":46,"leases_12mo":2,"latest_recording":"2025-06-25","top_lessees":[{"name":"MEWBOURNE OIL COMPANY","count":52},{"name":"GRAYTON ENERGY, LLC","count":12},{"name":"REDHAWK RESOURCES LLC","count":8}]},"geometry":{"type":"Polygon","coordinates":[[[-99.607061,35.580884],[-99.606945,35.595385],[-99.589183,35.595382],[-99.589296,35.580883],[-99.607061,35.580884]]]}},{"type":"Feature","properties":{"section_legal":"19-13N-23W","county":"Roger Mills","total_leases":94,"leases_24mo":60,"leases_12mo":20,"latest_recording":"2025-09-18","top_lessees":[{"name":"WINDING RIVER ENERGY SERVICES, CORP","count":24},{"name":"MEWBOURNE OIL COMPANY","count":16},{"name":"NWR MINERAL PARTNERS","count":14}]},"geometry":{"type":"Polygon","coordinates":[[[-99.695845,35.581014],[-99.695734,35.595435],[-99.678035,35.595429],[-99.678087,35.580973],[-99.695845,35.581014]]]}},{"type":"Feature","properties":{"section_legal":"02-12N-21W","county":"Roger Mills","total_leases":134,"leases_24mo":36,"leases_12mo":0,"latest_recording":"2025-02-28","top_lessees":[{"name":"TURNER OIL & GAS PROPERTIES, INC.","count":66},{"name":"TURNER OIL AND GAS PROPERTIES","count":20},{"name":"SUMMIT OIL & GAS LLC","count":13}]},"geometry":{"type":"Polygon","coordinates":[[[-99.399536,35.537913],[-99.399525,35.551775],[-99.381791,35.55176],[-99.381809,35.537922],[-99.399536,35.537913]]]}},{"type":"Feature","properties":{"section_legal":"11-12N-21W","county":"Roger Mills","total_leases":136,"leases_24mo":70,"leases_12mo":2,"latest_recording":"2025-07-18","top_lessees":[{"name":"TURNER OIL & GAS PROPERTIES, INC.","count":34},{"name":"TURNER OIL & GAS PROPERTIES INC","count":24},{"name":"TURNER OIL & GAS PROPERTIES IN","count":18}]},"geometry":{"type":"Polygon","coordinates":[[[-99.399553,35.523407],[-99.399536,35.537915],[-99.381809,35.537923],[-99.381845,35.523393],[-99.399553,35.523407]]]}},{"type":"Feature","properties":{"section_legal":"12-12N-21W","county":"Roger Mills","total_leases":154,"leases_24mo":68,"leases_12mo":0,"latest_recording":"2025-04-14","top_lessees":[{"name":"TURNER OIL & GAS PROPERTIES, INC.","count":60},{"name":"TURNER OIL & GAS PROPERTIES IN","count":18},{"name":"TURNER OIL & GAS PROPERTIES INC","count":12}]},"geometry":{"type":"Polygon","coordinates":[[[-99.381847,35.523393],[-99.381811,35.537923],[-99.364111,35.537861],[-99.364122,35.523368],[-99.381847,35.523393]]]}},{"type":"Feature","properties":{"section_legal":"26-15N-19W","county":"Custer","total_leases":316,"leases_24mo":192,"leases_12mo":4,"latest_recording":"2026-03-06","top_lessees":[{"name":"CLASSIC RESOURCES LLC","count":184},{"name":"WALTER DUNCAN OIL LLC","count":102},{"name":"REDHAWK RESOURCES, LLC","count":12}]},"geometry":{"type":"Polygon","coordinates":[[[-99.199535,35.740042],[-99.199514,35.754516],[-99.181772,35.754483],[-99.181869,35.740021],[-99.199535,35.740042]]]}},{"type":"Feature","properties":{"section_legal":"06-12N-19W","county":"Custer","total_leases":172,"leases_24mo":98,"leases_12mo":2,"latest_recording":"2025-09-08","top_lessees":[{"name":"TURNER OIL & GAS PROPERTIES INC","count":108},{"name":"DEVON ENERGY PRODUCTION COMPANY LP","count":36},{"name":"ANEVAY RESOURCES LLC","count":8}]},"geometry":{"type":"Polygon","coordinates":[[[-99.258114,35.537876],[-99.25811,35.551598],[-99.241031,35.5516],[-99.241003,35.537831],[-99.258114,35.537876]]]}},{"type":"Feature","properties":{"section_legal":"04-12N-21W","county":"Roger Mills","total_leases":188,"leases_24mo":45,"leases_12mo":19,"latest_recording":"2025-11-10","top_lessees":[{"name":"TURNER OIL & GAS PROPERTIES, INC.","count":68},{"name":"TURNER OIL & GAS PROPERTIES INC","count":59},{"name":"TURNER OIL & GAS PROPERTIES IN","count":24}]},"geometry":{"type":"Polygon","coordinates":[[[-99.435002,35.537906],[-99.435009,35.551812],[-99.417359,35.551784],[-99.417322,35.537926],[-99.435002,35.537906]]]}},{"type":"Feature","properties":{"section_legal":"12-12N-20W","county":"Custer","total_leases":66,"leases_24mo":16,"leases_12mo":0,"latest_recording":"2024-10-08","top_lessees":[{"name":"DEVON ENERGY PRODUCTION COMPANY LP","count":34},{"name":"TURNER OIL & GAS PROPERTIES INC","count":12},{"name":"SUMMIT OIL AND GAS LLC","count":8}]},"geometry":{"type":"Polygon","coordinates":[[[-99.275865,35.523365],[-99.275852,35.537894],[-99.258112,35.537878],[-99.258135,35.523363],[-99.275865,35.523365]]]}},{"type":"Feature","properties":{"section_legal":"02-14N-20W","county":"Custer","total_leases":16,"leases_24mo":0,"leases_12mo":0,"latest_recording":"2024-03-18","top_lessees":[{"name":"EDGE ENERGY MANAGEMENT LLC","count":12},{"name":"MEWBOURNE OIL COMPANY","count":4}]},"geometry":{"type":"Polygon","coordinates":[[[-99.305694,35.711147],[-99.305733,35.725551],[-99.288038,35.72553],[-99.288002,35.711031],[-99.305694,35.711147]]]}},{"type":"Feature","properties":{"section_legal":"07-13N-23W","county":"Roger Mills","total_leases":106,"leases_24mo":72,"leases_12mo":10,"latest_recording":"2025-07-17","top_lessees":[{"name":"MEWBOURNE OIL COMPANY","count":50},{"name":"SUMMIT OIL & GAS LLC","count":24},{"name":"SUMMIT OIL AND GAS, LLC","count":6}]},"geometry":{"type":"Polygon","coordinates":[[[-99.6867937754344,35.618598410403],[-99.6852937754214,35.61709841039],[-99.6867937754344,35.615598410377],[-99.6882937754474,35.61709841039],[-99.6867937754344,35.618598410403]]]}},{"type":"Feature","properties":{"section_legal":"10-14N-20W","county":"Custer","total_leases":10,"leases_24mo":8,"leases_12mo":0,"latest_recording":"2025-01-28","top_lessees":[{"name":"SAND CREEK OKLAHOMA LLC","count":4},{"name":"GREENHEAD RESOURCES LLC","count":2},{"name":"DEVON ENERGY PRODUCTION COMPANY LP","count":2}]},"geometry":{"type":"Polygon","coordinates":[[[-99.3145325052515,35.7054606971697],[-99.3130325052385,35.7039606971566],[-99.3145325052515,35.7024606971436],[-99.3160325052645,35.7039606971566],[-99.3145325052515,35.7054606971697]]]}},{"type":"Feature","properties":{"section_legal":"01-14N-20W","county":"Custer","total_leases":4,"leases_24mo":0,"leases_12mo":0,"latest_recording":"2024-03-22","top_lessees":[{"name":"MEWBOURNE OIL COMPANY","count":2},{"name":"VENTANA EXPLORATION AND PRODUCTION II LLC","count":2}]},"geometry":{"type":"Polygon","coordinates":[[[-99.288004,35.71103],[-99.28804,35.72553],[-99.270383,35.725584],[-99.270391,35.71109],[-99.288004,35.71103]]]}},{"type":"Feature","properties":{"section_legal":"10-12N-21W","county":"Roger Mills","total_leases":76,"leases_24mo":18,"leases_12mo":10,"latest_recording":"2025-10-15","top_lessees":[{"name":"TURNER OIL & GAS PROPERTIES, INC.","count":22},{"name":"TURNER OIL & GAS PROPERTIES INC","count":18},{"name":"TURNER OIL & GAS PROPERTIES IN","count":18}]},"geometry":{"type":"Polygon","coordinates":[[[-99.417291,35.523425],[-99.417324,35.537928],[-99.399534,35.537915],[-99.399551,35.523407],[-99.417291,35.523425]]]}},{"type":"Feature","properties":{"section_legal":"13-13N-23W","county":"Roger Mills","total_leases":11,"leases_24mo":2,"leases_12mo":0,"latest_recording":"2025-04-16","top_lessees":[{"name":"MEWBOURNE OIL COMPANY","count":6},{"name":"MUSTANG FUEL CORP; PRESIDIO FINANCE  NOMINEE CORP","count":3},{"name":"YUKON TRADING COMPANY, LLC","count":2}]},"geometry":{"type":"Polygon","coordinates":[[[-99.606945,35.595383],[-99.606796,35.609876],[-99.589071,35.609852],[-99.589183,35.59538],[-99.606945,35.595383]]]}},{"type":"Feature","properties":{"section_legal":"36-14N-24W","county":"Roger Mills","total_leases":24,"leases_24mo":2,"leases_12mo":0,"latest_recording":"2024-07-10","top_lessees":[{"name":"AZTEK PETROLEUM COMPANY LLC","count":14},{"name":"MEWBOURNE OIL COMPANY","count":10}]},"geometry":{"type":"Polygon","coordinates":[[[-99.71319,35.638908],[-99.713116,35.65332],[-99.695364,35.653252],[-99.695433,35.63887],[-99.71319,35.638908]]]}},{"type":"Feature","properties":{"section_legal":"01-13N-24W","county":"Roger Mills","total_leases":37,"leases_24mo":0,"leases_12mo":0,"latest_recording":"2024-04-09","top_lessees":[{"name":"AZTEK PETROLEUM COMPANY LLC","count":20},{"name":"MEWBOURNE OIL COMPANY","count":17}]},"geometry":{"type":"Polygon","coordinates":[[[-99.713385,35.624486],[-99.71319,35.63891],[-99.695433,35.638871],[-99.695515,35.6244],[-99.713385,35.624486]]]}},{"type":"Feature","properties":{"section_legal":"31-14N-23W","county":"Roger Mills","total_leases":8,"leases_24mo":2,"leases_12mo":0,"latest_recording":"2024-07-10","top_lessees":[{"name":"AZTEK PETROLEUM COMPANY LLC","count":8}]},"geometry":{"type":"Polygon","coordinates":[[[-99.695435,35.63887],[-99.695366,35.653253],[-99.677429,35.653349],[-99.677565,35.638859],[-99.695435,35.63887]]]}},{"type":"Feature","properties":{"section_legal":"06-13N-23W","county":"Roger Mills","total_leases":40,"leases_24mo":28,"leases_12mo":6,"latest_recording":"2025-07-22","top_lessees":[{"name":"AZTEK PETROLEUM COMPANY LLC","count":12},{"name":"ANEVAY RESOURCES","count":10},{"name":"ANEVAY RESOURCES LLC","count":10}]},"geometry":{"type":"Polygon","coordinates":[[[-99.6865695584016,35.6331103437487],[-99.6850695583885,35.6316103437356],[-99.6865695584016,35.6301103437226],[-99.6880695584146,35.6316103437356],[-99.6865695584016,35.6331103437487]]]}},{"type":"Feature","properties":{"section_legal":"12-13N-24W","county":"Roger Mills","total_leases":36,"leases_24mo":8,"leases_12mo":0,"latest_recording":"2025-03-13","top_lessees":[{"name":"MEWBOURNE OIL COMPANY","count":22},{"name":"AZTEK PETROLEUM COMPANY LLC","count":4},{"name":"NWR MINERAL PARTNERS LLC","count":4}]},"geometry":{"type":"Polygon","coordinates":[[[-99.713403,35.609996],[-99.713384,35.624488],[-99.695515,35.624402],[-99.695636,35.609904],[-99.713403,35.609996]]]}},{"type":"Feature","properties":{"section_legal":"08-12N-19W","county":"Custer","total_leases":160,"leases_24mo":108,"leases_12mo":16,"latest_recording":"2025-09-26","top_lessees":[{"name":"TURNER OIL & GAS PROPERTIES INC","count":106},{"name":"OGI MINERALS LLC","count":14},{"name":"SUMMIT OIL AND GAS LLC","count":10}]},"geometry":{"type":"Polygon","coordinates":[[[-99.241025,35.523355],[-99.241005,35.537833],[-99.223303,35.537787],[-99.223314,35.523314],[-99.241025,35.523355]]]}},{"type":"Feature","properties":{"section_legal":"01-14N-19W","county":"Custer","total_leases":60,"leases_24mo":32,"leases_12mo":2,"latest_recording":"2025-10-31","top_lessees":[{"name":"CLASSIC RESOURCES LLC","count":46},{"name":"CLASSIC RESOURCES","count":6},{"name":"PETROVEN INC","count":4}]},"geometry":{"type":"Polygon","coordinates":[[[-99.18186,35.711017],[-99.181849,35.725541],[-99.164079,35.725508],[-99.164104,35.711036],[-99.18186,35.711017]]]}},{"type":"Feature","properties":{"section_legal":"07-12N-19W","county":"Custer","total_leases":104,"leases_24mo":32,"leases_12mo":2,"latest_recording":"2026-04-06","top_lessees":[{"name":"TURNER OIL & GAS PROPERTIES INC","count":44},{"name":"DEVON ENERGY PRODUCTION COMPANY LP","count":36},{"name":"DEVON ENERGY PRODUCTION COMPANY L.P.","count":10}]},"geometry":{"type":"Polygon","coordinates":[[[-99.258137,35.523363],[-99.258114,35.537878],[-99.241003,35.537833],[-99.241024,35.523355],[-99.258137,35.523363]]]}},{"type":"Feature","properties":{"section_legal":"18-14N-18W","county":"Custer","total_leases":128,"leases_24mo":114,"leases_12mo":0,"latest_recording":"2025-03-11","top_lessees":[{"name":"WALTER DUNCAN OIL LLC","count":46},{"name":"NWR MINERAL PARTNERS LLC","count":36},{"name":"CLASSIC RESOURCES LLC","count":34}]},"geometry":{"type":"Polygon","coordinates":[[[-99.164163,35.682047],[-99.164128,35.696538],[-99.146337,35.696454],[-99.146346,35.681969],[-99.164163,35.682047]]]}},{"type":"Feature","properties":{"section_legal":"16-12N-23W","county":"Roger Mills","total_leases":224,"leases_24mo":224,"leases_12mo":148,"latest_recording":"2026-04-13","top_lessees":[{"name":"UPLAND EXPLORATION OKLAHOMA LLC","count":100},{"name":"GBK INTERNATIONAL GROUP, LTD","count":28},{"name":"TAYLOR MOON LLC","count":18}]},"geometry":{"type":"Polygon","coordinates":[[[-99.64655437294064,35.50868226089648],[-99.64654606801584,35.52318271672886],[-99.62883162658292,35.52318162443363],[-99.62882342137112,35.508680359637694],[-99.64655437294064,35.50868226089648]]]}},{"type":"Feature","properties":{"section_legal":"13-14N-19W","county":"Custer","total_leases":290,"leases_24mo":134,"leases_12mo":0,"latest_recording":"2025-03-11","top_lessees":[{"name":"CLASSIC RESOURCES LLC","count":196},{"name":"REDHAWK RESOURCES LLC","count":40},{"name":"PETROVEN INC","count":30}]},"geometry":{"type":"Polygon","coordinates":[[[-99.181897,35.68203],[-99.181875,35.696524],[-99.164126,35.696538],[-99.164163,35.682047],[-99.181897,35.68203]]]}},{"type":"Feature","properties":{"section_legal":"05-12N-19W","county":"Custer","total_leases":16,"leases_24mo":0,"leases_12mo":0,"latest_recording":"2024-03-15","top_lessees":[{"name":"TURNER OIL & GAS PROPERTIES INC","count":16}]},"geometry":{"type":"Polygon","coordinates":[[[-99.241004,35.537831],[-99.241033,35.5516],[-99.223273,35.551622],[-99.223303,35.537785],[-99.241004,35.537831]]]}},{"type":"Feature","properties":{"section_legal":"13-13N-24W","county":"Roger Mills","total_leases":6,"leases_24mo":2,"leases_12mo":0,"latest_recording":"2024-07-16","top_lessees":[{"name":"MEWBOURNE OIL COMPANY","count":6}]},"geometry":{"type":"Polygon","coordinates":[[[-99.713494,35.595469],[-99.713402,35.609998],[-99.695636,35.609906],[-99.695732,35.595433],[-99.713494,35.595469]]]}},{"type":"Feature","properties":{"section_legal":"33-12N-19W","county":"Custer","total_leases":74,"leases_24mo":72,"leases_12mo":4,"latest_recording":"2025-10-24","top_lessees":[{"name":"NLNG LAND COMPANY LLC","count":34},{"name":"OSTRICH LAND SERVICES LLC","count":10},{"name":"MISTS","count":8}]},"geometry":{"type":"Polygon","coordinates":[[[-99.223182,35.465307],[-99.223222,35.479797],[-99.205505,35.479784],[-99.205486,35.465293],[-99.223182,35.465307]]]}},{"type":"Feature","properties":{"section_legal":"32-12N-19W","county":"Custer","total_leases":70,"leases_24mo":64,"leases_12mo":12,"latest_recording":"2025-10-24","top_lessees":[{"name":"NLNG LAND COMPANY LLC","count":20},{"name":"OSTRICH LAND SERVICES LLC","count":16},{"name":"REDHAWK RESOURCES LLC","count":6}]},"geometry":{"type":"Polygon","coordinates":[[[-99.240862,35.465353],[-99.240956,35.479819],[-99.22322,35.479797],[-99.223181,35.465307],[-99.240862,35.465353]]]}},{"type":"Feature","properties":{"section_legal":"02-14N-19W","county":"Custer","total_leases":124,"leases_24mo":72,"leases_12mo":2,"latest_recording":"2025-07-08","top_lessees":[{"name":"CLASSIC RESOURCES LLC","count":70},{"name":"PETROVEN INC","count":18},{"name":"SUMMIT OIL AND GAS LLC","count":8}]},"geometry":{"type":"Polygon","coordinates":[[[-99.199605,35.711055],[-99.199605,35.725558],[-99.181848,35.725541],[-99.181858,35.711017],[-99.199605,35.711055]]]}},{"type":"Feature","properties":{"section_legal":"15-13N-14W","county":"Custer","total_leases":12,"leases_24mo":8,"leases_12mo":8,"latest_recording":"2026-01-15","top_lessees":[{"name":"VALIDUS ENERGY II MIDCON LLC","count":8},{"name":"CITIZEN ENERGY III LLC","count":4}]},"geometry":{"type":"Polygon","coordinates":[[[-98.685395,35.609462],[-98.667736,35.609494],[-98.667723,35.595013],[-98.68539,35.594967],[-98.685395,35.609462]]]}},{"type":"Feature","properties":{"section_legal":"10-13N-23W","county":"Roger Mills","total_leases":124,"leases_24mo":124,"leases_12mo":0,"latest_recording":"2025-03-21","top_lessees":[{"name":"MEWBOURNE OIL COMPANY","count":120},{"name":"COLEMAN OIL & GAS INC","count":4}]},"geometry":{"type":"Polygon","coordinates":[[[-99.642315,35.609876],[-99.642119,35.62434],[-99.624391,35.624353],[-99.624534,35.609863],[-99.642315,35.609876]]]}},{"type":"Feature","properties":{"section_legal":"05-13N-23W","county":"Roger Mills","total_leases":68,"leases_24mo":52,"leases_12mo":0,"latest_recording":"2025-05-12","top_lessees":[{"name":"MEWBOURNE OIL COMPANY","count":22},{"name":"TAYLOR MOON, LLC","count":14},{"name":"GREENHEAD RESOURCES LLC","count":8}]},"geometry":{"type":"Polygon","coordinates":[[[-99.6688308055529,35.6331319335861],[-99.6673308055399,35.631631933573],[-99.6688308055529,35.63013193356],[-99.670330805566,35.631631933573],[-99.6688308055529,35.6331319335861]]]}},{"type":"Feature","properties":{"section_legal":"09-13N-23W","county":"Roger Mills","total_leases":40,"leases_24mo":28,"leases_12mo":0,"latest_recording":"2024-09-19","top_lessees":[{"name":"MEWBOURNE OIL COMPANY","count":32},{"name":"UPLAND EXPLORATION OKLAHOMA LLC","count":6},{"name":"UNIT PETROLEUM COMPANY","count":2}]},"geometry":{"type":"Polygon","coordinates":[[[-99.6512456896766,35.6186224528595],[-99.6497456896635,35.6171224528465],[-99.6512456896766,35.6156224528334],[-99.6527456896896,35.6171224528465],[-99.6512456896766,35.6186224528595]]]}},{"type":"Feature","properties":{"section_legal":"32-14N-23W","county":"Roger Mills","total_leases":96,"leases_24mo":88,"leases_12mo":2,"latest_recording":"2025-07-21","top_lessees":[{"name":"CRAWLEY PETROLEUM CORPORATION","count":54},{"name":"SUMMIT OIL AND GAS, LLC","count":12},{"name":"MEWBOURNE OIL COMPANY","count":8}]},"geometry":{"type":"Polygon","coordinates":[[[-99.677566,35.638859],[-99.67743,35.653349],[-99.659657,35.65332],[-99.659763,35.638822],[-99.677566,35.638859]]]}},{"type":"Feature","properties":{"section_legal":"17-13N-23W","county":"Roger Mills","total_leases":38,"leases_24mo":26,"leases_12mo":2,"latest_recording":"2025-07-07","top_lessees":[{"name":"REDHAWK RESOURCES LLC","count":10},{"name":"ANEVAY RESOURCES, LLC","count":6},{"name":"LATITUDE LAND, LLC","count":6}]},"geometry":{"type":"Polygon","coordinates":[[[-99.6780441136412,35.59543430388164],[-99.67805804022306,35.60988872880467],[-99.66020148441389,35.60986834527564],[-99.66027730042723,35.59541197363958],[-99.6780441136412,35.59543430388164]]]}},{"type":"Feature","properties":{"section_legal":"04-12N-22W","county":"Roger Mills","total_leases":64,"leases_24mo":44,"leases_12mo":8,"latest_recording":"2026-05-13","top_lessees":[{"name":"NWR MINERAL PARTNERS LLC","count":22},{"name":"MEWBOURNE OIL COMPANY","count":16},{"name":"OGI MINERALS LLC","count":10}]},"geometry":{"type":"Polygon","coordinates":[[[-99.540532,35.537866],[-99.540569,35.551896],[-99.522873,35.551863],[-99.522901,35.537837],[-99.540532,35.537866]]]}},{"type":"Feature","properties":{"section_legal":"35-14N-23W","county":"Roger Mills","total_leases":18,"leases_24mo":4,"leases_12mo":2,"latest_recording":"2025-07-25","top_lessees":[{"name":"AZTEK PETROLEUM COMPANY LLC","count":14},{"name":"JP DRILLING FUND LLC","count":2},{"name":"PARKER INVESTMENT GROUP INC.","count":2}]},"geometry":{"type":"Polygon","coordinates":[[[-99.624225,35.638802],[-99.624122,35.65329],[-99.606416,35.653276],[-99.606525,35.638798],[-99.624225,35.638802]]]}},{"type":"Feature","properties":{"section_legal":"24-14N-19W","county":"Custer","total_leases":108,"leases_24mo":100,"leases_12mo":14,"latest_recording":"2026-05-22","top_lessees":[{"name":"OGI MINERALS LLC","count":48},{"name":"TBM CATARINA LLC","count":12},{"name":"DEVON ENERGY PRODUCTION COMPANY LP","count":10}]},"geometry":{"type":"Polygon","coordinates":[[[-99.181909,35.667549],[-99.181897,35.682032],[-99.164162,35.682049],[-99.164167,35.667553],[-99.181909,35.667549]]]}},{"type":"Feature","properties":{"section_legal":"20-13N-23W","county":"Roger Mills","total_leases":64,"leases_24mo":58,"leases_12mo":0,"latest_recording":"2025-05-30","top_lessees":[{"name":"PETROVEN INC","count":22},{"name":"ANEVAY RESOURCES, LLC","count":6},{"name":"WINDING RIVER ENERGY SERVICES CORP","count":6}]},"geometry":{"type":"Polygon","coordinates":[[[-99.678089,35.580973],[-99.678037,35.595429],[-99.660268,35.595407],[-99.660344,35.580949],[-99.678089,35.580973]]]}},{"type":"Feature","properties":{"section_legal":"18-13N-14W","county":"Custer","total_leases":60,"leases_24mo":48,"leases_12mo":32,"latest_recording":"2026-04-22","top_lessees":[{"name":"SUPERIOR TITLE SERVICES II LLC","count":42},{"name":"PETROVEN INC","count":6},{"name":"VENTANA EXPLORATION AND PRODUCTION II LLC","count":4}]},"geometry":{"type":"Polygon","coordinates":[[[-98.738495,35.609391],[-98.72085,35.60946],[-98.720831,35.594932],[-98.738526,35.594921],[-98.738495,35.609391]]]}},{"type":"Feature","properties":{"section_legal":"36-13N-21W","county":"Roger Mills","total_leases":2,"leases_24mo":0,"leases_12mo":0,"latest_recording":"2024-05-01","top_lessees":[{"name":"TURNER OIL & GAS PROPERTIES, INC.","count":2}]},"geometry":{"type":"Polygon","coordinates":[[[-99.3858829847342,35.5604886452905],[-99.3843829847211,35.5589886452775],[-99.3858829847342,35.5574886452644],[-99.3873829847472,35.5589886452775],[-99.3858829847342,35.5604886452905]]]}},{"type":"Feature","properties":{"section_legal":"17-13N-20W","county":"Custer","total_leases":4,"leases_24mo":0,"leases_12mo":0,"latest_recording":"2024-06-03","top_lessees":[{"name":"CITIZEN ENERGY III LLC","count":4}]},"geometry":{"type":"Polygon","coordinates":[[[-99.359333,35.595264],[-99.359354,35.609793],[-99.341556,35.609734],[-99.3416,35.595218],[-99.359333,35.595264]]]}},{"type":"Feature","properties":{"section_legal":"08-13N-20W","county":"Custer","total_leases":2,"leases_24mo":0,"leases_12mo":0,"latest_recording":"2024-06-03","top_lessees":[{"name":"CITIZEN ENERGY III LLC","count":2}]},"geometry":{"type":"Polygon","coordinates":[[[-99.3504810486772,35.61122572491],[-99.3489810486641,35.6097257248969],[-99.3504810486772,35.6082257248839],[-99.3519810486902,35.6097257248969],[-99.3504810486772,35.61122572491]]]}},{"type":"Feature","properties":{"section_legal":"06-12N-20W","county":"Custer","total_leases":226,"leases_24mo":86,"leases_12mo":0,"latest_recording":"2025-02-20","top_lessees":[{"name":"DEVON ENERGY PRODUCTION COMPANY LP","count":114},{"name":"TURNER OIL & GAS PROPERTIES INC","count":48},{"name":"MEWBOURNE OIL COMPANY","count":16}]},"geometry":{"type":"Polygon","coordinates":[[[-99.364113,35.537859],[-99.364108,35.551747],[-99.346793,35.551718],[-99.346794,35.537892],[-99.364113,35.537859]]]}},{"type":"Feature","properties":{"section_legal":"02-13N-22W","county":"Roger Mills","total_leases":28,"leases_24mo":28,"leases_12mo":0,"latest_recording":"2025-06-04","top_lessees":[{"name":"MEWBOURNE OIL COMPANY","count":24},{"name":"M; MEWBOURNE OIL COMPANY","count":4}]},"geometry":{"type":"Polygon","coordinates":[[[-99.5092862152547,35.6332441542399],[-99.5077862152417,35.6317441542269],[-99.5092862152547,35.6302441542139],[-99.5107862152677,35.6317441542269],[-99.5092862152547,35.6332441542399]]]}},{"type":"Feature","properties":{"section_legal":"04-13N-21W","county":"Roger Mills","total_leases":6,"leases_24mo":6,"leases_12mo":0,"latest_recording":"2024-06-26","top_lessees":[{"name":"UPLAND EXPLORATION OKLAHOMA, LLC","count":6}]},"geometry":{"type":"Polygon","coordinates":[[[-99.4389239090361,35.6329275562616],[-99.437423909023,35.6314275562486],[-99.4389239090361,35.6299275562355],[-99.4404239090491,35.6314275562486],[-99.4389239090361,35.6329275562616]]]}},{"type":"Feature","properties":{"section_legal":"29-13N-22W","county":"Roger Mills","total_leases":10,"leases_24mo":10,"leases_12mo":0,"latest_recording":"2024-06-25","top_lessees":[{"name":"ROCK CREEK LAND AND ENERGY, LLC","count":10}]},"geometry":{"type":"Polygon","coordinates":[[[-99.5627501196953,35.5751892310661],[-99.5612501196822,35.5736892310531],[-99.5627501196953,35.57218923104],[-99.5642501197083,35.5736892310531],[-99.5627501196953,35.5751892310661]]]}},{"type":"Feature","properties":{"section_legal":"17-13N-22W","county":"Roger Mills","total_leases":2,"leases_24mo":2,"leases_12mo":0,"latest_recording":"2024-06-25","top_lessees":[{"name":"ROCK CREEK LAND AND ENERGY, LLC","count":2}]},"geometry":{"type":"Polygon","coordinates":[[[-99.5626865144293,35.604174391134],[-99.5611865144162,35.602674391121],[-99.5626865144293,35.6011743911079],[-99.5641865144423,35.602674391121],[-99.5626865144293,35.604174391134]]]}},{"type":"Feature","properties":{"section_legal":"12-13N-22W","county":"Roger Mills","total_leases":4,"leases_24mo":4,"leases_12mo":0,"latest_recording":"2024-06-25","top_lessees":[{"name":"ROCK CREEK LAND AND ENERGY, LLC","count":4}]},"geometry":{"type":"Polygon","coordinates":[[[-99.4917990784985,35.61860799405],[-99.4902990784854,35.617107994037],[-99.4917990784985,35.615607994024],[-99.4932990785115,35.617107994037],[-99.4917990784985,35.61860799405]]]}},{"type":"Feature","properties":{"section_legal":"17-12N-22W","county":"Roger Mills","total_leases":8,"leases_24mo":8,"leases_12mo":0,"latest_recording":"2024-06-25","top_lessees":[{"name":"ROCK CREEK LAND AND ENERGY, LLC","count":8}]},"geometry":{"type":"Polygon","coordinates":[[[-99.5490900508571,35.5176489273811],[-99.5475900508441,35.516148927368],[-99.5490900508571,35.514648927355],[-99.5505900508702,35.516148927368],[-99.5490900508571,35.5176489273811]]]}},{"type":"Feature","properties":{"section_legal":"04-15N-20W","county":"Custer","total_leases":30,"leases_24mo":30,"leases_12mo":0,"latest_recording":"2024-10-22","top_lessees":[{"name":"ANEVAY RESOURCES LLC","count":24},{"name":"ANE3VAY RESOURCES LLC","count":4},{"name":"ROCK CREEK LAND AND ENERGY LLC","count":2}]},"geometry":{"type":"Polygon","coordinates":[[[-99.3319929410734,35.8064660598343],[-99.3304929410603,35.8049660598213],[-99.3319929410734,35.8034660598082],[-99.3334929410864,35.8049660598213],[-99.3319929410734,35.8064660598343]]]}},{"type":"Feature","properties":{"section_legal":"07-15N-20W","county":"Custer","total_leases":2,"leases_24mo":2,"leases_12mo":0,"latest_recording":"2024-06-26","top_lessees":[{"name":"ROCK CREEK LAND AND ENERGY LLC","count":2}]},"geometry":{"type":"Polygon","coordinates":[[[-99.3672307018534,35.7917971046326],[-99.3657307018403,35.7902971046196],[-99.3672307018534,35.7887971046065],[-99.3687307018664,35.7902971046196],[-99.3672307018534,35.7917971046326]]]}},{"type":"Feature","properties":{"section_legal":"26-15N-20W","county":"Custer","total_leases":2,"leases_24mo":0,"leases_12mo":0,"latest_recording":"2024-05-20","top_lessees":[{"name":"CLASSIC RESOURCES LLC","count":2}]},"geometry":{"type":"Polygon","coordinates":[[[-99.2967162634061,35.7486110031939],[-99.2952162633931,35.7471110031809],[-99.2967162634061,35.7456110031679],[-99.2982162634192,35.7471110031809],[-99.2967162634061,35.7486110031939]]]}},{"type":"Feature","properties":{"section_legal":"11-13N-14W","county":"Custer","total_leases":44,"leases_24mo":34,"leases_12mo":2,"latest_recording":"2025-10-20","top_lessees":[{"name":"PETROVEN INC","count":14},{"name":"CITIZEN ENERGY III, LLC","count":10},{"name":"3 AMIGOS DEVELOPMENT LLC","count":8}]},"geometry":{"type":"Polygon","coordinates":[[[-98.6588002940356,35.6182753457698],[-98.6573002940226,35.6167753457568],[-98.6588002940356,35.6152753457438],[-98.6603002940487,35.6167753457568],[-98.6588002940356,35.6182753457698]]]}},{"type":"Feature","properties":{"section_legal":"06-12N-22W","county":"Roger Mills","total_leases":10,"leases_24mo":0,"leases_12mo":0,"latest_recording":"2024-04-30","top_lessees":[{"name":"NWR MINERAL PARTNERS","count":10}]},"geometry":{"type":"Polygon","coordinates":[[[-99.5669014134541,35.5463652994095],[-99.565401413441,35.5448652993964],[-99.5669014134541,35.5433652993834],[-99.5684014134671,35.5448652993964],[-99.5669014134541,35.5463652994095]]]}},{"type":"Feature","properties":{"section_legal":"30-14N-18W","county":"Custer","total_leases":66,"leases_24mo":58,"leases_12mo":30,"latest_recording":"2026-05-05","top_lessees":[{"name":"ROCKIES RESOURCES HOLDINGS LLC","count":14},{"name":"YUKON TRADING COMPANY LLC","count":12},{"name":"OSTRICH LAND SERVICES LLC","count":12}]},"geometry":{"type":"Polygon","coordinates":[[[-99.164196,35.653079],[-99.164168,35.667555],[-99.146343,35.667524],[-99.146366,35.653043],[-99.164196,35.653079]]]}},{"type":"Feature","properties":{"section_legal":"09-15N-19W","county":"Custer","total_leases":44,"leases_24mo":40,"leases_12mo":34,"latest_recording":"2026-05-21","top_lessees":[{"name":"LDV RESOURCES LLC","count":14},{"name":"WALTER DUNCAN OIL LLC","count":8},{"name":"OGI MINERALS LLC","count":6}]},"geometry":{"type":"Polygon","coordinates":[[[-99.234838,35.783444],[-99.234809,35.797925],[-99.217065,35.797982],[-99.217119,35.783477],[-99.234838,35.783444]]]}},{"type":"Feature","properties":{"section_legal":"07-15N-19W","county":"Custer","total_leases":94,"leases_24mo":88,"leases_12mo":8,"latest_recording":"2025-07-23","top_lessees":[{"name":"WALTER DUNCAN OIL LLC","count":34},{"name":"CLASSIC RESOURCES LLC","count":26},{"name":"YUKON TRADING COMPANY LLC","count":18}]},"geometry":{"type":"Polygon","coordinates":[[[-99.2610884265321,35.7920158615806],[-99.2595884265191,35.7905158615676],[-99.2610884265321,35.7890158615546],[-99.2625884265452,35.7905158615676],[-99.2610884265321,35.7920158615806]]]}},{"type":"Feature","properties":{"section_legal":"27-13N-20W","county":"Custer","total_leases":200,"leases_24mo":194,"leases_12mo":192,"latest_recording":"2026-02-26","top_lessees":[{"name":"WHITE & ASSOCIATES LLC","count":72},{"name":"OGP LLC","count":68},{"name":"DITCH CHICKEN HOLDINGS LLC","count":52}]},"geometry":{"type":"Polygon","coordinates":[[[-99.3149771601696,35.5750804072753],[-99.3134771601565,35.5735804072623],[-99.3149771601696,35.5720804072492],[-99.3164771601826,35.5735804072623],[-99.3149771601696,35.5750804072753]]]}},{"type":"Feature","properties":{"section_legal":"14-13N-17W","county":"Custer","total_leases":142,"leases_24mo":142,"leases_12mo":104,"latest_recording":"2026-04-20","top_lessees":[{"name":"MEWBOURNE OIL COMPANY","count":30},{"name":"SAND CREEK OKLAHOMA LLC","count":22},{"name":"PETROVEN INC","count":20}]},"geometry":{"type":"Polygon","coordinates":[[[-98.986763,35.594959],[-98.986755,35.609488],[-98.96903,35.609476],[-98.969047,35.594963],[-98.986763,35.594959]]]}},{"type":"Feature","properties":{"section_legal":"10-12N-20W","county":"Custer","total_leases":40,"leases_24mo":16,"leases_12mo":0,"latest_recording":"2024-08-08","top_lessees":[{"name":"YUKON TRADING COMPANY LLC","count":24},{"name":"OAKSPRING EXPLORATION LLC","count":8},{"name":"DEVON ENERGY PRODUCTION COMPANY LP","count":8}]},"geometry":{"type":"Polygon","coordinates":[[[-99.3025030703129,35.5324005915691],[-99.3010030702999,35.530900591556],[-99.3025030703129,35.529400591543],[-99.3040030703259,35.530900591556],[-99.3025030703129,35.5324005915691]]]}},{"type":"Feature","properties":{"section_legal":"25-13N-23W","county":"Roger Mills","total_leases":88,"leases_24mo":88,"leases_12mo":18,"latest_recording":"2025-12-10","top_lessees":[{"name":"REDHAWK RESOURCES LLC","count":14},{"name":"NWR MINERAL PARTNERS LLC","count":12},{"name":"MEWBOURNE OIL COMPANY","count":10}]},"geometry":{"type":"Polygon","coordinates":[[[-99.5982853725081,35.5750302996607],[-99.596785372495,35.5735302996477],[-99.5982853725081,35.5720302996347],[-99.5997853725211,35.5735302996477],[-99.5982853725081,35.5750302996607]]]}},{"type":"Feature","properties":{"section_legal":"18-13N-22W","county":"Roger Mills","total_leases":52,"leases_24mo":52,"leases_12mo":8,"latest_recording":"2026-05-18","top_lessees":[{"name":"SUMMIT OIL & GAS LLC","count":14},{"name":"3 AMIGOS DEVELOPMENT LLC","count":8},{"name":"DRY CREEK OPERATING LLC","count":8}]},"geometry":{"type":"Polygon","coordinates":[[[-99.589185,35.59538],[-99.589072,35.609853],[-99.571438,35.609876],[-99.571537,35.595392],[-99.589185,35.59538]]]}},{"type":"Feature","properties":{"section_legal":"24-12N-20W","county":"Custer","total_leases":20,"leases_24mo":20,"leases_12mo":0,"latest_recording":"2024-09-17","top_lessees":[{"name":"MUSTANG FUEL CORPORATION","count":20}]},"geometry":{"type":"Polygon","coordinates":[[[-99.2668915344262,35.5031890517855],[-99.2653915344132,35.5016890517724],[-99.2668915344262,35.5001890517594],[-99.2683915344392,35.5016890517724],[-99.2668915344262,35.5031890517855]]]}},{"type":"Feature","properties":{"section_legal":"05-15N-19W","county":"Custer","total_leases":161,"leases_24mo":149,"leases_12mo":13,"latest_recording":"2025-07-03","top_lessees":[{"name":"CLASSIC RESOURCES LLC","count":50},{"name":"PLAINVIEW OIL COMPANY LLC","count":36},{"name":"WALTER DUNCAN OIL LLC","count":36}]},"geometry":{"type":"Polygon","coordinates":[[[-99.2434956232008,35.8065817207709],[-99.2419956231877,35.8050817207579],[-99.2434956232008,35.8035817207448],[-99.2449956232138,35.8050817207579],[-99.2434956232008,35.8065817207709]]]}},{"type":"Feature","properties":{"section_legal":"18-14N-20W","county":"Custer","total_leases":4,"leases_24mo":4,"leases_12mo":2,"latest_recording":"2026-05-12","top_lessees":[{"name":"SOBO I LLC","count":4}]},"geometry":{"type":"Polygon","coordinates":[[[-99.367953231828,35.6909142149255],[-99.3664532318149,35.6894142149125],[-99.367953231828,35.6879142148995],[-99.369453231841,35.6894142149125],[-99.367953231828,35.6909142149255]]]}},{"type":"Feature","properties":{"section_legal":"33-14N-23W","county":"Roger Mills","total_leases":16,"leases_24mo":16,"leases_12mo":2,"latest_recording":"2026-02-19","top_lessees":[{"name":"ANEVAY RESOURCES, LLC","count":14},{"name":"PETROVEN INC.","count":2}]},"geometry":{"type":"Polygon","coordinates":[[[-99.659765,35.638822],[-99.659659,35.653321],[-99.641903,35.653317],[-99.642017,35.638821],[-99.659765,35.638822]]]}},{"type":"Feature","properties":{"section_legal":"14-14N-19W","county":"Custer","total_leases":6,"leases_24mo":6,"leases_12mo":2,"latest_recording":"2026-02-27","top_lessees":[{"name":"CLASSIC RESOURCES LLC","count":4},{"name":"ROCKIES RESOURCES HOLDINGS LLC","count":2}]},"geometry":{"type":"Polygon","coordinates":[[[-99.1907653970412,35.6908376296135],[-99.1892653970281,35.6893376296005],[-99.1907653970412,35.6878376295875],[-99.1922653970542,35.6893376296005],[-99.1907653970412,35.6908376296135]]]}},{"type":"Feature","properties":{"section_legal":"23-13N-23W","county":"Roger Mills","total_leases":88,"leases_24mo":88,"leases_12mo":16,"latest_recording":"2025-10-03","top_lessees":[{"name":"MEWBOURNE OIL COMPANY","count":38},{"name":"GRAYTON ENERGY LLC","count":14},{"name":"WINDING RIVER ENERGY SERVICES, CORP","count":14}]},"geometry":{"type":"Polygon","coordinates":[[[-99.624784,35.580926],[-99.624669,35.595392],[-99.606943,35.595385],[-99.607059,35.580884],[-99.624784,35.580926]]]}},{"type":"Feature","properties":{"section_legal":"03-13N-20W","county":"Custer","total_leases":2,"leases_24mo":0,"leases_12mo":0,"latest_recording":"2024-06-07","top_lessees":[{"name":"DEVON ENERGY PRODUCTION COMPANY LP","count":2}]},"geometry":{"type":"Polygon","coordinates":[[[-99.3147906682925,35.6329530876298],[-99.3132906682795,35.6314530876168],[-99.3147906682925,35.6299530876038],[-99.3162906683055,35.6314530876168],[-99.3147906682925,35.6329530876298]]]}},{"type":"Feature","properties":{"section_legal":"30-14N-19W","county":"Custer","total_leases":4,"leases_24mo":0,"leases_12mo":0,"latest_recording":"2024-06-07","top_lessees":[{"name":"DEVON ENERGY PRODUCTION COMPANY LP","count":4}]},"geometry":{"type":"Polygon","coordinates":[[[-99.2616199852235,35.6620870089107],[-99.2601199852105,35.6605870088977],[-99.2616199852235,35.6590870088846],[-99.2631199852366,35.6605870088977],[-99.2616199852235,35.6620870089107]]]}},{"type":"Feature","properties":{"section_legal":"20-14N-19W","county":"Custer","total_leases":4,"leases_24mo":2,"leases_12mo":0,"latest_recording":"2024-12-09","top_lessees":[{"name":"DEVON ENERGY PRODUCTION COMPANY LP","count":2},{"name":"PETROVEN INC","count":2}]},"geometry":{"type":"Polygon","coordinates":[[[-99.2439984558288,35.6764867809821],[-99.2424984558158,35.6749867809691],[-99.2439984558288,35.673486780956],[-99.2454984558419,35.6749867809691],[-99.2439984558288,35.6764867809821]]]}},{"type":"Feature","properties":{"section_legal":"08-14N-19W","county":"Custer","total_leases":26,"leases_24mo":24,"leases_12mo":2,"latest_recording":"2026-04-29","top_lessees":[{"name":"DEVON ENERGY PRODUCTION COMPANY LP","count":22},{"name":"VENTANA EXPLORATION AND PRODUCTION II LLC","count":2},{"name":"DT EXPLORATION LLC","count":2}]},"geometry":{"type":"Polygon","coordinates":[[[-99.2439543041729,35.7054903447244],[-99.2424543041599,35.7039903447114],[-99.2439543041729,35.7024903446984],[-99.2454543041859,35.7039903447114],[-99.2439543041729,35.7054903447244]]]}},{"type":"Feature","properties":{"section_legal":"34-12N-19W","county":"Custer","total_leases":140,"leases_24mo":140,"leases_12mo":14,"latest_recording":"2026-03-30","top_lessees":[{"name":"AZTEK PETROLEUM COMPANY","count":34},{"name":"REDHAWK RESOURCES LLC","count":32},{"name":"TAYLOR MOON LLC","count":26}]},"geometry":{"type":"Polygon","coordinates":[[[-99.205488,35.465293],[-99.205506,35.479784],[-99.187772,35.479795],[-99.187776,35.465278],[-99.205488,35.465293]]]}},{"type":"Feature","properties":{"section_legal":"27-12N-19W","county":"Custer","total_leases":162,"leases_24mo":162,"leases_12mo":40,"latest_recording":"2026-02-26","top_lessees":[{"name":"OSTRICH LAND SERVICES LLC","count":52},{"name":"CRAWLEY PETROLEUM CORPORATION","count":34},{"name":"AZTEK PETROLEUM COMPANY","count":32}]},"geometry":{"type":"Polygon","coordinates":[[[-99.205507,35.479782],[-99.205531,35.494283],[-99.187791,35.494303],[-99.187772,35.479793],[-99.205507,35.479782]]]}},{"type":"Feature","properties":{"section_legal":"09-12N-22W","county":"Roger Mills","total_leases":24,"leases_24mo":24,"leases_12mo":18,"latest_recording":"2025-07-28","top_lessees":[{"name":"MEWBOURNE OIL COMPANY","count":16},{"name":"OSTRICH LAND SERVICES","count":4},{"name":"YUKON TRADING COMPANY, LLC","count":2}]},"geometry":{"type":"Polygon","coordinates":[[[-99.5314364707274,35.5322874615762],[-99.5299364707143,35.5307874615632],[-99.5314364707274,35.5292874615501],[-99.5329364707404,35.5307874615632],[-99.5314364707274,35.5322874615762]]]}},{"type":"Feature","properties":{"section_legal":"31-11N-19W","county":"Washita","total_leases":2,"leases_24mo":2,"leases_12mo":0,"latest_recording":"2024-06-26","top_lessees":[{"name":"NBC OKLAHOMA","count":2}]},"geometry":{"type":"Polygon","coordinates":[[[-99.2494692174586,35.3871266472777],[-99.2479692174456,35.3856266472647],[-99.2494692174586,35.3841266472516],[-99.2509692174717,35.3856266472647],[-99.2494692174586,35.3871266472777]]]}},{"type":"Feature","properties":{"section_legal":"22-11N-16W","county":"Washita","total_leases":2,"leases_24mo":2,"leases_12mo":0,"latest_recording":"2024-06-26","top_lessees":[{"name":"NBC OKLAHOMA","count":2}]},"geometry":{"type":"Polygon","coordinates":[[[-98.8790821795015,35.4159353879501],[-98.8775821794885,35.4144353879371],[-98.8790821795015,35.412935387924],[-98.8805821795145,35.4144353879371],[-98.8790821795015,35.4159353879501]]]}},{"type":"Feature","properties":{"section_legal":"18-11N-19W","county":"Washita","total_leases":2,"leases_24mo":2,"leases_12mo":0,"latest_recording":"2024-06-26","top_lessees":[{"name":"NBC OKLAHOMA","count":2}]},"geometry":{"type":"Polygon","coordinates":[[[-99.2495288911,35.4306765164526],[-99.2480288910869,35.4291765164395],[-99.2495288911,35.4276765164265],[-99.251028891113,35.4291765164395],[-99.2495288911,35.4306765164526]]]}},{"type":"Feature","properties":{"section_legal":"17-11N-17W","county":"Washita","total_leases":2,"leases_24mo":2,"leases_12mo":0,"latest_recording":"2024-06-26","top_lessees":[{"name":"NBC OKLAHOMA","count":2}]},"geometry":{"type":"Polygon","coordinates":[[[-99.0201939462499,35.4305126953406],[-99.0186939462369,35.4290126953276],[-99.0201939462499,35.4275126953145],[-99.0216939462629,35.4290126953276],[-99.0201939462499,35.4305126953406]]]}},{"type":"Feature","properties":{"section_legal":"12-11N-20W","county":"Washita","total_leases":2,"leases_24mo":2,"leases_12mo":0,"latest_recording":"2024-06-26","top_lessees":[{"name":"NBC OKLAHOMA","count":2}]},"geometry":{"type":"Polygon","coordinates":[[[-99.2669398388717,35.4450277063548],[-99.2654398388587,35.4435277063418],[-99.2669398388717,35.4420277063288],[-99.2684398388848,35.4435277063418],[-99.2669398388717,35.4450277063548]]]}},{"type":"Feature","properties":{"section_legal":"11-11N-20W","county":"Washita","total_leases":2,"leases_24mo":2,"leases_12mo":0,"latest_recording":"2024-06-26","top_lessees":[{"name":"NBC OKLAHOMA","count":2}]},"geometry":{"type":"Polygon","coordinates":[[[-99.2846361270368,35.4449912277728],[-99.2831361270238,35.4434912277597],[-99.2846361270368,35.4419912277467],[-99.2861361270499,35.4434912277597],[-99.2846361270368,35.4449912277728]]]}},{"type":"Feature","properties":{"section_legal":"09-11N-18W","county":"Washita","total_leases":2,"leases_24mo":2,"leases_12mo":0,"latest_recording":"2024-06-26","top_lessees":[{"name":"NBC OKLAHOMA","count":2}]},"geometry":{"type":"Polygon","coordinates":[[[-99.1083741900613,35.4449754447899],[-99.1068741900483,35.4434754447769],[-99.1083741900613,35.4419754447638],[-99.1098741900744,35.4434754447769],[-99.1083741900613,35.4449754447899]]]}},{"type":"Feature","properties":{"section_legal":"08-11N-18W","county":"Washita","total_leases":2,"leases_24mo":2,"leases_12mo":0,"latest_recording":"2024-06-26","top_lessees":[{"name":"NBC OKLAHOMA","count":2}]},"geometry":{"type":"Polygon","coordinates":[[[-99.1260845053777,35.4449954849639],[-99.1245845053646,35.4434954849508],[-99.1260845053777,35.4419954849378],[-99.1275845053907,35.4434954849508],[-99.1260845053777,35.4449954849639]]]}},{"type":"Feature","properties":{"section_legal":"07-11N-19W","county":"Washita","total_leases":2,"leases_24mo":2,"leases_12mo":0,"latest_recording":"2024-06-26","top_lessees":[{"name":"NBC OKLAHOMA","count":2}]},"geometry":{"type":"Polygon","coordinates":[[[-99.2495101782517,35.4451276439617],[-99.2480101782386,35.4436276439487],[-99.2495101782517,35.4421276439356],[-99.2510101782647,35.4436276439487],[-99.2495101782517,35.4451276439617]]]}},{"type":"Feature","properties":{"section_legal":"06-11N-15W","county":"Washita","total_leases":2,"leases_24mo":2,"leases_12mo":0,"latest_recording":"2024-06-26","top_lessees":[{"name":"NBC OKLAHOMA","count":2}]},"geometry":{"type":"Polygon","coordinates":[[[-98.8263997155107,35.4593232872252],[-98.8248997154977,35.4578232872121],[-98.8263997155107,35.4563232871991],[-98.8278997155238,35.4578232872121],[-98.8263997155107,35.4593232872252]]]}},{"type":"Feature","properties":{"section_legal":"02-11N-16W","county":"Washita","total_leases":2,"leases_24mo":2,"leases_12mo":0,"latest_recording":"2024-06-26","top_lessees":[{"name":"NBC OKLAHOMA","count":2}]},"geometry":{"type":"Polygon","coordinates":[[[-98.8614847174314,35.4593799576791],[-98.8599847174183,35.457879957666],[-98.8614847174314,35.456379957653],[-98.8629847174444,35.457879957666],[-98.8614847174314,35.4593799576791]]]}},{"type":"Feature","properties":{"section_legal":"15-13N-23W","county":"Roger Mills","total_leases":6,"leases_24mo":6,"leases_12mo":0,"latest_recording":"2025-03-17","top_lessees":[{"name":"MEWBOURNE OIL COMPANY","count":4},{"name":"WINDING RIVER ENERGY SERVICES, CORP.","count":2}]},"geometry":{"type":"Polygon","coordinates":[[[-99.642449,35.595415],[-99.642316,35.609878],[-99.624534,35.609865],[-99.624667,35.59539],[-99.642449,35.595415]]]}},{"type":"Feature","properties":{"section_legal":"04-13N-17W","county":"Custer","total_leases":2,"leases_24mo":2,"leases_12mo":0,"latest_recording":"2024-06-18","top_lessees":[{"name":"ENERGY RESERVE GROUP LLC","count":2}]},"geometry":{"type":"Polygon","coordinates":[[[-99.0134534714311,35.6327887860117],[-99.011953471418,35.6312887859986],[-99.0134534714311,35.6297887859856],[-99.0149534714441,35.6312887859986],[-99.0134534714311,35.6327887860117]]]}},{"type":"Feature","properties":{"section_legal":"02-13N-19W","county":"Custer","total_leases":2,"leases_24mo":2,"leases_12mo":0,"latest_recording":"2024-07-01","top_lessees":[{"name":"CLASSIC RESOURCES LLC","count":2}]},"geometry":{"type":"Polygon","coordinates":[[[-99.1908957028754,35.632924167231],[-99.1893957028623,35.6314241672179],[-99.1908957028754,35.6299241672049],[-99.1923957028884,35.6314241672179],[-99.1908957028754,35.632924167231]]]}},{"type":"Feature","properties":{"section_legal":"14-12N-20W","county":"Custer","total_leases":32,"leases_24mo":32,"leases_12mo":2,"latest_recording":"2026-04-13","top_lessees":[{"name":"DEVON ENERGY PRODUCTION COMPANY LP","count":30},{"name":"DUKE MINERALS NON-OP LLC","count":2}]},"geometry":{"type":"Polygon","coordinates":[[[-99.2846141674064,35.5178162971303],[-99.2831141673933,35.5163162971172],[-99.2846141674064,35.5148162971042],[-99.2861141674194,35.5163162971172],[-99.2846141674064,35.5178162971303]]]}},{"type":"Feature","properties":{"section_legal":"12-12N-23W","county":"Roger Mills","total_leases":90,"leases_24mo":90,"leases_12mo":32,"latest_recording":"2025-12-18","top_lessees":[{"name":"MEWBOURNE OIL COMPANY","count":34},{"name":"GBK INTERNATIONAL GROUP, LTD","count":14},{"name":"WINDING RIVER ENERGY SERVICES, CORP","count":8}]},"geometry":{"type":"Polygon","coordinates":[[[-99.593363,35.52313],[-99.593326,35.537633],[-99.575621,35.537585],[-99.575649,35.523123],[-99.593363,35.52313]]]}},{"type":"Feature","properties":{"section_legal":"08-13N-23W","county":"Roger Mills","total_leases":18,"leases_24mo":18,"leases_12mo":4,"latest_recording":"2025-09-22","top_lessees":[{"name":"UNIT PETROLEUM COMPANY","count":6},{"name":"SANDRIDGE EXPLORATION AND PRODUCTION LLC","count":4},{"name":"GRAYTON ENERGY LLC","count":4}]},"geometry":{"type":"Polygon","coordinates":[[[-99.6690579048144,35.6185321034303],[-99.6675579048014,35.6170321034172],[-99.6690579048144,35.6155321034042],[-99.6705579048274,35.6170321034172],[-99.6690579048144,35.6185321034303]]]}},{"type":"Feature","properties":{"section_legal":"02-12N-17W","county":"Custer","total_leases":61,"leases_24mo":61,"leases_12mo":29,"latest_recording":"2026-02-12","top_lessees":[{"name":"SAND CREEK OKLAHOMA LLC","count":44},{"name":"PETROVEN INC","count":10},{"name":"ENERGY RESERVE GROUP LLC","count":3}]},"geometry":{"type":"Polygon","coordinates":[[[-98.975953,35.537457],[-98.976055,35.551508],[-98.958318,35.551495],[-98.95837,35.537592],[-98.975953,35.537457]]]}},{"type":"Feature","properties":{"section_legal":"13-12N-23W","county":"Roger Mills","total_leases":68,"leases_24mo":68,"leases_12mo":8,"latest_recording":"2025-09-26","top_lessees":[{"name":"MEWBOURNE OIL COMPANY","count":24},{"name":"GREENHEAD RESOURCES LLC","count":14},{"name":"HUNTER MILLER FAMILY, LLC","count":12}]},"geometry":{"type":"Polygon","coordinates":[[[-99.59340932567316,35.50864442145134],[-99.59337160271944,35.52313755096766],[-99.5756579949231,35.52312987638287],[-99.57572168008686,35.50865240966643],[-99.59340932567316,35.50864442145134]]]}},{"type":"Feature","properties":{"section_legal":"28-13N-21W","county":"Roger Mills","total_leases":4,"leases_24mo":4,"leases_12mo":0,"latest_recording":"2025-03-06","top_lessees":[{"name":"OAKSPRING EXPLORATION LLC","count":2},{"name":"BIG HORN RESOURCE PARTNERS LLC","count":2}]},"geometry":{"type":"Polygon","coordinates":[[[-99.4392306487561,35.5749822478809],[-99.4377306487431,35.5734822478679],[-99.4392306487561,35.5719822478548],[-99.4407306487692,35.5734822478679],[-99.4392306487561,35.5749822478809]]]}},{"type":"Feature","properties":{"section_legal":"34-14N-20W","county":"Custer","total_leases":6,"leases_24mo":6,"leases_12mo":0,"latest_recording":"2024-09-19","top_lessees":[{"name":"DEVON ENERGY PRODUCTION COMPANY LP","count":6}]},"geometry":{"type":"Polygon","coordinates":[[[-99.3148199868744,35.6474528108467],[-99.3133199868614,35.6459528108336],[-99.3148199868744,35.6444528108206],[-99.3163199868875,35.6459528108336],[-99.3148199868744,35.6474528108467]]]}},{"type":"Feature","properties":{"section_legal":"33-14N-19W","county":"Custer","total_leases":6,"leases_24mo":6,"leases_12mo":0,"latest_recording":"2024-08-19","top_lessees":[{"name":"WAKE OPERATING LLC","count":6}]},"geometry":{"type":"Polygon","coordinates":[[[-99.2264084806647,35.6473999002251],[-99.2249084806516,35.6458999002121],[-99.2264084806647,35.6443999001991],[-99.2279084806777,35.6458999002121],[-99.2264084806647,35.6473999002251]]]}},{"type":"Feature","properties":{"section_legal":"16-13N-18W","county":"Custer","total_leases":50,"leases_24mo":50,"leases_12mo":18,"latest_recording":"2026-04-03","top_lessees":[{"name":"LOMA HOMBRE ENERGY LLC","count":22},{"name":"WHITE SAIL ENERGY LLC","count":18},{"name":"BELFORD ROYALTY CO. LLC","count":6}]},"geometry":{"type":"Polygon","coordinates":[[[-99.128712,35.595057],[-99.128683,35.609544],[-99.110933,35.609541],[-99.110948,35.595051],[-99.128712,35.595057]]]}},{"type":"Feature","properties":{"section_legal":"32-12N-20W","county":"Custer","total_leases":56,"leases_24mo":56,"leases_12mo":12,"latest_recording":"2025-08-21","top_lessees":[{"name":"DEVON ENERGY PRODUCTION CO LP","count":18},{"name":"AZTEK PETROLEUM COMPANY","count":16},{"name":"DEVON ENERGY PRODUCTION COMPANY LP","count":10}]},"geometry":{"type":"Polygon","coordinates":[[[-99.3377771998783,35.473804532911],[-99.3362771998653,35.472304532898],[-99.3377771998783,35.4708045328849],[-99.3392771998914,35.472304532898],[-99.3377771998783,35.473804532911]]]}},{"type":"Feature","properties":{"section_legal":"35-12N-19W","county":"Custer","total_leases":64,"leases_24mo":64,"leases_12mo":0,"latest_recording":"2025-06-02","top_lessees":[{"name":"NLNG LAND COMPANY","count":28},{"name":"TARPON JUMPER LLC","count":18},{"name":"TAYLOR MOON LLC","count":10}]},"geometry":{"type":"Polygon","coordinates":[[[-99.187777,35.465278],[-99.187773,35.479795],[-99.170034,35.479775],[-99.17006,35.465264],[-99.187777,35.465278]]]}},{"type":"Feature","properties":{"section_legal":"26-12N-19W","county":"Custer","total_leases":120,"leases_24mo":120,"leases_12mo":36,"latest_recording":"2025-10-24","top_lessees":[{"name":"NLNG LAND COMPANY LLC","count":78},{"name":"OSTRICH LAND SERVICES LLC","count":26},{"name":"AZTEK PETROLEUM COMPANY LLC","count":8}]},"geometry":{"type":"Polygon","coordinates":[[[-99.187774,35.479793],[-99.187792,35.494303],[-99.170037,35.494274],[-99.170034,35.479773],[-99.187774,35.479793]]]}},{"type":"Feature","properties":{"section_legal":"04-11N-19W","county":"Washita","total_leases":84,"leases_24mo":84,"leases_12mo":2,"latest_recording":"2025-06-13","top_lessees":[{"name":"REDHAWK RESOURCES LLC","count":40},{"name":"NLNG LAND COMPANY, LLC","count":28},{"name":"NLNG, LAND COMPANY, LLC,","count":6}]},"geometry":{"type":"Polygon","coordinates":[[[-99.223235,35.450863],[-99.223183,35.465309],[-99.205486,35.465295],[-99.205461,35.45078],[-99.223235,35.450863]]]}},{"type":"Feature","properties":{"section_legal":"01-15N-20W","county":"Custer","total_leases":38,"leases_24mo":38,"leases_12mo":2,"latest_recording":"2025-06-23","top_lessees":[{"name":"WALTER DUNCAN OIL LLC","count":24},{"name":"CLASSIC RESOURCES LLC","count":12},{"name":"WINDING RIVER ENERGY SERVICES CORP","count":2}]},"geometry":{"type":"Polygon","coordinates":[[[-99.2787790468734,35.8065239368624],[-99.2772790468603,35.8050239368493],[-99.2787790468734,35.8035239368363],[-99.2802790468864,35.8050239368493],[-99.2787790468734,35.8065239368624]]]}},{"type":"Feature","properties":{"section_legal":"06-15N-19W","county":"Custer","total_leases":78,"leases_24mo":78,"leases_12mo":0,"latest_recording":"2025-06-02","top_lessees":[{"name":"WALTER DUNCAN OIL LLC","count":30},{"name":"CLASSIC RESOURCES LLC","count":28},{"name":"PETROVEN INC","count":14}]},"geometry":{"type":"Polygon","coordinates":[[[-99.270131,35.797852],[-99.270075,35.812369],[-99.252593,35.812417],[-99.252423,35.797807],[-99.270131,35.797852]]]}},{"type":"Feature","properties":{"section_legal":"10-13N-21W","county":"Roger Mills","total_leases":4,"leases_24mo":4,"leases_12mo":2,"latest_recording":"2025-11-24","top_lessees":[{"name":"DEVON ENERGY PRODUCTION COMPANY, L.P.","count":2},{"name":"MEWBOURNE OIL COMPANY","count":2}]},"geometry":{"type":"Polygon","coordinates":[[[-99.4212665424145,35.6184084028385],[-99.4197665424014,35.6169084028254],[-99.4212665424145,35.6154084028124],[-99.4227665424275,35.6169084028254],[-99.4212665424145,35.6184084028385]]]}},{"type":"Feature","properties":{"section_legal":"17-12N-20W","county":"Custer","total_leases":4,"leases_24mo":4,"leases_12mo":2,"latest_recording":"2025-08-21","top_lessees":[{"name":"DEVON ENERGY PRODUCTION CO LP","count":4}]},"geometry":{"type":"Polygon","coordinates":[[[-99.3379147776275,35.5176704769979],[-99.3364147776144,35.5161704769849],[-99.3379147776275,35.5146704769718],[-99.3394147776405,35.5161704769849],[-99.3379147776275,35.5176704769979]]]}},{"type":"Feature","properties":{"section_legal":"22-13N-16W","county":"Custer","total_leases":48,"leases_24mo":48,"leases_12mo":34,"latest_recording":"2025-08-14","top_lessees":[{"name":"ARNOLD OIL PROPERTIES LLC","count":22},{"name":"PETROVEN INC","count":10},{"name":"PETROVEN INC.","count":8}]},"geometry":{"type":"Polygon","coordinates":[[[-98.8893659057759,35.5891331971652],[-98.8878659057628,35.5876331971521],[-98.8893659057759,35.5861331971391],[-98.8908659057889,35.5876331971521],[-98.8893659057759,35.5891331971652]]]}},{"type":"Feature","properties":{"section_legal":"29-12N-20W","county":"Custer","total_leases":8,"leases_24mo":8,"leases_12mo":0,"latest_recording":"2024-11-07","top_lessees":[{"name":"SUMMIT OIL AND GAS LLC","count":8}]},"geometry":{"type":"Polygon","coordinates":[[[-99.3378250725631,35.4883503099138],[-99.3363250725501,35.4868503099008],[-99.3378250725631,35.4853503098877],[-99.3393250725762,35.4868503099008],[-99.3378250725631,35.4883503099138]]]}},{"type":"Feature","properties":{"section_legal":"07-12N-23W","county":"Roger Mills","total_leases":43,"leases_24mo":43,"leases_12mo":4,"latest_recording":"2025-09-26","top_lessees":[{"name":"TAYLOR MOON LLC","count":16},{"name":"GBK INTERNATIONAL GROUP LTD","count":12},{"name":"GBK INTERNATIONAL GROUP, LTD","count":8}]},"geometry":{"type":"Polygon","coordinates":[[[-99.6729510290832,35.5318604451776],[-99.6714510290701,35.5303604451645],[-99.6729510290832,35.5288604451515],[-99.6744510290962,35.5303604451645],[-99.6729510290832,35.5318604451776]]]}},{"type":"Feature","properties":{"section_legal":"06-12N-23W","county":"Roger Mills","total_leases":6,"leases_24mo":6,"leases_12mo":0,"latest_recording":"2024-12-23","top_lessees":[{"name":"R MICHAEL LORTZ","count":6}]},"geometry":{"type":"Polygon","coordinates":[[[-99.6730604036025,35.5462853800455],[-99.6715604035894,35.5447853800324],[-99.6730604036025,35.5432853800194],[-99.6745604036155,35.5447853800324],[-99.6730604036025,35.5462853800455]]]}},{"type":"Feature","properties":{"section_legal":"15-13N-19W","county":"Custer","total_leases":4,"leases_24mo":4,"leases_12mo":0,"latest_recording":"2025-01-28","top_lessees":[{"name":"VOGEL EXPLORATION LLC","count":4}]},"geometry":{"type":"Polygon","coordinates":[[[-99.2086288360397,35.6039740199668],[-99.2071288360266,35.6024740199537],[-99.2086288360397,35.6009740199407],[-99.2101288360527,35.6024740199537],[-99.2086288360397,35.6039740199668]]]}},{"type":"Feature","properties":{"section_legal":"30-13N-17W","county":"Custer","total_leases":20,"leases_24mo":20,"leases_12mo":0,"latest_recording":"2025-01-22","top_lessees":[{"name":"BIG HORN RESOURCE PARTNERS LLC","count":18},{"name":"ANEVAY RESOURCES LLC","count":2}]},"geometry":{"type":"Polygon","coordinates":[[[-99.05771,35.566035],[-99.05772,35.58057],[-99.039907,35.580526],[-99.03991,35.566016],[-99.05771,35.566035]]]}},{"type":"Feature","properties":{"section_legal":"15-13N-18W","county":"Custer","total_leases":12,"leases_24mo":12,"leases_12mo":0,"latest_recording":"2025-05-27","top_lessees":[{"name":"BELFORD ROYALTY CO. LLC","count":6},{"name":"BIG HORN RESOURCE PARTNERS LLC","count":4},{"name":"UNITED LAND COMPANY LLC","count":2}]},"geometry":{"type":"Polygon","coordinates":[[[-99.11095,35.595051],[-99.110934,35.609541],[-99.093171,35.609517],[-99.093174,35.595015],[-99.11095,35.595051]]]}},{"type":"Feature","properties":{"section_legal":"19-13N-18W","county":"Custer","total_leases":30,"leases_24mo":30,"leases_12mo":10,"latest_recording":"2025-10-28","top_lessees":[{"name":"BELFORD ROYALTY CO. LLC","count":8},{"name":"BELFORD ROYALTY CO LLC","count":8},{"name":"UNITED LAND COMPANY LLC","count":8}]},"geometry":{"type":"Polygon","coordinates":[[[-99.164238,35.580618],[-99.164205,35.595091],[-99.146382,35.595052],[-99.146346,35.580538],[-99.164238,35.580618]]]}},{"type":"Feature","properties":{"section_legal":"14-15N-19W","county":"Custer","total_leases":104,"leases_24mo":104,"leases_12mo":66,"latest_recording":"2026-02-06","top_lessees":[{"name":"ROCKIES RESOURCES HOLDINGS LLC","count":52},{"name":"PRAIRIE VIEW ENERGY LLC","count":18},{"name":"OSTRICH LAND SERVICES LLC","count":14}]},"geometry":{"type":"Polygon","coordinates":[[[-99.199462,35.768984],[-99.199409,35.783459],[-99.181626,35.783417],[-99.181688,35.768941],[-99.199462,35.768984]]]}},{"type":"Feature","properties":{"section_legal":"10-15N-19W","county":"Custer","total_leases":36,"leases_24mo":36,"leases_12mo":32,"latest_recording":"2025-09-02","top_lessees":[{"name":"WALTER DUNCAN OIL LLC","count":32},{"name":"PRAIRIE VIEW ENERGY LLC","count":2},{"name":"PETROVEN INC.","count":2}]},"geometry":{"type":"Polygon","coordinates":[[[-99.2081656675179,35.7922118793614],[-99.2066656675049,35.7907118793484],[-99.2081656675179,35.7892118793354],[-99.209665667531,35.7907118793484],[-99.2081656675179,35.7922118793614]]]}},{"type":"Feature","properties":{"section_legal":"19-13N-20W","county":"Custer","total_leases":12,"leases_24mo":12,"leases_12mo":0,"latest_recording":"2025-03-07","top_lessees":[{"name":"BIG HORN RESOURCE PARTNERS LLC","count":8},{"name":"PETRO-MAC CORPORATION","count":4}]},"geometry":{"type":"Polygon","coordinates":[[[-99.3681030510288,35.5893919261954],[-99.3666030510157,35.5878919261823],[-99.3681030510288,35.5863919261693],[-99.3696030510418,35.5878919261823],[-99.3681030510288,35.5893919261954]]]}},{"type":"Feature","properties":{"section_legal":"11-13N-18W","county":"Custer","total_leases":22,"leases_24mo":22,"leases_12mo":6,"latest_recording":"2026-04-15","top_lessees":[{"name":"BIG HORN RESOURCE PARTNERS LLC","count":14},{"name":"SUMMIT RESOURCES INC","count":2},{"name":"UNITED LAND COMPANY LLC","count":2}]},"geometry":{"type":"Polygon","coordinates":[[[-99.093172,35.609515],[-99.093129,35.624022],[-99.075417,35.624025],[-99.0754,35.609535],[-99.093172,35.609515]]]}},{"type":"Feature","properties":{"section_legal":"10-13N-18W","county":"Custer","total_leases":46,"leases_24mo":46,"leases_12mo":14,"latest_recording":"2026-04-16","top_lessees":[{"name":"UNITED LAND COMPANY LLC","count":16},{"name":"BIG HORN RESOURCE PARTNERS LLC","count":14},{"name":"SUMMIT RESOURCES INC","count":6}]},"geometry":{"type":"Polygon","coordinates":[[[-99.110935,35.609539],[-99.110922,35.624022],[-99.093128,35.624022],[-99.093171,35.609515],[-99.110935,35.609539]]]}},{"type":"Feature","properties":{"section_legal":"19-15N-20W","county":"Custer","total_leases":2,"leases_24mo":2,"leases_12mo":0,"latest_recording":"2024-10-21","top_lessees":[{"name":"TRIAD ENERGY INC","count":2}]},"geometry":{"type":"Polygon","coordinates":[[[-99.3676171456979,35.7630542181868],[-99.3661171456849,35.7615542181738],[-99.3676171456979,35.7600542181608],[-99.369117145711,35.7615542181738],[-99.3676171456979,35.7630542181868]]]}},{"type":"Feature","properties":{"section_legal":"28-13N-18W","county":"Custer","total_leases":28,"leases_24mo":28,"leases_12mo":0,"latest_recording":"2025-03-10","top_lessees":[{"name":"BIG HORN RESOURCE PARTNERS LLC","count":24},{"name":"UNITED LAND COMPANY LLC","count":4}]},"geometry":{"type":"Polygon","coordinates":[[[-99.128733,35.566059],[-99.128728,35.580552],[-99.110962,35.580558],[-99.110974,35.566061],[-99.128733,35.566059]]]}},{"type":"Feature","properties":{"section_legal":"33-13N-18W","county":"Custer","total_leases":178,"leases_24mo":178,"leases_12mo":42,"latest_recording":"2026-03-16","top_lessees":[{"name":"UNITED LAND COMPANY LLC","count":82},{"name":"TAYLOR MOON LLC","count":32},{"name":"T-TOWN RESOURCES LLC","count":30}]},"geometry":{"type":"Polygon","coordinates":[[[-99.128731,35.551587],[-99.128734,35.566061],[-99.110974,35.566063],[-99.110968,35.551575],[-99.128731,35.551587]]]}},{"type":"Feature","properties":{"section_legal":"05-11N-19W","county":"Washita","total_leases":154,"leases_24mo":154,"leases_12mo":12,"latest_recording":"2026-01-14","top_lessees":[{"name":"REDHAWK RESOURCES, LLC","count":56},{"name":"NLNG LAND COMPANY, LLC","count":50},{"name":"TAYLOR MOON, LLC","count":24}]},"geometry":{"type":"Polygon","coordinates":[[[-99.240883,35.450898],[-99.240863,35.465355],[-99.223181,35.465309],[-99.223234,35.450863],[-99.240883,35.450898]]]}},{"type":"Feature","properties":{"section_legal":"17-12N-23W","county":"Roger Mills","total_leases":132,"leases_24mo":132,"leases_12mo":34,"latest_recording":"2026-04-10","top_lessees":[{"name":"GBK INTERNATIONAL GROUP, LTD","count":32},{"name":"TAYLOR MOON LLC","count":32},{"name":"GBK INTERNATIONAL GROUP LTD","count":14}]},"geometry":{"type":"Polygon","coordinates":[[[-99.66430932659625,35.508704104893766],[-99.664292566728,35.52320397553958],[-99.64654606801584,35.52318271672886],[-99.64655437294064,35.50868226089648],[-99.66430932659625,35.508704104893766]]]}},{"type":"Feature","properties":{"section_legal":"12-15N-19W","county":"Custer","total_leases":54,"leases_24mo":54,"leases_12mo":46,"latest_recording":"2026-04-07","top_lessees":[{"name":"MEWBOURNE OIL COMPANY","count":32},{"name":"OSTRICH LAND SERVICES LLC","count":10},{"name":"PRAIRIE VIEW ENERGY LLC","count":8}]},"geometry":{"type":"Polygon","coordinates":[[[-99.181628,35.783415],[-99.18161,35.797905],[-99.163886,35.797895],[-99.163928,35.783409],[-99.181628,35.783415]]]}},{"type":"Feature","properties":{"section_legal":"25-13N-18W","county":"Custer","total_leases":52,"leases_24mo":52,"leases_12mo":12,"latest_recording":"2026-04-13","top_lessees":[{"name":"UNITED LAND COMPANY LLC","count":22},{"name":"BIG HORN RESOURCE PARTNERS LLC","count":20},{"name":"REDHAWK RESOURCES LLC","count":6}]},"geometry":{"type":"Polygon","coordinates":[[[-99.075461,35.566033],[-99.075434,35.580512],[-99.057718,35.580569],[-99.057708,35.566035],[-99.075461,35.566033]]]}},{"type":"Feature","properties":{"section_legal":"31-13N-17W","county":"Custer","total_leases":12,"leases_24mo":12,"leases_12mo":0,"latest_recording":"2025-03-17","top_lessees":[{"name":"BIG HORN RESOURCE PARTNERS LLC","count":8},{"name":"ANEVAY RESOURCES LLC","count":4}]},"geometry":{"type":"Polygon","coordinates":[[[-99.05772,35.55153],[-99.057709,35.566037],[-99.03991,35.566017],[-99.039951,35.551528],[-99.05772,35.55153]]]}},{"type":"Feature","properties":{"section_legal":"30-12N-18W","county":"Custer","total_leases":128,"leases_24mo":128,"leases_12mo":34,"latest_recording":"2026-01-14","top_lessees":[{"name":"CASTLE OPERATING LLC","count":54},{"name":"ARDENNAIS ENERGY LLC","count":34},{"name":"REDHAWK RESOURCES LLC","count":16}]},"geometry":{"type":"Polygon","coordinates":[[[-99.152288,35.479753],[-99.152286,35.494268],[-99.134871,35.494251],[-99.134849,35.479735],[-99.152288,35.479753]]]}},{"type":"Feature","properties":{"section_legal":"19-14N-18W","county":"Custer","total_leases":114,"leases_24mo":114,"leases_12mo":22,"latest_recording":"2026-05-05","top_lessees":[{"name":"OGI MINERALS LLC","count":80},{"name":"ROCKIES RESOURCES HOLDINGS LLC","count":15},{"name":"BIG HORN RESOURCE PARTNERS LLC","count":6}]},"geometry":{"type":"Polygon","coordinates":[[[-99.164168,35.667553],[-99.164164,35.682049],[-99.146346,35.681971],[-99.146342,35.667523],[-99.164168,35.667553]]]}},{"type":"Feature","properties":{"section_legal":"01-13N-18W","county":"Custer","total_leases":62,"leases_24mo":62,"leases_12mo":32,"latest_recording":"2026-05-19","top_lessees":[{"name":"BIG HORN RESOURCE PARTNERS LLC","count":26},{"name":"PETROVEN INC","count":14},{"name":"OSTRICH LAND SERVICES LLC","count":4}]},"geometry":{"type":"Polygon","coordinates":[[[-99.075418,35.624023],[-99.07543,35.638561],[-99.057648,35.63856],[-99.057639,35.62405],[-99.075418,35.624023]]]}},{"type":"Feature","properties":{"section_legal":"12-13N-18W","county":"Custer","total_leases":44,"leases_24mo":44,"leases_12mo":14,"latest_recording":"2026-05-08","top_lessees":[{"name":"BIG HORN RESOURCE PARTNERS LLC","count":26},{"name":"UNITED LAND COMPANY LLC","count":8},{"name":"WINDING RIVER ENERGY SERVICES CORP","count":6}]},"geometry":{"type":"Polygon","coordinates":[[[-99.075401,35.609535],[-99.075418,35.624025],[-99.057639,35.624052],[-99.057675,35.609545],[-99.075401,35.609535]]]}},{"type":"Feature","properties":{"section_legal":"09-13N-18W","county":"Custer","total_leases":24,"leases_24mo":24,"leases_12mo":0,"latest_recording":"2025-01-22","top_lessees":[{"name":"BIG HORN RESOURCE PARTNERS LLC","count":24}]},"geometry":{"type":"Polygon","coordinates":[[[-99.128683,35.609542],[-99.12865,35.624022],[-99.11092,35.624021],[-99.110933,35.609539],[-99.128683,35.609542]]]}},{"type":"Feature","properties":{"section_legal":"29-13N-17W","county":"Custer","total_leases":54,"leases_24mo":54,"leases_12mo":18,"latest_recording":"2026-05-07","top_lessees":[{"name":"BIG HORN RESOURCE PARTNERS LLC","count":24},{"name":"UNITED LAND COMPANY LLC","count":18},{"name":"LEGACY MINERAL GROUP LLC","count":4}]},"geometry":{"type":"Polygon","coordinates":[[[-99.039912,35.566015],[-99.039909,35.580526],[-99.02218,35.580511],[-99.022172,35.565999],[-99.039912,35.566015]]]}},{"type":"Feature","properties":{"section_legal":"14-12N-19W","county":"Custer","total_leases":4,"leases_24mo":4,"leases_12mo":2,"latest_recording":"2025-11-25","top_lessees":[{"name":"SLAYTON RESOURCES LLC","count":4}]},"geometry":{"type":"Polygon","coordinates":[[[-99.1791054466264,35.5174785610685],[-99.1776054466133,35.5159785610555],[-99.1791054466264,35.5144785610425],[-99.1806054466394,35.5159785610555],[-99.1791054466264,35.5174785610685]]]}},{"type":"Feature","properties":{"section_legal":"12-12N-14W","county":"Custer","total_leases":10,"leases_24mo":10,"leases_12mo":2,"latest_recording":"2026-02-26","top_lessees":[{"name":"LOMA HOMBRE ENERGY LLC","count":8},{"name":"DUDLEY LAND COMPANY","count":2}]},"geometry":{"type":"Polygon","coordinates":[[[-98.6320427092737,35.5311652587672],[-98.6305427092606,35.5296652587542],[-98.6320427092737,35.5281652587411],[-98.6335427092867,35.5296652587542],[-98.6320427092737,35.5311652587672]]]}},{"type":"Feature","properties":{"section_legal":"19-12N-18W","county":"Custer","total_leases":160,"leases_24mo":160,"leases_12mo":14,"latest_recording":"2025-08-04","top_lessees":[{"name":"CASTLE OPERATING LLC","count":106},{"name":"ARDENNAIS ENERGY LLC","count":38},{"name":"REDHAWK RESOURCES LLC","count":10}]},"geometry":{"type":"Polygon","coordinates":[[[-99.152286,35.494266],[-99.152298,35.508765],[-99.134866,35.508748],[-99.134871,35.494249],[-99.152286,35.494266]]]}},{"type":"Feature","properties":{"section_legal":"29-13N-18W","county":"Custer","total_leases":76,"leases_24mo":76,"leases_12mo":50,"latest_recording":"2026-05-19","top_lessees":[{"name":"UNITED LAND COMPANY LLC","count":26},{"name":"LITTLE BEAR RESOURCES LLC","count":16},{"name":"BELFORD ROYALTY CO LLC","count":8}]},"geometry":{"type":"Polygon","coordinates":[[[-99.146371,35.566065],[-99.146348,35.58054],[-99.128726,35.580551],[-99.128732,35.566059],[-99.146371,35.566065]]]}},{"type":"Feature","properties":{"section_legal":"27-13N-18W","county":"Custer","total_leases":34,"leases_24mo":34,"leases_12mo":10,"latest_recording":"2025-09-02","top_lessees":[{"name":"UNITED LAND COMPANY LLC","count":12},{"name":"REDHAWK RESOURCES LLC","count":10},{"name":"BIG HORN RESOURCE PARTNERS LLC","count":6}]},"geometry":{"type":"Polygon","coordinates":[[[-99.110976,35.566061],[-99.110963,35.580559],[-99.093193,35.580531],[-99.093202,35.566034],[-99.110976,35.566061]]]}},{"type":"Feature","properties":{"section_legal":"11-12N-19W","county":"Custer","total_leases":6,"leases_24mo":6,"leases_12mo":0,"latest_recording":"2024-12-09","top_lessees":[{"name":"SLAYTON RESOURCES LLC","count":6}]},"geometry":{"type":"Polygon","coordinates":[[[-99.17914064891,35.5320192769059],[-99.177640648897,35.5305192768929],[-99.17914064891,35.5290192768799],[-99.1806406489231,35.5305192768929],[-99.17914064891,35.5320192769059]]]}},{"type":"Feature","properties":{"section_legal":"23-13N-18W","county":"Custer","total_leases":10,"leases_24mo":10,"leases_12mo":0,"latest_recording":"2025-01-22","top_lessees":[{"name":"BIG HORN RESOURCE PARTNERS LLC","count":8},{"name":"UNITED LAND COMPANY","count":2}]},"geometry":{"type":"Polygon","coordinates":[[[-99.093194,35.580529],[-99.093176,35.595017],[-99.075415,35.595011],[-99.075432,35.58051],[-99.093194,35.580529]]]}},{"type":"Feature","properties":{"section_legal":"05-13N-18W","county":"Custer","total_leases":34,"leases_24mo":34,"leases_12mo":4,"latest_recording":"2025-10-15","top_lessees":[{"name":"REDHAWK RESOURCES LLC","count":16},{"name":"UNITED LAND COMPANY LLC","count":8},{"name":"UNITED LAND COMPANY","count":6}]},"geometry":{"type":"Polygon","coordinates":[[[-99.1375668619197,35.6329423880048],[-99.1360668619067,35.6314423879918],[-99.1375668619197,35.6299423879787],[-99.1390668619328,35.6314423879918],[-99.1375668619197,35.6329423880048]]]}},{"type":"Feature","properties":{"section_legal":"17-12N-18W","county":"Custer","total_leases":42,"leases_24mo":42,"leases_12mo":8,"latest_recording":"2025-12-10","top_lessees":[{"name":"CASTLE OPERATING LLC","count":24},{"name":"ARDENNAIS ENERGY LLC","count":8},{"name":"UNITED LAND COMPANY LLC","count":8}]},"geometry":{"type":"Polygon","coordinates":[[[-99.134868,35.508746],[-99.134883,35.523254],[-99.11714,35.523261],[-99.117127,35.508755],[-99.134868,35.508746]]]}},{"type":"Feature","properties":{"section_legal":"26-12N-18W","county":"Custer","total_leases":18,"leases_24mo":18,"leases_12mo":8,"latest_recording":"2025-09-22","top_lessees":[{"name":"ARDENNAIS ENERGY LLC","count":10},{"name":"CASTLE OPERATING LLC","count":4},{"name":"POSTEROS LAND COMPANY LLC","count":2}]},"geometry":{"type":"Polygon","coordinates":[[[-99.081646,35.479699],[-99.081645,35.494209],[-99.063947,35.494174],[-99.063954,35.479682],[-99.081646,35.479699]]]}},{"type":"Feature","properties":{"section_legal":"28-12N-18W","county":"Custer","total_leases":40,"leases_24mo":40,"leases_12mo":20,"latest_recording":"2025-12-09","top_lessees":[{"name":"ARDENNAIS ENERGY LLC","count":16},{"name":"UNITED LAND COMPANY LLC","count":10},{"name":"POSTEROS LAND COMPANY LLC","count":8}]},"geometry":{"type":"Polygon","coordinates":[[[-99.117102,35.47973],[-99.117082,35.49426],[-99.099388,35.494231],[-99.099378,35.479724],[-99.117102,35.47973]]]}},{"type":"Feature","properties":{"section_legal":"24-13N-18W","county":"Custer","total_leases":70,"leases_24mo":70,"leases_12mo":18,"latest_recording":"2026-04-15","top_lessees":[{"name":"UNITED LAND COMPANY LLC","count":20},{"name":"FORTE ENERGY LLC","count":18},{"name":"WINDING RIVER ENERGY SERVICES CORP","count":16}]},"geometry":{"type":"Polygon","coordinates":[[[-99.075434,35.58051],[-99.075416,35.595011],[-99.057725,35.595091],[-99.057718,35.580568],[-99.075434,35.58051]]]}},{"type":"Feature","properties":{"section_legal":"12-13N-20W","county":"Custer","total_leases":10,"leases_24mo":10,"leases_12mo":0,"latest_recording":"2024-12-26","top_lessees":[{"name":"WAKE OPERATING LLC","count":10}]},"geometry":{"type":"Polygon","coordinates":[[[-99.2794361413064,35.6185534964094],[-99.2779361412933,35.6170534963963],[-99.2794361413064,35.6155534963833],[-99.2809361413194,35.6170534963963],[-99.2794361413064,35.6185534964094]]]}},{"type":"Feature","properties":{"section_legal":"18-12N-23W","county":"Roger Mills","total_leases":4,"leases_24mo":4,"leases_12mo":0,"latest_recording":"2025-04-16","top_lessees":[{"name":"SEDONA ENERGY LLC","count":2},{"name":"KRAKEN ENERGY LLC","count":2}]},"geometry":{"type":"Polygon","coordinates":[[[-99.6728078488244,35.5173144678184],[-99.6713078488113,35.5158144678054],[-99.6728078488244,35.5143144677923],[-99.6743078488374,35.5158144678054],[-99.6728078488244,35.5173144678184]]]}},{"type":"Feature","properties":{"section_legal":"06-13N-18W","county":"Custer","total_leases":116,"leases_24mo":116,"leases_12mo":34,"latest_recording":"2025-09-12","top_lessees":[{"name":"KAISER-FRANCIS OIL COMPANY","count":92},{"name":"UNITED LAND COMPANY LLC","count":6},{"name":"REDHAWK RESOURCES LLC","count":6}]},"geometry":{"type":"Polygon","coordinates":[[[-99.164206,35.624076],[-99.164224,35.638579],[-99.146381,35.638569],[-99.146396,35.624055],[-99.164206,35.624076]]]}},{"type":"Feature","properties":{"section_legal":"23-13N-14W","county":"Custer","total_leases":8,"leases_24mo":8,"leases_12mo":2,"latest_recording":"2025-10-20","top_lessees":[{"name":"JAGUAR ENERGY INC","count":2},{"name":"WHITESTONE ENERGY PARTNERS LP","count":2},{"name":"ECKARD EXPLORATION AND PRODUCTION LLC","count":2}]},"geometry":{"type":"Polygon","coordinates":[[[-98.6587543619426,35.5892847771058],[-98.6572543619295,35.5877847770928],[-98.6587543619426,35.5862847770797],[-98.6602543619556,35.5877847770928],[-98.6587543619426,35.5892847771058]]]}},{"type":"Feature","properties":{"section_legal":"12-12N-18W","county":"Custer","total_leases":4,"leases_24mo":4,"leases_12mo":0,"latest_recording":"2025-01-07","top_lessees":[{"name":"UNITED LAND COMPANY","count":4}]},"geometry":{"type":"Polygon","coordinates":[[[-99.0549669654888,35.5318145580731],[-99.0534669654758,35.53031455806],[-99.0549669654888,35.528814558047],[-99.0564669655019,35.53031455806],[-99.0549669654888,35.5318145580731]]]}},{"type":"Feature","properties":{"section_legal":"34-13N-18W","county":"Custer","total_leases":16,"leases_24mo":16,"leases_12mo":12,"latest_recording":"2026-03-16","top_lessees":[{"name":"UNITED LAND COMPANY LLC","count":10},{"name":"BIG HORN RESOURCE PARTNERS LLC","count":2},{"name":"REDHAWK RESOURCES LLC","count":2}]},"geometry":{"type":"Polygon","coordinates":[[[-99.11097,35.551574],[-99.110975,35.566063],[-99.093202,35.566036],[-99.09322,35.551556],[-99.11097,35.551574]]]}},{"type":"Feature","properties":{"section_legal":"20-12N-18W","county":"Custer","total_leases":46,"leases_24mo":46,"leases_12mo":14,"latest_recording":"2025-12-26","top_lessees":[{"name":"CASTLE OPERATING LLC","count":18},{"name":"ARDENNAIS ENERGY LLC","count":12},{"name":"UNITED LAND COMPANY LLC","count":4}]},"geometry":{"type":"Polygon","coordinates":[[[-99.134873,35.494249],[-99.134868,35.508748],[-99.117127,35.508757],[-99.11708,35.494258],[-99.134873,35.494249]]]}},{"type":"Feature","properties":{"section_legal":"29-12N-18W","county":"Custer","total_leases":44,"leases_24mo":44,"leases_12mo":18,"latest_recording":"2025-10-17","top_lessees":[{"name":"CASTLE OPERATING LLC","count":14},{"name":"ARDENNAIS ENERGY LLC","count":8},{"name":"POSTEROS LAND COMPANY, LLC","count":8}]},"geometry":{"type":"Polygon","coordinates":[[[-99.134851,35.479735],[-99.134873,35.494251],[-99.11708,35.49426],[-99.1171,35.47973],[-99.134851,35.479735]]]}},{"type":"Feature","properties":{"section_legal":"14-13N-22W","county":"Roger Mills","total_leases":8,"leases_24mo":8,"leases_12mo":0,"latest_recording":"2025-01-15","top_lessees":[{"name":"PETROVEN INC.","count":6},{"name":"PETROVEN INC","count":2}]},"geometry":{"type":"Polygon","coordinates":[[[-99.5092754278782,35.6040922776977],[-99.5077754278652,35.6025922776846],[-99.5092754278782,35.6010922776716],[-99.5107754278913,35.6025922776846],[-99.5092754278782,35.6040922776977]]]}},{"type":"Feature","properties":{"section_legal":"26-13N-18W","county":"Custer","total_leases":32,"leases_24mo":32,"leases_12mo":2,"latest_recording":"2025-11-06","top_lessees":[{"name":"UNITED LAND COMPANY LLC","count":18},{"name":"UNITED LAND COMPANY","count":8},{"name":"BIG HORN RESOURCE PARTNERS LLC","count":2}]},"geometry":{"type":"Polygon","coordinates":[[[-99.093204,35.566034],[-99.093194,35.580531],[-99.075432,35.580512],[-99.07546,35.566033],[-99.093204,35.566034]]]}},{"type":"Feature","properties":{"section_legal":"32-13N-18W","county":"Custer","total_leases":90,"leases_24mo":90,"leases_12mo":28,"latest_recording":"2026-03-17","top_lessees":[{"name":"UNITED LAND COMPANY LLC","count":56},{"name":"REDHAWK RESOURCES LLC","count":12},{"name":"UNITED LAND COMPANY  LLC","count":10}]},"geometry":{"type":"Polygon","coordinates":[[[-99.146498,35.55159],[-99.146372,35.566067],[-99.128732,35.566061],[-99.128729,35.551587],[-99.146498,35.55159]]]}},{"type":"Feature","properties":{"section_legal":"01-12N-20W","county":"Custer","total_leases":6,"leases_24mo":6,"leases_12mo":0,"latest_recording":"2025-01-16","top_lessees":[{"name":"DEVON ENERGY PRODUCTION COMPANY LP","count":6}]},"geometry":{"type":"Polygon","coordinates":[[[-99.2668733627802,35.5465741234041],[-99.2653733627672,35.5450741233911],[-99.2668733627802,35.543574123378],[-99.2683733627933,35.5450741233911],[-99.2668733627802,35.5465741234041]]]}},{"type":"Feature","properties":{"section_legal":"36-13N-14W","county":"Custer","total_leases":46,"leases_24mo":46,"leases_12mo":36,"latest_recording":"2026-05-22","top_lessees":[{"name":"LOMA HOMBRE ENERGY LLC","count":22},{"name":"VALIDUS ENERGY II MIDCON LLC","count":14},{"name":"SANDRIDGE EXPLORATION AND PRODUCTION LLC","count":8}]},"geometry":{"type":"Polygon","coordinates":[[[-98.632162,35.565968],[-98.632205,35.551515],[-98.649912,35.551502],[-98.649907,35.566005],[-98.632162,35.565968]]]}},{"type":"Feature","properties":{"section_legal":"14-13N-14W","county":"Custer","total_leases":10,"leases_24mo":10,"leases_12mo":2,"latest_recording":"2025-10-20","top_lessees":[{"name":"PETROVEN INC","count":4},{"name":"WHITESTONE ENERGY PARTNERS LP","count":2},{"name":"ECKARD EXPLORATION AND PRODUCTION LLC","count":2}]},"geometry":{"type":"Polygon","coordinates":[[[-98.649915,35.595012],[-98.667725,35.595013],[-98.667738,35.609494],[-98.649947,35.609534],[-98.649915,35.595012]]]}},{"type":"Feature","properties":{"section_legal":"02-15N-20W","county":"Custer","total_leases":192,"leases_24mo":192,"leases_12mo":14,"latest_recording":"2025-11-20","top_lessees":[{"name":"WALTER DUNCAN OIL LLC","count":168},{"name":"ANNASTIN NON-OP LLC","count":8},{"name":"ANEVAY RESOURCES LLC","count":4}]},"geometry":{"type":"Polygon","coordinates":[[[-99.2964171772437,35.8064385487107],[-99.2949171772306,35.8049385486977],[-99.2964171772437,35.8034385486846],[-99.2979171772567,35.8049385486977],[-99.2964171772437,35.8064385487107]]]}},{"type":"Feature","properties":{"section_legal":"02-12N-14W","county":"Custer","total_leases":12,"leases_24mo":12,"leases_12mo":4,"latest_recording":"2026-03-30","top_lessees":[{"name":"LOMA HOMBRE ENERGY LLC","count":8},{"name":"VALIDUS ENERGY II MIDCON LLC","count":4}]},"geometry":{"type":"Polygon","coordinates":[[[-98.6497505269845,35.5457171813604],[-98.6482505269715,35.5442171813473],[-98.6497505269845,35.5427171813343],[-98.6512505269975,35.5442171813473],[-98.6497505269845,35.5457171813604]]]}},{"type":"Feature","properties":{"section_legal":"05-12N-18W","county":"Custer","total_leases":4,"leases_24mo":4,"leases_12mo":0,"latest_recording":"2025-01-17","top_lessees":[{"name":"SLAYTON RESOURCES LLC","count":4}]},"geometry":{"type":"Polygon","coordinates":[[[-99.1259870564074,35.5461272323863],[-99.1244870563944,35.5446272323733],[-99.1259870564074,35.5431272323603],[-99.1274870564205,35.5446272323733],[-99.1259870564074,35.5461272323863]]]}},{"type":"Feature","properties":{"section_legal":"24-12N-23W","county":"Roger Mills","total_leases":8,"leases_24mo":8,"leases_12mo":0,"latest_recording":"2024-12-23","top_lessees":[{"name":"HUNTER MILLER FAMILY, LLC","count":8}]},"geometry":{"type":"Polygon","coordinates":[[[-99.5844265486142,35.5029002791795],[-99.5829265486012,35.5014002791665],[-99.5844265486142,35.4999002791534],[-99.5859265486273,35.5014002791665],[-99.5844265486142,35.5029002791795]]]}},{"type":"Feature","properties":{"section_legal":"23-12N-23W","county":"Roger Mills","total_leases":8,"leases_24mo":8,"leases_12mo":0,"latest_recording":"2024-12-23","top_lessees":[{"name":"HUNTER MILLER FAMILY, LLC","count":8}]},"geometry":{"type":"Polygon","coordinates":[[[-99.602078263283,35.5028063475688],[-99.60057826327,35.5013063475558],[-99.602078263283,35.4998063475427],[-99.6035782632961,35.5013063475558],[-99.602078263283,35.5028063475688]]]}},{"type":"Feature","properties":{"section_legal":"27-12N-23W","county":"Roger Mills","total_leases":32,"leases_24mo":32,"leases_12mo":0,"latest_recording":"2025-04-22","top_lessees":[{"name":"GBK INTERNATIONAL GROUP, LTD","count":18},{"name":"TAYLOR MOON, LLC","count":10},{"name":"HUNTER MILLER FAMILY, LLC","count":4}]},"geometry":{"type":"Polygon","coordinates":[[[-99.62888086414196,35.4796650087148],[-99.62872524629034,35.49416613527729],[-99.61108531651698,35.494161789384385],[-99.61119281521206,35.47965430295533],[-99.62888086414196,35.4796650087148]]]}},{"type":"Feature","properties":{"section_legal":"23-12N-18W","county":"Custer","total_leases":52,"leases_24mo":52,"leases_12mo":24,"latest_recording":"2026-04-13","top_lessees":[{"name":"ARDENNAIS ENERGY LLC","count":20},{"name":"POSTEROS LAND COMPANY LLC","count":10},{"name":"CASTLE OPERATING LLC","count":10}]},"geometry":{"type":"Polygon","coordinates":[[[-99.081645,35.494207],[-99.081663,35.508713],[-99.063958,35.508671],[-99.063947,35.494172],[-99.081645,35.494207]]]}},{"type":"Feature","properties":{"section_legal":"03-12N-20W","county":"Custer","total_leases":14,"leases_24mo":14,"leases_12mo":10,"latest_recording":"2026-02-23","top_lessees":[{"name":"INDIAN HILLS RESOURCES LLC","count":10},{"name":"MEWBOURNE OIL COMPANY","count":4}]},"geometry":{"type":"Polygon","coordinates":[[[-99.3025065561469,35.546380095581],[-99.3010065561338,35.544880095568],[-99.3025065561469,35.543380095555],[-99.3040065561599,35.544880095568],[-99.3025065561469,35.546380095581]]]}},{"type":"Feature","properties":{"section_legal":"21-13N-18W","county":"Custer","total_leases":2,"leases_24mo":2,"leases_12mo":0,"latest_recording":"2025-01-22","top_lessees":[{"name":"UNITED LAND COMPANY LLC","count":2}]},"geometry":{"type":"Polygon","coordinates":[[[-99.1198771499603,35.5893751773922],[-99.1183771499473,35.5878751773792],[-99.1198771499603,35.5863751773662],[-99.1213771499733,35.5878751773792],[-99.1198771499603,35.5893751773922]]]}},{"type":"Feature","properties":{"section_legal":"12-11N-11W","county":"Caddo","total_leases":54,"leases_24mo":54,"leases_12mo":46,"latest_recording":"2025-10-28","top_lessees":[{"name":"LX ENERGY LLC","count":16},{"name":"SILVER OAK NATURAL RESOURCES LLC","count":12},{"name":"EPOCH RESOURCES OPERATING LLC","count":8}]},"geometry":{"type":"Polygon","coordinates":[[[-98.324009,35.435114],[-98.323993,35.449592],[-98.306355,35.449458],[-98.306355,35.435027],[-98.324009,35.435114]]]}},{"type":"Feature","properties":{"section_legal":"02-11N-11W","county":"Caddo","total_leases":58,"leases_24mo":58,"leases_12mo":46,"latest_recording":"2025-10-07","top_lessees":[{"name":"BEAR ENERGY PARTNERS LLC","count":20},{"name":"LX ENERGY LLC","count":18},{"name":"PUZZLEROCK RESOURCES LLC AN OKLAHOMA LIMITED LIABILITY COMPANY","count":12}]},"geometry":{"type":"Polygon","coordinates":[[[-98.3416,35.44953],[-98.341638,35.464008],[-98.324032,35.463932],[-98.323991,35.44959],[-98.3416,35.44953]]]}},{"type":"Feature","properties":{"section_legal":"14-13N-16W","county":"Custer","total_leases":76,"leases_24mo":76,"leases_12mo":66,"latest_recording":"2026-05-14","top_lessees":[{"name":"VALIDUS ENERGY II MIDCON LLC","count":34},{"name":"ARNOLD OIL PROPERTIES LLC","count":16},{"name":"PETROVEN INC","count":14}]},"geometry":{"type":"Polygon","coordinates":[[[-98.880387,35.595018],[-98.88038,35.609509],[-98.862729,35.609538],[-98.86273,35.59502],[-98.880387,35.595018]]]}},{"type":"Feature","properties":{"section_legal":"07-13N-18W","county":"Custer","total_leases":60,"leases_24mo":60,"leases_12mo":4,"latest_recording":"2025-07-24","top_lessees":[{"name":"KAISER-FRANCIS OIL COMPANY","count":16},{"name":"UNITED LAND COMPANY LLC","count":14},{"name":"NWR MINERAL PARTNERS LLC","count":12}]},"geometry":{"type":"Polygon","coordinates":[[[-99.1554593701811,35.6184370218329],[-99.1539593701681,35.6169370218199],[-99.1554593701811,35.6154370218069],[-99.1569593701941,35.6169370218199],[-99.1554593701811,35.6184370218329]]]}},{"type":"Feature","properties":{"section_legal":"20-13N-21W","county":"Roger Mills","total_leases":4,"leases_24mo":4,"leases_12mo":2,"latest_recording":"2025-08-08","top_lessees":[{"name":"PETRODYNE RESOURCES LTD","count":2},{"name":"COLEMAN OIL & GAS INC","count":2}]},"geometry":{"type":"Polygon","coordinates":[[[-99.4568132592148,35.5894505034855],[-99.4553132592018,35.5879505034725],[-99.4568132592148,35.5864505034595],[-99.4583132592279,35.5879505034725],[-99.4568132592148,35.5894505034855]]]}},{"type":"Feature","properties":{"section_legal":"28-13N-22W","county":"Roger Mills","total_leases":34,"leases_24mo":34,"leases_12mo":26,"latest_recording":"2026-04-06","top_lessees":[{"name":"MEWBOURNE OIL COMPANY","count":26},{"name":"BIG HORN RESOURCE PARTNERS LLC","count":8}]},"geometry":{"type":"Polygon","coordinates":[[[-99.5448479885383,35.5752129158202],[-99.5433479885253,35.5737129158072],[-99.5448479885383,35.5722129157941],[-99.5463479885513,35.5737129158072],[-99.5448479885383,35.5752129158202]]]}},{"type":"Feature","properties":{"section_legal":"27-13N-21W","county":"Roger Mills","total_leases":6,"leases_24mo":6,"leases_12mo":0,"latest_recording":"2025-03-06","top_lessees":[{"name":"BIG HORN RESOURCE PARTNERS LLC","count":6}]},"geometry":{"type":"Polygon","coordinates":[[[-99.4214478324636,35.5750004038127],[-99.4199478324506,35.5735004037997],[-99.4214478324636,35.5720004037866],[-99.4229478324767,35.5735004037997],[-99.4214478324636,35.5750004038127]]]}},{"type":"Feature","properties":{"section_legal":"18-12N-21W","county":"Roger Mills","total_leases":4,"leases_24mo":4,"leases_12mo":0,"latest_recording":"2025-03-06","top_lessees":[{"name":"BIG HORN RESOURCE PARTNERS LLC","count":4}]},"geometry":{"type":"Polygon","coordinates":[[[-99.4612188709957,35.5176441228046],[-99.4597188709826,35.5161441227916],[-99.4612188709957,35.5146441227786],[-99.4627188710087,35.5161441227916],[-99.4612188709957,35.5176441228046]]]}},{"type":"Feature","properties":{"section_legal":"17-12N-21W","county":"Roger Mills","total_leases":4,"leases_24mo":4,"leases_12mo":2,"latest_recording":"2025-08-21","top_lessees":[{"name":"BIG HORN RESOURCE PARTNERS LLC","count":2},{"name":"AVERY, POLLY J.; KIDD, LORI","count":2}]},"geometry":{"type":"Polygon","coordinates":[[[-99.4437417742759,35.5176436289134],[-99.4422417742629,35.5161436289003],[-99.4437417742759,35.5146436288873],[-99.445241774289,35.5161436289003],[-99.4437417742759,35.5176436289134]]]}},{"type":"Feature","properties":{"section_legal":"14-12N-21W","county":"Roger Mills","total_leases":2,"leases_24mo":2,"leases_12mo":0,"latest_recording":"2025-03-06","top_lessees":[{"name":"BIG HORN RESOURCE PARTNERS LLC","count":2}]},"geometry":{"type":"Polygon","coordinates":[[[-99.3906607839772,35.5174846486159],[-99.3891607839642,35.5159846486029],[-99.3906607839772,35.5144846485898],[-99.3921607839903,35.5159846486029],[-99.3906607839772,35.5174846486159]]]}},{"type":"Feature","properties":{"section_legal":"17-13N-21W","county":"Roger Mills","total_leases":6,"leases_24mo":6,"leases_12mo":2,"latest_recording":"2026-01-14","top_lessees":[{"name":"BIG HORN RESOURCE PARTNERS LLC","count":2},{"name":"SHALECASE ENERGY LLC","count":2},{"name":"MUSTANG FUEL CORPORATION","count":2}]},"geometry":{"type":"Polygon","coordinates":[[[-99.4568702762503,35.6039293044588],[-99.4553702762373,35.6024293044457],[-99.4568702762503,35.6009293044327],[-99.4583702762634,35.6024293044457],[-99.4568702762503,35.6039293044588]]]}},{"type":"Feature","properties":{"section_legal":"13-12N-21W","county":"Roger Mills","total_leases":2,"leases_24mo":2,"leases_12mo":0,"latest_recording":"2025-03-06","top_lessees":[{"name":"BIG HORN RESOURCE PARTNERS LLC","count":2}]},"geometry":{"type":"Polygon","coordinates":[[[-99.3729198154284,35.5175016749278],[-99.3714198154154,35.5160016749148],[-99.3729198154284,35.5145016749017],[-99.3744198154415,35.5160016749148],[-99.3729198154284,35.5175016749278]]]}},{"type":"Feature","properties":{"section_legal":"13-13N-21W","county":"Roger Mills","total_leases":2,"leases_24mo":2,"leases_12mo":0,"latest_recording":"2025-03-06","top_lessees":[{"name":"BIG HORN RESOURCE PARTNERS LLC","count":2}]},"geometry":{"type":"Polygon","coordinates":[[[-99.3858284018491,35.6039210933204],[-99.3843284018361,35.6024210933074],[-99.3858284018491,35.6009210932944],[-99.3873284018622,35.6024210933074],[-99.3858284018491,35.6039210933204]]]}},{"type":"Feature","properties":{"section_legal":"33-13N-21W","county":"Roger Mills","total_leases":2,"leases_24mo":2,"leases_12mo":0,"latest_recording":"2025-03-06","top_lessees":[{"name":"BIG HORN RESOURCE PARTNERS LLC","count":2}]},"geometry":{"type":"Polygon","coordinates":[[[-99.4392519955622,35.5605511676341],[-99.4377519955491,35.559051167621],[-99.4392519955622,35.557551167608],[-99.4407519955752,35.559051167621],[-99.4392519955622,35.5605511676341]]]}},{"type":"Feature","properties":{"section_legal":"23-13N-21W","county":"Roger Mills","total_leases":2,"leases_24mo":2,"leases_12mo":0,"latest_recording":"2025-03-06","top_lessees":[{"name":"BIG HORN RESOURCE PARTNERS LLC","count":2}]},"geometry":{"type":"Polygon","coordinates":[[[-99.4036650340997,35.589455100863],[-99.4021650340866,35.58795510085],[-99.4036650340997,35.586455100837],[-99.4051650341127,35.58795510085],[-99.4036650340997,35.589455100863]]]}},{"type":"Feature","properties":{"section_legal":"03-12N-22W","county":"Roger Mills","total_leases":4,"leases_24mo":4,"leases_12mo":0,"latest_recording":"2025-03-06","top_lessees":[{"name":"BIG HORN RESOURCE PARTNERS LLC","count":4}]},"geometry":{"type":"Polygon","coordinates":[[[-99.5138625976043,35.5464622111702],[-99.5123625975913,35.5449622111572],[-99.5138625976043,35.5434622111441],[-99.5153625976174,35.5449622111572],[-99.5138625976043,35.5464622111702]]]}},{"type":"Feature","properties":{"section_legal":"24-13N-22W","county":"Roger Mills","total_leases":4,"leases_24mo":4,"leases_12mo":2,"latest_recording":"2026-01-14","top_lessees":[{"name":"BIG HORN RESOURCE PARTNERS LLC","count":2},{"name":"MUSTANG FUEL CORPORATION","count":2}]},"geometry":{"type":"Polygon","coordinates":[[[-99.491840731104,35.5895166779153],[-99.490340731091,35.5880166779023],[-99.491840731104,35.5865166778893],[-99.4933407311171,35.5880166779023],[-99.491840731104,35.5895166779153]]]}},{"type":"Feature","properties":{"section_legal":"04-12N-23W","county":"Roger Mills","total_leases":6,"leases_24mo":6,"leases_12mo":0,"latest_recording":"2025-03-06","top_lessees":[{"name":"BIG HORN RESOURCE PARTNERS LLC","count":6}]},"geometry":{"type":"Polygon","coordinates":[[[-99.6377452473702,35.5461957643202],[-99.6362452473572,35.5446957643071],[-99.6377452473702,35.5431957642941],[-99.6392452473832,35.5446957643071],[-99.6377452473702,35.5461957643202]]]}},{"type":"Feature","properties":{"section_legal":"09-12N-23W","county":"Roger Mills","total_leases":4,"leases_24mo":4,"leases_12mo":0,"latest_recording":"2025-03-06","top_lessees":[{"name":"BIG HORN RESOURCE PARTNERS LLC","count":4}]},"geometry":{"type":"Polygon","coordinates":[[[-99.637547168048,35.5318695542475],[-99.6360471680349,35.5303695542344],[-99.637547168048,35.5288695542214],[-99.639047168061,35.5303695542344],[-99.637547168048,35.5318695542475]]]}},{"type":"Feature","properties":{"section_legal":"06-15N-20W","county":"Custer","total_leases":4,"leases_24mo":4,"leases_12mo":0,"latest_recording":"2025-03-10","top_lessees":[{"name":"UNITED LAND COMPANY LLC","count":4}]},"geometry":{"type":"Polygon","coordinates":[[[-99.3671889187689,35.8062649981346],[-99.3656889187558,35.8047649981216],[-99.3671889187689,35.8032649981085],[-99.3686889187819,35.8047649981216],[-99.3671889187689,35.8062649981346]]]}},{"type":"Feature","properties":{"section_legal":"04-15N-19W","county":"Custer","total_leases":6,"leases_24mo":6,"leases_12mo":0,"latest_recording":"2025-03-10","top_lessees":[{"name":"UNITED LAND COMPANY LLC","count":6}]},"geometry":{"type":"Polygon","coordinates":[[[-99.2257995252702,35.8065773318139],[-99.2242995252572,35.8050773318009],[-99.2257995252702,35.8035773317878],[-99.2272995252833,35.8050773318009],[-99.2257995252702,35.8065773318139]]]}},{"type":"Feature","properties":{"section_legal":"29-12N-17W","county":"Custer","total_leases":36,"leases_24mo":36,"leases_12mo":32,"latest_recording":"2025-10-30","top_lessees":[{"name":"CASTLE OPERATING LLC","count":32},{"name":"UNITED LAND COMPANY LLC","count":4}]},"geometry":{"type":"Polygon","coordinates":[[[-99.029013,35.479651],[-99.029009,35.494158],[-99.01139,35.494133],[-99.011356,35.479632],[-99.029013,35.479651]]]}},{"type":"Feature","properties":{"section_legal":"06-12N-17W","county":"Custer","total_leases":34,"leases_24mo":34,"leases_12mo":16,"latest_recording":"2026-04-09","top_lessees":[{"name":"UNITED LAND COMPANY LLC","count":20},{"name":"KIRK, WILLIAM R.; RAYVIN ENERGY, LLC; REGIONS PERMIAN III LLC","count":8},{"name":"KIRK, WILLIAM R.; RAYVIAN ENERGY LLC; REGIONS PERMIAN III LLC","count":2}]},"geometry":{"type":"Polygon","coordinates":[[[-99.046138,35.537676],[-99.046112,35.551534],[-99.029265,35.551521],[-99.029195,35.537684],[-99.046138,35.537676]]]}},{"type":"Feature","properties":{"section_legal":"18-13N-18W","county":"Custer","total_leases":2,"leases_24mo":2,"leases_12mo":0,"latest_recording":"2025-03-07","top_lessees":[{"name":"BIG HORN RESOURCE PARTNERS LLC","count":2}]},"geometry":{"type":"Polygon","coordinates":[[[-99.155416203359,35.6038722086706],[-99.153916203346,35.6023722086575],[-99.155416203359,35.6008722086445],[-99.156916203372,35.6023722086575],[-99.155416203359,35.6038722086706]]]}},{"type":"Feature","properties":{"section_legal":"05-13N-16W","county":"Custer","total_leases":34,"leases_24mo":34,"leases_12mo":32,"latest_recording":"2026-03-30","top_lessees":[{"name":"VALIDUS ENERGY II MIDCON LLC","count":32},{"name":"BIG HORN RESOURCE PARTNERS LLC","count":2}]},"geometry":{"type":"Polygon","coordinates":[[[-98.9247733147749,35.6326761273809],[-98.9232733147619,35.6311761273679],[-98.9247733147749,35.6296761273548],[-98.9262733147879,35.6311761273679],[-98.9247733147749,35.6326761273809]]]}},{"type":"Feature","properties":{"section_legal":"13-12N-16W","county":"Custer","total_leases":6,"leases_24mo":6,"leases_12mo":0,"latest_recording":"2025-03-07","top_lessees":[{"name":"BIG HORN RESOURCE PARTNERS LLC","count":6}]},"geometry":{"type":"Polygon","coordinates":[[[-98.8436945616316,35.5170866196078],[-98.8421945616185,35.5155866195948],[-98.8436945616316,35.5140866195817],[-98.8451945616446,35.5155866195948],[-98.8436945616316,35.5170866196078]]]}},{"type":"Feature","properties":{"section_legal":"03-13N-19W","county":"Custer","total_leases":2,"leases_24mo":2,"leases_12mo":0,"latest_recording":"2025-03-07","top_lessees":[{"name":"BIG HORN RESOURCE PARTNERS LLC","count":2}]},"geometry":{"type":"Polygon","coordinates":[[[-99.2086367007503,35.6329498508199],[-99.2071367007373,35.6314498508069],[-99.2086367007503,35.6299498507939],[-99.2101367007634,35.6314498508069],[-99.2086367007503,35.6329498508199]]]}},{"type":"Feature","properties":{"section_legal":"30-11N-23W","county":"Beckham","total_leases":86,"leases_24mo":86,"leases_12mo":6,"latest_recording":"2025-07-10","top_lessees":[{"name":"KING ENERGY LLC","count":76},{"name":"MINERALMEN LLC","count":4},{"name":"HAWTHORNE RESOURCES LLC","count":4}]},"geometry":{"type":"Polygon","coordinates":[[[-99.6730016408326,35.4013829214521],[-99.6715016408195,35.3998829214391],[-99.6730016408326,35.398382921426],[-99.6745016408456,35.3998829214391],[-99.6730016408326,35.4013829214521]]]}},{"type":"Feature","properties":{"section_legal":"29-11N-23W","county":"Beckham","total_leases":120,"leases_24mo":120,"leases_12mo":108,"latest_recording":"2026-05-01","top_lessees":[{"name":"KING ENERGY LLC","count":50},{"name":"UPLAND EXPLORATION OKLAHOMA LLC","count":20},{"name":"JENKINS ENERGY PARTNERS LLC","count":12}]},"geometry":{"type":"Polygon","coordinates":[[[-99.664393,35.392785],[-99.664375,35.407284],[-99.646694,35.407241],[-99.646743,35.392737],[-99.664393,35.392785]]]}},{"type":"Feature","properties":{"section_legal":"21-12N-18W","county":"Custer","total_leases":90,"leases_24mo":90,"leases_12mo":28,"latest_recording":"2025-09-22","top_lessees":[{"name":"CASTLE OPERATING LLC","count":56},{"name":"ARDENNAIS ENERGY LLC","count":16},{"name":"POSTEROS LAND COMPANY LLC","count":6}]},"geometry":{"type":"Polygon","coordinates":[[[-99.117082,35.494258],[-99.117129,35.508757],[-99.099402,35.508727],[-99.099388,35.49423],[-99.117082,35.494258]]]}},{"type":"Feature","properties":{"section_legal":"34-14N-22W","county":"Roger Mills","total_leases":2,"leases_24mo":2,"leases_12mo":0,"latest_recording":"2025-03-27","top_lessees":[{"name":"PETROVEN INC","count":2}]},"geometry":{"type":"Polygon","coordinates":[[[-99.535962,35.638866],[-99.535858,35.653385],[-99.518227,35.653369],[-99.518283,35.638828],[-99.535962,35.638866]]]}},{"type":"Feature","properties":{"section_legal":"04-13N-22W","county":"Roger Mills","total_leases":8,"leases_24mo":8,"leases_12mo":0,"latest_recording":"2025-03-27","top_lessees":[{"name":"PETROVEN INC","count":8}]},"geometry":{"type":"Polygon","coordinates":[[[-99.5446222223517,35.6332748483862],[-99.5431222223387,35.6317748483731],[-99.5446222223517,35.6302748483601],[-99.5461222223648,35.6317748483731],[-99.5446222223517,35.6332748483862]]]}},{"type":"Feature","properties":{"section_legal":"03-13N-22W","county":"Roger Mills","total_leases":4,"leases_24mo":4,"leases_12mo":0,"latest_recording":"2025-03-27","top_lessees":[{"name":"PETROVEN INC","count":4}]},"geometry":{"type":"Polygon","coordinates":[[[-99.5270063308205,35.6333000763927],[-99.5255063308075,35.6318000763796],[-99.5270063308205,35.6303000763666],[-99.5285063308335,35.6318000763796],[-99.5270063308205,35.6333000763927]]]}},{"type":"Feature","properties":{"section_legal":"34-13N-17W","county":"Custer","total_leases":14,"leases_24mo":14,"leases_12mo":0,"latest_recording":"2025-05-22","top_lessees":[{"name":"NWR MINERAL PARTNERS LLC","count":14}]},"geometry":{"type":"Polygon","coordinates":[[[-98.9956098892665,35.5601428780948],[-98.9941098892535,35.5586428780818],[-98.9956098892665,35.5571428780687],[-98.9971098892795,35.5586428780818],[-98.9956098892665,35.5601428780948]]]}},{"type":"Feature","properties":{"section_legal":"25-13N-16W","county":"Custer","total_leases":60,"leases_24mo":60,"leases_12mo":38,"latest_recording":"2026-05-18","top_lessees":[{"name":"ARNOLD OIL PROPERTIES LLC","count":18},{"name":"NWR MINERAL PARTNERS LLC","count":10},{"name":"ANCHORPOINT OPERATING LLC","count":10}]},"geometry":{"type":"Polygon","coordinates":[[[-98.862685,35.566018],[-98.862707,35.580524],[-98.845005,35.580493],[-98.844997,35.565949],[-98.862685,35.566018]]]}},{"type":"Feature","properties":{"section_legal":"13-11N-11W","county":"Caddo","total_leases":94,"leases_24mo":94,"leases_12mo":82,"latest_recording":"2026-01-14","top_lessees":[{"name":"VALIDUS ENERGY II MIDCON LLC","count":34},{"name":"PUZZLEROCK RESOURCES LLC AN OKLAHOMA LIMITED LIABILITY COMPANY","count":32},{"name":"SILVER OAK NATURAL RESOURCES LLC","count":24}]},"geometry":{"type":"Polygon","coordinates":[[[-98.324043,35.420658],[-98.324009,35.435116],[-98.306355,35.435029],[-98.306363,35.420577],[-98.324043,35.420658]]]}},{"type":"Feature","properties":{"section_legal":"16-12N-18W","county":"Custer","total_leases":12,"leases_24mo":12,"leases_12mo":0,"latest_recording":"2025-03-17","top_lessees":[{"name":"CASTLE OPERATING LLC","count":12}]},"geometry":{"type":"Polygon","coordinates":[[[-99.1082010332181,35.517391444334],[-99.106701033205,35.5158914443209],[-99.1082010332181,35.5143914443079],[-99.1097010332311,35.5158914443209],[-99.1082010332181,35.517391444334]]]}},{"type":"Feature","properties":{"section_legal":"28-13N-19W","county":"Custer","total_leases":2,"leases_24mo":2,"leases_12mo":0,"latest_recording":"2025-03-07","top_lessees":[{"name":"BIG HORN RESOURCE PARTNERS LLC","count":2}]},"geometry":{"type":"Polygon","coordinates":[[[-99.2264321383414,35.5748844456199],[-99.2249321383283,35.5733844456069],[-99.2264321383414,35.5718844455938],[-99.2279321383544,35.5733844456069],[-99.2264321383414,35.5748844456199]]]}},{"type":"Feature","properties":{"section_legal":"36-13N-16W","county":"Custer","total_leases":40,"leases_24mo":40,"leases_12mo":18,"latest_recording":"2026-04-21","top_lessees":[{"name":"ARNOLD OIL PROPERTIES LLC","count":20},{"name":"DUDLEY LAND COMPANY","count":10},{"name":"JOURNEY OIL AND GAS INC","count":4}]},"geometry":{"type":"Polygon","coordinates":[[[-98.862685,35.551503],[-98.862686,35.56602],[-98.844997,35.56595],[-98.844968,35.551484],[-98.862685,35.551503]]]}},{"type":"Feature","properties":{"section_legal":"33-12N-17W","county":"Custer","total_leases":40,"leases_24mo":40,"leases_12mo":36,"latest_recording":"2025-12-26","top_lessees":[{"name":"POSTEROS LAND COMPANY LLC","count":30},{"name":"POSTEROS LAND COMPANY, LLC","count":4},{"name":"UNIT PETROLEUM COMPANY","count":2}]},"geometry":{"type":"Polygon","coordinates":[[[-99.011368,35.465144],[-99.011358,35.479634],[-98.993678,35.479639],[-98.993644,35.465106],[-99.011368,35.465144]]]}},{"type":"Feature","properties":{"section_legal":"11-12N-18W","county":"Custer","total_leases":74,"leases_24mo":74,"leases_12mo":48,"latest_recording":"2026-04-16","top_lessees":[{"name":"POSTEROS LAND COMPANY LLC","count":26},{"name":"UNITED LAND COMPANY LLC","count":18},{"name":"LITTLE BEAR RESOURCES LLC","count":16}]},"geometry":{"type":"Polygon","coordinates":[[[-99.081654,35.523186],[-99.081644,35.537692],[-99.06392,35.53769],[-99.063946,35.523169],[-99.081654,35.523186]]]}},{"type":"Feature","properties":{"section_legal":"15-13N-22W","county":"Roger Mills","total_leases":12,"leases_24mo":12,"leases_12mo":0,"latest_recording":"2025-04-21","top_lessees":[{"name":"MEWBOURNE OIL COMPANY","count":12}]},"geometry":{"type":"Polygon","coordinates":[[[-99.5270218212831,35.6041891031029],[-99.5255218212701,35.6026891030898],[-99.5270218212831,35.6011891030768],[-99.5285218212962,35.6026891030898],[-99.5270218212831,35.6041891031029]]]}},{"type":"Feature","properties":{"section_legal":"14-12N-18W","county":"Custer","total_leases":78,"leases_24mo":78,"leases_12mo":42,"latest_recording":"2026-05-14","top_lessees":[{"name":"POSTEROS LAND COMPANY LLC","count":48},{"name":"CRAWLEY PETROLEUM CORPORATION","count":10},{"name":"ANNASTIN NON-OP LLC","count":8}]},"geometry":{"type":"Polygon","coordinates":[[[-99.081663,35.508711],[-99.081654,35.523188],[-99.063945,35.523171],[-99.063957,35.508669],[-99.081663,35.508711]]]}},{"type":"Feature","properties":{"section_legal":"07-12N-17W","county":"Custer","total_leases":40,"leases_24mo":40,"leases_12mo":12,"latest_recording":"2026-01-14","top_lessees":[{"name":"UNITED LAND COMPANY LLC","count":28},{"name":"REDHAWK RESOURCES LLC","count":12}]},"geometry":{"type":"Polygon","coordinates":[[[-99.046148,35.523166],[-99.046137,35.537678],[-99.029196,35.537686],[-99.029111,35.523154],[-99.046148,35.523166]]]}},{"type":"Feature","properties":{"section_legal":"18-12N-17W","county":"Custer","total_leases":14,"leases_24mo":14,"leases_12mo":8,"latest_recording":"2025-09-04","top_lessees":[{"name":"NWR MINERAL PARTNERS LLC","count":8},{"name":"UNITED LAND COMPANY LLC","count":6}]},"geometry":{"type":"Polygon","coordinates":[[[-99.046175,35.508635],[-99.046148,35.523168],[-99.029111,35.523156],[-99.029043,35.508649],[-99.046175,35.508635]]]}},{"type":"Feature","properties":{"section_legal":"13-13N-15W","county":"Custer","total_leases":2,"leases_24mo":2,"leases_12mo":0,"latest_recording":"2025-04-23","top_lessees":[{"name":"UNITED LAND COMPANY LLC","count":2}]},"geometry":{"type":"Polygon","coordinates":[[[-98.7474489714525,35.6037165248267],[-98.7459489714394,35.6022165248137],[-98.7474489714525,35.6007165248006],[-98.7489489714655,35.6022165248137],[-98.7474489714525,35.6037165248267]]]}},{"type":"Feature","properties":{"section_legal":"07-12N-18W","county":"Custer","total_leases":4,"leases_24mo":4,"leases_12mo":0,"latest_recording":"2025-04-22","top_lessees":[{"name":"ANNASTIN NON-OP LLC","count":4}]},"geometry":{"type":"Polygon","coordinates":[[[-99.1436246713996,35.5319760972793],[-99.1421246713866,35.5304760972662],[-99.1436246713996,35.5289760972532],[-99.1451246714126,35.5304760972662],[-99.1436246713996,35.5319760972793]]]}},{"type":"Feature","properties":{"section_legal":"27-12N-18W","county":"Custer","total_leases":12,"leases_24mo":12,"leases_12mo":6,"latest_recording":"2025-09-22","top_lessees":[{"name":"CASTLE OPERATING LLC","count":10},{"name":"UNITED LAND COMPANY LLC","count":2}]},"geometry":{"type":"Polygon","coordinates":[[[-99.09938,35.479723],[-99.09939,35.494231],[-99.081643,35.494209],[-99.081645,35.479699],[-99.09938,35.479723]]]}},{"type":"Feature","properties":{"section_legal":"03-11N-18W","county":"Washita","total_leases":10,"leases_24mo":10,"leases_12mo":0,"latest_recording":"2025-04-03","top_lessees":[{"name":"TAYLOR MOON, LLC","count":10}]},"geometry":{"type":"Polygon","coordinates":[[[-99.0904718557515,35.4594044062576],[-99.0889718557384,35.4579044062446],[-99.0904718557515,35.4564044062316],[-99.0919718557645,35.4579044062446],[-99.0904718557515,35.4594044062576]]]}},{"type":"Feature","properties":{"section_legal":"33-12N-18W","county":"Custer","total_leases":108,"leases_24mo":108,"leases_12mo":52,"latest_recording":"2025-11-26","top_lessees":[{"name":"CASTLE OPERATING LLC","count":52},{"name":"WINDING RIVER ENERGY SERVICES CORP","count":30},{"name":"POSTEROS LAND COMPANY, LLC","count":16}]},"geometry":{"type":"Polygon","coordinates":[[[-99.117096,35.465221],[-99.117102,35.479732],[-99.099379,35.479725],[-99.099372,35.465212],[-99.117096,35.465221]]]}},{"type":"Feature","properties":{"section_legal":"31-12N-17W","county":"Custer","total_leases":74,"leases_24mo":74,"leases_12mo":34,"latest_recording":"2025-10-14","top_lessees":[{"name":"UNITED LAND COMPANY LLC","count":40},{"name":"POSTEROS LAND COMPANY LLC","count":24},{"name":"CASTLE OPERATING LLC","count":8}]},"geometry":{"type":"Polygon","coordinates":[[[-99.046332,35.465098],[-99.046254,35.479662],[-99.029011,35.479652],[-99.029037,35.465117],[-99.046332,35.465098]]]}},{"type":"Feature","properties":{"section_legal":"30-12N-17W","county":"Custer","total_leases":46,"leases_24mo":46,"leases_12mo":36,"latest_recording":"2025-09-18","top_lessees":[{"name":"POSTEROS LAND COMPANY LLC","count":16},{"name":"CASTLE OPERATING LLC","count":16},{"name":"UNITED LAND COMPANY LLC","count":14}]},"geometry":{"type":"Polygon","coordinates":[[[-99.046254,35.47966],[-99.046205,35.49414],[-99.029008,35.494158],[-99.029011,35.479651],[-99.046254,35.47966]]]}},{"type":"Feature","properties":{"section_legal":"32-11N-23W","county":"Beckham","total_leases":26,"leases_24mo":26,"leases_12mo":26,"latest_recording":"2026-04-16","top_lessees":[{"name":"KING ENERGY LLC","count":8},{"name":"UPLAND EXPLORATION OKLAHOMA LLC","count":8},{"name":"YUKON TRADING COMPANY LLC","count":6}]},"geometry":{"type":"Polygon","coordinates":[[[-99.664463,35.378272],[-99.664392,35.392787],[-99.646743,35.392739],[-99.646786,35.378225],[-99.664463,35.378272]]]}},{"type":"Feature","properties":{"section_legal":"02-13N-16W","county":"Custer","total_leases":68,"leases_24mo":68,"leases_12mo":38,"latest_recording":"2026-05-20","top_lessees":[{"name":"VALIDUS ENERGY II MIDCON LLC","count":38},{"name":"PETROVEN INC","count":20},{"name":"NWR MINERAL PARTNERS LLC","count":4}]},"geometry":{"type":"Polygon","coordinates":[[[-98.880392,35.624018],[-98.880421,35.63852],[-98.862674,35.638527],[-98.862693,35.624012],[-98.880392,35.624018]]]}},{"type":"Feature","properties":{"section_legal":"19-11N-11W","county":"Caddo","total_leases":14,"leases_24mo":14,"leases_12mo":10,"latest_recording":"2025-09-18","top_lessees":[{"name":"SILVER OAK NATURAL RESOURCES LLC","count":12},{"name":"PUZZLEROCK RESOURCES LLC AN OKLAHOMA LIMITED LIABILITY COMPANY","count":2}]},"geometry":{"type":"Polygon","coordinates":[[[-98.412103,35.406291],[-98.412092,35.420747],[-98.394677,35.420792],[-98.394687,35.406323],[-98.412103,35.406291]]]}},{"type":"Feature","properties":{"section_legal":"22-15N-19W","county":"Custer","total_leases":98,"leases_24mo":98,"leases_12mo":90,"latest_recording":"2026-05-08","top_lessees":[{"name":"ROCKIES RESOURCES HOLDINGS LLC","count":68},{"name":"WALTER DUNCAN OIL LLC","count":8},{"name":"AMERICAN FIDELITY MORTGAGE CO LLC","count":6}]},"geometry":{"type":"Polygon","coordinates":[[[-99.208279328931,35.7632137147012],[-99.206779328918,35.7617137146881],[-99.208279328931,35.7602137146751],[-99.2097793289441,35.7617137146881],[-99.208279328931,35.7632137147012]]]}},{"type":"Feature","properties":{"section_legal":"16-11N-19W","county":"Washita","total_leases":20,"leases_24mo":20,"leases_12mo":20,"latest_recording":"2025-09-12","top_lessees":[{"name":"SILVER OAK NATURAL RESOURCES, LLC","count":20}]},"geometry":{"type":"Polygon","coordinates":[[[-99.214372973612,35.4307887435313],[-99.2128729735989,35.4292887435183],[-99.214372973612,35.4277887435053],[-99.215872973625,35.4292887435183],[-99.214372973612,35.4307887435313]]]}},{"type":"Feature","properties":{"section_legal":"28-12N-17W","county":"Custer","total_leases":36,"leases_24mo":36,"leases_12mo":36,"latest_recording":"2026-03-30","top_lessees":[{"name":"POSTEROS LAND COMPANY LLC","count":24},{"name":"POSTEROS LAND COMPANY, LLC","count":4},{"name":"UNITED LAND COMPANY LLC","count":4}]},"geometry":{"type":"Polygon","coordinates":[[[-99.011358,35.479632],[-99.011391,35.494133],[-98.993704,35.494136],[-98.993678,35.479637],[-99.011358,35.479632]]]}},{"type":"Feature","properties":{"section_legal":"32-12N-17W","county":"Custer","total_leases":62,"leases_24mo":62,"leases_12mo":62,"latest_recording":"2025-12-26","top_lessees":[{"name":"CASTLE OPERATING LLC","count":44},{"name":"POSTEROS LAND COMPANY LLC","count":16},{"name":"POSTEROS LAND COMPANY, LLC","count":2}]},"geometry":{"type":"Polygon","coordinates":[[[-99.029038,35.465117],[-99.029013,35.479653],[-99.011356,35.479633],[-99.011366,35.465144],[-99.029038,35.465117]]]}},{"type":"Feature","properties":{"section_legal":"05-13N-19W","county":"Custer","total_leases":2,"leases_24mo":2,"leases_12mo":0,"latest_recording":"2025-05-30","top_lessees":[{"name":"PLATFORM ENERGY FUND LLC","count":2}]},"geometry":{"type":"Polygon","coordinates":[[[-99.2440791771248,35.633070015626],[-99.2425791771117,35.631570015613],[-99.2440791771248,35.6300700156],[-99.2455791771378,35.631570015613],[-99.2440791771248,35.633070015626]]]}},{"type":"Feature","properties":{"section_legal":"18-11N-11W","county":"Caddo","total_leases":44,"leases_24mo":44,"leases_12mo":44,"latest_recording":"2026-02-12","top_lessees":[{"name":"SILVER OAK NATURAL RESOURCES LLC","count":18},{"name":"PEGASUS RESOURCES LLC","count":18},{"name":"CONTINENTAL RESOURCES INC","count":4}]},"geometry":{"type":"Polygon","coordinates":[[[-98.412092,35.420745],[-98.412055,35.43522],[-98.394605,35.435296],[-98.394677,35.42079],[-98.412092,35.420745]]]}},{"type":"Feature","properties":{"section_legal":"29-13N-19W","county":"Custer","total_leases":4,"leases_24mo":4,"leases_12mo":4,"latest_recording":"2025-12-11","top_lessees":[{"name":"KAISER-FRANCIS OIL COMPANY","count":2},{"name":"KAISER - FRANCIS OIL COMPANY","count":2}]},"geometry":{"type":"Polygon","coordinates":[[[-99.2441136623247,35.5750083285826],[-99.2426136623116,35.5735083285696],[-99.2441136623247,35.5720083285565],[-99.2456136623377,35.5735083285696],[-99.2441136623247,35.5750083285826]]]}},{"type":"Feature","properties":{"section_legal":"05-12N-16W","county":"Custer","total_leases":10,"leases_24mo":10,"leases_12mo":10,"latest_recording":"2025-09-04","top_lessees":[{"name":"NWR MINERAL PARTNERS LLC","count":6},{"name":"UNITED LAND COMPANY LLC","count":4}]},"geometry":{"type":"Polygon","coordinates":[[[-98.92341708740013,35.537480329855235],[-98.9234306330963,35.55150763715255],[-98.90564397879263,35.55150002375064],[-98.90566067667713,35.53741527893855],[-98.92341708740013,35.537480329855235]]]}},{"type":"Feature","properties":{"section_legal":"35-13N-16W","county":"Custer","total_leases":2,"leases_24mo":2,"leases_12mo":2,"latest_recording":"2025-07-16","top_lessees":[{"name":"CADDO EXPLORATION LLC","count":2}]},"geometry":{"type":"Polygon","coordinates":[[[-98.871464897758,35.5601821046728],[-98.869964897745,35.5586821046598],[-98.871464897758,35.5571821046467],[-98.8729648977711,35.5586821046598],[-98.871464897758,35.5601821046728]]]}},{"type":"Feature","properties":{"section_legal":"11-13N-16W","county":"Custer","total_leases":10,"leases_24mo":10,"leases_12mo":10,"latest_recording":"2025-09-24","top_lessees":[{"name":"VALIDUS ENERGY II MIDCON LLC","count":8},{"name":"UNITED LAND COMPANY LLC","count":2}]},"geometry":{"type":"Polygon","coordinates":[[[-98.88038,35.609507],[-98.880393,35.62402],[-98.862693,35.624013],[-98.86273,35.609536],[-98.88038,35.609507]]]}},{"type":"Feature","properties":{"section_legal":"06-10N-11W","county":"Caddo","total_leases":76,"leases_24mo":76,"leases_12mo":76,"latest_recording":"2026-05-08","top_lessees":[{"name":"SUMMIT LAND COMPANY INC","count":24},{"name":"MIDNIGHT OIL AND GAS LLC","count":18},{"name":"SILVER OAK NATURAL RESOURCES LLC","count":12}]},"geometry":{"type":"Polygon","coordinates":[[[-98.412228,35.36305],[-98.412194,35.377464],[-98.394739,35.377417],[-98.394631,35.362968],[-98.412228,35.36305]]]}},{"type":"Feature","properties":{"section_legal":"36-14N-23W","county":"Roger Mills","total_leases":6,"leases_24mo":6,"leases_12mo":6,"latest_recording":"2025-09-02","top_lessees":[{"name":"SUMMIT OIL & GAS LLC","count":6}]},"geometry":{"type":"Polygon","coordinates":[[[-99.606526,35.638798],[-99.606418,35.653277],[-99.588647,35.653302],[-99.58883,35.638837],[-99.606526,35.638798]]]}},{"type":"Feature","properties":{"section_legal":"16-12N-21W","county":"Roger Mills","total_leases":6,"leases_24mo":6,"leases_12mo":6,"latest_recording":"2025-08-21","top_lessees":[{"name":"AVERY, POLLY J.; KIDD, LORI","count":6}]},"geometry":{"type":"Polygon","coordinates":[[[-99.4261041218944,35.5176659081058],[-99.4246041218813,35.5161659080928],[-99.4261041218944,35.5146659080797],[-99.4276041219074,35.5161659080928],[-99.4261041218944,35.5176659081058]]]}},{"type":"Feature","properties":{"section_legal":"11-13N-17W","county":"Custer","total_leases":2,"leases_24mo":2,"leases_12mo":2,"latest_recording":"2025-09-02","top_lessees":[{"name":"PETROVEN INC","count":2}]},"geometry":{"type":"Polygon","coordinates":[[[-98.9779967926642,35.6182064119119],[-98.9764967926511,35.6167064118988],[-98.9779967926642,35.6152064118858],[-98.9794967926772,35.6167064118988],[-98.9779967926642,35.6182064119119]]]}},{"type":"Feature","properties":{"section_legal":"22-13N-21W","county":"Roger Mills","total_leases":4,"leases_24mo":4,"leases_12mo":4,"latest_recording":"2026-05-11","top_lessees":[{"name":"TRAIL LAND & ROYALTY CO LLC","count":4}]},"geometry":{"type":"Polygon","coordinates":[[[-99.4214423472514,35.5894926414301],[-99.4199423472384,35.5879926414171],[-99.4214423472514,35.5864926414041],[-99.4229423472645,35.5879926414171],[-99.4214423472514,35.5894926414301]]]}},{"type":"Feature","properties":{"section_legal":"30-15N-19W","county":"Custer","total_leases":2,"leases_24mo":2,"leases_12mo":2,"latest_recording":"2025-08-18","top_lessees":[{"name":"NOTTING HILL PROPERTIES","count":2}]},"geometry":{"type":"Polygon","coordinates":[[[-99.2613606085648,35.7486594271561],[-99.2598606085517,35.747159427143],[-99.2613606085648,35.74565942713],[-99.2628606085778,35.747159427143],[-99.2613606085648,35.7486594271561]]]}},{"type":"Feature","properties":{"section_legal":"34-13N-23W","county":"Roger Mills","total_leases":12,"leases_24mo":12,"leases_12mo":12,"latest_recording":"2025-10-02","top_lessees":[{"name":"MEWBOURNE OIL COMPANY","count":8},{"name":"DRY CREEK OPERATING LLC","count":4}]},"geometry":{"type":"Polygon","coordinates":[[[-99.6339541977505,35.5605784838096],[-99.6324541977375,35.5590784837965],[-99.6339541977505,35.5575784837835],[-99.6354541977636,35.5590784837965],[-99.6339541977505,35.5605784838096]]]}},{"type":"Feature","properties":{"section_legal":"01-10N-12W","county":"Caddo","total_leases":16,"leases_24mo":16,"leases_12mo":16,"latest_recording":"2026-02-03","top_lessees":[{"name":"MEADOWS OIL & GAS CORP","count":8},{"name":"OKKI INDUSTRIES LLC","count":4},{"name":"COTERRA ENERGY OPERATING CO","count":4}]},"geometry":{"type":"Polygon","coordinates":[[[-98.429783,35.36306],[-98.42982,35.377391],[-98.412192,35.377464],[-98.412227,35.363051],[-98.429783,35.36306]]]}},{"type":"Feature","properties":{"section_legal":"32-13N-15W","county":"Custer","total_leases":86,"leases_24mo":86,"leases_12mo":86,"latest_recording":"2026-05-19","top_lessees":[{"name":"DUDLEY LAND COMPANY","count":18},{"name":"NWR MINERAL PARTNERS LLC","count":18},{"name":"PETROVEN INC","count":12}]},"geometry":{"type":"Polygon","coordinates":[[[-98.827222,35.551485],[-98.827214,35.565982],[-98.809433,35.565989],[-98.80948,35.551491],[-98.827222,35.551485]]]}},{"type":"Feature","properties":{"section_legal":"29-13N-15W","county":"Custer","total_leases":44,"leases_24mo":44,"leases_12mo":44,"latest_recording":"2026-04-20","top_lessees":[{"name":"DUDLEY LAND COMPANY","count":26},{"name":"LOST PEAK ENERGY LLC","count":10},{"name":"ANCHORPOINT OPERATING LLC","count":4}]},"geometry":{"type":"Polygon","coordinates":[[[-98.827215,35.56598],[-98.827228,35.580472],[-98.8094,35.580489],[-98.809433,35.565987],[-98.827215,35.56598]]]}},{"type":"Feature","properties":{"section_legal":"30-13N-13W","county":"Blaine","total_leases":2,"leases_24mo":2,"leases_12mo":2,"latest_recording":"2025-10-22","top_lessees":[{"name":"PUBLIC","count":2}]},"geometry":{"type":"Polygon","coordinates":[[[-98.632164,35.565966],[-98.632155,35.580469],[-98.614434,35.580546],[-98.614476,35.566046],[-98.632164,35.565966]]]}},{"type":"Feature","properties":{"section_legal":"03-11N-11W","county":"Caddo","total_leases":2,"leases_24mo":2,"leases_12mo":2,"latest_recording":"2025-11-18","top_lessees":[{"name":"STONEBRIAR ENERGY LLC","count":2}]},"geometry":{"type":"Polygon","coordinates":[[[-98.3503774927138,35.4582333259924],[-98.3488774927008,35.4567333259794],[-98.3503774927138,35.4552333259664],[-98.3518774927268,35.4567333259794],[-98.3503774927138,35.4582333259924]]]}},{"type":"Feature","properties":{"section_legal":"10-11N-11W","county":"Caddo","total_leases":4,"leases_24mo":4,"leases_12mo":4,"latest_recording":"2025-11-18","top_lessees":[{"name":"STONEBRIAR ENERGY LLC","count":4}]},"geometry":{"type":"Polygon","coordinates":[[[-98.3503439989339,35.4438196151244],[-98.3488439989208,35.4423196151114],[-98.3503439989339,35.4408196150983],[-98.3518439989469,35.4423196151114],[-98.3503439989339,35.4438196151244]]]}},{"type":"Feature","properties":{"section_legal":"36-12N-20W","county":"Custer","total_leases":10,"leases_24mo":10,"leases_12mo":10,"latest_recording":"2025-11-13","top_lessees":[{"name":"REDWOOD ENERGY PARTNERS LLC","count":10}]},"geometry":{"type":"Polygon","coordinates":[[[-99.2670621103404,35.4740171651444],[-99.2655621103274,35.4725171651314],[-99.2670621103404,35.4710171651183],[-99.2685621103535,35.4725171651314],[-99.2670621103404,35.4740171651444]]]}},{"type":"Feature","properties":{"section_legal":"19-13N-22W","county":"Roger Mills","total_leases":2,"leases_24mo":2,"leases_12mo":2,"latest_recording":"2026-01-14","top_lessees":[{"name":"MUSTANG FUEL CORPORATION","count":2}]},"geometry":{"type":"Polygon","coordinates":[[[-99.5804562963555,35.5895954622758],[-99.5789562963424,35.5880954622628],[-99.5804562963555,35.5865954622497],[-99.5819562963685,35.5880954622628],[-99.5804562963555,35.5895954622758]]]}},{"type":"Feature","properties":{"section_legal":"13-13N-22W","county":"Roger Mills","total_leases":2,"leases_24mo":2,"leases_12mo":2,"latest_recording":"2026-01-14","top_lessees":[{"name":"MUSTANG FUEL CORPORATION","count":2}]},"geometry":{"type":"Polygon","coordinates":[[[-99.4917618940803,35.6040658929382],[-99.4902618940673,35.6025658929252],[-99.4917618940803,35.6010658929122],[-99.4932618940934,35.6025658929252],[-99.4917618940803,35.6040658929382]]]}},{"type":"Feature","properties":{"section_legal":"35-13N-14W","county":"Custer","total_leases":50,"leases_24mo":50,"leases_12mo":50,"latest_recording":"2026-05-13","top_lessees":[{"name":"VALIDUS ENERGY II MIDCON LLC","count":32},{"name":"PETROVEN INC","count":14},{"name":"PETROVEN INC.","count":2}]},"geometry":{"type":"Polygon","coordinates":[[[-98.667639,35.55149],[-98.667682,35.565994],[-98.649905,35.566005],[-98.64991,35.551503],[-98.667639,35.55149]]]}},{"type":"Feature","properties":{"section_legal":"20-13N-17W","county":"Custer","total_leases":4,"leases_24mo":4,"leases_12mo":4,"latest_recording":"2025-10-21","top_lessees":[{"name":"ACME INVESTMENTS LLC","count":2},{"name":"R4 VENTURES LLC","count":2}]},"geometry":{"type":"Polygon","coordinates":[[[-99.0310853800096,35.5892503389845],[-99.0295853799966,35.5877503389714],[-99.0310853800096,35.5862503389584],[-99.0325853800227,35.5877503389714],[-99.0310853800096,35.5892503389845]]]}},{"type":"Feature","properties":{"section_legal":"01-12N-15W","county":"Custer","total_leases":18,"leases_24mo":18,"leases_12mo":18,"latest_recording":"2026-05-14","top_lessees":[{"name":"DUDLEY LAND COMPANY","count":14},{"name":"NWR MINERAL PARTNERS LLC","count":4}]},"geometry":{"type":"Polygon","coordinates":[[[-98.74666841419123,35.53695700364042],[-98.74663261992043,35.55148686236447],[-98.72900079564589,35.55151206910663],[-98.72904103567903,35.53685930307056],[-98.74666841419123,35.53695700364042]]]}},{"type":"Feature","properties":{"section_legal":"13-13N-18W","county":"Custer","total_leases":2,"leases_24mo":2,"leases_12mo":2,"latest_recording":"2026-02-04","top_lessees":[{"name":"WINDING RIVER ENERGY SERVICES CORP","count":2}]},"geometry":{"type":"Polygon","coordinates":[[[-99.066634254401,35.6036892791179],[-99.065134254388,35.6021892791048],[-99.066634254401,35.6006892790918],[-99.068134254414,35.6021892791048],[-99.066634254401,35.6036892791179]]]}},{"type":"Feature","properties":{"section_legal":"15-11N-11W","county":"Caddo","total_leases":4,"leases_24mo":4,"leases_12mo":4,"latest_recording":"2026-02-03","top_lessees":[{"name":"OKKI INDUSTRIES LLC","count":4}]},"geometry":{"type":"Polygon","coordinates":[[[-98.3503907709233,35.4294938620977],[-98.3488907709103,35.4279938620846],[-98.3503907709233,35.4264938620716],[-98.3518907709364,35.4279938620846],[-98.3503907709233,35.4294938620977]]]}},{"type":"Feature","properties":{"section_legal":"22-13N-23W","county":"Roger Mills","total_leases":2,"leases_24mo":2,"leases_12mo":2,"latest_recording":"2025-12-15","top_lessees":[{"name":"MEWBOURNE OIL COMPANY","count":2}]},"geometry":{"type":"Polygon","coordinates":[[[-99.6335776197358,35.5896848133158],[-99.6320776197228,35.5881848133027],[-99.6335776197358,35.5866848132897],[-99.6350776197489,35.5881848133027],[-99.6335776197358,35.5896848133158]]]}},{"type":"Feature","properties":{"section_legal":"25-13N-14W","county":"Custer","total_leases":20,"leases_24mo":20,"leases_12mo":20,"latest_recording":"2026-05-06","top_lessees":[{"name":"VALIDUS ENERGY II MIDCON LLC","count":14},{"name":"GBK INTERNATIONAL GROUP LTD","count":6}]},"geometry":{"type":"Polygon","coordinates":[[[-98.6411022799593,35.5747737558704],[-98.6396022799462,35.5732737558574],[-98.6411022799593,35.5717737558443],[-98.6426022799723,35.5732737558574],[-98.6411022799593,35.5747737558704]]]}},{"type":"Feature","properties":{"section_legal":"31-13N-22W","county":"Roger Mills","total_leases":4,"leases_24mo":4,"leases_12mo":4,"latest_recording":"2025-12-10","top_lessees":[{"name":"UPLAND EXPLORATION OKLAHOMA LLC","count":4}]},"geometry":{"type":"Polygon","coordinates":[[[-99.5805870342887,35.5606144405604],[-99.5790870342756,35.5591144405473],[-99.5805870342887,35.5576144405343],[-99.5820870343017,35.5591144405473],[-99.5805870342887,35.5606144405604]]]}},{"type":"Feature","properties":{"section_legal":"11-11N-22W","county":"Beckham","total_leases":2,"leases_24mo":2,"leases_12mo":2,"latest_recording":"2025-11-26","top_lessees":[{"name":"MOUSE, BOYD A; MOUSE, KRISTI L","count":2}]},"geometry":{"type":"Polygon","coordinates":[[[-99.4964457285257,35.4452498789733],[-99.4949457285126,35.4437498789603],[-99.4964457285257,35.4422498789472],[-99.4979457285387,35.4437498789603],[-99.4964457285257,35.4452498789733]]]}},{"type":"Feature","properties":{"section_legal":"22-12N-15W","county":"Custer","total_leases":2,"leases_24mo":2,"leases_12mo":2,"latest_recording":"2026-03-13","top_lessees":[{"name":"DUDLEY LAND COMPANY","count":2}]},"geometry":{"type":"Polygon","coordinates":[[[-98.7733894736975,35.5023440592756],[-98.7718894736845,35.5008440592625],[-98.7733894736975,35.4993440592495],[-98.7748894737105,35.5008440592625],[-98.7733894736975,35.5023440592756]]]}},{"type":"Feature","properties":{"section_legal":"30-11N-10W","county":"Canadian","total_leases":2,"leases_24mo":2,"leases_12mo":2,"latest_recording":"2026-01-08","top_lessees":[{"name":"VALIDUS ENERGY II MIDCON LLC","count":2}]},"geometry":{"type":"Polygon","coordinates":[[[-98.306352,35.391724],[-98.30636,35.406156],[-98.289166,35.406113],[-98.289116,35.391725],[-98.306352,35.391724]]]}},{"type":"Feature","properties":{"section_legal":"34-13N-14W","county":"Custer","total_leases":4,"leases_24mo":4,"leases_12mo":4,"latest_recording":"2026-02-11","top_lessees":[{"name":"DUDLEY LAND COMPANY","count":4}]},"geometry":{"type":"Polygon","coordinates":[[[-98.6764690023609,35.5602075574326],[-98.6749690023478,35.5587075574195],[-98.6764690023609,35.5572075574065],[-98.6779690023739,35.5587075574195],[-98.6764690023609,35.5602075574326]]]}},{"type":"Feature","properties":{"section_legal":"31-12N-15W","county":"Custer","total_leases":15,"leases_24mo":15,"leases_12mo":15,"latest_recording":"2026-03-19","top_lessees":[{"name":"DUDLEY LAND COMPANY","count":15}]},"geometry":{"type":"Polygon","coordinates":[[[-98.8264903206532,35.4738295680876],[-98.8249903206401,35.4723295680746],[-98.8264903206532,35.4708295680615],[-98.8279903206662,35.4723295680746],[-98.8264903206532,35.4738295680876]]]}},{"type":"Feature","properties":{"section_legal":"26-13N-20W","county":"Custer","total_leases":2,"leases_24mo":2,"leases_12mo":2,"latest_recording":"2026-02-12","top_lessees":[{"name":"PLATFORM ENERGY IV LLC","count":2}]},"geometry":{"type":"Polygon","coordinates":[[[-99.2972472486256,35.5751168679226],[-99.2957472486125,35.5736168679095],[-99.2972472486256,35.5721168678965],[-99.2987472486386,35.5736168679095],[-99.2972472486256,35.5751168679226]]]}},{"type":"Feature","properties":{"section_legal":"08-11N-15W","county":"Washita","total_leases":26,"leases_24mo":26,"leases_12mo":26,"latest_recording":"2026-04-16","top_lessees":[{"name":"DUDLEY LAND COMPANY","count":26}]},"geometry":{"type":"Polygon","coordinates":[[[-98.8088259721579,35.4447802158836],[-98.8073259721448,35.4432802158706],[-98.8088259721579,35.4417802158575],[-98.8103259721709,35.4432802158706],[-98.8088259721579,35.4447802158836]]]}},{"type":"Feature","properties":{"section_legal":"07-11N-10W","county":"Canadian","total_leases":2,"leases_24mo":2,"leases_12mo":2,"latest_recording":"2026-03-03","top_lessees":[{"name":"VALIDUS ENERGY II MIDCON LLC","count":2}]},"geometry":{"type":"Polygon","coordinates":[[[-98.306356,35.435027],[-98.306357,35.449458],[-98.289116,35.449303],[-98.289196,35.434813],[-98.306356,35.435027]]]}},{"type":"Feature","properties":{"section_legal":"08-11N-11W","county":"Caddo","total_leases":4,"leases_24mo":4,"leases_12mo":4,"latest_recording":"2026-02-23","top_lessees":[{"name":"PLAINVIEW OIL COMPANY LLC","count":4}]},"geometry":{"type":"Polygon","coordinates":[[[-98.3856877761175,35.4440692203965],[-98.3841877761045,35.4425692203834],[-98.3856877761175,35.4410692203704],[-98.3871877761306,35.4425692203834],[-98.3856877761175,35.4440692203965]]]}},{"type":"Feature","properties":{"section_legal":"14-15N-20W","county":"Custer","total_leases":2,"leases_24mo":2,"leases_12mo":2,"latest_recording":"2026-02-12","top_lessees":[{"name":"WHITE OAK RESOURCES LLC","count":2}]},"geometry":{"type":"Polygon","coordinates":[[[-99.2965096433141,35.7775743359099],[-99.295009643301,35.7760743358969],[-99.2965096433141,35.7745743358839],[-99.2980096433271,35.7760743358969],[-99.2965096433141,35.7775743359099]]]}},{"type":"Feature","properties":{"section_legal":"01-12N-14W","county":"Custer","total_leases":22,"leases_24mo":22,"leases_12mo":22,"latest_recording":"2026-05-08","top_lessees":[{"name":"STONEBRIAR ENERGY LLC","count":22}]},"geometry":{"type":"Polygon","coordinates":[[[-98.6320869159827,35.545735906973],[-98.6305869159697,35.5442359069599],[-98.6320869159827,35.5427359069469],[-98.6335869159958,35.5442359069599],[-98.6320869159827,35.545735906973]]]}},{"type":"Feature","properties":{"section_legal":"05-13N-15W","county":"Custer","total_leases":2,"leases_24mo":2,"leases_12mo":2,"latest_recording":"2026-03-17","top_lessees":[{"name":"VALIDUS ENERGY II MIDCON LLC","count":2}]},"geometry":{"type":"Polygon","coordinates":[[[-98.8183512599639,35.6327306952144],[-98.8168512599509,35.6312306952014],[-98.8183512599639,35.6297306951883],[-98.8198512599769,35.6312306952014],[-98.8183512599639,35.6327306952144]]]}},{"type":"Feature","properties":{"section_legal":"05-11N-11W","county":"Caddo","total_leases":4,"leases_24mo":4,"leases_12mo":4,"latest_recording":"2026-05-06","top_lessees":[{"name":"VALIDUS ENERGY II MIDCON LLC","count":2},{"name":"LRC ENTERPRISES LLC","count":2}]},"geometry":{"type":"Polygon","coordinates":[[[-98.3857842005437,35.4584469950872],[-98.3842842005306,35.4569469950742],[-98.3857842005437,35.4554469950612],[-98.3872842005567,35.4569469950742],[-98.3857842005437,35.4584469950872]]]}},{"type":"Feature","properties":{"section_legal":"27-13N-16W","county":"Custer","total_leases":2,"leases_24mo":2,"leases_12mo":2,"latest_recording":"2026-04-22","top_lessees":[{"name":"PETROVEN INC","count":2}]},"geometry":{"type":"Polygon","coordinates":[[[-98.8892266667776,35.5745859240632],[-98.8877266667646,35.5730859240501],[-98.8892266667776,35.5715859240371],[-98.8907266667907,35.5730859240501],[-98.8892266667776,35.5745859240632]]]}},{"type":"Feature","properties":{"section_legal":"06-11N-12W","county":"Caddo","total_leases":6,"leases_24mo":6,"leases_12mo":6,"latest_recording":"2026-04-30","top_lessees":[{"name":"TRANSOM HOLDINGS LLC","count":6}]},"geometry":{"type":"Polygon","coordinates":[[[-98.5089979112494,35.4658327035878],[-98.5074979112364,35.4643327035747],[-98.5089979112494,35.4628327035617],[-98.5104979112624,35.4643327035747],[-98.5089979112494,35.4658327035878]]]}},{"type":"Feature","properties":{"section_legal":"26-13N-16W","county":"Custer","total_leases":2,"leases_24mo":2,"leases_12mo":2,"latest_recording":"2026-04-22","top_lessees":[{"name":"PETROVEN INC","count":2}]},"geometry":{"type":"Polygon","coordinates":[[[-98.871492299993,35.5746986574052],[-98.86999229998,35.5731986573922],[-98.871492299993,35.5716986573791],[-98.872992300006,35.5731986573922],[-98.871492299993,35.5746986574052]]]}},{"type":"Feature","properties":{"section_legal":"36-13N-17W","county":"Custer","total_leases":2,"leases_24mo":2,"leases_12mo":2,"latest_recording":"2026-04-13","top_lessees":[{"name":"DUKE MINERALS NON-OP LLC","count":2}]},"geometry":{"type":"Polygon","coordinates":[[[-98.9601417573459,35.5602603975291],[-98.9586417573328,35.5587603975161],[-98.9601417573459,35.5572603975031],[-98.9616417573589,35.5587603975161],[-98.9601417573459,35.5602603975291]]]}},{"type":"Feature","properties":{"section_legal":"31-13N-16W","county":"Custer","total_leases":2,"leases_24mo":2,"leases_12mo":2,"latest_recording":"2026-04-13","top_lessees":[{"name":"DUKE MINERALS NON-OP LLC","count":2}]},"geometry":{"type":"Polygon","coordinates":[[[-98.9423969258989,35.5602499740895],[-98.9408969258859,35.5587499740765],[-98.9423969258989,35.5572499740634],[-98.943896925912,35.5587499740765],[-98.9423969258989,35.5602499740895]]]}},{"type":"Feature","properties":{"section_legal":"05-12N-20W","county":"Custer","total_leases":2,"leases_24mo":2,"leases_12mo":2,"latest_recording":"2026-04-13","top_lessees":[{"name":"DUKE MINERALS NON-OP LLC","count":2}]},"geometry":{"type":"Polygon","coordinates":[[[-99.3381033513042,35.5463246913711],[-99.3366033512911,35.544824691358],[-99.3381033513042,35.543324691345],[-99.3396033513172,35.544824691358],[-99.3381033513042,35.5463246913711]]]}},{"type":"Feature","properties":{"section_legal":"04-12N-20W","county":"Custer","total_leases":2,"leases_24mo":2,"leases_12mo":2,"latest_recording":"2026-04-13","top_lessees":[{"name":"DUKE MINERALS NON-OP LLC","count":2}]},"geometry":{"type":"Polygon","coordinates":[[[-99.320366934743,35.5463667746514],[-99.31886693473,35.5448667746384],[-99.320366934743,35.5433667746253],[-99.3218669347561,35.5448667746384],[-99.320366934743,35.5463667746514]]]}},{"type":"Feature","properties":{"section_legal":"01-13N-22W","county":"Roger Mills","total_leases":10,"leases_24mo":10,"leases_12mo":10,"latest_recording":"2026-05-29","top_lessees":[{"name":"MEWBOURNE OIL COMPANY","count":4},{"name":"PETROVEN INC","count":4},{"name":"LOMA HOMBRE ENERGY, LLC","count":2}]},"geometry":{"type":"Polygon","coordinates":[[[-99.4916323259678,35.6331437476682],[-99.4901323259548,35.6316437476552],[-99.4916323259678,35.6301437476421],[-99.4931323259809,35.6316437476552],[-99.4916323259678,35.6331437476682]]]}},{"type":"Feature","properties":{"section_legal":"02-12N-23W","county":"Roger Mills","total_leases":2,"leases_24mo":2,"leases_12mo":2,"latest_recording":"2026-04-17","top_lessees":[{"name":"APPLETON OIL AND GAS LLC","count":2}]},"geometry":{"type":"Polygon","coordinates":[[[-99.6022884528929,35.546122636577],[-99.6007884528798,35.544622636564],[-99.6022884528929,35.5431226365509],[-99.6037884529059,35.544622636564],[-99.6022884528929,35.546122636577]]]}},{"type":"Feature","properties":{"section_legal":"17-11N-12W","county":"Caddo","total_leases":6,"leases_24mo":6,"leases_12mo":6,"latest_recording":"2026-05-08","top_lessees":[{"name":"THUNDERBIRD NATURAL RESOURCES LLC","count":6}]},"geometry":{"type":"Polygon","coordinates":[[[-98.4961143677142,35.4331746404767],[-98.4946143677012,35.4316746404636],[-98.4961143677142,35.4301746404506],[-98.4976143677273,35.4316746404636],[-98.4961143677142,35.4331746404767]]]}},{"type":"Feature","properties":{"section_legal":"21-11N-23W","county":"Beckham","total_leases":44,"leases_24mo":44,"leases_12mo":44,"latest_recording":"2026-05-29","top_lessees":[{"name":"YUKON TRADING COMPANY LLC","count":44}]},"geometry":{"type":"Polygon","coordinates":[[[-99.6375801158897,35.4158283130072],[-99.6360801158767,35.4143283129942],[-99.6375801158897,35.4128283129811],[-99.6390801159027,35.4143283129942],[-99.6375801158897,35.4158283130072]]]}},{"type":"Feature","properties":{"section_legal":"14-11N-11W","county":"Caddo","total_leases":4,"leases_24mo":4,"leases_12mo":4,"latest_recording":"2026-05-01","top_lessees":[{"name":"BCE MACH LLC","count":4}]},"geometry":{"type":"Polygon","coordinates":[[[-98.3327485716465,35.4293753898208],[-98.3312485716334,35.4278753898078],[-98.3327485716465,35.4263753897947],[-98.3342485716595,35.4278753898078],[-98.3327485716465,35.4293753898208]]]}},{"type":"Feature","properties":{"section_legal":"13-11N-16W","county":"Washita","total_leases":4,"leases_24mo":4,"leases_12mo":4,"latest_recording":"2026-05-27","top_lessees":[{"name":"REDHAWK RESOURCES, LLC","count":4}]},"geometry":{"type":"Polygon","coordinates":[[[-98.8436901289718,35.4305070630654],[-98.8421901289587,35.4290070630523],[-98.8436901289718,35.4275070630393],[-98.8451901289848,35.4290070630523],[-98.8436901289718,35.4305070630654]]]}}]}