{"type":"FeatureCollection","name":"OCC pooling units","crs":{"type":"name","properties":{"name":"urn:ogc:def:crs:OGC:1.3:CRS84"}},"features":[{"type":"Feature","properties":{"applicant":"BLAKE PRODUCTION","legal":"08-11N-12W-IM","section":"08","township":"11N","range":"12W","county":"Caddo","status":"Final","cause_number":"2023002076","order_number":"736940"},"geometry":{"type":"Polygon","coordinates":[[[-98.50043,35.435242],[-98.500376,35.449737],[-98.482608,35.449699],[-98.482688,35.435248],[-98.50043,35.435242]]]}},{"type":"Feature","properties":{"applicant":"BLAKE PRODUCTION","legal":"05-11N-12W-IM","section":"05","township":"11N","range":"12W","county":"Caddo","status":"Final","cause_number":"2023002075","order_number":"736939"},"geometry":{"type":"Polygon","coordinates":[[[-98.500375,35.449735],[-98.500227,35.464296],[-98.482598,35.464204],[-98.482608,35.449698],[-98.500375,35.449735]]]}},{"type":"Feature","properties":{"applicant":"MEWBOURNE","legal":"28-15N-20W-IM","section":"28","township":"15N","range":"20W","county":"Custer","status":"Recommended","cause_number":"2023002466","order_number":"737811"},"geometry":{"type":"Polygon","coordinates":[[[-99.341164,35.740134],[-99.341095,35.754599],[-99.323311,35.754568],[-99.323396,35.740091],[-99.341164,35.740134]]]}},{"type":"Feature","properties":{"applicant":"MEWBOURNE","legal":"21-15N-20W-IM","section":"21","township":"15N","range":"20W","county":"Custer","status":"Recommended","cause_number":"2023002466","order_number":"737811"},"geometry":{"type":"Polygon","coordinates":[[[-99.341095,35.754597],[-99.340958,35.76904],[-99.323202,35.769027],[-99.323311,35.754566],[-99.341095,35.754597]]]}},{"type":"Feature","properties":{"applicant":"MEWBOURNE","legal":"12-13N-17W-IM","section":"12","township":"13N","range":"17W","county":"Custer","status":"Final","cause_number":"2023002067","order_number":"738501"},"geometry":{"type":"Polygon","coordinates":[[[-98.969032,35.609474],[-98.969016,35.624003],[-98.951291,35.624049],[-98.951319,35.609546],[-98.969032,35.609474]]]}},{"type":"Feature","properties":{"applicant":"MEWBOURNE","legal":"33-15N-20W-IM","section":"33","township":"15N","range":"20W","county":"Custer","status":"Recommended","cause_number":"2023002815","order_number":"738634"},"geometry":{"type":"Polygon","coordinates":[[[-99.341195,35.725707],[-99.341164,35.740136],[-99.323396,35.740093],[-99.323436,35.725625],[-99.341195,35.725707]]]}},{"type":"Feature","properties":{"applicant":"MEWBOURNE","legal":"04-14N-20W-IM","section":"04","township":"14N","range":"20W","county":"Custer","status":"Recommended","cause_number":"2023002815","order_number":"738634"},"geometry":{"type":"Polygon","coordinates":[[[-99.341193,35.711296],[-99.341195,35.725709],[-99.323436,35.725626],[-99.323435,35.711185],[-99.341193,35.711296]]]}},{"type":"Feature","properties":{"applicant":"MEWBOURNE","legal":"28-15N-20W-IM","section":"28","township":"15N","range":"20W","county":"Custer","status":"Final","cause_number":"2023002466","order_number":"738775"},"geometry":{"type":"Polygon","coordinates":[[[-99.341164,35.740134],[-99.341095,35.754599],[-99.323311,35.754568],[-99.323396,35.740091],[-99.341164,35.740134]]]}},{"type":"Feature","properties":{"applicant":"MEWBOURNE","legal":"21-15N-20W-IM","section":"21","township":"15N","range":"20W","county":"Custer","status":"Final","cause_number":"2023002466","order_number":"738775"},"geometry":{"type":"Polygon","coordinates":[[[-99.341095,35.754597],[-99.340958,35.76904],[-99.323202,35.769027],[-99.323311,35.754566],[-99.341095,35.754597]]]}},{"type":"Feature","properties":{"applicant":"MEWBOURNE","legal":"33-15N-20W-IM","section":"33","township":"15N","range":"20W","county":"Custer","status":"Recommended","cause_number":"2023002815","order_number":"739048"},"geometry":{"type":"Polygon","coordinates":[[[-99.341195,35.725707],[-99.341164,35.740136],[-99.323396,35.740093],[-99.323436,35.725625],[-99.341195,35.725707]]]}},{"type":"Feature","properties":{"applicant":"MEWBOURNE","legal":"04-14N-20W-IM","section":"04","township":"14N","range":"20W","county":"Custer","status":"Recommended","cause_number":"2023002815","order_number":"739048"},"geometry":{"type":"Polygon","coordinates":[[[-99.341193,35.711296],[-99.341195,35.725709],[-99.323436,35.725626],[-99.323435,35.711185],[-99.341193,35.711296]]]}},{"type":"Feature","properties":{"applicant":"MEWBOURNE","legal":"34-15N-20W-IM","section":"34","township":"15N","range":"20W","county":"Custer","status":"Final","cause_number":"2023002574","order_number":"739039"},"geometry":{"type":"Polygon","coordinates":[[[-99.323437,35.725624],[-99.323398,35.740093],[-99.305684,35.740045],[-99.305732,35.725549],[-99.323437,35.725624]]]}},{"type":"Feature","properties":{"applicant":"MEWBOURNE","legal":"27-15N-20W-IM","section":"27","township":"15N","range":"20W","county":"Custer","status":"Final","cause_number":"2023002574","order_number":"739039"},"geometry":{"type":"Polygon","coordinates":[[[-99.323397,35.740091],[-99.323313,35.754568],[-99.305634,35.754532],[-99.305685,35.740043],[-99.323397,35.740091]]]}},{"type":"Feature","properties":{"applicant":"MEWBOURNE","legal":"35-15N-20W-IM","section":"35","township":"15N","range":"20W","county":"Custer","status":"Recommended","cause_number":"2023002549","order_number":"739180"},"geometry":{"type":"Polygon","coordinates":[[[-99.305733,35.725549],[-99.305686,35.740045],[-99.288018,35.740002],[-99.288038,35.725529],[-99.305733,35.725549]]]}},{"type":"Feature","properties":{"applicant":"MEWBOURNE","legal":"02-14N-20W-IM","section":"02","township":"14N","range":"20W","county":"Custer","status":"Recommended","cause_number":"2023002549","order_number":"739180"},"geometry":{"type":"Polygon","coordinates":[[[-99.305694,35.711147],[-99.305733,35.725551],[-99.288038,35.72553],[-99.288002,35.711031],[-99.305694,35.711147]]]}},{"type":"Feature","properties":{"applicant":"NADEL & GUSSMAN","legal":"12-13N-20W-IM","section":"12","township":"13N","range":"20W","county":"Custer","status":"Dismissed","cause_number":"2023002880","order_number":"739221"},"geometry":{"type":"Polygon","coordinates":[[[-99.288319,35.624177],[-99.270552,35.624215],[-99.270663,35.609667],[-99.28836,35.609649],[-99.288319,35.624177]]]}},{"type":"Feature","properties":{"applicant":"NADEL & GUSSMAN","legal":"01-13N-20W-IM","section":"01","township":"13N","range":"20W","county":"Custer","status":"Dismissed","cause_number":"2023002880","order_number":"739221"},"geometry":{"type":"Polygon","coordinates":[[[-99.288192,35.638706],[-99.270455,35.638694],[-99.270552,35.624213],[-99.288319,35.624175],[-99.288192,35.638706]]]}},{"type":"Feature","properties":{"applicant":"NADEL & GUSSMAN","legal":"24-13N-20W-IM","section":"24","township":"13N","range":"20W","county":"Custer","status":"Dismissed","cause_number":"2023002881","order_number":"739332"},"geometry":{"type":"Polygon","coordinates":[[[-99.288498,35.58061],[-99.288354,35.595117],[-99.270708,35.595132],[-99.270704,35.580626],[-99.288498,35.58061]]]}},{"type":"Feature","properties":{"applicant":"NADEL & GUSSMAN","legal":"13-13N-20W-IM","section":"13","township":"13N","range":"20W","county":"Custer","status":"Dismissed","cause_number":"2023002881","order_number":"739332"},"geometry":{"type":"Polygon","coordinates":[[[-99.28836,35.60965],[-99.270663,35.609669],[-99.270708,35.59513],[-99.288354,35.595115],[-99.28836,35.60965]]]}},{"type":"Feature","properties":{"applicant":"NADEL & GUSSMAN","legal":"12-13N-20W-IM","section":"12","township":"13N","range":"20W","county":"Custer","status":"Dismissed","cause_number":"2023002880","order_number":"739331"},"geometry":{"type":"Polygon","coordinates":[[[-99.288319,35.624177],[-99.270552,35.624215],[-99.270663,35.609667],[-99.28836,35.609649],[-99.288319,35.624177]]]}},{"type":"Feature","properties":{"applicant":"NADEL & GUSSMAN","legal":"01-13N-20W-IM","section":"01","township":"13N","range":"20W","county":"Custer","status":"Dismissed","cause_number":"2023002880","order_number":"739331"},"geometry":{"type":"Polygon","coordinates":[[[-99.288192,35.638706],[-99.270455,35.638694],[-99.270552,35.624213],[-99.288319,35.624175],[-99.288192,35.638706]]]}},{"type":"Feature","properties":{"applicant":"NADEL & GUSSMAN","legal":"33-14N-19W-IM","section":"33","township":"14N","range":"19W","county":"Custer","status":"Recommended","cause_number":"2023002975","order_number":"739604"},"geometry":{"type":"Polygon","coordinates":[[[-99.235123,35.638651],[-99.235128,35.653138],[-99.217402,35.653099],[-99.217392,35.638624],[-99.235123,35.638651]]]}},{"type":"Feature","properties":{"applicant":"NADEL & GUSSMAN","legal":"28-14N-19W-IM","section":"28","township":"14N","range":"19W","county":"Custer","status":"Recommended","cause_number":"2023002975","order_number":"739604"},"geometry":{"type":"Polygon","coordinates":[[[-99.235129,35.653136],[-99.235134,35.667619],[-99.217378,35.667597],[-99.217402,35.653098],[-99.235129,35.653136]]]}},{"type":"Feature","properties":{"applicant":"NADEL & GUSSMAN","legal":"08-13N-19W-IM","section":"08","township":"13N","range":"19W","county":"Custer","status":"DMOA","cause_number":"2023002952","order_number":"739603"},"geometry":{"type":"Polygon","coordinates":[[[-99.252906,35.616964],[-99.250693,35.616965],[-99.250692,35.618783],[-99.248475,35.618783],[-99.248475,35.62421],[-99.235205,35.624236],[-99.235139,35.609729],[-99.252902,35.609694],[-99.252906,35.616964]]]}},{"type":"Feature","properties":{"applicant":"NADEL & GUSSMAN","legal":"05-13N-19W-IM","section":"05","township":"13N","range":"19W","county":"Custer","status":"DMOA","cause_number":"2023002952","order_number":"739603"},"geometry":{"type":"Polygon","coordinates":[[[-99.252883,35.638671],[-99.235122,35.638653],[-99.235205,35.624234],[-99.25291,35.624191],[-99.252883,35.638671]]]}},{"type":"Feature","properties":{"applicant":"NADEL & GUSSMAN","legal":"32-14N-19W-IM","section":"32","township":"14N","range":"19W","county":"Custer","status":"Recommended","cause_number":"2023002862","order_number":"739602"},"geometry":{"type":"Polygon","coordinates":[[[-99.252882,35.638669],[-99.25284,35.653175],[-99.235128,35.653138],[-99.235122,35.638651],[-99.252882,35.638669]]]}},{"type":"Feature","properties":{"applicant":"NADEL & GUSSMAN","legal":"29-14N-19W-IM","section":"29","township":"14N","range":"19W","county":"Custer","status":"Recommended","cause_number":"2023002862","order_number":"739602"},"geometry":{"type":"Polygon","coordinates":[[[-99.25284,35.653173],[-99.252827,35.667651],[-99.235132,35.667619],[-99.235127,35.653136],[-99.25284,35.653173]]]}},{"type":"Feature","properties":{"applicant":"MEWBOURNE","legal":"33-15N-20W-IM","section":"33","township":"15N","range":"20W","county":"Custer","status":"Final","cause_number":"2023002815","order_number":"739787"},"geometry":{"type":"Polygon","coordinates":[[[-99.341195,35.725707],[-99.341164,35.740136],[-99.323396,35.740093],[-99.323436,35.725625],[-99.341195,35.725707]]]}},{"type":"Feature","properties":{"applicant":"MEWBOURNE","legal":"04-14N-20W-IM","section":"04","township":"14N","range":"20W","county":"Custer","status":"Final","cause_number":"2023002815","order_number":"739787"},"geometry":{"type":"Polygon","coordinates":[[[-99.341193,35.711296],[-99.341195,35.725709],[-99.323436,35.725626],[-99.323435,35.711185],[-99.341193,35.711296]]]}},{"type":"Feature","properties":{"applicant":"MEWBOURNE","legal":"35-15N-20W-IM","section":"35","township":"15N","range":"20W","county":"Custer","status":"Final","cause_number":"2023002549","order_number":"739784"},"geometry":{"type":"Polygon","coordinates":[[[-99.305733,35.725549],[-99.305686,35.740045],[-99.288018,35.740002],[-99.288038,35.725529],[-99.305733,35.725549]]]}},{"type":"Feature","properties":{"applicant":"MEWBOURNE","legal":"02-14N-20W-IM","section":"02","township":"14N","range":"20W","county":"Custer","status":"Final","cause_number":"2023002549","order_number":"739784"},"geometry":{"type":"Polygon","coordinates":[[[-99.305694,35.711147],[-99.305733,35.725551],[-99.288038,35.72553],[-99.288002,35.711031],[-99.305694,35.711147]]]}},{"type":"Feature","properties":{"applicant":"MEWBOURNE","legal":"30-15N-20W-IM","section":"30","township":"15N","range":"20W","county":"Custer","status":"Final","cause_number":"2023002424","order_number":"740118"},"geometry":{"type":"Polygon","coordinates":[[[-99.376584,35.740091],[-99.376356,35.754379],[-99.358865,35.754568],[-99.358965,35.740102],[-99.376584,35.740091]]]}},{"type":"Feature","properties":{"applicant":"MEWBOURNE","legal":"19-15N-20W-IM","section":"19","township":"15N","range":"20W","county":"Custer","status":"Final","cause_number":"2023002424","order_number":"740118"},"geometry":{"type":"Polygon","coordinates":[[[-99.376356,35.754377],[-99.37621,35.768805],[-99.358847,35.768961],[-99.358865,35.754566],[-99.376356,35.754377]]]}},{"type":"Feature","properties":{"applicant":"MEWBOURNE","legal":"01-14N-21W-IM","section":"01","township":"14N","range":"21W","county":"Roger Mills","status":"Final","cause_number":"2023002376","order_number":"740117"},"geometry":{"type":"Polygon","coordinates":[[[-99.394425,35.711224],[-99.394376,35.725679],[-99.376632,35.725672],[-99.376685,35.711221],[-99.394425,35.711224]]]}},{"type":"Feature","properties":{"applicant":"MEWBOURNE","legal":"36-15N-20W-IM","section":"36","township":"15N","range":"20W","county":"Custer","status":"Final","cause_number":"2024000140","order_number":"740694"},"geometry":{"type":"Polygon","coordinates":[[[-99.28804,35.725528],[-99.28802,35.740002],[-99.270337,35.74002],[-99.270384,35.725582],[-99.28804,35.725528]]]}},{"type":"Feature","properties":{"applicant":"MEWBOURNE","legal":"01-14N-20W-IM","section":"01","township":"14N","range":"20W","county":"Custer","status":"Final","cause_number":"2024000140","order_number":"740694"},"geometry":{"type":"Polygon","coordinates":[[[-99.288004,35.71103],[-99.28804,35.72553],[-99.270383,35.725584],[-99.270391,35.71109],[-99.288004,35.71103]]]}},{"type":"Feature","properties":{"applicant":"DEVON ENERGY","legal":"23-15N-20W-IM","section":"23","township":"15N","range":"20W","county":"Custer","status":"Recommended","cause_number":"2024000720"},"geometry":{"type":"Polygon","coordinates":[[[-99.305636,35.754531],[-99.30558,35.769002],[-99.287915,35.768921],[-99.287962,35.754443],[-99.305636,35.754531]]]}},{"type":"Feature","properties":{"applicant":"DEVON ENERGY","legal":"14-15N-20W-IM","section":"14","township":"15N","range":"20W","county":"Custer","status":"DMOA","cause_number":"2024000718","order_number":"741425"},"geometry":{"type":"Polygon","coordinates":[[[-99.30558,35.769],[-99.305497,35.783441],[-99.287812,35.783387],[-99.287914,35.768919],[-99.30558,35.769]]]}},{"type":"Feature","properties":{"applicant":"MEWBOURNE","legal":"14-15N-20W-IM","section":"14","township":"15N","range":"20W","county":"Custer","status":"DMOA","cause_number":"2024000390","order_number":"741425"},"geometry":{"type":"Polygon","coordinates":[[[-99.30558,35.769],[-99.305497,35.783441],[-99.287812,35.783387],[-99.287914,35.768919],[-99.30558,35.769]]]}},{"type":"Feature","properties":{"applicant":"MEWBOURNE","legal":"11-15N-20W-IM","section":"11","township":"15N","range":"20W","county":"Custer","status":"DMOA","cause_number":"2024000390","order_number":"741425"},"geometry":{"type":"Polygon","coordinates":[[[-99.305497,35.783439],[-99.305391,35.797882],[-99.28773,35.797845],[-99.287812,35.783385],[-99.305497,35.783439]]]}},{"type":"Feature","properties":{"applicant":"NADEL & GUSSMAN","legal":"24-13N-20W-IM","section":"24","township":"13N","range":"20W","county":"Custer","status":"Dismissed","cause_number":"2023002881","order_number":"741497"},"geometry":{"type":"Polygon","coordinates":[[[-99.288498,35.58061],[-99.288354,35.595117],[-99.270708,35.595132],[-99.270704,35.580626],[-99.288498,35.58061]]]}},{"type":"Feature","properties":{"applicant":"NADEL & GUSSMAN","legal":"13-13N-20W-IM","section":"13","township":"13N","range":"20W","county":"Custer","status":"Dismissed","cause_number":"2023002881","order_number":"741497"},"geometry":{"type":"Polygon","coordinates":[[[-99.28836,35.60965],[-99.270663,35.609669],[-99.270708,35.59513],[-99.288354,35.595115],[-99.28836,35.60965]]]}},{"type":"Feature","properties":{"applicant":"DEVON ENERGY","legal":"21-14N-20W-IM","section":"21","township":"14N","range":"20W","county":"Custer","status":"Continued","cause_number":"2024001089","order_number":"742192"},"geometry":{"type":"Polygon","coordinates":[[[-99.341335,35.667832],[-99.341302,35.682352],[-99.323471,35.68226],[-99.323484,35.667773],[-99.341335,35.667832]]]}},{"type":"Feature","properties":{"applicant":"DEVON ENERGY","legal":"16-14N-20W-IM","section":"16","township":"14N","range":"20W","county":"Custer","status":"Continued","cause_number":"2024001088","order_number":"742192"},"geometry":{"type":"Polygon","coordinates":[[[-99.341301,35.68235],[-99.341279,35.696917],[-99.323461,35.696746],[-99.323471,35.682258],[-99.341301,35.68235]]]}},{"type":"Feature","properties":{"applicant":"MEWBOURNE","legal":"16-14N-20W-IM","section":"16","township":"14N","range":"20W","county":"Custer","status":"Dismissed","cause_number":"2024000881","order_number":"742192"},"geometry":{"type":"Polygon","coordinates":[[[-99.341301,35.68235],[-99.341279,35.696917],[-99.323461,35.696746],[-99.323471,35.682258],[-99.341301,35.68235]]]}},{"type":"Feature","properties":{"applicant":"MEWBOURNE","legal":"09-14N-20W-IM","section":"09","township":"14N","range":"20W","county":"Custer","status":"Dismissed","cause_number":"2024000878","order_number":"742192"},"geometry":{"type":"Polygon","coordinates":[[[-99.341278,35.696915],[-99.341193,35.711298],[-99.323435,35.711186],[-99.323461,35.696744],[-99.341278,35.696915]]]}},{"type":"Feature","properties":{"applicant":"NADEL & GUSSMAN","legal":"15-13N-19W-IM","section":"15","township":"13N","range":"19W","county":"Custer","status":"Final","cause_number":"2023003187","order_number":"742624"},"geometry":{"type":"Polygon","coordinates":[[[-99.217308,35.595203],[-99.217341,35.609707],[-99.199697,35.609674],[-99.199681,35.595199],[-99.217308,35.595203]]]}},{"type":"Feature","properties":{"applicant":"NADEL & GUSSMAN","legal":"10-13N-19W-IM","section":"10","township":"13N","range":"19W","county":"Custer","status":"Final","cause_number":"2023003187","order_number":"742624"},"geometry":{"type":"Polygon","coordinates":[[[-99.21734,35.609705],[-99.217382,35.624237],[-99.19968,35.624197],[-99.199696,35.609673],[-99.21734,35.609705]]]}},{"type":"Feature","properties":{"applicant":"MEWBOURNE","legal":"30-15N-20W-IM","section":"30","township":"15N","range":"20W","county":"Custer","status":"Final","cause_number":"2024001234","order_number":"742640"},"geometry":{"type":"Polygon","coordinates":[[[-99.376584,35.740091],[-99.376356,35.754379],[-99.358865,35.754568],[-99.358965,35.740102],[-99.376584,35.740091]]]}},{"type":"Feature","properties":{"applicant":"MEWBOURNE","legal":"19-15N-20W-IM","section":"19","township":"15N","range":"20W","county":"Custer","status":"Final","cause_number":"2024001234","order_number":"742640"},"geometry":{"type":"Polygon","coordinates":[[[-99.376356,35.754377],[-99.37621,35.768805],[-99.358847,35.768961],[-99.358865,35.754566],[-99.376356,35.754377]]]}},{"type":"Feature","properties":{"applicant":"MEWBOURNE","legal":"32-15N-20W-IM","section":"32","township":"15N","range":"20W","county":"Custer","status":"Recommended","cause_number":"2024001335","order_number":"742738"},"geometry":{"type":"Polygon","coordinates":[[[-99.358984,35.725671],[-99.358967,35.740104],[-99.341162,35.740135],[-99.341193,35.725707],[-99.358984,35.725671]]]}},{"type":"Feature","properties":{"applicant":"MEWBOURNE","legal":"05-14N-20W-IM","section":"05","township":"14N","range":"20W","county":"Custer","status":"Recommended","cause_number":"2024001335","order_number":"742738"},"geometry":{"type":"Polygon","coordinates":[[[-99.359008,35.711225],[-99.358984,35.725673],[-99.341193,35.725709],[-99.341191,35.711296],[-99.359008,35.711225]]]}},{"type":"Feature","properties":{"applicant":"DEVON ENERGY","legal":"21-14N-20W-IM","section":"21","township":"14N","range":"20W","county":"Custer","status":"Continued","cause_number":"2024001089","order_number":"743150"},"geometry":{"type":"Polygon","coordinates":[[[-99.341335,35.667832],[-99.341302,35.682352],[-99.323471,35.68226],[-99.323484,35.667773],[-99.341335,35.667832]]]}},{"type":"Feature","properties":{"applicant":"DEVON ENERGY","legal":"16-14N-20W-IM","section":"16","township":"14N","range":"20W","county":"Custer","status":"Continued","cause_number":"2024001088","order_number":"743150"},"geometry":{"type":"Polygon","coordinates":[[[-99.341301,35.68235],[-99.341279,35.696917],[-99.323461,35.696746],[-99.323471,35.682258],[-99.341301,35.68235]]]}},{"type":"Feature","properties":{"applicant":"MEWBOURNE","legal":"16-14N-20W-IM","section":"16","township":"14N","range":"20W","county":"Custer","status":"Dismissed","cause_number":"2024000881","order_number":"743150"},"geometry":{"type":"Polygon","coordinates":[[[-99.341301,35.68235],[-99.341279,35.696917],[-99.323461,35.696746],[-99.323471,35.682258],[-99.341301,35.68235]]]}},{"type":"Feature","properties":{"applicant":"MEWBOURNE","legal":"09-14N-20W-IM","section":"09","township":"14N","range":"20W","county":"Custer","status":"Dismissed","cause_number":"2024000878","order_number":"743150"},"geometry":{"type":"Polygon","coordinates":[[[-99.341278,35.696915],[-99.341193,35.711298],[-99.323435,35.711186],[-99.323461,35.696744],[-99.341278,35.696915]]]}},{"type":"Feature","properties":{"applicant":"DEVON ENERGY","legal":"14-15N-20W-IM","section":"14","township":"15N","range":"20W","county":"Custer","status":"DMOA","cause_number":"2024000718","order_number":"743283"},"geometry":{"type":"Polygon","coordinates":[[[-99.30558,35.769],[-99.305497,35.783441],[-99.287812,35.783387],[-99.287914,35.768919],[-99.30558,35.769]]]}},{"type":"Feature","properties":{"applicant":"MEWBOURNE","legal":"36-15N-21W-IM","section":"36","township":"15N","range":"21W","county":"Roger Mills","status":"Final","cause_number":"2024000977","order_number":"743485"},"geometry":{"type":"Polygon","coordinates":[[[-99.394376,35.725677],[-99.394277,35.740127],[-99.376582,35.740092],[-99.376632,35.72567],[-99.394376,35.725677]]]}},{"type":"Feature","properties":{"applicant":"MEWBOURNE","legal":"25-15N-21W-IM","section":"25","township":"15N","range":"21W","county":"Roger Mills","status":"Final","cause_number":"2024000977","order_number":"743485"},"geometry":{"type":"Polygon","coordinates":[[[-99.394277,35.740125],[-99.394136,35.754522],[-99.376354,35.754379],[-99.376582,35.740091],[-99.394277,35.740125]]]}},{"type":"Feature","properties":{"applicant":"FORMENTERA OPERATIONS LLC; FP KINGFISHER LLC","legal":"21-14N-19W-IM","section":"21","township":"14N","range":"19W","county":"Custer","status":"Final","cause_number":"2024002196","order_number":"744277"},"geometry":{"type":"Polygon","coordinates":[[[-99.235134,35.667617],[-99.235123,35.682104],[-99.217368,35.682084],[-99.217378,35.667596],[-99.235134,35.667617]]]}},{"type":"Feature","properties":{"applicant":"NADEL & GUSSMAN","legal":"07-13N-19W-IM","section":"07","township":"13N","range":"19W","county":"Custer","status":"Final","cause_number":"2023002813","order_number":"744271"},"geometry":{"type":"Polygon","coordinates":[[[-99.270664,35.609667],[-99.270554,35.624215],[-99.252909,35.624193],[-99.2529,35.609694],[-99.270664,35.609667]]]}},{"type":"Feature","properties":{"applicant":"NADEL & GUSSMAN","legal":"06-13N-19W-IM","section":"06","township":"13N","range":"19W","county":"Custer","status":"Final","cause_number":"2023002813","order_number":"744271"},"geometry":{"type":"Polygon","coordinates":[[[-99.270553,35.624213],[-99.270456,35.638694],[-99.252881,35.638671],[-99.252908,35.624191],[-99.270553,35.624213]]]}},{"type":"Feature","properties":{"applicant":"MEWBOURNE","legal":"31-15N-20W-IM","section":"31","township":"15N","range":"20W","county":"Custer","status":"Final","cause_number":"2024002606","order_number":"744549"},"geometry":{"type":"Polygon","coordinates":[[[-99.376633,35.72567],[-99.376583,35.740093],[-99.358965,35.740104],[-99.358982,35.725671],[-99.376633,35.72567]]]}},{"type":"Feature","properties":{"applicant":"MEWBOURNE","legal":"06-14N-20W-IM","section":"06","township":"14N","range":"20W","county":"Custer","status":"Final","cause_number":"2024002606","order_number":"744549"},"geometry":{"type":"Polygon","coordinates":[[[-99.376687,35.711221],[-99.376634,35.725672],[-99.358982,35.725673],[-99.359007,35.711225],[-99.376687,35.711221]]]}},{"type":"Feature","properties":{"applicant":"MEWBOURNE","legal":"32-15N-20W-IM","section":"32","township":"15N","range":"20W","county":"Custer","status":"Final","cause_number":"2024001335","order_number":"745050"},"geometry":{"type":"Polygon","coordinates":[[[-99.358984,35.725671],[-99.358967,35.740104],[-99.341162,35.740135],[-99.341193,35.725707],[-99.358984,35.725671]]]}},{"type":"Feature","properties":{"applicant":"MEWBOURNE","legal":"05-14N-20W-IM","section":"05","township":"14N","range":"20W","county":"Custer","status":"Final","cause_number":"2024001335","order_number":"745050"},"geometry":{"type":"Polygon","coordinates":[[[-99.359008,35.711225],[-99.358984,35.725673],[-99.341193,35.725709],[-99.341191,35.711296],[-99.359008,35.711225]]]}},{"type":"Feature","properties":{"applicant":"DEVON ENERGY","legal":"36-14N-20W-IM","section":"36","township":"14N","range":"20W","county":"Custer","cause_number":"2024003436","order_number":"745286"},"geometry":{"type":"Polygon","coordinates":[[[-99.28821,35.653091],[-99.270354,35.653251],[-99.270455,35.638692],[-99.288192,35.638704],[-99.28821,35.653091]]]}},{"type":"Feature","properties":{"applicant":"MEWBOURNE","legal":"19-15N-19W-IM","section":"19","township":"15N","range":"19W","county":"Custer","status":"Recommended","cause_number":"2024003583"},"geometry":{"type":"Polygon","coordinates":[[[-99.270286,35.754479],[-99.270235,35.768946],[-99.252559,35.76894],[-99.252626,35.754496],[-99.270286,35.754479]]]}},{"type":"Feature","properties":{"applicant":"MEWBOURNE","legal":"18-15N-19W-IM","section":"18","township":"15N","range":"19W","county":"Custer","status":"Recommended","cause_number":"2024003583"},"geometry":{"type":"Polygon","coordinates":[[[-99.270235,35.768944],[-99.270175,35.783394],[-99.252506,35.783389],[-99.252559,35.768938],[-99.270235,35.768944]]]}},{"type":"Feature","properties":{"applicant":"MEWBOURNE","legal":"16-14N-20W-IM","section":"16","township":"14N","range":"20W","county":"Custer","status":"Dismissed","cause_number":"2024000881","order_number":"745572"},"geometry":{"type":"Polygon","coordinates":[[[-99.341301,35.68235],[-99.341279,35.696917],[-99.323461,35.696746],[-99.323471,35.682258],[-99.341301,35.68235]]]}},{"type":"Feature","properties":{"applicant":"MEWBOURNE","legal":"09-14N-20W-IM","section":"09","township":"14N","range":"20W","county":"Custer","status":"Dismissed","cause_number":"2024000878","order_number":"745571"},"geometry":{"type":"Polygon","coordinates":[[[-99.341278,35.696915],[-99.341193,35.711298],[-99.323435,35.711186],[-99.323461,35.696744],[-99.341278,35.696915]]]}},{"type":"Feature","properties":{"applicant":"MEWBOURNE","legal":"28-15N-20W-IM","section":"28","township":"15N","range":"20W","county":"Custer","status":"Recommended","cause_number":"2023002466","order_number":"745599"},"geometry":{"type":"Polygon","coordinates":[[[-99.341164,35.740134],[-99.341095,35.754599],[-99.323311,35.754568],[-99.323396,35.740091],[-99.341164,35.740134]]]}},{"type":"Feature","properties":{"applicant":"MEWBOURNE","legal":"21-15N-20W-IM","section":"21","township":"15N","range":"20W","county":"Custer","status":"Recommended","cause_number":"2023002466","order_number":"745599"},"geometry":{"type":"Polygon","coordinates":[[[-99.341095,35.754597],[-99.340958,35.76904],[-99.323202,35.769027],[-99.323311,35.754566],[-99.341095,35.754597]]]}},{"type":"Feature","properties":{"applicant":"MEWBOURNE","legal":"34-15N-20W-IM","section":"34","township":"15N","range":"20W","county":"Custer","status":"Recommended","cause_number":"2023002574","order_number":"745753"},"geometry":{"type":"Polygon","coordinates":[[[-99.323437,35.725624],[-99.323398,35.740093],[-99.305684,35.740045],[-99.305732,35.725549],[-99.323437,35.725624]]]}},{"type":"Feature","properties":{"applicant":"MEWBOURNE","legal":"27-15N-20W-IM","section":"27","township":"15N","range":"20W","county":"Custer","status":"Recommended","cause_number":"2023002574","order_number":"745753"},"geometry":{"type":"Polygon","coordinates":[[[-99.323397,35.740091],[-99.323313,35.754568],[-99.305634,35.754532],[-99.305685,35.740043],[-99.323397,35.740091]]]}},{"type":"Feature","properties":{"applicant":"NADEL & GUSSMAN","legal":"15-13N-19W-IM","section":"15","township":"13N","range":"19W","county":"Custer","status":"Final","cause_number":"2024003325","order_number":"745885"},"geometry":{"type":"Polygon","coordinates":[[[-99.217308,35.595203],[-99.217341,35.609707],[-99.199697,35.609674],[-99.199681,35.595199],[-99.217308,35.595203]]]}},{"type":"Feature","properties":{"applicant":"NADEL & GUSSMAN","legal":"10-13N-19W-IM","section":"10","township":"13N","range":"19W","county":"Custer","status":"Final","cause_number":"2024003325","order_number":"745885"},"geometry":{"type":"Polygon","coordinates":[[[-99.21734,35.609705],[-99.217382,35.624237],[-99.19968,35.624197],[-99.199696,35.609673],[-99.21734,35.609705]]]}},{"type":"Feature","properties":{"applicant":"MEWBOURNE","legal":"14-13N-22W-IM","section":"14","township":"13N","range":"22W","county":"Roger Mills","status":"Recommended","cause_number":"2024003072","order_number":"745931"},"geometry":{"type":"Polygon","coordinates":[[[-99.518472,35.595335],[-99.518428,35.609819],[-99.500789,35.609791],[-99.500853,35.595306],[-99.518472,35.595335]]]}},{"type":"Feature","properties":{"applicant":"MEWBOURNE","legal":"11-13N-22W-IM","section":"11","township":"13N","range":"22W","county":"Roger Mills","status":"Recommended","cause_number":"2024003071","order_number":"745930"},"geometry":{"type":"Polygon","coordinates":[[[-99.518429,35.609817],[-99.518427,35.624315],[-99.500721,35.624292],[-99.500789,35.609789],[-99.518429,35.609817]]]}},{"type":"Feature","properties":{"applicant":"MEWBOURNE","legal":"12-12N-21W-IM","section":"12","township":"12N","range":"21W","county":"Roger Mills","status":"Recommended","cause_number":"2024002963","order_number":"745924"},"geometry":{"type":"Polygon","coordinates":[[[-99.381847,35.523393],[-99.381811,35.537923],[-99.364111,35.537861],[-99.364122,35.523368],[-99.381847,35.523393]]]}},{"type":"Feature","properties":{"applicant":"MEWBOURNE","legal":"01-12N-21W-IM","section":"01","township":"12N","range":"21W","county":"Roger Mills","status":"Recommended","cause_number":"2024002962","order_number":"745923"},"geometry":{"type":"Polygon","coordinates":[[[-99.381811,35.537921],[-99.381792,35.55176],[-99.364106,35.551747],[-99.364111,35.537859],[-99.381811,35.537921]]]}},{"type":"Feature","properties":{"applicant":"CRAWLEY PETROLEUM","legal":"36-14N-24W-IM","section":"36","township":"14N","range":"24W","county":"Roger Mills","status":"Final","cause_number":"2024003444","order_number":"746116"},"geometry":{"type":"Polygon","coordinates":[[[-99.71319,35.638908],[-99.713116,35.65332],[-99.695364,35.653252],[-99.695433,35.63887],[-99.71319,35.638908]]]}},{"type":"Feature","properties":{"applicant":"CRAWLEY PETROLEUM","legal":"01-13N-24W-IM","section":"01","township":"13N","range":"24W","county":"Roger Mills","status":"Final","cause_number":"2024003444","order_number":"746116"},"geometry":{"type":"Polygon","coordinates":[[[-99.713385,35.624486],[-99.71319,35.63891],[-99.695433,35.638871],[-99.695515,35.6244],[-99.713385,35.624486]]]}},{"type":"Feature","properties":{"applicant":"MEWBOURNE","legal":"36-14N-21W-IM","section":"36","township":"14N","range":"21W","county":"Roger Mills","status":"Recommended","cause_number":"2024003220","order_number":"746165"},"geometry":{"type":"Polygon","coordinates":[[[-99.394632,35.638834],[-99.394488,35.653334],[-99.376928,35.653321],[-99.376938,35.638891],[-99.394632,35.638834]]]}},{"type":"Feature","properties":{"applicant":"MEWBOURNE","legal":"30-15N-20W-IM","section":"30","township":"15N","range":"20W","county":"Custer","status":"TUA","cause_number":"2023002424","order_number":"746191"},"geometry":{"type":"Polygon","coordinates":[[[-99.376584,35.740091],[-99.376356,35.754379],[-99.358865,35.754568],[-99.358965,35.740102],[-99.376584,35.740091]]]}},{"type":"Feature","properties":{"applicant":"MEWBOURNE","legal":"19-15N-20W-IM","section":"19","township":"15N","range":"20W","county":"Custer","status":"TUA","cause_number":"2023002424","order_number":"746191"},"geometry":{"type":"Polygon","coordinates":[[[-99.376356,35.754377],[-99.37621,35.768805],[-99.358847,35.768961],[-99.358865,35.754566],[-99.376356,35.754377]]]}},{"type":"Feature","properties":{"applicant":"MEWBOURNE","legal":"10-13N-17W-IM","section":"10","township":"13N","range":"17W","county":"Custer","status":"Final","cause_number":"2024003563","order_number":"746256"},"geometry":{"type":"Polygon","coordinates":[[[-99.004436,35.60947],[-99.004423,35.624001],[-98.986752,35.623995],[-98.986754,35.609486],[-99.004436,35.60947]]]}},{"type":"Feature","properties":{"applicant":"MEWBOURNE","legal":"10-14N-20W-IM","section":"10","township":"14N","range":"20W","county":"Custer","status":"Final","cause_number":"2024003626","order_number":"746293"},"geometry":{"type":"Polygon","coordinates":[[[-99.323463,35.696744],[-99.323437,35.711186],[-99.305693,35.711149],[-99.305728,35.69668],[-99.323463,35.696744]]]}},{"type":"Feature","properties":{"applicant":"MEWBOURNE","legal":"03-14N-20W-IM","section":"03","township":"14N","range":"20W","county":"Custer","status":"Final","cause_number":"2024003626","order_number":"746293"},"geometry":{"type":"Polygon","coordinates":[[[-99.323436,35.711184],[-99.323438,35.725626],[-99.305732,35.725551],[-99.305693,35.711147],[-99.323436,35.711184]]]}},{"type":"Feature","properties":{"applicant":"MEWBOURNE","legal":"12-12N-21W-IM","section":"12","township":"12N","range":"21W","county":"Roger Mills","status":"Final","cause_number":"2024002963","order_number":"746284"},"geometry":{"type":"Polygon","coordinates":[[[-99.381847,35.523393],[-99.381811,35.537923],[-99.364111,35.537861],[-99.364122,35.523368],[-99.381847,35.523393]]]}},{"type":"Feature","properties":{"applicant":"MEWBOURNE","legal":"01-12N-21W-IM","section":"01","township":"12N","range":"21W","county":"Roger Mills","status":"Final","cause_number":"2024002962","order_number":"746283"},"geometry":{"type":"Polygon","coordinates":[[[-99.381811,35.537921],[-99.381792,35.55176],[-99.364106,35.551747],[-99.364111,35.537859],[-99.381811,35.537921]]]}},{"type":"Feature","properties":{"applicant":"NADEL & GUSSMAN","legal":"23-13N-20W-IM","section":"23","township":"13N","range":"20W","county":"Custer","status":"Final","cause_number":"2023002858","order_number":"746279"},"geometry":{"type":"Polygon","coordinates":[[[-99.306146,35.580673],[-99.306076,35.595211],[-99.288352,35.595117],[-99.288496,35.58061],[-99.306146,35.580673]]]}},{"type":"Feature","properties":{"applicant":"NADEL & GUSSMAN","legal":"14-13N-20W-IM","section":"14","township":"13N","range":"20W","county":"Custer","status":"Final","cause_number":"2023002858","order_number":"746279"},"geometry":{"type":"Polygon","coordinates":[[[-99.306076,35.595209],[-99.30605,35.609755],[-99.288359,35.609651],[-99.288352,35.595115],[-99.306076,35.595209]]]}},{"type":"Feature","properties":{"applicant":"MEWBOURNE","legal":"29-15N-20W-IM","section":"29","township":"15N","range":"20W","county":"Custer","status":"Final","cause_number":"2024003508","order_number":"746399"},"geometry":{"type":"Polygon","coordinates":[[[-99.358967,35.740102],[-99.358867,35.754568],[-99.341093,35.754598],[-99.341163,35.740134],[-99.358967,35.740102]]]}},{"type":"Feature","properties":{"applicant":"MEWBOURNE","legal":"20-15N-20W-IM","section":"20","township":"15N","range":"20W","county":"Custer","status":"Final","cause_number":"2024003508","order_number":"746399"},"geometry":{"type":"Polygon","coordinates":[[[-99.358867,35.754566],[-99.358849,35.768961],[-99.340957,35.76904],[-99.341093,35.754597],[-99.358867,35.754566]]]}},{"type":"Feature","properties":{"applicant":"DUNCAN OIL PROPERTIES; WALTER DUNCAN OIL","legal":"11-14N-19W-IM","section":"11","township":"14N","range":"19W","county":"Custer","status":"Final","cause_number":"2024003490","order_number":"746398"},"geometry":{"type":"Polygon","coordinates":[[[-99.199615,35.696563],[-99.199605,35.711057],[-99.181859,35.711019],[-99.181874,35.696522],[-99.199615,35.696563]]]}},{"type":"Feature","properties":{"applicant":"MEWBOURNE","legal":"09-15N-20W-IM","section":"09","township":"15N","range":"20W","county":"Custer","status":"Final","cause_number":"2024003296","order_number":"746397"},"geometry":{"type":"Polygon","coordinates":[[[-99.340882,35.783386],[-99.340846,35.797857],[-99.32305,35.79791],[-99.323111,35.783469],[-99.340882,35.783386]]]}},{"type":"Feature","properties":{"applicant":"MEWBOURNE","legal":"11-15N-20W-IM","section":"11","township":"15N","range":"20W","county":"Custer","status":"Final","cause_number":"2024003287","order_number":"746396"},"geometry":{"type":"Polygon","coordinates":[[[-99.305497,35.783439],[-99.305391,35.797882],[-99.28773,35.797845],[-99.287812,35.783385],[-99.305497,35.783439]]]}},{"type":"Feature","properties":{"applicant":"MEWBOURNE","legal":"34-15N-20W-IM","section":"34","township":"15N","range":"20W","county":"Custer","status":"Recommended","cause_number":"2023002574","order_number":"746419"},"geometry":{"type":"Polygon","coordinates":[[[-99.323437,35.725624],[-99.323398,35.740093],[-99.305684,35.740045],[-99.305732,35.725549],[-99.323437,35.725624]]]}},{"type":"Feature","properties":{"applicant":"MEWBOURNE","legal":"27-15N-20W-IM","section":"27","township":"15N","range":"20W","county":"Custer","status":"Recommended","cause_number":"2023002574","order_number":"746419"},"geometry":{"type":"Polygon","coordinates":[[[-99.323397,35.740091],[-99.323313,35.754568],[-99.305634,35.754532],[-99.305685,35.740043],[-99.323397,35.740091]]]}},{"type":"Feature","properties":{"applicant":"MEWBOURNE","legal":"28-15N-20W-IM","section":"28","township":"15N","range":"20W","county":"Custer","status":"Recommended","cause_number":"2023002466","order_number":"746416"},"geometry":{"type":"Polygon","coordinates":[[[-99.341164,35.740134],[-99.341095,35.754599],[-99.323311,35.754568],[-99.323396,35.740091],[-99.341164,35.740134]]]}},{"type":"Feature","properties":{"applicant":"MEWBOURNE","legal":"21-15N-20W-IM","section":"21","township":"15N","range":"20W","county":"Custer","status":"Recommended","cause_number":"2023002466","order_number":"746416"},"geometry":{"type":"Polygon","coordinates":[[[-99.341095,35.754597],[-99.340958,35.76904],[-99.323202,35.769027],[-99.323311,35.754566],[-99.341095,35.754597]]]}},{"type":"Feature","properties":{"applicant":"MEWBOURNE","legal":"33-15N-20W-IM","section":"33","township":"15N","range":"20W","county":"Custer","status":"Recommended","cause_number":"2023002815","order_number":"746597"},"geometry":{"type":"Polygon","coordinates":[[[-99.341195,35.725707],[-99.341164,35.740136],[-99.323396,35.740093],[-99.323436,35.725625],[-99.341195,35.725707]]]}},{"type":"Feature","properties":{"applicant":"MEWBOURNE","legal":"04-14N-20W-IM","section":"04","township":"14N","range":"20W","county":"Custer","status":"Recommended","cause_number":"2023002815","order_number":"746597"},"geometry":{"type":"Polygon","coordinates":[[[-99.341193,35.711296],[-99.341195,35.725709],[-99.323436,35.725626],[-99.323435,35.711185],[-99.341193,35.711296]]]}},{"type":"Feature","properties":{"applicant":"MEWBOURNE","legal":"34-14N-22W-IM","section":"34","township":"14N","range":"22W","county":"Roger Mills","status":"Final","cause_number":"2024003777","order_number":"746656"},"geometry":{"type":"Polygon","coordinates":[[[-99.535962,35.638866],[-99.535858,35.653385],[-99.518227,35.653369],[-99.518283,35.638828],[-99.535962,35.638866]]]}},{"type":"Feature","properties":{"applicant":"MEWBOURNE","legal":"03-13N-22W-IM","section":"03","township":"13N","range":"22W","county":"Roger Mills","status":"Final","cause_number":"2024003774","order_number":"746655"},"geometry":{"type":"Polygon","coordinates":[[[-99.536019,35.624363],[-99.535962,35.638868],[-99.518282,35.63883],[-99.518425,35.624313],[-99.536019,35.624363]]]}},{"type":"Feature","properties":{"applicant":"DUNCAN OIL PROPERTIES; WALTER DUNCAN OIL","legal":"18-14N-18W-IM","section":"18","township":"14N","range":"18W","county":"Custer","status":"Final","cause_number":"2024003727","order_number":"746652"},"geometry":{"type":"Polygon","coordinates":[[[-99.164163,35.682047],[-99.164128,35.696538],[-99.146337,35.696454],[-99.146346,35.681969],[-99.164163,35.682047]]]}},{"type":"Feature","properties":{"applicant":"CITIZEN ENERGY III","legal":"24-13N-14W-IM","section":"24","township":"13N","range":"14W","county":"Custer","status":"Final","cause_number":"2024003422","order_number":"746647"},"geometry":{"type":"Polygon","coordinates":[[[-98.632127,35.594976],[-98.632154,35.580467],[-98.649898,35.580496],[-98.649917,35.595014],[-98.632127,35.594976]]]}},{"type":"Feature","properties":{"applicant":"MEWBOURNE","legal":"14-15N-20W-IM","section":"14","township":"15N","range":"20W","county":"Custer","status":"Final","cause_number":"2024002969","order_number":"746641"},"geometry":{"type":"Polygon","coordinates":[[[-99.30558,35.769],[-99.305497,35.783441],[-99.287812,35.783387],[-99.287914,35.768919],[-99.30558,35.769]]]}},{"type":"Feature","properties":{"applicant":"DEVON ENERGY","legal":"26-14N-20W-IM","section":"26","township":"14N","range":"20W","county":"Custer","status":"Final","cause_number":"2024003434","order_number":"746864"},"geometry":{"type":"Polygon","coordinates":[[[-99.305881,35.653131],[-99.305737,35.667686],[-99.287959,35.667576],[-99.288208,35.65309],[-99.305881,35.653131]]]}},{"type":"Feature","properties":{"applicant":"DUNCAN OIL PROPERTIES; WALTER DUNCAN OIL","legal":"05-15N-19W-IM","section":"05","township":"15N","range":"19W","county":"Custer","status":"Final","cause_number":"2024003873","order_number":"746917"},"geometry":{"type":"Polygon","coordinates":[[[-99.252424,35.797807],[-99.252595,35.812417],[-99.234789,35.812357],[-99.234808,35.797923],[-99.252424,35.797807]]]}},{"type":"Feature","properties":{"applicant":"MEWBOURNE","legal":"33-14N-22W-IM","section":"33","township":"14N","range":"22W","county":"Roger Mills","status":"Final","cause_number":"2024003788","order_number":"746911"},"geometry":{"type":"Polygon","coordinates":[[[-99.553609,35.638894],[-99.553489,35.653374],[-99.535856,35.653384],[-99.53596,35.638866],[-99.553609,35.638894]]]}},{"type":"Feature","properties":{"applicant":"MEWBOURNE","legal":"04-13N-22W-IM","section":"04","township":"13N","range":"22W","county":"Roger Mills","status":"Final","cause_number":"2024003787","order_number":"746910"},"geometry":{"type":"Polygon","coordinates":[[[-99.553681,35.624397],[-99.55361,35.638896],[-99.53596,35.638868],[-99.536017,35.624363],[-99.553681,35.624397]]]}},{"type":"Feature","properties":{"applicant":"CITIZEN ENERGY III","legal":"24-13N-14W-IM","section":"24","township":"13N","range":"14W","county":"Custer","status":"Recommended","cause_number":"2024003422","order_number":"747000"},"geometry":{"type":"Polygon","coordinates":[[[-98.632127,35.594976],[-98.632154,35.580467],[-98.649898,35.580496],[-98.649917,35.595014],[-98.632127,35.594976]]]}},{"type":"Feature","properties":{"applicant":"MEWBOURNE","legal":"01-14N-21W-IM","section":"01","township":"14N","range":"21W","county":"Roger Mills","cause_number":"2023002376","order_number":"747057"},"geometry":{"type":"Polygon","coordinates":[[[-99.394425,35.711224],[-99.394376,35.725679],[-99.376632,35.725672],[-99.376685,35.711221],[-99.394425,35.711224]]]}},{"type":"Feature","properties":{"applicant":"MEWBOURNE","legal":"12-13N-23W-IM","section":"12","township":"13N","range":"23W","county":"Roger Mills","status":"Final","cause_number":"2024003877","order_number":"747074"},"geometry":{"type":"Polygon","coordinates":[[[-99.606796,35.609874],[-99.606614,35.624324],[-99.588921,35.624333],[-99.589071,35.609851],[-99.606796,35.609874]]]}},{"type":"Feature","properties":{"applicant":"MEWBOURNE","legal":"01-13N-23W-IM","section":"01","township":"13N","range":"23W","county":"Roger Mills","status":"Final","cause_number":"2024003877","order_number":"747074"},"geometry":{"type":"Polygon","coordinates":[[[-99.606615,35.624322],[-99.606527,35.6388],[-99.58883,35.638839],[-99.588921,35.624331],[-99.606615,35.624322]]]}},{"type":"Feature","properties":{"applicant":"MEWBOURNE","legal":"24-15N-21W-IM","section":"24","township":"15N","range":"21W","county":"Roger Mills","status":"Final","cause_number":"2025000050","order_number":"747182"},"geometry":{"type":"Polygon","coordinates":[[[-99.394137,35.75452],[-99.394001,35.768951],[-99.376208,35.768805],[-99.376355,35.754377],[-99.394137,35.75452]]]}},{"type":"Feature","properties":{"applicant":"MEWBOURNE","legal":"13-15N-21W-IM","section":"13","township":"15N","range":"21W","county":"Roger Mills","status":"Final","cause_number":"2025000049","order_number":"747181"},"geometry":{"type":"Polygon","coordinates":[[[-99.394001,35.768949],[-99.393857,35.783391],[-99.376061,35.783231],[-99.376209,35.768803],[-99.394001,35.768949]]]}},{"type":"Feature","properties":{"applicant":"JMJ VENTURES LLC","legal":"12-14N-19W-IM","section":"12","township":"14N","range":"19W","county":"Custer","status":"DMOA","cause_number":"2025000194","order_number":"747348"},"geometry":{"type":"Polygon","coordinates":[[[-99.181876,35.696522],[-99.181859,35.711019],[-99.164104,35.711037],[-99.164127,35.696536],[-99.181876,35.696522]]]}},{"type":"Feature","properties":{"applicant":"DUNCAN OIL PROPERTIES; WALTER DUNCAN OIL","legal":"18-14N-18W-IM","section":"18","township":"14N","range":"18W","county":"Custer","status":"Recommended","cause_number":"2024003727","order_number":"747381"},"geometry":{"type":"Polygon","coordinates":[[[-99.164163,35.682047],[-99.164128,35.696538],[-99.146337,35.696454],[-99.146346,35.681969],[-99.164163,35.682047]]]}},{"type":"Feature","properties":{"applicant":"MEWBOURNE","legal":"01-14N-21W-IM","section":"01","township":"14N","range":"21W","county":"Roger Mills","cause_number":"2023002376","order_number":"747493"},"geometry":{"type":"Polygon","coordinates":[[[-99.394425,35.711224],[-99.394376,35.725679],[-99.376632,35.725672],[-99.376685,35.711221],[-99.394425,35.711224]]]}},{"type":"Feature","properties":{"applicant":"DEVON ENERGY","legal":"20-12N-20W-IM","section":"20","township":"12N","range":"20W","county":"Custer","status":"Continued","cause_number":"2025000697"},"geometry":{"type":"Polygon","coordinates":[[[-99.34678,35.494413],[-99.346789,35.508916],[-99.329065,35.508883],[-99.329069,35.494398],[-99.34678,35.494413]]]}},{"type":"Feature","properties":{"applicant":"DEVON ENERGY","legal":"17-12N-20W-IM","section":"17","township":"12N","range":"20W","county":"Custer","status":"Continued","cause_number":"2025000696"},"geometry":{"type":"Polygon","coordinates":[[[-99.346789,35.508914],[-99.346793,35.523413],[-99.329072,35.523382],[-99.329065,35.508881],[-99.346789,35.508914]]]}},{"type":"Feature","properties":{"applicant":"MEWBOURNE","legal":"01-12N-21W-IM","section":"01","township":"12N","range":"21W","county":"Roger Mills","status":"Final","cause_number":"2025000018","order_number":"747510"},"geometry":{"type":"Polygon","coordinates":[[[-99.381811,35.537921],[-99.381792,35.55176],[-99.364106,35.551747],[-99.364111,35.537859],[-99.381811,35.537921]]]}},{"type":"Feature","properties":{"applicant":"DEVON ENERGY","legal":"19-13N-20W-IM","section":"19","township":"13N","range":"20W","county":"Custer","status":"Continued","cause_number":"2025000762"},"geometry":{"type":"Polygon","coordinates":[[[-99.377036,35.580785],[-99.377007,35.595317],[-99.359332,35.595266],[-99.359336,35.580734],[-99.377036,35.580785]]]}},{"type":"Feature","properties":{"applicant":"MEWBOURNE","legal":"17-13N-21W-IM","section":"17","township":"13N","range":"21W","county":"Roger Mills","status":"Final","cause_number":"2025000419","order_number":"748168"},"geometry":{"type":"Polygon","coordinates":[[[-99.465676,35.595306],[-99.465637,35.609803],[-99.447895,35.609833],[-99.447928,35.595325],[-99.465676,35.595306]]]}},{"type":"Feature","properties":{"applicant":"MEWBOURNE","legal":"14-15N-20W-IM","section":"14","township":"15N","range":"20W","county":"Custer","status":"DMOA","cause_number":"2024000390","order_number":"748154"},"geometry":{"type":"Polygon","coordinates":[[[-99.30558,35.769],[-99.305497,35.783441],[-99.287812,35.783387],[-99.287914,35.768919],[-99.30558,35.769]]]}},{"type":"Feature","properties":{"applicant":"MEWBOURNE","legal":"11-15N-20W-IM","section":"11","township":"15N","range":"20W","county":"Custer","status":"DMOA","cause_number":"2024000390","order_number":"748154"},"geometry":{"type":"Polygon","coordinates":[[[-99.305497,35.783439],[-99.305391,35.797882],[-99.28773,35.797845],[-99.287812,35.783385],[-99.305497,35.783439]]]}},{"type":"Feature","properties":{"applicant":"DEVON ENERGY","legal":"34-14N-20W-IM","section":"34","township":"14N","range":"20W","county":"Custer","status":"Final","cause_number":"2025000333","order_number":"748204"},"geometry":{"type":"Polygon","coordinates":[[[-99.323759,35.638766],[-99.323596,35.653245],[-99.30588,35.653133],[-99.305935,35.638712],[-99.323759,35.638766]]]}},{"type":"Feature","properties":{"applicant":"MEWBOURNE","legal":"12-12N-21W-IM","section":"12","township":"12N","range":"21W","county":"Roger Mills","status":"Final","cause_number":"2025000019","order_number":"748235"},"geometry":{"type":"Polygon","coordinates":[[[-99.381847,35.523393],[-99.381811,35.537923],[-99.364111,35.537861],[-99.364122,35.523368],[-99.381847,35.523393]]]}},{"type":"Feature","properties":{"applicant":"NADEL & GUSSMAN","legal":"12-13N-20W-IM","section":"12","township":"13N","range":"20W","county":"Custer","status":"Dismissed","cause_number":"2023002880","order_number":"748306"},"geometry":{"type":"Polygon","coordinates":[[[-99.288319,35.624177],[-99.270552,35.624215],[-99.270663,35.609667],[-99.28836,35.609649],[-99.288319,35.624177]]]}},{"type":"Feature","properties":{"applicant":"NADEL & GUSSMAN","legal":"01-13N-20W-IM","section":"01","township":"13N","range":"20W","county":"Custer","status":"Dismissed","cause_number":"2023002880","order_number":"748306"},"geometry":{"type":"Polygon","coordinates":[[[-99.288192,35.638706],[-99.270455,35.638694],[-99.270552,35.624213],[-99.288319,35.624175],[-99.288192,35.638706]]]}},{"type":"Feature","properties":{"applicant":"MEWBOURNE","legal":"30-13N-21W-IM","section":"30","township":"13N","range":"21W","county":"Roger Mills","status":"Final","cause_number":"2025000646","order_number":"748350"},"geometry":{"type":"Polygon","coordinates":[[[-99.483346,35.566289],[-99.483286,35.580789],[-99.465708,35.58081],[-99.465729,35.5663],[-99.483346,35.566289]]]}},{"type":"Feature","properties":{"applicant":"MEWBOURNE","legal":"29-15N-20W-IM","section":"29","township":"15N","range":"20W","county":"Custer","status":"Final","cause_number":"2025000541","order_number":"748347"},"geometry":{"type":"Polygon","coordinates":[[[-99.358967,35.740102],[-99.358867,35.754568],[-99.341093,35.754598],[-99.341163,35.740134],[-99.358967,35.740102]]]}},{"type":"Feature","properties":{"applicant":"MEWBOURNE","legal":"20-15N-20W-IM","section":"20","township":"15N","range":"20W","county":"Custer","status":"Final","cause_number":"2025000541","order_number":"748347"},"geometry":{"type":"Polygon","coordinates":[[[-99.358867,35.754566],[-99.358849,35.768961],[-99.340957,35.76904],[-99.341093,35.754597],[-99.358867,35.754566]]]}},{"type":"Feature","properties":{"applicant":"MEWBOURNE","legal":"36-14N-21W-IM","section":"36","township":"14N","range":"21W","county":"Roger Mills","status":"Recommended","cause_number":"2024003220","order_number":"748389"},"geometry":{"type":"Polygon","coordinates":[[[-99.394632,35.638834],[-99.394488,35.653334],[-99.376928,35.653321],[-99.376938,35.638891],[-99.394632,35.638834]]]}},{"type":"Feature","properties":{"applicant":"MEWBOURNE","legal":"30-13N-23W-IM","section":"30","township":"13N","range":"23W","county":"Roger Mills","status":"Recommended","cause_number":"2025000652","order_number":"748438"},"geometry":{"type":"Polygon","coordinates":[[[-99.695945,35.566552],[-99.695845,35.581016],[-99.678087,35.580975],[-99.678182,35.566518],[-99.695945,35.566552]]]}},{"type":"Feature","properties":{"applicant":"MEWBOURNE","legal":"19-13N-23W-IM","section":"19","township":"13N","range":"23W","county":"Roger Mills","status":"Recommended","cause_number":"2025000652","order_number":"748438"},"geometry":{"type":"Polygon","coordinates":[[[-99.695845,35.581014],[-99.695734,35.595435],[-99.678035,35.595429],[-99.678087,35.580973],[-99.695845,35.581014]]]}},{"type":"Feature","properties":{"applicant":"MEWBOURNE","legal":"18-13N-23W-IM","section":"18","township":"13N","range":"23W","county":"Roger Mills","status":"Recommended","cause_number":"2025000647","order_number":"748437"},"geometry":{"type":"Polygon","coordinates":[[[-99.695734,35.595433],[-99.695638,35.609906],[-99.678049,35.609884],[-99.678035,35.595427],[-99.695734,35.595433]]]}},{"type":"Feature","properties":{"applicant":"MEWBOURNE","legal":"07-13N-23W-IM","section":"07","township":"13N","range":"23W","county":"Roger Mills","status":"Recommended","cause_number":"2025000647","order_number":"748437"},"geometry":{"type":"Polygon","coordinates":[[[-99.695638,35.609904],[-99.695517,35.624402],[-99.677739,35.624385],[-99.678049,35.609882],[-99.695638,35.609904]]]}},{"type":"Feature","properties":{"applicant":"MEWBOURNE","legal":"19-13N-21W-IM","section":"19","township":"13N","range":"21W","county":"Roger Mills","status":"Continued","cause_number":"2025000645","order_number":"748436"},"geometry":{"type":"Polygon","coordinates":[[[-99.483286,35.580787],[-99.483221,35.595296],[-99.465674,35.595308],[-99.465708,35.580808],[-99.483286,35.580787]]]}},{"type":"Feature","properties":{"applicant":"MEWBOURNE","legal":"07-13N-21W-IM","section":"07","township":"13N","range":"21W","county":"Roger Mills","status":"Recommended","cause_number":"2025000471","order_number":"748476"},"geometry":{"type":"Polygon","coordinates":[[[-99.483173,35.609787],[-99.483111,35.624273],[-99.465609,35.62429],[-99.465636,35.609801],[-99.483173,35.609787]]]}},{"type":"Feature","properties":{"applicant":"MEWBOURNE","legal":"36-14N-21W-IM","section":"36","township":"14N","range":"21W","county":"Roger Mills","status":"Final","cause_number":"2024003220","order_number":"748508"},"geometry":{"type":"Polygon","coordinates":[[[-99.394632,35.638834],[-99.394488,35.653334],[-99.376928,35.653321],[-99.376938,35.638891],[-99.394632,35.638834]]]}},{"type":"Feature","properties":{"applicant":"NADEL & GUSSMAN","legal":"32-14N-19W-IM","section":"32","township":"14N","range":"19W","county":"Custer","status":"Final","cause_number":"2023002862","order_number":"748579"},"geometry":{"type":"Polygon","coordinates":[[[-99.252882,35.638669],[-99.25284,35.653175],[-99.235128,35.653138],[-99.235122,35.638651],[-99.252882,35.638669]]]}},{"type":"Feature","properties":{"applicant":"NADEL & GUSSMAN","legal":"29-14N-19W-IM","section":"29","township":"14N","range":"19W","county":"Custer","status":"Final","cause_number":"2023002862","order_number":"748579"},"geometry":{"type":"Polygon","coordinates":[[[-99.25284,35.653173],[-99.252827,35.667651],[-99.235132,35.667619],[-99.235127,35.653136],[-99.25284,35.653173]]]}},{"type":"Feature","properties":{"applicant":"MEWBOURNE","legal":"31-15N-19W-IM","section":"31","township":"15N","range":"19W","county":"Custer","status":"Recommended","cause_number":"2025000331","order_number":"748600"},"geometry":{"type":"Polygon","coordinates":[[[-99.270385,35.725582],[-99.270338,35.74002],[-99.252712,35.740052],[-99.252823,35.725577],[-99.270385,35.725582]]]}},{"type":"Feature","properties":{"applicant":"DUNCAN OIL PROPERTIES; WALTER DUNCAN OIL","legal":"07-14N-18W-IM","section":"07","township":"14N","range":"18W","county":"Custer","status":"Final","cause_number":"2024003726","order_number":"748595"},"geometry":{"type":"Polygon","coordinates":[[[-99.164128,35.696536],[-99.164106,35.711038],[-99.146298,35.710912],[-99.146337,35.696452],[-99.164128,35.696536]]]}},{"type":"Feature","properties":{"applicant":"CITIZEN ENERGY III","legal":"13-13N-14W-IM","section":"13","township":"13N","range":"14W","county":"Custer","status":"Final","cause_number":"2024003420","order_number":"748594"},"geometry":{"type":"Polygon","coordinates":[[[-98.632127,35.594974],[-98.649917,35.595012],[-98.649949,35.609534],[-98.632125,35.609498],[-98.632127,35.594974]]]}},{"type":"Feature","properties":{"applicant":"CITIZEN ENERGY III","legal":"12-13N-14W-IM","section":"12","township":"13N","range":"14W","county":"Custer","status":"Final","cause_number":"2024003420","order_number":"748594"},"geometry":{"type":"Polygon","coordinates":[[[-98.632125,35.609497],[-98.649949,35.609532],[-98.649938,35.624006],[-98.632136,35.623994],[-98.632125,35.609497]]]}},{"type":"Feature","properties":{"applicant":"CITIZEN ENERGY III","legal":"23-13N-14W-IM","section":"23","township":"13N","range":"14W","county":"Custer","status":"Final","cause_number":"2024003418","order_number":"748593"},"geometry":{"type":"Polygon","coordinates":[[[-98.649916,35.595014],[-98.649896,35.580496],[-98.667714,35.580512],[-98.667725,35.595015],[-98.649916,35.595014]]]}},{"type":"Feature","properties":{"applicant":"CITIZEN ENERGY III","legal":"14-13N-14W-IM","section":"14","township":"13N","range":"14W","county":"Custer","status":"Final","cause_number":"2024003416","order_number":"748592"},"geometry":{"type":"Polygon","coordinates":[[[-98.649915,35.595012],[-98.667725,35.595013],[-98.667738,35.609494],[-98.649947,35.609534],[-98.649915,35.595012]]]}},{"type":"Feature","properties":{"applicant":"CITIZEN ENERGY III","legal":"11-13N-14W-IM","section":"11","township":"13N","range":"14W","county":"Custer","status":"Final","cause_number":"2024003416","order_number":"748592"},"geometry":{"type":"Polygon","coordinates":[[[-98.667737,35.609492],[-98.667736,35.623991],[-98.649936,35.624007],[-98.649947,35.609532],[-98.667737,35.609492]]]}},{"type":"Feature","properties":{"applicant":"DEVON ENERGY","legal":"02-13N-21W-IM","section":"02","township":"13N","range":"21W","county":"Roger Mills","status":"Final","cause_number":"2025000727","order_number":"748653"},"geometry":{"type":"Polygon","coordinates":[[[-99.412367,35.624358],[-99.412373,35.638829],[-99.39463,35.638836],[-99.394705,35.624395],[-99.412367,35.624358]]]}},{"type":"Feature","properties":{"applicant":"MEWBOURNE","legal":"33-14N-21W-IM","section":"33","township":"14N","range":"21W","county":"Roger Mills","status":"Final","cause_number":"2025000540","order_number":"748647"},"geometry":{"type":"Polygon","coordinates":[[[-99.447858,35.638807],[-99.447782,35.653299],[-99.430053,35.65331],[-99.430111,35.638836],[-99.447858,35.638807]]]}},{"type":"Feature","properties":{"applicant":"MEWBOURNE","legal":"17-13N-21W-IM","section":"17","township":"13N","range":"21W","county":"Roger Mills","status":"Final","cause_number":"2025000773","order_number":"748809"},"geometry":{"type":"Polygon","coordinates":[[[-99.465676,35.595306],[-99.465637,35.609803],[-99.447895,35.609833],[-99.447928,35.595325],[-99.465676,35.595306]]]}},{"type":"Feature","properties":{"applicant":"MEWBOURNE","legal":"16-15N-20W-IM","section":"16","township":"15N","range":"20W","county":"Custer","status":"Recommended","cause_number":"2024003027","order_number":"748868"},"geometry":{"type":"Polygon","coordinates":[[[-99.340959,35.769038],[-99.340882,35.783388],[-99.323111,35.783471],[-99.323203,35.769025],[-99.340959,35.769038]]]}},{"type":"Feature","properties":{"applicant":"DEVON ENERGY","legal":"06-13N-20W-IM","section":"06","township":"13N","range":"20W","county":"Custer","status":"Final","cause_number":"2025000789","order_number":"749047"},"geometry":{"type":"Polygon","coordinates":[[[-99.376987,35.624419],[-99.376939,35.638893],[-99.359259,35.638789],[-99.359367,35.624307],[-99.376987,35.624419]]]}},{"type":"Feature","properties":{"applicant":"MEWBOURNE","legal":"18-13N-21W-IM","section":"18","township":"13N","range":"21W","county":"Roger Mills","status":"Final","cause_number":"2025000472","order_number":"749043"},"geometry":{"type":"Polygon","coordinates":[[[-99.483173,35.609789],[-99.465635,35.609803],[-99.465675,35.595306],[-99.483221,35.595294],[-99.483173,35.609789]]]}},{"type":"Feature","properties":{"applicant":"DUNCAN OIL PROPERTIES; WALTER DUNCAN OIL","legal":"05-15N-19W-IM","section":"05","township":"15N","range":"19W","county":"Custer","status":"Final","cause_number":"2025000462","order_number":"749042"},"geometry":{"type":"Polygon","coordinates":[[[-99.252424,35.797807],[-99.252595,35.812417],[-99.234789,35.812357],[-99.234808,35.797923],[-99.252424,35.797807]]]}},{"type":"Feature","properties":{"applicant":"DEVON ENERGY","legal":"27-14N-20W-IM","section":"27","township":"14N","range":"20W","county":"Custer","status":"TUA","cause_number":"2025000332","order_number":"749037"},"geometry":{"type":"Polygon","coordinates":[[[-99.323596,35.653243],[-99.323486,35.667775],[-99.305735,35.667686],[-99.305879,35.653131],[-99.323596,35.653243]]]}},{"type":"Feature","properties":{"applicant":"MEWBOURNE","legal":"13-13N-22W-IM","section":"13","township":"13N","range":"22W","county":"Roger Mills","status":"Recommended","cause_number":"2025001018","order_number":"749124"},"geometry":{"type":"Polygon","coordinates":[[[-99.500855,35.595306],[-99.50079,35.609791],[-99.483171,35.609789],[-99.483219,35.595294],[-99.500855,35.595306]]]}},{"type":"Feature","properties":{"applicant":"MEWBOURNE","legal":"12-13N-22W-IM","section":"12","township":"13N","range":"22W","county":"Roger Mills","status":"Recommended","cause_number":"2025001017","order_number":"749123"},"geometry":{"type":"Polygon","coordinates":[[[-99.50079,35.609789],[-99.500722,35.624292],[-99.483109,35.624273],[-99.483172,35.609787],[-99.50079,35.609789]]]}},{"type":"Feature","properties":{"applicant":"MEWBOURNE","legal":"10-12N-21W-IM","section":"10","township":"12N","range":"21W","county":"Roger Mills","status":"Continued","cause_number":"2025001573"},"geometry":{"type":"Polygon","coordinates":[[[-99.417291,35.523425],[-99.417324,35.537928],[-99.399534,35.537915],[-99.399551,35.523407],[-99.417291,35.523425]]]}},{"type":"Feature","properties":{"applicant":"MEWBOURNE","legal":"03-12N-21W-IM","section":"03","township":"12N","range":"21W","county":"Roger Mills","status":"Continued","cause_number":"2025001572"},"geometry":{"type":"Polygon","coordinates":[[[-99.417323,35.537926],[-99.41736,35.551784],[-99.399523,35.551775],[-99.399534,35.537914],[-99.417323,35.537926]]]}},{"type":"Feature","properties":{"applicant":"MEWBOURNE","legal":"11-13N-17W-IM","section":"11","township":"13N","range":"17W","county":"Custer","status":"TUA","cause_number":"2025001095","order_number":"749278"},"geometry":{"type":"Polygon","coordinates":[[[-98.986756,35.609486],[-98.986754,35.623995],[-98.969014,35.624003],[-98.969031,35.609474],[-98.986756,35.609486]]]}},{"type":"Feature","properties":{"applicant":"CRAWLEY PETROLEUM","legal":"35-14N-23W-IM","section":"35","township":"14N","range":"23W","county":"Roger Mills","status":"Final","cause_number":"2025001020","order_number":"749685"},"geometry":{"type":"Polygon","coordinates":[[[-99.624225,35.638802],[-99.624122,35.65329],[-99.606416,35.653276],[-99.606525,35.638798],[-99.624225,35.638802]]]}},{"type":"Feature","properties":{"applicant":"CRAWLEY PETROLEUM","legal":"02-13N-23W-IM","section":"02","township":"13N","range":"23W","county":"Roger Mills","status":"Final","cause_number":"2025001020","order_number":"749685"},"geometry":{"type":"Polygon","coordinates":[[[-99.624393,35.624352],[-99.624225,35.638804],[-99.606525,35.6388],[-99.606613,35.624322],[-99.624393,35.624352]]]}},{"type":"Feature","properties":{"applicant":"KING ENERGY","legal":"30-11N-23W-IM","section":"30","township":"11N","range":"23W","county":"Beckham","status":"Final","cause_number":"2025000875","order_number":"749683"},"geometry":{"type":"Polygon","coordinates":[[[-99.68199,35.392804],[-99.681972,35.407291],[-99.664373,35.407284],[-99.664391,35.392785],[-99.68199,35.392804]]]}},{"type":"Feature","properties":{"applicant":"DUNCAN OIL PROPERTIES; WALTER DUNCAN OIL","legal":"28-15N-19W-IM","section":"28","township":"15N","range":"19W","county":"Custer","status":"Final","cause_number":"2024003848","order_number":"749868"},"geometry":{"type":"Polygon","coordinates":[[[-99.235002,35.74004],[-99.234928,35.75451],[-99.217211,35.754514],[-99.217275,35.740053],[-99.235002,35.74004]]]}},{"type":"Feature","properties":{"applicant":"DUNCAN OIL PROPERTIES; WALTER DUNCAN OIL","legal":"21-15N-19W-IM","section":"21","township":"15N","range":"19W","county":"Custer","status":"Final","cause_number":"2024003848","order_number":"749868"},"geometry":{"type":"Polygon","coordinates":[[[-99.234928,35.754508],[-99.234884,35.768971],[-99.217156,35.768986],[-99.217211,35.754512],[-99.234928,35.754508]]]}},{"type":"Feature","properties":{"applicant":"MEWBOURNE","legal":"24-13N-23W-IM","section":"24","township":"13N","range":"23W","county":"Roger Mills","status":"Dismissed","cause_number":"2025001202","order_number":"749979"},"geometry":{"type":"Polygon","coordinates":[[[-99.607061,35.580884],[-99.606945,35.595385],[-99.589183,35.595382],[-99.589296,35.580883],[-99.607061,35.580884]]]}},{"type":"Feature","properties":{"applicant":"MEWBOURNE","legal":"13-13N-23W-IM","section":"13","township":"13N","range":"23W","county":"Roger Mills","status":"Dismissed","cause_number":"2025001202","order_number":"749979"},"geometry":{"type":"Polygon","coordinates":[[[-99.606945,35.595383],[-99.606796,35.609876],[-99.589071,35.609852],[-99.589183,35.59538],[-99.606945,35.595383]]]}},{"type":"Feature","properties":{"applicant":"NADEL & GUSSMAN","legal":"23-13N-20W-IM","section":"23","township":"13N","range":"20W","county":"Custer","status":"Recommended","cause_number":"2025001128","order_number":"749978"},"geometry":{"type":"Polygon","coordinates":[[[-99.306146,35.580673],[-99.306076,35.595211],[-99.288352,35.595117],[-99.288496,35.58061],[-99.306146,35.580673]]]}},{"type":"Feature","properties":{"applicant":"NADEL & GUSSMAN","legal":"14-13N-20W-IM","section":"14","township":"13N","range":"20W","county":"Custer","status":"Recommended","cause_number":"2025001128","order_number":"749978"},"geometry":{"type":"Polygon","coordinates":[[[-99.306076,35.595209],[-99.30605,35.609755],[-99.288359,35.609651],[-99.288352,35.595115],[-99.306076,35.595209]]]}},{"type":"Feature","properties":{"applicant":"DEVON ENERGY","legal":"35-14N-21W-IM","section":"35","township":"14N","range":"21W","county":"Roger Mills","status":"Continued","cause_number":"2025000730","order_number":"749991"},"geometry":{"type":"Polygon","coordinates":[[[-99.412373,35.638827],[-99.412308,35.653334],[-99.394486,35.653334],[-99.394631,35.638834],[-99.412373,35.638827]]]}},{"type":"Feature","properties":{"applicant":"DUNCAN OIL PROPERTIES; WALTER DUNCAN OIL","legal":"02-14N-19W-IM","section":"02","township":"14N","range":"19W","county":"Custer","status":"Final","cause_number":"2024003488","order_number":"749997"},"geometry":{"type":"Polygon","coordinates":[[[-99.199605,35.711055],[-99.199605,35.725558],[-99.181848,35.725541],[-99.181858,35.711017],[-99.199605,35.711055]]]}},{"type":"Feature","properties":{"applicant":"MEWBOURNE","legal":"16-15N-20W-IM","section":"16","township":"15N","range":"20W","county":"Custer","status":"Recommended","cause_number":"2024003027","order_number":"750018"},"geometry":{"type":"Polygon","coordinates":[[[-99.340959,35.769038],[-99.340882,35.783388],[-99.323111,35.783471],[-99.323203,35.769025],[-99.340959,35.769038]]]}},{"type":"Feature","properties":{"applicant":"MEWBOURNE","legal":"18-13N-23W-IM","section":"18","township":"13N","range":"23W","county":"Roger Mills","status":"Final","cause_number":"2025000647","order_number":"750094"},"geometry":{"type":"Polygon","coordinates":[[[-99.695734,35.595433],[-99.695638,35.609906],[-99.678049,35.609884],[-99.678035,35.595427],[-99.695734,35.595433]]]}},{"type":"Feature","properties":{"applicant":"MEWBOURNE","legal":"07-13N-23W-IM","section":"07","township":"13N","range":"23W","county":"Roger Mills","status":"Final","cause_number":"2025000647","order_number":"750094"},"geometry":{"type":"Polygon","coordinates":[[[-99.695638,35.609904],[-99.695517,35.624402],[-99.677739,35.624385],[-99.678049,35.609882],[-99.695638,35.609904]]]}},{"type":"Feature","properties":{"applicant":"MEWBOURNE","legal":"30-15N-20W-IM","section":"30","township":"15N","range":"20W","county":"Custer","status":"TUA","cause_number":"2023002424","order_number":"750109"},"geometry":{"type":"Polygon","coordinates":[[[-99.376584,35.740091],[-99.376356,35.754379],[-99.358865,35.754568],[-99.358965,35.740102],[-99.376584,35.740091]]]}},{"type":"Feature","properties":{"applicant":"MEWBOURNE","legal":"19-15N-20W-IM","section":"19","township":"15N","range":"20W","county":"Custer","status":"TUA","cause_number":"2023002424","order_number":"750109"},"geometry":{"type":"Polygon","coordinates":[[[-99.376356,35.754377],[-99.37621,35.768805],[-99.358847,35.768961],[-99.358865,35.754566],[-99.376356,35.754377]]]}},{"type":"Feature","properties":{"applicant":"MEWBOURNE","legal":"27-13N-21W-IM","section":"27","township":"13N","range":"21W","county":"Roger Mills","status":"DMOA","cause_number":"2025001570","order_number":"750147"},"geometry":{"type":"Polygon","coordinates":[[[-99.430261,35.566319],[-99.430243,35.580829],[-99.412461,35.580802],[-99.412507,35.566297],[-99.430261,35.566319]]]}},{"type":"Feature","properties":{"applicant":"JMA ENERGY; YUKON TRADING","legal":"10-12N-20W-IM","section":"10","township":"12N","range":"20W","county":"Custer","status":"Continued","cause_number":"2025001543","order_number":"750186"},"geometry":{"type":"Polygon","coordinates":[[[-99.31133,35.523369],[-99.311317,35.537905],[-99.293636,35.537897],[-99.293629,35.523364],[-99.31133,35.523369]]]}},{"type":"Feature","properties":{"applicant":"JMA ENERGY; YUKON TRADING","legal":"03-12N-20W-IM","section":"03","township":"12N","range":"20W","county":"Custer","status":"Continued","cause_number":"2025001543","order_number":"750186"},"geometry":{"type":"Polygon","coordinates":[[[-99.311317,35.537903],[-99.31131,35.551656],[-99.293642,35.551628],[-99.293636,35.537895],[-99.311317,35.537903]]]}},{"type":"Feature","properties":{"applicant":"MEWBOURNE","legal":"10-12N-20W-IM","section":"10","township":"12N","range":"20W","county":"Custer","status":"Continued","cause_number":"2025001494","order_number":"750186"},"geometry":{"type":"Polygon","coordinates":[[[-99.31133,35.523369],[-99.311317,35.537905],[-99.293636,35.537897],[-99.293629,35.523364],[-99.31133,35.523369]]]}},{"type":"Feature","properties":{"applicant":"MEWBOURNE","legal":"03-12N-20W-IM","section":"03","township":"12N","range":"20W","county":"Custer","status":"Continued","cause_number":"2025001494","order_number":"750186"},"geometry":{"type":"Polygon","coordinates":[[[-99.311317,35.537903],[-99.31131,35.551656],[-99.293642,35.551628],[-99.293636,35.537895],[-99.311317,35.537903]]]}},{"type":"Feature","properties":{"applicant":"MEWBOURNE","legal":"07-13N-21W-IM","section":"07","township":"13N","range":"21W","county":"Roger Mills","status":"Final","cause_number":"2025000471","order_number":"750251"},"geometry":{"type":"Polygon","coordinates":[[[-99.483173,35.609787],[-99.483111,35.624273],[-99.465609,35.62429],[-99.465636,35.609801],[-99.483173,35.609787]]]}},{"type":"Feature","properties":{"applicant":"MEWBOURNE","legal":"15-13N-22W-IM","section":"15","township":"13N","range":"22W","county":"Roger Mills","status":"TUA","cause_number":"2025001447","order_number":"750392"},"geometry":{"type":"Polygon","coordinates":[[[-99.536141,35.595369],[-99.536077,35.609867],[-99.518427,35.609818],[-99.51847,35.595335],[-99.536141,35.595369]]]}},{"type":"Feature","properties":{"applicant":"MEWBOURNE","legal":"12-13N-23W-IM","section":"12","township":"13N","range":"23W","county":"Roger Mills","status":"Final","cause_number":"2025001524","order_number":"750489"},"geometry":{"type":"Polygon","coordinates":[[[-99.606796,35.609874],[-99.606614,35.624324],[-99.588921,35.624333],[-99.589071,35.609851],[-99.606796,35.609874]]]}},{"type":"Feature","properties":{"applicant":"MEWBOURNE","legal":"01-13N-23W-IM","section":"01","township":"13N","range":"23W","county":"Roger Mills","status":"Final","cause_number":"2025001524","order_number":"750489"},"geometry":{"type":"Polygon","coordinates":[[[-99.606615,35.624322],[-99.606527,35.6388],[-99.58883,35.638839],[-99.588921,35.624331],[-99.606615,35.624322]]]}},{"type":"Feature","properties":{"applicant":"MEWBOURNE","legal":"34-13N-21W-IM","section":"34","township":"13N","range":"21W","county":"Roger Mills","status":"Continued","cause_number":"2025001571","order_number":"750512"},"geometry":{"type":"Polygon","coordinates":[[[-99.430264,35.551802],[-99.430261,35.566321],[-99.412507,35.566299],[-99.412535,35.551779],[-99.430264,35.551802]]]}},{"type":"Feature","properties":{"applicant":"DEVON ENERGY","legal":"30-13N-20W-IM","section":"30","township":"13N","range":"20W","county":"Custer","status":"Final","cause_number":"2025001574","order_number":"750569"},"geometry":{"type":"Polygon","coordinates":[[[-99.377072,35.566267],[-99.377036,35.580787],[-99.359336,35.580736],[-99.359349,35.566219],[-99.377072,35.566267]]]}},{"type":"Feature","properties":{"applicant":"DUNCAN OIL PROPERTIES; WALTER DUNCAN OIL","legal":"11-14N-19W-IM","section":"11","township":"14N","range":"19W","county":"Custer","status":"Final","cause_number":"2024003489","order_number":"750558"},"geometry":{"type":"Polygon","coordinates":[[[-99.199615,35.696563],[-99.199605,35.711057],[-99.181859,35.711019],[-99.181874,35.696522],[-99.199615,35.696563]]]}},{"type":"Feature","properties":{"applicant":"MEWBOURNE","legal":"11-13N-17W-IM","section":"11","township":"13N","range":"17W","county":"Custer","status":"TUA","cause_number":"2025001095","order_number":"750767"},"geometry":{"type":"Polygon","coordinates":[[[-98.986756,35.609486],[-98.986754,35.623995],[-98.969014,35.624003],[-98.969031,35.609474],[-98.986756,35.609486]]]}},{"type":"Feature","properties":{"applicant":"MEWBOURNE","legal":"27-13N-21W-IM","section":"27","township":"13N","range":"21W","county":"Roger Mills","status":"Final","cause_number":"2025001750","order_number":"750802"},"geometry":{"type":"Polygon","coordinates":[[[-99.430261,35.566319],[-99.430243,35.580829],[-99.412461,35.580802],[-99.412507,35.566297],[-99.430261,35.566319]]]}},{"type":"Feature","properties":{"applicant":"MEWBOURNE","legal":"30-13N-23W-IM","section":"30","township":"13N","range":"23W","county":"Roger Mills","status":"Final","cause_number":"2025000652","order_number":"750792"},"geometry":{"type":"Polygon","coordinates":[[[-99.695945,35.566552],[-99.695845,35.581016],[-99.678087,35.580975],[-99.678182,35.566518],[-99.695945,35.566552]]]}},{"type":"Feature","properties":{"applicant":"MEWBOURNE","legal":"19-13N-23W-IM","section":"19","township":"13N","range":"23W","county":"Roger Mills","status":"Final","cause_number":"2025000652","order_number":"750792"},"geometry":{"type":"Polygon","coordinates":[[[-99.695845,35.581014],[-99.695734,35.595435],[-99.678035,35.595429],[-99.678087,35.580973],[-99.695845,35.581014]]]}},{"type":"Feature","properties":{"applicant":"NADEL & GUSSMAN","legal":"01-13N-20W-IM","section":"01","township":"13N","range":"20W","county":"Custer","status":"Recommended","cause_number":"2025001554","order_number":"750853"},"geometry":{"type":"Polygon","coordinates":[[[-99.288192,35.638706],[-99.270455,35.638694],[-99.270552,35.624213],[-99.288319,35.624175],[-99.288192,35.638706]]]}},{"type":"Feature","properties":{"applicant":"MEWBOURNE","legal":"09-12N-21W-IM","section":"09","township":"12N","range":"21W","county":"Roger Mills","status":"Final","cause_number":"2025001732","order_number":"750897"},"geometry":{"type":"Polygon","coordinates":[[[-99.434981,35.523445],[-99.435002,35.537908],[-99.417322,35.537928],[-99.417289,35.523425],[-99.434981,35.523445]]]}},{"type":"Feature","properties":{"applicant":"MEWBOURNE","legal":"19-13N-21W-IM","section":"19","township":"13N","range":"21W","county":"Roger Mills","status":"Continued","cause_number":"2025000645","order_number":"750911"},"geometry":{"type":"Polygon","coordinates":[[[-99.483286,35.580787],[-99.483221,35.595296],[-99.465674,35.595308],[-99.465708,35.580808],[-99.483286,35.580787]]]}},{"type":"Feature","properties":{"applicant":"MEWBOURNE","legal":"15-13N-22W-IM","section":"15","township":"13N","range":"22W","county":"Roger Mills","status":"Continued","cause_number":"2025000852","order_number":"750980"},"geometry":{"type":"Polygon","coordinates":[[[-99.536141,35.595369],[-99.536077,35.609867],[-99.518427,35.609818],[-99.51847,35.595335],[-99.536141,35.595369]]]}},{"type":"Feature","properties":{"applicant":"MEWBOURNE","legal":"10-13N-22W-IM","section":"10","township":"13N","range":"22W","county":"Roger Mills","status":"Continued","cause_number":"2025000851","order_number":"750979"},"geometry":{"type":"Polygon","coordinates":[[[-99.536077,35.609865],[-99.536019,35.624365],[-99.518425,35.624315],[-99.518427,35.609817],[-99.536077,35.609865]]]}},{"type":"Feature","properties":{"applicant":"MEWBOURNE","legal":"14-13N-22W-IM","section":"14","township":"13N","range":"22W","county":"Roger Mills","status":"Recommended","cause_number":"2024003072","order_number":"750978"},"geometry":{"type":"Polygon","coordinates":[[[-99.518472,35.595335],[-99.518428,35.609819],[-99.500789,35.609791],[-99.500853,35.595306],[-99.518472,35.595335]]]}},{"type":"Feature","properties":{"applicant":"MEWBOURNE","legal":"11-13N-22W-IM","section":"11","township":"13N","range":"22W","county":"Roger Mills","status":"Recommended","cause_number":"2024003071","order_number":"750977"},"geometry":{"type":"Polygon","coordinates":[[[-99.518429,35.609817],[-99.518427,35.624315],[-99.500721,35.624292],[-99.500789,35.609789],[-99.518429,35.609817]]]}},{"type":"Feature","properties":{"applicant":"MEWBOURNE","legal":"09-15N-20W-IM","section":"09","township":"15N","range":"20W","county":"Custer","status":"Recommended","cause_number":"2025001844","order_number":"751012"},"geometry":{"type":"Polygon","coordinates":[[[-99.340882,35.783386],[-99.340846,35.797857],[-99.32305,35.79791],[-99.323111,35.783469],[-99.340882,35.783386]]]}},{"type":"Feature","properties":{"applicant":"ARNOLD OIL PROPERTIES","legal":"22-13N-16W-IM","section":"22","township":"13N","range":"16W","county":"Custer","status":"Final","cause_number":"2025001913","order_number":"751074"},"geometry":{"type":"Polygon","coordinates":[[[-98.89801,35.580455],[-98.898055,35.594973],[-98.880385,35.59502],[-98.880374,35.580503],[-98.89801,35.580455]]]}},{"type":"Feature","properties":{"applicant":"ARNOLD OIL PROPERTIES","legal":"15-13N-16W-IM","section":"15","township":"13N","range":"16W","county":"Custer","status":"Final","cause_number":"2025001913","order_number":"751074"},"geometry":{"type":"Polygon","coordinates":[[[-98.898056,35.594971],[-98.898081,35.609496],[-98.880378,35.609509],[-98.880385,35.595018],[-98.898056,35.594971]]]}},{"type":"Feature","properties":{"applicant":"ANTHEM ARAPAHO LLC; ANTHEM ENERGY OPERATING OKLAHOMA LLC","legal":"11-13N-17W-IM","section":"11","township":"13N","range":"17W","county":"Custer","status":"TUA","cause_number":"2025002175","order_number":"751112"},"geometry":{"type":"Polygon","coordinates":[[[-98.986756,35.609486],[-98.986754,35.623995],[-98.969014,35.624003],[-98.969031,35.609474],[-98.986756,35.609486]]]}},{"type":"Feature","properties":{"applicant":"MEWBOURNE","legal":"11-13N-17W-IM","section":"11","township":"13N","range":"17W","county":"Custer","status":"TUA","cause_number":"2025001095","order_number":"751112"},"geometry":{"type":"Polygon","coordinates":[[[-98.986756,35.609486],[-98.986754,35.623995],[-98.969014,35.624003],[-98.969031,35.609474],[-98.986756,35.609486]]]}},{"type":"Feature","properties":{"applicant":"MEWBOURNE","legal":"19-12N-20W-IM","section":"19","township":"12N","range":"20W","county":"Custer","status":"Continued","cause_number":"2025002051","order_number":"751145"},"geometry":{"type":"Polygon","coordinates":[[[-99.364146,35.494391],[-99.364137,35.508879],[-99.346787,35.508916],[-99.346778,35.494413],[-99.364146,35.494391]]]}},{"type":"Feature","properties":{"applicant":"MEWBOURNE","legal":"18-12N-20W-IM","section":"18","township":"12N","range":"20W","county":"Custer","status":"Continued","cause_number":"2025002049","order_number":"751144"},"geometry":{"type":"Polygon","coordinates":[[[-99.364137,35.508877],[-99.364124,35.52337],[-99.346791,35.523412],[-99.346788,35.508914],[-99.364137,35.508877]]]}},{"type":"Feature","properties":{"applicant":"JMA ENERGY; YUKON TRADING","legal":"10-12N-20W-IM","section":"10","township":"12N","range":"20W","county":"Custer","status":"Continued","cause_number":"2025001543","order_number":"751174"},"geometry":{"type":"Polygon","coordinates":[[[-99.31133,35.523369],[-99.311317,35.537905],[-99.293636,35.537897],[-99.293629,35.523364],[-99.31133,35.523369]]]}},{"type":"Feature","properties":{"applicant":"JMA ENERGY; YUKON TRADING","legal":"03-12N-20W-IM","section":"03","township":"12N","range":"20W","county":"Custer","status":"Continued","cause_number":"2025001543","order_number":"751174"},"geometry":{"type":"Polygon","coordinates":[[[-99.311317,35.537903],[-99.31131,35.551656],[-99.293642,35.551628],[-99.293636,35.537895],[-99.311317,35.537903]]]}},{"type":"Feature","properties":{"applicant":"MEWBOURNE","legal":"10-12N-20W-IM","section":"10","township":"12N","range":"20W","county":"Custer","status":"Continued","cause_number":"2025001494","order_number":"751174"},"geometry":{"type":"Polygon","coordinates":[[[-99.31133,35.523369],[-99.311317,35.537905],[-99.293636,35.537897],[-99.293629,35.523364],[-99.31133,35.523369]]]}},{"type":"Feature","properties":{"applicant":"MEWBOURNE","legal":"03-12N-20W-IM","section":"03","township":"12N","range":"20W","county":"Custer","status":"Continued","cause_number":"2025001494","order_number":"751174"},"geometry":{"type":"Polygon","coordinates":[[[-99.311317,35.537903],[-99.31131,35.551656],[-99.293642,35.551628],[-99.293636,35.537895],[-99.311317,35.537903]]]}},{"type":"Feature","properties":{"applicant":"MEWBOURNE","legal":"14-13N-22W-IM","section":"14","township":"13N","range":"22W","county":"Roger Mills","status":"Recommended","cause_number":"2024003072","order_number":"751170"},"geometry":{"type":"Polygon","coordinates":[[[-99.518472,35.595335],[-99.518428,35.609819],[-99.500789,35.609791],[-99.500853,35.595306],[-99.518472,35.595335]]]}},{"type":"Feature","properties":{"applicant":"MEWBOURNE","legal":"11-13N-22W-IM","section":"11","township":"13N","range":"22W","county":"Roger Mills","status":"Recommended","cause_number":"2024003071","order_number":"751170"},"geometry":{"type":"Polygon","coordinates":[[[-99.518429,35.609817],[-99.518427,35.624315],[-99.500721,35.624292],[-99.500789,35.609789],[-99.518429,35.609817]]]}},{"type":"Feature","properties":{"applicant":"DEVON ENERGY","legal":"27-13N-20W-IM","section":"27","township":"13N","range":"20W","county":"Custer","status":"Final","cause_number":"2025000232","order_number":"751206"},"geometry":{"type":"Polygon","coordinates":[[[-99.323896,35.566196],[-99.323859,35.580707],[-99.306144,35.580675],[-99.306194,35.566156],[-99.323896,35.566196]]]}},{"type":"Feature","properties":{"applicant":"DEVON ENERGY","legal":"34-13N-20W-IM","section":"34","township":"13N","range":"20W","county":"Custer","status":"Final","cause_number":"2025000231","order_number":"751205"},"geometry":{"type":"Polygon","coordinates":[[[-99.323928,35.551676],[-99.323896,35.566198],[-99.306195,35.566158],[-99.306207,35.551645],[-99.323928,35.551676]]]}},{"type":"Feature","properties":{"applicant":"DEVON ENERGY","legal":"27-13N-20W-IM","section":"27","township":"13N","range":"20W","county":"Custer","status":"Final","cause_number":"2025000397","order_number":"751326"},"geometry":{"type":"Polygon","coordinates":[[[-99.323896,35.566196],[-99.323859,35.580707],[-99.306144,35.580675],[-99.306194,35.566156],[-99.323896,35.566196]]]}},{"type":"Feature","properties":{"applicant":"NADEL & GUSSMAN","legal":"07-13N-19W-IM","section":"07","township":"13N","range":"19W","county":"Custer","status":"Final","cause_number":"2025002136","order_number":"751386"},"geometry":{"type":"Polygon","coordinates":[[[-99.270664,35.609667],[-99.270554,35.624215],[-99.252909,35.624193],[-99.2529,35.609694],[-99.270664,35.609667]]]}},{"type":"Feature","properties":{"applicant":"NADEL & GUSSMAN","legal":"06-13N-19W-IM","section":"06","township":"13N","range":"19W","county":"Custer","status":"Final","cause_number":"2025002136","order_number":"751386"},"geometry":{"type":"Polygon","coordinates":[[[-99.270553,35.624213],[-99.270456,35.638694],[-99.252881,35.638671],[-99.252908,35.624191],[-99.270553,35.624213]]]}},{"type":"Feature","properties":{"applicant":"DEVON ENERGY","legal":"17-13N-20W-IM","section":"17","township":"13N","range":"20W","county":"Custer","status":"Final","cause_number":"2025001968","order_number":"751378"},"geometry":{"type":"Polygon","coordinates":[[[-99.359333,35.595264],[-99.359354,35.609793],[-99.341556,35.609734],[-99.3416,35.595218],[-99.359333,35.595264]]]}},{"type":"Feature","properties":{"applicant":"DEVON ENERGY","legal":"08-13N-20W-IM","section":"08","township":"13N","range":"20W","county":"Custer","status":"Final","cause_number":"2025001968","order_number":"751378"},"geometry":{"type":"Polygon","coordinates":[[[-99.359355,35.609791],[-99.359368,35.624309],[-99.341523,35.624257],[-99.341556,35.609732],[-99.359355,35.609791]]]}},{"type":"Feature","properties":{"applicant":"CRAWLEY PETROLEUM","legal":"14-13N-23W-IM","section":"14","township":"13N","range":"23W","county":"Roger Mills","status":"Final","cause_number":"2025001583","order_number":"751407"},"geometry":{"type":"Polygon","coordinates":[[[-99.624669,35.59539],[-99.624535,35.609865],[-99.606794,35.609876],[-99.606944,35.595383],[-99.624669,35.59539]]]}},{"type":"Feature","properties":{"applicant":"CRAWLEY PETROLEUM","legal":"11-13N-23W-IM","section":"11","township":"13N","range":"23W","county":"Roger Mills","status":"Final","cause_number":"2025001583","order_number":"751407"},"geometry":{"type":"Polygon","coordinates":[[[-99.624535,35.609863],[-99.624393,35.624354],[-99.606613,35.624324],[-99.606794,35.609874],[-99.624535,35.609863]]]}},{"type":"Feature","properties":{"applicant":"MEWBOURNE","legal":"09-15N-20W-IM","section":"09","township":"15N","range":"20W","county":"Custer","status":"Recommended","cause_number":"2025001844","order_number":"751414"},"geometry":{"type":"Polygon","coordinates":[[[-99.340882,35.783386],[-99.340846,35.797857],[-99.32305,35.79791],[-99.323111,35.783469],[-99.340882,35.783386]]]}},{"type":"Feature","properties":{"applicant":"MEWBOURNE","legal":"09-15N-20W-IM","section":"09","township":"15N","range":"20W","county":"Custer","status":"Recommended","cause_number":"2025001844","order_number":"751462"},"geometry":{"type":"Polygon","coordinates":[[[-99.340882,35.783386],[-99.340846,35.797857],[-99.32305,35.79791],[-99.323111,35.783469],[-99.340882,35.783386]]]}},{"type":"Feature","properties":{"applicant":"DEVON ENERGY","legal":"27-13N-20W-IM","section":"27","township":"13N","range":"20W","county":"Custer","status":"Continued","cause_number":"2025000397","order_number":"751478"},"geometry":{"type":"Polygon","coordinates":[[[-99.323896,35.566196],[-99.323859,35.580707],[-99.306144,35.580675],[-99.306194,35.566156],[-99.323896,35.566196]]]}},{"type":"Feature","properties":{"applicant":"DEVON ENERGY","legal":"34-13N-20W-IM","section":"34","township":"13N","range":"20W","county":"Custer","status":"Continued","cause_number":"2025000231","order_number":"751477"},"geometry":{"type":"Polygon","coordinates":[[[-99.323928,35.551676],[-99.323896,35.566198],[-99.306195,35.566158],[-99.306207,35.551645],[-99.323928,35.551676]]]}},{"type":"Feature","properties":{"applicant":"MEWBOURNE","legal":"26-13N-23W-IM","section":"26","township":"13N","range":"23W","county":"Roger Mills","status":"Final","cause_number":"2025002306","order_number":"751588"},"geometry":{"type":"Polygon","coordinates":[[[-99.62487,35.566464],[-99.624785,35.580928],[-99.607059,35.580886],[-99.607144,35.566409],[-99.62487,35.566464]]]}},{"type":"Feature","properties":{"applicant":"MEWBOURNE","legal":"23-13N-23W-IM","section":"23","township":"13N","range":"23W","county":"Roger Mills","status":"Final","cause_number":"2025002306","order_number":"751588"},"geometry":{"type":"Polygon","coordinates":[[[-99.624784,35.580926],[-99.624669,35.595392],[-99.606943,35.595385],[-99.607059,35.580884],[-99.624784,35.580926]]]}},{"type":"Feature","properties":{"applicant":"MEWBOURNE","legal":"09-15N-20W-IM","section":"09","township":"15N","range":"20W","county":"Custer","status":"Final","cause_number":"2025002395","order_number":"751680"},"geometry":{"type":"Polygon","coordinates":[[[-99.340882,35.783386],[-99.340846,35.797857],[-99.32305,35.79791],[-99.323111,35.783469],[-99.340882,35.783386]]]}},{"type":"Feature","properties":{"applicant":"MEWBOURNE","legal":"31-15N-19W-IM","section":"31","township":"15N","range":"19W","county":"Custer","status":"Final","cause_number":"2025000331","order_number":"751666"},"geometry":{"type":"Polygon","coordinates":[[[-99.270385,35.725582],[-99.270338,35.74002],[-99.252712,35.740052],[-99.252823,35.725577],[-99.270385,35.725582]]]}},{"type":"Feature","properties":{"applicant":"MEWBOURNE","legal":"13-13N-22W-IM","section":"13","township":"13N","range":"22W","county":"Roger Mills","status":"Recommended","cause_number":"2025001018","order_number":"751732"},"geometry":{"type":"Polygon","coordinates":[[[-99.500855,35.595306],[-99.50079,35.609791],[-99.483171,35.609789],[-99.483219,35.595294],[-99.500855,35.595306]]]}},{"type":"Feature","properties":{"applicant":"MEWBOURNE","legal":"12-13N-22W-IM","section":"12","township":"13N","range":"22W","county":"Roger Mills","status":"Recommended","cause_number":"2025001017","order_number":"751731"},"geometry":{"type":"Polygon","coordinates":[[[-99.50079,35.609789],[-99.500722,35.624292],[-99.483109,35.624273],[-99.483172,35.609787],[-99.50079,35.609789]]]}},{"type":"Feature","properties":{"applicant":"NADEL & GUSSMAN","legal":"01-13N-20W-IM","section":"01","township":"13N","range":"20W","county":"Custer","status":"Recommended","cause_number":"2025001554","order_number":"751891"},"geometry":{"type":"Polygon","coordinates":[[[-99.288192,35.638706],[-99.270455,35.638694],[-99.270552,35.624213],[-99.288319,35.624175],[-99.288192,35.638706]]]}},{"type":"Feature","properties":{"applicant":"NADEL & GUSSMAN","legal":"23-13N-20W-IM","section":"23","township":"13N","range":"20W","county":"Custer","status":"Recommended","cause_number":"2025001128","order_number":"751890"},"geometry":{"type":"Polygon","coordinates":[[[-99.306146,35.580673],[-99.306076,35.595211],[-99.288352,35.595117],[-99.288496,35.58061],[-99.306146,35.580673]]]}},{"type":"Feature","properties":{"applicant":"NADEL & GUSSMAN","legal":"14-13N-20W-IM","section":"14","township":"13N","range":"20W","county":"Custer","status":"Recommended","cause_number":"2025001128","order_number":"751890"},"geometry":{"type":"Polygon","coordinates":[[[-99.306076,35.595209],[-99.30605,35.609755],[-99.288359,35.609651],[-99.288352,35.595115],[-99.306076,35.595209]]]}},{"type":"Feature","properties":{"applicant":"DEVON ENERGY","legal":"35-13N-20W-IM","section":"35","township":"13N","range":"20W","county":"Custer","status":"Continued","cause_number":"2025002937"},"geometry":{"type":"Polygon","coordinates":[[[-99.306209,35.551645],[-99.306195,35.566158],[-99.288605,35.566122],[-99.288477,35.551619],[-99.306209,35.551645]]]}},{"type":"Feature","properties":{"applicant":"DEVON ENERGY","legal":"35-14N-20W-IM","section":"35","township":"14N","range":"20W","county":"Custer","status":"Final","cause_number":"2024003443","order_number":"751973"},"geometry":{"type":"Polygon","coordinates":[[[-99.305937,35.638711],[-99.30588,35.653133],[-99.288208,35.653092],[-99.28819,35.638704],[-99.305937,35.638711]]]}},{"type":"Feature","properties":{"applicant":"DEVON ENERGY","legal":"27-14N-20W-IM","section":"27","township":"14N","range":"20W","county":"Custer","status":"Final","cause_number":"2025000332","order_number":"752032"},"geometry":{"type":"Polygon","coordinates":[[[-99.323596,35.653243],[-99.323486,35.667775],[-99.305735,35.667686],[-99.305879,35.653131],[-99.323596,35.653243]]]}},{"type":"Feature","properties":{"applicant":"MEWBOURNE","legal":"16-15N-20W-IM","section":"16","township":"15N","range":"20W","county":"Custer","status":"Recommended","cause_number":"2024003027","order_number":"752022"},"geometry":{"type":"Polygon","coordinates":[[[-99.340959,35.769038],[-99.340882,35.783388],[-99.323111,35.783471],[-99.323203,35.769025],[-99.340959,35.769038]]]}},{"type":"Feature","properties":{"applicant":"MEWBOURNE","legal":"24-13N-23W-IM","section":"24","township":"13N","range":"23W","county":"Roger Mills","status":"Dismissed","cause_number":"2025001202","order_number":"752086"},"geometry":{"type":"Polygon","coordinates":[[[-99.607061,35.580884],[-99.606945,35.595385],[-99.589183,35.595382],[-99.589296,35.580883],[-99.607061,35.580884]]]}},{"type":"Feature","properties":{"applicant":"MEWBOURNE","legal":"13-13N-23W-IM","section":"13","township":"13N","range":"23W","county":"Roger Mills","status":"Dismissed","cause_number":"2025001202","order_number":"752086"},"geometry":{"type":"Polygon","coordinates":[[[-99.606945,35.595383],[-99.606796,35.609876],[-99.589071,35.609852],[-99.589183,35.59538],[-99.606945,35.595383]]]}},{"type":"Feature","properties":{"applicant":"MEWBOURNE","legal":"34-13N-23W-IM","section":"34","township":"13N","range":"23W","county":"Roger Mills","status":"Final","cause_number":"2025002680","order_number":"752128"},"geometry":{"type":"Polygon","coordinates":[[[-99.642715,35.551998],[-99.642631,35.5665],[-99.624868,35.566465],[-99.624958,35.551966],[-99.642715,35.551998]]]}},{"type":"Feature","properties":{"applicant":"NADEL & GUSSMAN","legal":"23-13N-20W-IM","section":"23","township":"13N","range":"20W","county":"Custer","status":"Final","cause_number":"2025001128","order_number":"752121"},"geometry":{"type":"Polygon","coordinates":[[[-99.306146,35.580673],[-99.306076,35.595211],[-99.288352,35.595117],[-99.288496,35.58061],[-99.306146,35.580673]]]}},{"type":"Feature","properties":{"applicant":"NADEL & GUSSMAN","legal":"14-13N-20W-IM","section":"14","township":"13N","range":"20W","county":"Custer","status":"Final","cause_number":"2025001128","order_number":"752121"},"geometry":{"type":"Polygon","coordinates":[[[-99.306076,35.595209],[-99.30605,35.609755],[-99.288359,35.609651],[-99.288352,35.595115],[-99.306076,35.595209]]]}},{"type":"Feature","properties":{"applicant":"DUNCAN OIL PROPERTIES; WALTER DUNCAN OIL","legal":"36-15N-19W-IM","section":"36","township":"15N","range":"19W","county":"Custer","status":"Final","cause_number":"2024003843","order_number":"752119"},"geometry":{"type":"Polygon","coordinates":[[[-99.18185,35.725539],[-99.18187,35.740023],[-99.164004,35.739958],[-99.164079,35.725506],[-99.18185,35.725539]]]}},{"type":"Feature","properties":{"applicant":"DUNCAN OIL PROPERTIES; WALTER DUNCAN OIL","legal":"01-14N-19W-IM","section":"01","township":"14N","range":"19W","county":"Custer","status":"Final","cause_number":"2024003843","order_number":"752119"},"geometry":{"type":"Polygon","coordinates":[[[-99.18186,35.711017],[-99.181849,35.725541],[-99.164079,35.725508],[-99.164104,35.711036],[-99.18186,35.711017]]]}},{"type":"Feature","properties":{"applicant":"NADEL & GUSSMAN","legal":"08-13N-19W-IM","section":"08","township":"13N","range":"19W","county":"Custer","status":"DMOA","cause_number":"2023002952","order_number":"752299"},"geometry":{"type":"Polygon","coordinates":[[[-99.252906,35.616964],[-99.250693,35.616965],[-99.250692,35.618783],[-99.248475,35.618783],[-99.248475,35.62421],[-99.235205,35.624236],[-99.235139,35.609729],[-99.252902,35.609694],[-99.252906,35.616964]]]}},{"type":"Feature","properties":{"applicant":"NADEL & GUSSMAN","legal":"05-13N-19W-IM","section":"05","township":"13N","range":"19W","county":"Custer","status":"DMOA","cause_number":"2023002952","order_number":"752299"},"geometry":{"type":"Polygon","coordinates":[[[-99.252883,35.638671],[-99.235122,35.638653],[-99.235205,35.624234],[-99.25291,35.624191],[-99.252883,35.638671]]]}},{"type":"Feature","properties":{"applicant":"DUNCAN OIL PROPERTIES; WALTER DUNCAN OIL","legal":"01-10N-11W-IM","section":"01","township":"10N","range":"11W","county":"Caddo","status":"Continued","cause_number":"2025003086"},"geometry":{"type":"Polygon","coordinates":[[[-98.324037,35.362991],[-98.324049,35.377307],[-98.306384,35.377361],[-98.306402,35.362956],[-98.324037,35.362991]]]}},{"type":"Feature","properties":{"applicant":"MEWBOURNE","legal":"34-13N-23W-IM","section":"34","township":"13N","range":"23W","county":"Roger Mills","status":"Recommended","cause_number":"2025002625","order_number":"752477"},"geometry":{"type":"Polygon","coordinates":[[[-99.642715,35.551998],[-99.642631,35.5665],[-99.624868,35.566465],[-99.624958,35.551966],[-99.642715,35.551998]]]}},{"type":"Feature","properties":{"applicant":"MEWBOURNE","legal":"15-13N-23W-IM","section":"15","township":"13N","range":"23W","county":"Roger Mills","status":"Final","cause_number":"2025002722","order_number":"752552"},"geometry":{"type":"Polygon","coordinates":[[[-99.642449,35.595415],[-99.642316,35.609878],[-99.624534,35.609865],[-99.624667,35.59539],[-99.642449,35.595415]]]}},{"type":"Feature","properties":{"applicant":"MEWBOURNE","legal":"10-13N-23W-IM","section":"10","township":"13N","range":"23W","county":"Roger Mills","status":"Final","cause_number":"2025002721","order_number":"752551"},"geometry":{"type":"Polygon","coordinates":[[[-99.642315,35.609876],[-99.642119,35.62434],[-99.624391,35.624353],[-99.624534,35.609863],[-99.642315,35.609876]]]}},{"type":"Feature","properties":{"applicant":"DEVON ENERGY","legal":"02-13N-20W-IM","section":"02","township":"13N","range":"20W","county":"Custer","status":"Final","cause_number":"2025000713","order_number":"752533"},"geometry":{"type":"Polygon","coordinates":[[[-99.305994,35.624304],[-99.305937,35.638713],[-99.28819,35.638706],[-99.288317,35.624175],[-99.305994,35.624304]]]}},{"type":"Feature","properties":{"applicant":"DEVON ENERGY","legal":"11-13N-20W-IM","section":"11","township":"13N","range":"20W","county":"Custer","status":"Final","cause_number":"2025000605","order_number":"752532"},"geometry":{"type":"Polygon","coordinates":[[[-99.30605,35.609753],[-99.305995,35.624306],[-99.288317,35.624177],[-99.288358,35.609649],[-99.30605,35.609753]]]}},{"type":"Feature","properties":{"applicant":"MEWBOURNE","legal":"18-13N-23W-IM","section":"18","township":"13N","range":"23W","county":"Roger Mills","status":"Final","cause_number":"2025002619","order_number":"752591"},"geometry":{"type":"Polygon","coordinates":[[[-99.695734,35.595433],[-99.695638,35.609906],[-99.678049,35.609884],[-99.678035,35.595427],[-99.695734,35.595433]]]}},{"type":"Feature","properties":{"applicant":"MEWBOURNE","legal":"07-13N-23W-IM","section":"07","township":"13N","range":"23W","county":"Roger Mills","status":"Final","cause_number":"2025002619","order_number":"752591"},"geometry":{"type":"Polygon","coordinates":[[[-99.695638,35.609904],[-99.695517,35.624402],[-99.677739,35.624385],[-99.678049,35.609882],[-99.695638,35.609904]]]}},{"type":"Feature","properties":{"applicant":"ADPARO LLC","legal":"12-15N-21W-IM","section":"12","township":"15N","range":"21W","county":"Roger Mills","status":"Final","cause_number":"2025002583","order_number":"752590"},"geometry":{"type":"Polygon","coordinates":[[[-99.393856,35.783389],[-99.39373,35.797843],[-99.37591,35.797689],[-99.376062,35.783229],[-99.393856,35.783389]]]}},{"type":"Feature","properties":{"applicant":"NADEL & GUSSMAN","legal":"08-13N-19W-IM","section":"08","township":"13N","range":"19W","county":"Custer","status":"Final","cause_number":"2025001845","order_number":"752581"},"geometry":{"type":"Polygon","coordinates":[[[-99.25291,35.624192],[-99.235205,35.624236],[-99.235139,35.609729],[-99.252902,35.609694],[-99.25291,35.624192]]]}},{"type":"Feature","properties":{"applicant":"NADEL & GUSSMAN","legal":"05-13N-19W-IM","section":"05","township":"13N","range":"19W","county":"Custer","status":"Final","cause_number":"2025001845","order_number":"752581"},"geometry":{"type":"Polygon","coordinates":[[[-99.252883,35.638671],[-99.235122,35.638653],[-99.235205,35.624234],[-99.25291,35.624191],[-99.252883,35.638671]]]}},{"type":"Feature","properties":{"applicant":"MEWBOURNE","legal":"16-15N-20W-IM","section":"16","township":"15N","range":"20W","county":"Custer","status":"Final","cause_number":"2024003027","order_number":"752568"},"geometry":{"type":"Polygon","coordinates":[[[-99.340959,35.769038],[-99.340882,35.783388],[-99.323111,35.783471],[-99.323203,35.769025],[-99.340959,35.769038]]]}},{"type":"Feature","properties":{"applicant":"MEWBOURNE","legal":"10-15N-20W-IM","section":"10","township":"15N","range":"20W","county":"Custer","status":"Continued","cause_number":"2025002516","order_number":"752801"},"geometry":{"type":"Polygon","coordinates":[[[-99.323113,35.783469],[-99.323052,35.79791],[-99.305389,35.797882],[-99.305495,35.783439],[-99.323113,35.783469]]]}},{"type":"Feature","properties":{"applicant":"MEWBOURNE","legal":"03-15N-20W-IM","section":"03","township":"15N","range":"20W","county":"Custer","status":"Continued","cause_number":"2025002516","order_number":"752801"},"geometry":{"type":"Polygon","coordinates":[[[-99.323052,35.797908],[-99.323181,35.812195],[-99.305415,35.812228],[-99.305389,35.797881],[-99.323052,35.797908]]]}},{"type":"Feature","properties":{"applicant":"NADEL & GUSSMAN","legal":"01-13N-20W-IM","section":"01","township":"13N","range":"20W","county":"Custer","status":"Final","cause_number":"2025001554","order_number":"752792"},"geometry":{"type":"Polygon","coordinates":[[[-99.288192,35.638706],[-99.270455,35.638694],[-99.270552,35.624213],[-99.288319,35.624175],[-99.288192,35.638706]]]}},{"type":"Feature","properties":{"applicant":"DEVON ENERGY","legal":"23-13N-20W-IM","section":"23","township":"13N","range":"20W","county":"Custer","status":"Final","cause_number":"2025001308","order_number":"752791"},"geometry":{"type":"Polygon","coordinates":[[[-99.306146,35.580673],[-99.306076,35.595211],[-99.288352,35.595117],[-99.288496,35.58061],[-99.306146,35.580673]]]}},{"type":"Feature","properties":{"applicant":"DEVON ENERGY","legal":"14-13N-20W-IM","section":"14","township":"13N","range":"20W","county":"Custer","status":"Final","cause_number":"2025001308","order_number":"752791"},"geometry":{"type":"Polygon","coordinates":[[[-99.306076,35.595209],[-99.30605,35.609755],[-99.288359,35.609651],[-99.288352,35.595115],[-99.306076,35.595209]]]}},{"type":"Feature","properties":{"applicant":"VALIDUS ENERGY II MIDCON LLC","legal":"36-16N-21W-IM","section":"36","township":"16N","range":"21W","county":"Blaine","status":"DMOA","cause_number":"2025003328"},"geometry":{"type":"Polygon","coordinates":[[[-99.393635,35.812145],[-99.393614,35.826625],[-99.375823,35.82665],[-99.375803,35.812163],[-99.393635,35.812145]]]}},{"type":"Feature","properties":{"applicant":"DEVON ENERGY","legal":"36-13N-21W-IM","section":"36","township":"13N","range":"21W","county":"Roger Mills","status":"Continued","cause_number":"2025003356"},"geometry":{"type":"Polygon","coordinates":[[[-99.394831,35.551769],[-99.394784,35.566291],[-99.377071,35.566269],[-99.377119,35.551754],[-99.394831,35.551769]]]}},{"type":"Feature","properties":{"applicant":"DEVON ENERGY","legal":"25-13N-21W-IM","section":"25","township":"13N","range":"21W","county":"Roger Mills","status":"Continued","cause_number":"2025003355"},"geometry":{"type":"Polygon","coordinates":[[[-99.394784,35.566289],[-99.394745,35.580803],[-99.377034,35.580787],[-99.377071,35.566267],[-99.394784,35.566289]]]}},{"type":"Feature","properties":{"applicant":"DEVON ENERGY","legal":"24-13N-21W-IM","section":"24","township":"13N","range":"21W","county":"Roger Mills","status":"Continued","cause_number":"2025003354"},"geometry":{"type":"Polygon","coordinates":[[[-99.394745,35.580801],[-99.394708,35.595321],[-99.377005,35.595317],[-99.377034,35.580785],[-99.394745,35.580801]]]}},{"type":"Feature","properties":{"applicant":"NADEL & GUSSMAN","legal":"13-13N-20W-IM","section":"13","township":"13N","range":"20W","county":"Custer","status":"Final","cause_number":"2025001846","order_number":"752914"},"geometry":{"type":"Polygon","coordinates":[[[-99.28836,35.60965],[-99.270663,35.609669],[-99.270708,35.59513],[-99.288354,35.595115],[-99.28836,35.60965]]]}},{"type":"Feature","properties":{"applicant":"ADPARO LLC","legal":"01-15N-21W-IM","section":"01","township":"15N","range":"21W","county":"Roger Mills","status":"Final","cause_number":"2025002561","order_number":"752947"},"geometry":{"type":"Polygon","coordinates":[[[-99.39373,35.797841],[-99.393636,35.812147],[-99.375803,35.812164],[-99.37591,35.797687],[-99.39373,35.797841]]]}},{"type":"Feature","properties":{"applicant":"MEWBOURNE","legal":"15-13N-22W-IM","section":"15","township":"13N","range":"22W","county":"Roger Mills","status":"Final","cause_number":"2025000852","order_number":"752938"},"geometry":{"type":"Polygon","coordinates":[[[-99.536141,35.595369],[-99.536077,35.609867],[-99.518427,35.609818],[-99.51847,35.595335],[-99.536141,35.595369]]]}},{"type":"Feature","properties":{"applicant":"MEWBOURNE","legal":"10-13N-22W-IM","section":"10","township":"13N","range":"22W","county":"Roger Mills","status":"Final","cause_number":"2025000851","order_number":"752937"},"geometry":{"type":"Polygon","coordinates":[[[-99.536077,35.609865],[-99.536019,35.624365],[-99.518425,35.624315],[-99.518427,35.609817],[-99.536077,35.609865]]]}},{"type":"Feature","properties":{"applicant":"NADEL & GUSSMAN","legal":"33-14N-19W-IM","section":"33","township":"14N","range":"19W","county":"Custer","status":"Final","cause_number":"2023002975","order_number":"752980"},"geometry":{"type":"Polygon","coordinates":[[[-99.235123,35.638651],[-99.235128,35.653138],[-99.217402,35.653099],[-99.217392,35.638624],[-99.235123,35.638651]]]}},{"type":"Feature","properties":{"applicant":"NADEL & GUSSMAN","legal":"28-14N-19W-IM","section":"28","township":"14N","range":"19W","county":"Custer","status":"Final","cause_number":"2023002975","order_number":"752980"},"geometry":{"type":"Polygon","coordinates":[[[-99.235129,35.653136],[-99.235134,35.667619],[-99.217378,35.667597],[-99.217402,35.653098],[-99.235129,35.653136]]]}},{"type":"Feature","properties":{"applicant":"MEWBOURNE","legal":"29-15N-20W-IM","section":"29","township":"15N","range":"20W","county":"Custer","status":"Final","cause_number":"2025002847","order_number":"753121"},"geometry":{"type":"Polygon","coordinates":[[[-99.358967,35.740102],[-99.358867,35.754568],[-99.341093,35.754598],[-99.341163,35.740134],[-99.358967,35.740102]]]}},{"type":"Feature","properties":{"applicant":"MEWBOURNE","legal":"20-15N-20W-IM","section":"20","township":"15N","range":"20W","county":"Custer","status":"Final","cause_number":"2025002847","order_number":"753121"},"geometry":{"type":"Polygon","coordinates":[[[-99.358867,35.754566],[-99.358849,35.768961],[-99.340957,35.76904],[-99.341093,35.754597],[-99.358867,35.754566]]]}},{"type":"Feature","properties":{"applicant":"MEWBOURNE","legal":"27-13N-23W-IM","section":"27","township":"13N","range":"23W","county":"Roger Mills","status":"Final","cause_number":"2025002624","order_number":"753196"},"geometry":{"type":"Polygon","coordinates":[[[-99.64263,35.566498],[-99.642547,35.580965],[-99.624783,35.580928],[-99.624868,35.566464],[-99.64263,35.566498]]]}},{"type":"Feature","properties":{"applicant":"MEWBOURNE","legal":"22-13N-23W-IM","section":"22","township":"13N","range":"23W","county":"Roger Mills","status":"Final","cause_number":"2025002623","order_number":"753195"},"geometry":{"type":"Polygon","coordinates":[[[-99.642547,35.580963],[-99.642448,35.595417],[-99.624667,35.595392],[-99.624783,35.580926],[-99.642547,35.580963]]]}},{"type":"Feature","properties":{"applicant":"NADEL & GUSSMAN","legal":"33-14N-19W-IM","section":"33","township":"14N","range":"19W","county":"Custer","status":"Final","cause_number":"2025002993","order_number":"753256"},"geometry":{"type":"Polygon","coordinates":[[[-99.235123,35.638651],[-99.235128,35.653138],[-99.217402,35.653099],[-99.217392,35.638624],[-99.235123,35.638651]]]}},{"type":"Feature","properties":{"applicant":"NADEL & GUSSMAN","legal":"28-14N-19W-IM","section":"28","township":"14N","range":"19W","county":"Custer","status":"Final","cause_number":"2025002993","order_number":"753256"},"geometry":{"type":"Polygon","coordinates":[[[-99.235129,35.653136],[-99.235134,35.667619],[-99.217378,35.667597],[-99.217402,35.653098],[-99.235129,35.653136]]]}},{"type":"Feature","properties":{"applicant":"NADEL & GUSSMAN","legal":"12-13N-20W-IM","section":"12","township":"13N","range":"20W","county":"Custer","status":"Final","cause_number":"2025001556","order_number":"753250"},"geometry":{"type":"Polygon","coordinates":[[[-99.288319,35.624177],[-99.270552,35.624215],[-99.270663,35.609667],[-99.28836,35.609649],[-99.288319,35.624177]]]}},{"type":"Feature","properties":{"applicant":"DUNCAN OIL PROPERTIES; WALTER DUNCAN OIL","legal":"06-15N-19W-IM","section":"06","township":"15N","range":"19W","county":"Custer","status":"Recommended","cause_number":"2024003875","order_number":"753340"},"geometry":{"type":"Polygon","coordinates":[[[-99.270131,35.797852],[-99.270075,35.812369],[-99.252593,35.812417],[-99.252423,35.797807],[-99.270131,35.797852]]]}},{"type":"Feature","properties":{"applicant":"EPOCH RESOURCES","legal":"12-11N-11W-IM","section":"12","township":"11N","range":"11W","county":"Caddo","status":"DMOA","cause_number":"2025002644","order_number":"753422"},"geometry":{"type":"Polygon","coordinates":[[[-98.324009,35.435114],[-98.323993,35.449592],[-98.306355,35.449458],[-98.306355,35.435027],[-98.324009,35.435114]]]}},{"type":"Feature","properties":{"applicant":"EPOCH RESOURCES","legal":"01-11N-11W-IM","section":"01","township":"11N","range":"11W","county":"Caddo","status":"DMOA","cause_number":"2025002644","order_number":"753422"},"geometry":{"type":"Polygon","coordinates":[[[-98.323992,35.44959],[-98.324034,35.463932],[-98.306377,35.463919],[-98.306355,35.449456],[-98.323992,35.44959]]]}},{"type":"Feature","properties":{"applicant":"EPOCH RESOURCES","legal":"02-11N-11W-IM","section":"02","township":"11N","range":"11W","county":"Caddo","status":"DMOA","cause_number":"2025002643","order_number":"753421"},"geometry":{"type":"Polygon","coordinates":[[[-98.3416,35.44953],[-98.341638,35.464008],[-98.324032,35.463932],[-98.323991,35.44959],[-98.3416,35.44953]]]}},{"type":"Feature","properties":{"applicant":"DEVON ENERGY","legal":"24-14N-20W-IM","section":"24","township":"14N","range":"20W","county":"Custer","status":"Final","cause_number":"2025002358","order_number":"753473"},"geometry":{"type":"Polygon","coordinates":[[[-99.287961,35.667574],[-99.288027,35.682116],[-99.270429,35.682148],[-99.270416,35.667687],[-99.287961,35.667574]]]}},{"type":"Feature","properties":{"applicant":"DEVON ENERGY","legal":"13-14N-20W-IM","section":"13","township":"14N","range":"20W","county":"Custer","status":"Final","cause_number":"2025002357","order_number":"753472"},"geometry":{"type":"Polygon","coordinates":[[[-99.288028,35.682114],[-99.288041,35.696603],[-99.27042,35.696628],[-99.270429,35.682146],[-99.288028,35.682114]]]}},{"type":"Feature","properties":{"applicant":"MEWBOURNE","legal":"10-15N-20W-IM","section":"10","township":"15N","range":"20W","county":"Custer","status":"Continued","cause_number":"2025003133","order_number":"753522"},"geometry":{"type":"Polygon","coordinates":[[[-99.323113,35.783469],[-99.323052,35.79791],[-99.305389,35.797882],[-99.305495,35.783439],[-99.323113,35.783469]]]}},{"type":"Feature","properties":{"applicant":"MEWBOURNE","legal":"03-15N-20W-IM","section":"03","township":"15N","range":"20W","county":"Custer","status":"Continued","cause_number":"2025003133","order_number":"753522"},"geometry":{"type":"Polygon","coordinates":[[[-99.323052,35.797908],[-99.323181,35.812195],[-99.305415,35.812228],[-99.305389,35.797881],[-99.323052,35.797908]]]}},{"type":"Feature","properties":{"applicant":"BCE MACH III LLC","legal":"02-12N-17W-IM","section":"02","township":"12N","range":"17W","county":"Custer","status":"Continued","cause_number":"2025003795"},"geometry":{"type":"Polygon","coordinates":[[[-98.975953,35.537457],[-98.976055,35.551508],[-98.958318,35.551495],[-98.95837,35.537592],[-98.975953,35.537457]]]}},{"type":"Feature","properties":{"applicant":"MEWBOURNE","legal":"09-15N-20W-IM","section":"09","township":"15N","range":"20W","county":"Custer","status":"Final","cause_number":"2025001844","order_number":"753605"},"geometry":{"type":"Polygon","coordinates":[[[-99.340882,35.783386],[-99.340846,35.797857],[-99.32305,35.79791],[-99.323111,35.783469],[-99.340882,35.783386]]]}},{"type":"Feature","properties":{"applicant":"DEVON ENERGY","legal":"25-14N-20W-IM","section":"25","township":"14N","range":"20W","county":"Custer","status":"Continued","cause_number":"2025002902","order_number":"753633"},"geometry":{"type":"Polygon","coordinates":[[[-99.28821,35.65309],[-99.28796,35.667576],[-99.270416,35.667689],[-99.270354,35.653249],[-99.28821,35.65309]]]}},{"type":"Feature","properties":{"applicant":"DEVON ENERGY","legal":"09-13N-20W-IM","section":"09","township":"13N","range":"20W","county":"Custer","status":"Final","cause_number":"2025002925","order_number":"753701"},"geometry":{"type":"Polygon","coordinates":[[[-99.341557,35.609732],[-99.341524,35.624257],[-99.323754,35.624254],[-99.323795,35.609736],[-99.341557,35.609732]]]}},{"type":"Feature","properties":{"applicant":"MEWBOURNE","legal":"13-13N-22W-IM","section":"13","township":"13N","range":"22W","county":"Roger Mills","status":"Final","cause_number":"2025001018","order_number":"753690"},"geometry":{"type":"Polygon","coordinates":[[[-99.500855,35.595306],[-99.50079,35.609791],[-99.483171,35.609789],[-99.483219,35.595294],[-99.500855,35.595306]]]}},{"type":"Feature","properties":{"applicant":"BCE MACH III LLC","legal":"35-13N-17W-IM","section":"35","township":"13N","range":"17W","county":"Custer","status":"Final","cause_number":"2025000339","order_number":"753688"},"geometry":{"type":"Polygon","coordinates":[[[-98.986705,35.551514],[-98.986724,35.565969],[-98.969038,35.565962],[-98.968968,35.551498],[-98.986705,35.551514]]]}},{"type":"Feature","properties":{"applicant":"MEWBOURNE","legal":"14-13N-22W-IM","section":"14","township":"13N","range":"22W","county":"Roger Mills","status":"Final","cause_number":"2024003072","order_number":"753687"},"geometry":{"type":"Polygon","coordinates":[[[-99.518472,35.595335],[-99.518428,35.609819],[-99.500789,35.609791],[-99.500853,35.595306],[-99.518472,35.595335]]]}},{"type":"Feature","properties":{"applicant":"MEWBOURNE","legal":"16-13N-21W-IM","section":"16","township":"13N","range":"21W","county":"Roger Mills","status":"Continued","cause_number":"2025003151","order_number":"753747"},"geometry":{"type":"Polygon","coordinates":[[[-99.447928,35.595325],[-99.447897,35.609833],[-99.430155,35.609849],[-99.430204,35.595339],[-99.447928,35.595325]]]}},{"type":"Feature","properties":{"applicant":"MEWBOURNE","legal":"21-13N-21W-IM","section":"21","township":"13N","range":"21W","county":"Roger Mills","status":"Final","cause_number":"2025003152","order_number":"753883"},"geometry":{"type":"Polygon","coordinates":[[[-99.447957,35.580825],[-99.447929,35.595327],[-99.430203,35.595341],[-99.430241,35.580827],[-99.447957,35.580825]]]}},{"type":"Feature","properties":{"applicant":"DEVON ENERGY","legal":"35-14N-20W-IM","section":"35","township":"14N","range":"20W","county":"Custer","status":"Final","cause_number":"2024003443","order_number":"753913"},"geometry":{"type":"Polygon","coordinates":[[[-99.305937,35.638711],[-99.30588,35.653133],[-99.288208,35.653092],[-99.28819,35.638704],[-99.305937,35.638711]]]}},{"type":"Feature","properties":{"applicant":"MEWBOURNE","legal":"01-13N-22W-IM","section":"01","township":"13N","range":"22W","county":"Roger Mills","status":"Continued","cause_number":"2025003380","order_number":"753948"},"geometry":{"type":"Polygon","coordinates":[[[-99.500722,35.62429],[-99.500698,35.638804],[-99.483033,35.638775],[-99.48311,35.624271],[-99.500722,35.62429]]]}},{"type":"Feature","properties":{"applicant":"DUNCAN OIL PROPERTIES; WALTER DUNCAN OIL","legal":"06-15N-19W-IM","section":"06","township":"15N","range":"19W","county":"Custer","status":"Final","cause_number":"2024003875","order_number":"753986"},"geometry":{"type":"Polygon","coordinates":[[[-99.270131,35.797852],[-99.270075,35.812369],[-99.252593,35.812417],[-99.252423,35.797807],[-99.270131,35.797852]]]}},{"type":"Feature","properties":{"applicant":"MEWBOURNE","legal":"11-13N-22W-IM","section":"11","township":"13N","range":"22W","county":"Roger Mills","status":"Final","cause_number":"2024003071","order_number":"753985"},"geometry":{"type":"Polygon","coordinates":[[[-99.518429,35.609817],[-99.518427,35.624315],[-99.500721,35.624292],[-99.500789,35.609789],[-99.518429,35.609817]]]}},{"type":"Feature","properties":{"applicant":"DEVON ENERGY","legal":"14-13N-20W-IM","section":"14","township":"13N","range":"20W","county":"Custer","status":"DMOA","cause_number":"2025000714","order_number":"754030"},"geometry":{"type":"Polygon","coordinates":[[[-99.306076,35.595209],[-99.30605,35.609755],[-99.288359,35.609651],[-99.288352,35.595115],[-99.306076,35.595209]]]}},{"type":"Feature","properties":{"applicant":"DUNCAN OIL PROPERTIES; WALTER DUNCAN OIL","legal":"35-11N-11W-IM","section":"35","township":"11N","range":"11W","county":"Caddo","status":"Final","cause_number":"2025003209","order_number":"754124"},"geometry":{"type":"Polygon","coordinates":[[[-98.341717,35.377351],[-98.34168,35.391824],[-98.324078,35.391776],[-98.324047,35.377306],[-98.341717,35.377351]]]}},{"type":"Feature","properties":{"applicant":"DUNCAN OIL PROPERTIES; WALTER DUNCAN OIL","legal":"02-10N-11W-IM","section":"02","township":"10N","range":"11W","county":"Caddo","status":"Final","cause_number":"2025003209","order_number":"754124"},"geometry":{"type":"Polygon","coordinates":[[[-98.341707,35.363044],[-98.341717,35.377353],[-98.324047,35.377307],[-98.324035,35.362991],[-98.341707,35.363044]]]}},{"type":"Feature","properties":{"applicant":"MEWBOURNE","legal":"34-13N-23W-IM","section":"34","township":"13N","range":"23W","county":"Roger Mills","status":"Final","cause_number":"2025002625","order_number":"754119"},"geometry":{"type":"Polygon","coordinates":[[[-99.642715,35.551998],[-99.642631,35.5665],[-99.624868,35.566465],[-99.624958,35.551966],[-99.642715,35.551998]]]}},{"type":"Feature","properties":{"applicant":"MEWBOURNE","legal":"31-14N-22W-IM","section":"31","township":"14N","range":"22W","county":"Roger Mills","status":"Continued","cause_number":"2025003262","order_number":"754139"},"geometry":{"type":"Polygon","coordinates":[[[-99.588832,35.638837],[-99.588649,35.653302],[-99.571051,35.653423],[-99.571326,35.638865],[-99.588832,35.638837]]]}},{"type":"Feature","properties":{"applicant":"MEWBOURNE","legal":"06-13N-22W-IM","section":"06","township":"13N","range":"22W","county":"Roger Mills","status":"Continued","cause_number":"2025003262","order_number":"754139"},"geometry":{"type":"Polygon","coordinates":[[[-99.588923,35.624331],[-99.588832,35.638839],[-99.571326,35.638867],[-99.571318,35.624382],[-99.588923,35.624331]]]}},{"type":"Feature","properties":{"applicant":"MEWBOURNE","legal":"32-14N-22W-IM","section":"32","township":"14N","range":"22W","county":"Roger Mills","status":"Continued","cause_number":"2025003261","order_number":"754139"},"geometry":{"type":"Polygon","coordinates":[[[-99.571327,35.638865],[-99.571053,35.653424],[-99.553487,35.653374],[-99.553609,35.638894],[-99.571327,35.638865]]]}},{"type":"Feature","properties":{"applicant":"MEWBOURNE","legal":"05-13N-22W-IM","section":"05","township":"13N","range":"22W","county":"Roger Mills","status":"Continued","cause_number":"2025003261","order_number":"754139"},"geometry":{"type":"Polygon","coordinates":[[[-99.571319,35.624382],[-99.571327,35.638867],[-99.553608,35.638896],[-99.55368,35.624397],[-99.571319,35.624382]]]}},{"type":"Feature","properties":{"applicant":"JMA ENERGY; YUKON TRADING","legal":"31-14N-22W-IM","section":"31","township":"14N","range":"22W","county":"Roger Mills","status":"Continued","cause_number":"2024004028","order_number":"754139"},"geometry":{"type":"Polygon","coordinates":[[[-99.588832,35.638837],[-99.588649,35.653302],[-99.571051,35.653423],[-99.571326,35.638865],[-99.588832,35.638837]]]}},{"type":"Feature","properties":{"applicant":"JMA ENERGY; YUKON TRADING","legal":"06-13N-22W-IM","section":"06","township":"13N","range":"22W","county":"Roger Mills","status":"Continued","cause_number":"2024004028","order_number":"754139"},"geometry":{"type":"Polygon","coordinates":[[[-99.588923,35.624331],[-99.588832,35.638839],[-99.571326,35.638867],[-99.571318,35.624382],[-99.588923,35.624331]]]}},{"type":"Feature","properties":{"applicant":"JMA ENERGY; YUKON TRADING","legal":"32-14N-22W-IM","section":"32","township":"14N","range":"22W","county":"Roger Mills","status":"Continued","cause_number":"2024004027","order_number":"754139"},"geometry":{"type":"Polygon","coordinates":[[[-99.571327,35.638865],[-99.571053,35.653424],[-99.553487,35.653374],[-99.553609,35.638894],[-99.571327,35.638865]]]}},{"type":"Feature","properties":{"applicant":"JMA ENERGY; YUKON TRADING","legal":"05-13N-22W-IM","section":"05","township":"13N","range":"22W","county":"Roger Mills","status":"Continued","cause_number":"2024004027","order_number":"754139"},"geometry":{"type":"Polygon","coordinates":[[[-99.571319,35.624382],[-99.571327,35.638867],[-99.553608,35.638896],[-99.55368,35.624397],[-99.571319,35.624382]]]}},{"type":"Feature","properties":{"applicant":"CRAWLEY PETROLEUM","legal":"33-14N-23W-IM","section":"33","township":"14N","range":"23W","county":"Roger Mills","status":"Continued","cause_number":"2025004152"},"geometry":{"type":"Polygon","coordinates":[[[-99.659765,35.638822],[-99.659659,35.653321],[-99.641903,35.653317],[-99.642017,35.638821],[-99.659765,35.638822]]]}},{"type":"Feature","properties":{"applicant":"CRAWLEY PETROLEUM","legal":"34-14N-23W-IM","section":"34","township":"14N","range":"23W","county":"Roger Mills","status":"Final","cause_number":"2025003668","order_number":"754218"},"geometry":{"type":"Polygon","coordinates":[[[-99.642019,35.638821],[-99.641905,35.653317],[-99.62412,35.65329],[-99.624224,35.638802],[-99.642019,35.638821]]]}},{"type":"Feature","properties":{"applicant":"CRAWLEY PETROLEUM","legal":"03-13N-23W-IM","section":"03","township":"13N","range":"23W","county":"Roger Mills","status":"Final","cause_number":"2025003668","order_number":"754218"},"geometry":{"type":"Polygon","coordinates":[[[-99.642119,35.624338],[-99.642019,35.638823],[-99.624223,35.638803],[-99.624392,35.624352],[-99.642119,35.624338]]]}},{"type":"Feature","properties":{"applicant":"MEWBOURNE","legal":"31-14N-22W-IM","section":"31","township":"14N","range":"22W","county":"Roger Mills","status":"Continued","cause_number":"2025003262","order_number":"754210"},"geometry":{"type":"Polygon","coordinates":[[[-99.588832,35.638837],[-99.588649,35.653302],[-99.571051,35.653423],[-99.571326,35.638865],[-99.588832,35.638837]]]}},{"type":"Feature","properties":{"applicant":"MEWBOURNE","legal":"06-13N-22W-IM","section":"06","township":"13N","range":"22W","county":"Roger Mills","status":"Continued","cause_number":"2025003262","order_number":"754210"},"geometry":{"type":"Polygon","coordinates":[[[-99.588923,35.624331],[-99.588832,35.638839],[-99.571326,35.638867],[-99.571318,35.624382],[-99.588923,35.624331]]]}},{"type":"Feature","properties":{"applicant":"MEWBOURNE","legal":"31-14N-22W-IM","section":"31","township":"14N","range":"22W","county":"Roger Mills","status":"Continued","cause_number":"2025003262","order_number":"754205"},"geometry":{"type":"Polygon","coordinates":[[[-99.588832,35.638837],[-99.588649,35.653302],[-99.571051,35.653423],[-99.571326,35.638865],[-99.588832,35.638837]]]}},{"type":"Feature","properties":{"applicant":"MEWBOURNE","legal":"06-13N-22W-IM","section":"06","township":"13N","range":"22W","county":"Roger Mills","status":"Continued","cause_number":"2025003262","order_number":"754205"},"geometry":{"type":"Polygon","coordinates":[[[-99.588923,35.624331],[-99.588832,35.638839],[-99.571326,35.638867],[-99.571318,35.624382],[-99.588923,35.624331]]]}},{"type":"Feature","properties":{"applicant":"MEWBOURNE","legal":"32-14N-22W-IM","section":"32","township":"14N","range":"22W","county":"Roger Mills","status":"Continued","cause_number":"2025003261","order_number":"754209"},"geometry":{"type":"Polygon","coordinates":[[[-99.571327,35.638865],[-99.571053,35.653424],[-99.553487,35.653374],[-99.553609,35.638894],[-99.571327,35.638865]]]}},{"type":"Feature","properties":{"applicant":"MEWBOURNE","legal":"05-13N-22W-IM","section":"05","township":"13N","range":"22W","county":"Roger Mills","status":"Continued","cause_number":"2025003261","order_number":"754209"},"geometry":{"type":"Polygon","coordinates":[[[-99.571319,35.624382],[-99.571327,35.638867],[-99.553608,35.638896],[-99.55368,35.624397],[-99.571319,35.624382]]]}},{"type":"Feature","properties":{"applicant":"MEWBOURNE","legal":"32-14N-22W-IM","section":"32","township":"14N","range":"22W","county":"Roger Mills","status":"Continued","cause_number":"2025003261","order_number":"754205"},"geometry":{"type":"Polygon","coordinates":[[[-99.571327,35.638865],[-99.571053,35.653424],[-99.553487,35.653374],[-99.553609,35.638894],[-99.571327,35.638865]]]}},{"type":"Feature","properties":{"applicant":"MEWBOURNE","legal":"05-13N-22W-IM","section":"05","township":"13N","range":"22W","county":"Roger Mills","status":"Continued","cause_number":"2025003261","order_number":"754205"},"geometry":{"type":"Polygon","coordinates":[[[-99.571319,35.624382],[-99.571327,35.638867],[-99.553608,35.638896],[-99.55368,35.624397],[-99.571319,35.624382]]]}},{"type":"Feature","properties":{"applicant":"MEWBOURNE","legal":"12-13N-22W-IM","section":"12","township":"13N","range":"22W","county":"Roger Mills","status":"Final","cause_number":"2025001017","order_number":"754206"},"geometry":{"type":"Polygon","coordinates":[[[-99.50079,35.609789],[-99.500722,35.624292],[-99.483109,35.624273],[-99.483172,35.609787],[-99.50079,35.609789]]]}},{"type":"Feature","properties":{"applicant":"JMA ENERGY; YUKON TRADING","legal":"31-14N-22W-IM","section":"31","township":"14N","range":"22W","county":"Roger Mills","status":"Continued","cause_number":"2024004028","order_number":"754205"},"geometry":{"type":"Polygon","coordinates":[[[-99.588832,35.638837],[-99.588649,35.653302],[-99.571051,35.653423],[-99.571326,35.638865],[-99.588832,35.638837]]]}},{"type":"Feature","properties":{"applicant":"JMA ENERGY; YUKON TRADING","legal":"06-13N-22W-IM","section":"06","township":"13N","range":"22W","county":"Roger Mills","status":"Continued","cause_number":"2024004028","order_number":"754205"},"geometry":{"type":"Polygon","coordinates":[[[-99.588923,35.624331],[-99.588832,35.638839],[-99.571326,35.638867],[-99.571318,35.624382],[-99.588923,35.624331]]]}},{"type":"Feature","properties":{"applicant":"JMA ENERGY; YUKON TRADING","legal":"32-14N-22W-IM","section":"32","township":"14N","range":"22W","county":"Roger Mills","status":"Continued","cause_number":"2024004027","order_number":"754205"},"geometry":{"type":"Polygon","coordinates":[[[-99.571327,35.638865],[-99.571053,35.653424],[-99.553487,35.653374],[-99.553609,35.638894],[-99.571327,35.638865]]]}},{"type":"Feature","properties":{"applicant":"JMA ENERGY; YUKON TRADING","legal":"05-13N-22W-IM","section":"05","township":"13N","range":"22W","county":"Roger Mills","status":"Continued","cause_number":"2024004027","order_number":"754205"},"geometry":{"type":"Polygon","coordinates":[[[-99.571319,35.624382],[-99.571327,35.638867],[-99.553608,35.638896],[-99.55368,35.624397],[-99.571319,35.624382]]]}},{"type":"Feature","properties":{"applicant":"CRAWLEY PETROLEUM","legal":"35-14N-23W-IM","section":"35","township":"14N","range":"23W","county":"Roger Mills","status":"Final","cause_number":"2025003561","order_number":"754322"},"geometry":{"type":"Polygon","coordinates":[[[-99.624225,35.638802],[-99.624122,35.65329],[-99.606416,35.653276],[-99.606525,35.638798],[-99.624225,35.638802]]]}},{"type":"Feature","properties":{"applicant":"CRAWLEY PETROLEUM","legal":"02-13N-23W-IM","section":"02","township":"13N","range":"23W","county":"Roger Mills","status":"Final","cause_number":"2025003561","order_number":"754322"},"geometry":{"type":"Polygon","coordinates":[[[-99.624393,35.624352],[-99.624225,35.638804],[-99.606525,35.6388],[-99.606613,35.624322],[-99.624393,35.624352]]]}},{"type":"Feature","properties":{"applicant":"TERRITORY RESOURCES","legal":"18-12N-17W-IM","section":"18","township":"12N","range":"17W","county":"Custer","status":"Final","cause_number":"2025003407","order_number":"754325"},"geometry":{"type":"Polygon","coordinates":[[[-99.046175,35.508635],[-99.046148,35.523168],[-99.029111,35.523156],[-99.029043,35.508649],[-99.046175,35.508635]]]}},{"type":"Feature","properties":{"applicant":"TERRITORY RESOURCES","legal":"07-12N-17W-IM","section":"07","township":"12N","range":"17W","county":"Custer","status":"Final","cause_number":"2025003405","order_number":"754324"},"geometry":{"type":"Polygon","coordinates":[[[-99.046148,35.523166],[-99.046137,35.537678],[-99.029196,35.537686],[-99.029111,35.523154],[-99.046148,35.523166]]]}},{"type":"Feature","properties":{"applicant":"TERRITORY RESOURCES","legal":"06-12N-17W-IM","section":"06","township":"12N","range":"17W","county":"Custer","status":"Final","cause_number":"2025003404","order_number":"754315"},"geometry":{"type":"Polygon","coordinates":[[[-99.046138,35.537676],[-99.046112,35.551534],[-99.029265,35.551521],[-99.029195,35.537684],[-99.046138,35.537676]]]}},{"type":"Feature","properties":{"applicant":"MEWBOURNE","legal":"36-14N-23W-IM","section":"36","township":"14N","range":"23W","county":"Roger Mills","status":"Final","cause_number":"2025003240","order_number":"754312"},"geometry":{"type":"Polygon","coordinates":[[[-99.606526,35.638798],[-99.606418,35.653277],[-99.588647,35.653302],[-99.58883,35.638837],[-99.606526,35.638798]]]}},{"type":"Feature","properties":{"applicant":"DUNCAN OIL PROPERTIES; WALTER DUNCAN OIL","legal":"18-14N-18W-IM","section":"18","township":"14N","range":"18W","county":"Custer","status":"Recommended","cause_number":"2024003727","order_number":"754456"},"geometry":{"type":"Polygon","coordinates":[[[-99.164163,35.682047],[-99.164128,35.696538],[-99.146337,35.696454],[-99.146346,35.681969],[-99.164163,35.682047]]]}},{"type":"Feature","properties":{"applicant":"MEWBOURNE","legal":"05-13N-17W-IM","section":"05","township":"13N","range":"17W","county":"Custer","status":"Continued","cause_number":"2026000109"},"geometry":{"type":"Polygon","coordinates":[[[-99.039901,35.62401],[-99.039908,35.638567],[-99.022188,35.638568],[-99.02217,35.623985],[-99.039901,35.62401]]]}},{"type":"Feature","properties":{"applicant":"MEWBOURNE","legal":"13-15N-20W-IM","section":"13","township":"15N","range":"20W","county":"Custer","status":"Continued","cause_number":"2026000188"},"geometry":{"type":"Polygon","coordinates":[[[-99.287916,35.768919],[-99.287814,35.783387],[-99.270173,35.783393],[-99.270233,35.768944],[-99.287916,35.768919]]]}},{"type":"Feature","properties":{"applicant":"MEWBOURNE","legal":"11-15N-20W-IM","section":"11","township":"15N","range":"20W","county":"Custer","status":"Continued","cause_number":"2026000187"},"geometry":{"type":"Polygon","coordinates":[[[-99.305497,35.783439],[-99.305391,35.797882],[-99.28773,35.797845],[-99.287812,35.783385],[-99.305497,35.783439]]]}},{"type":"Feature","properties":{"applicant":"MEWBOURNE","legal":"14-13N-17W-IM","section":"14","township":"13N","range":"17W","county":"Custer","status":"Final","cause_number":"2025003541","order_number":"754709"},"geometry":{"type":"Polygon","coordinates":[[[-98.986763,35.594959],[-98.986755,35.609488],[-98.96903,35.609476],[-98.969047,35.594963],[-98.986763,35.594959]]]}},{"type":"Feature","properties":{"applicant":"THUNDERBIRD NATURAL RESOURCES LLC","legal":"19-11N-11W-IM","section":"19","township":"11N","range":"11W","county":"Caddo","status":"Recommended","cause_number":"2025003560","order_number":"754769"},"geometry":{"type":"Polygon","coordinates":[[[-98.412103,35.406291],[-98.412092,35.420747],[-98.394677,35.420792],[-98.394687,35.406323],[-98.412103,35.406291]]]}},{"type":"Feature","properties":{"applicant":"THUNDERBIRD NATURAL RESOURCES LLC","legal":"18-11N-11W-IM","section":"18","township":"11N","range":"11W","county":"Caddo","status":"Recommended","cause_number":"2025003560","order_number":"754769"},"geometry":{"type":"Polygon","coordinates":[[[-98.412092,35.420745],[-98.412055,35.43522],[-98.394605,35.435296],[-98.394677,35.42079],[-98.412092,35.420745]]]}},{"type":"Feature","properties":{"applicant":"THUNDERBIRD NATURAL RESOURCES LLC","legal":"01-10N-11W-IM","section":"01","township":"10N","range":"11W","county":"Caddo","status":"Continued","cause_number":"2026000372"},"geometry":{"type":"Polygon","coordinates":[[[-98.324037,35.362991],[-98.324049,35.377307],[-98.306384,35.377361],[-98.306402,35.362956],[-98.324037,35.362991]]]}},{"type":"Feature","properties":{"applicant":"THUNDERBIRD NATURAL RESOURCES LLC","legal":"19-11N-11W-IM","section":"19","township":"11N","range":"11W","county":"Caddo","status":"Final","cause_number":"2025003560","order_number":"754870"},"geometry":{"type":"Polygon","coordinates":[[[-98.412103,35.406291],[-98.412092,35.420747],[-98.394677,35.420792],[-98.394687,35.406323],[-98.412103,35.406291]]]}},{"type":"Feature","properties":{"applicant":"THUNDERBIRD NATURAL RESOURCES LLC","legal":"18-11N-11W-IM","section":"18","township":"11N","range":"11W","county":"Caddo","status":"Final","cause_number":"2025003560","order_number":"754870"},"geometry":{"type":"Polygon","coordinates":[[[-98.412092,35.420745],[-98.412055,35.43522],[-98.394605,35.435296],[-98.394677,35.42079],[-98.412092,35.420745]]]}},{"type":"Feature","properties":{"applicant":"MEWBOURNE","legal":"15-13N-21W-IM","section":"15","township":"13N","range":"21W","county":"Roger Mills","cause_number":"2025004066","order_number":"755003"},"geometry":{"type":"Polygon","coordinates":[[[-99.430205,35.595339],[-99.430157,35.609849],[-99.412387,35.60983],[-99.412413,35.595311],[-99.430205,35.595339]]]}},{"type":"Feature","properties":{"applicant":"MEWBOURNE","legal":"10-14N-20W-IM","section":"10","township":"14N","range":"20W","county":"Custer","status":"Recommended","cause_number":"2024003626","order_number":"754989"},"geometry":{"type":"Polygon","coordinates":[[[-99.323463,35.696744],[-99.323437,35.711186],[-99.305693,35.711149],[-99.305728,35.69668],[-99.323463,35.696744]]]}},{"type":"Feature","properties":{"applicant":"MEWBOURNE","legal":"03-14N-20W-IM","section":"03","township":"14N","range":"20W","county":"Custer","status":"Recommended","cause_number":"2024003626","order_number":"754989"},"geometry":{"type":"Polygon","coordinates":[[[-99.323436,35.711184],[-99.323438,35.725626],[-99.305732,35.725551],[-99.305693,35.711147],[-99.323436,35.711184]]]}},{"type":"Feature","properties":{"applicant":"DEVON ENERGY","legal":"01-13N-21W-IM","section":"01","township":"13N","range":"21W","county":"Roger Mills","cause_number":"2026000473"},"geometry":{"type":"Polygon","coordinates":[[[-99.394706,35.624395],[-99.394632,35.638836],[-99.376938,35.638892],[-99.376985,35.624419],[-99.394706,35.624395]]]}},{"type":"Feature","properties":{"applicant":"MEWBOURNE","legal":"31-14N-22W-IM","section":"31","township":"14N","range":"22W","county":"Roger Mills","status":"Final","cause_number":"2025003262","order_number":"755040"},"geometry":{"type":"Polygon","coordinates":[[[-99.588832,35.638837],[-99.588649,35.653302],[-99.571051,35.653423],[-99.571326,35.638865],[-99.588832,35.638837]]]}},{"type":"Feature","properties":{"applicant":"MEWBOURNE","legal":"06-13N-22W-IM","section":"06","township":"13N","range":"22W","county":"Roger Mills","status":"Final","cause_number":"2025003262","order_number":"755040"},"geometry":{"type":"Polygon","coordinates":[[[-99.588923,35.624331],[-99.588832,35.638839],[-99.571326,35.638867],[-99.571318,35.624382],[-99.588923,35.624331]]]}},{"type":"Feature","properties":{"applicant":"MEWBOURNE","legal":"32-14N-22W-IM","section":"32","township":"14N","range":"22W","county":"Roger Mills","status":"Final","cause_number":"2025003261","order_number":"755039"},"geometry":{"type":"Polygon","coordinates":[[[-99.571327,35.638865],[-99.571053,35.653424],[-99.553487,35.653374],[-99.553609,35.638894],[-99.571327,35.638865]]]}},{"type":"Feature","properties":{"applicant":"MEWBOURNE","legal":"05-13N-22W-IM","section":"05","township":"13N","range":"22W","county":"Roger Mills","status":"Final","cause_number":"2025003261","order_number":"755039"},"geometry":{"type":"Polygon","coordinates":[[[-99.571319,35.624382],[-99.571327,35.638867],[-99.553608,35.638896],[-99.55368,35.624397],[-99.571319,35.624382]]]}},{"type":"Feature","properties":{"applicant":"MEWBOURNE","legal":"15-13N-22W-IM","section":"15","township":"13N","range":"22W","county":"Roger Mills","status":"Final","cause_number":"2025001447","order_number":"755022"},"geometry":{"type":"Polygon","coordinates":[[[-99.536141,35.595369],[-99.536077,35.609867],[-99.518427,35.609818],[-99.51847,35.595335],[-99.536141,35.595369]]]}},{"type":"Feature","properties":{"applicant":"THUNDERBIRD NATURAL RESOURCES LLC","legal":"36-11N-11W-IM","section":"36","township":"11N","range":"11W","county":"Caddo","cause_number":"2026000559"},"geometry":{"type":"Polygon","coordinates":[[[-98.324048,35.377305],[-98.324078,35.391776],[-98.30635,35.391726],[-98.306384,35.377359],[-98.324048,35.377305]]]}},{"type":"Feature","properties":{"applicant":"THUNDERBIRD NATURAL RESOURCES LLC","legal":"25-11N-11W-IM","section":"25","township":"11N","range":"11W","county":"Caddo","cause_number":"2026000559"},"geometry":{"type":"Polygon","coordinates":[[[-98.324079,35.391774],[-98.324062,35.406194],[-98.306359,35.406156],[-98.30635,35.391724],[-98.324079,35.391774]]]}},{"type":"Feature","properties":{"applicant":"DUNCAN OIL PROPERTIES; WALTER DUNCAN OIL","legal":"25-11N-11W-IM","section":"25","township":"11N","range":"11W","county":"Caddo","cause_number":"2026000616"},"geometry":{"type":"Polygon","coordinates":[[[-98.324079,35.391774],[-98.324062,35.406194],[-98.306359,35.406156],[-98.30635,35.391724],[-98.324079,35.391774]]]}},{"type":"Feature","properties":{"applicant":"CHARTER OAK PRODUCTION","legal":"18-13N-14W-IM","section":"18","township":"13N","range":"14W","county":"Custer","status":"Final","cause_number":"2025003930","order_number":"755273"},"geometry":{"type":"Polygon","coordinates":[[[-98.738495,35.609391],[-98.72085,35.60946],[-98.720831,35.594932],[-98.738526,35.594921],[-98.738495,35.609391]]]}},{"type":"Feature","properties":{"applicant":"CHARTER OAK PRODUCTION","legal":"07-13N-14W-IM","section":"07","township":"13N","range":"14W","county":"Custer","status":"Final","cause_number":"2025003929","order_number":"755272"},"geometry":{"type":"Polygon","coordinates":[[[-98.720846,35.623954],[-98.72085,35.609458],[-98.738495,35.60939],[-98.738504,35.623901],[-98.720846,35.623954]]]}},{"type":"Feature","properties":{"applicant":"CHARTER OAK PRODUCTION","legal":"06-13N-14W-IM","section":"06","township":"13N","range":"14W","county":"Custer","status":"Final","cause_number":"2025003928","order_number":"755271"},"geometry":{"type":"Polygon","coordinates":[[[-98.738481,35.63841],[-98.720883,35.638432],[-98.720845,35.623952],[-98.738504,35.623899],[-98.738481,35.63841]]]}},{"type":"Feature","properties":{"applicant":"MEWBOURNE","legal":"10-15N-20W-IM","section":"10","township":"15N","range":"20W","county":"Custer","status":"Final","cause_number":"2025002516","order_number":"755178"},"geometry":{"type":"Polygon","coordinates":[[[-99.323113,35.783469],[-99.323052,35.79791],[-99.305389,35.797882],[-99.305495,35.783439],[-99.323113,35.783469]]]}},{"type":"Feature","properties":{"applicant":"MEWBOURNE","legal":"03-15N-20W-IM","section":"03","township":"15N","range":"20W","county":"Custer","status":"Final","cause_number":"2025002516","order_number":"755178"},"geometry":{"type":"Polygon","coordinates":[[[-99.323052,35.797908],[-99.323181,35.812195],[-99.305415,35.812228],[-99.305389,35.797881],[-99.323052,35.797908]]]}},{"type":"Feature","properties":{"applicant":"JMA ENERGY; YUKON TRADING","legal":"31-14N-22W-IM","section":"31","township":"14N","range":"22W","county":"Roger Mills","status":"Continued","cause_number":"2024004028","order_number":"755172"},"geometry":{"type":"Polygon","coordinates":[[[-99.588832,35.638837],[-99.588649,35.653302],[-99.571051,35.653423],[-99.571326,35.638865],[-99.588832,35.638837]]]}},{"type":"Feature","properties":{"applicant":"JMA ENERGY; YUKON TRADING","legal":"06-13N-22W-IM","section":"06","township":"13N","range":"22W","county":"Roger Mills","status":"Continued","cause_number":"2024004028","order_number":"755172"},"geometry":{"type":"Polygon","coordinates":[[[-99.588923,35.624331],[-99.588832,35.638839],[-99.571326,35.638867],[-99.571318,35.624382],[-99.588923,35.624331]]]}},{"type":"Feature","properties":{"applicant":"JMA ENERGY; YUKON TRADING","legal":"32-14N-22W-IM","section":"32","township":"14N","range":"22W","county":"Roger Mills","status":"Continued","cause_number":"2024004027","order_number":"755171"},"geometry":{"type":"Polygon","coordinates":[[[-99.571327,35.638865],[-99.571053,35.653424],[-99.553487,35.653374],[-99.553609,35.638894],[-99.571327,35.638865]]]}},{"type":"Feature","properties":{"applicant":"JMA ENERGY; YUKON TRADING","legal":"05-13N-22W-IM","section":"05","township":"13N","range":"22W","county":"Roger Mills","status":"Continued","cause_number":"2024004027","order_number":"755171"},"geometry":{"type":"Polygon","coordinates":[[[-99.571319,35.624382],[-99.571327,35.638867],[-99.553608,35.638896],[-99.55368,35.624397],[-99.571319,35.624382]]]}},{"type":"Feature","properties":{"applicant":"DEVON ENERGY","legal":"13-12N-20W-IM","section":"13","township":"12N","range":"20W","county":"Custer","status":"DMOA","cause_number":"2025002597","order_number":"755372"},"geometry":{"type":"Polygon","coordinates":[[[-99.275879,35.508868],[-99.275865,35.523367],[-99.258135,35.523365],[-99.258132,35.508828],[-99.275879,35.508868]]]}},{"type":"Feature","properties":{"applicant":"DUNCAN OIL PROPERTIES; WALTER DUNCAN OIL","legal":"03-13N-18W-IM","section":"03","township":"13N","range":"18W","county":"Custer","status":"Final","cause_number":"2025003950","order_number":"755410"},"geometry":{"type":"Polygon","coordinates":[[[-99.110922,35.62402],[-99.110942,35.638567],[-99.093216,35.638561],[-99.093128,35.62402],[-99.110922,35.62402]]]}},{"type":"Feature","properties":{"applicant":"THUNDERBIRD NATURAL RESOURCES LLC","legal":"25-11N-11W-IM","section":"25","township":"11N","range":"11W","county":"Caddo","status":"Continued","cause_number":"2025003745","order_number":"755532"},"geometry":{"type":"Polygon","coordinates":[[[-98.324079,35.391774],[-98.324062,35.406194],[-98.306359,35.406156],[-98.30635,35.391724],[-98.324079,35.391774]]]}},{"type":"Feature","properties":{"applicant":"MEWBOURNE","legal":"15-13N-22W-IM","section":"15","township":"13N","range":"22W","county":"Roger Mills","status":"TUA","cause_number":"2025001447","order_number":"755623"},"geometry":{"type":"Polygon","coordinates":[[[-99.536141,35.595369],[-99.536077,35.609867],[-99.518427,35.609818],[-99.51847,35.595335],[-99.536141,35.595369]]]}},{"type":"Feature","properties":{"applicant":"MEWBOURNE","legal":"31-14N-21W-IM","section":"31","township":"14N","range":"21W","county":"Roger Mills","status":"Final","cause_number":"2026000149","order_number":"755654"},"geometry":{"type":"Polygon","coordinates":[[[-99.483035,35.638773],[-99.483082,35.653297],[-99.465499,35.653282],[-99.465624,35.638808],[-99.483035,35.638773]]]}},{"type":"Feature","properties":{"applicant":"MEWBOURNE","legal":"10-15N-20W-IM","section":"10","township":"15N","range":"20W","county":"Custer","status":"Continued","cause_number":"2025002516","order_number":"755862"},"geometry":{"type":"Polygon","coordinates":[[[-99.323113,35.783469],[-99.323052,35.79791],[-99.305389,35.797882],[-99.305495,35.783439],[-99.323113,35.783469]]]}},{"type":"Feature","properties":{"applicant":"MEWBOURNE","legal":"03-15N-20W-IM","section":"03","township":"15N","range":"20W","county":"Custer","status":"Continued","cause_number":"2025002516","order_number":"755862"},"geometry":{"type":"Polygon","coordinates":[[[-99.323052,35.797908],[-99.323181,35.812195],[-99.305415,35.812228],[-99.305389,35.797881],[-99.323052,35.797908]]]}},{"type":"Feature","properties":{"applicant":"ANTHEM ARAPAHO LLC; ANTHEM ENERGY OPERATING OKLAHOMA LLC","legal":"11-13N-17W-IM","section":"11","township":"13N","range":"17W","county":"Custer","status":"Final","cause_number":"2025002175","order_number":"755987"},"geometry":{"type":"Polygon","coordinates":[[[-98.986756,35.609486],[-98.986754,35.623995],[-98.969014,35.624003],[-98.969031,35.609474],[-98.986756,35.609486]]]}},{"type":"Feature","properties":{"applicant":"MEWBOURNE","legal":"34-13N-21W-IM","section":"34","township":"13N","range":"21W","county":"Roger Mills","status":"Final","cause_number":"2025001571","order_number":"755982"},"geometry":{"type":"Polygon","coordinates":[[[-99.430264,35.551802],[-99.430261,35.566321],[-99.412507,35.566299],[-99.412535,35.551779],[-99.430264,35.551802]]]}},{"type":"Feature","properties":{"applicant":"MEWBOURNE","legal":"11-13N-17W-IM","section":"11","township":"13N","range":"17W","county":"Custer","status":"Final","cause_number":"2025001095","order_number":"755978"},"geometry":{"type":"Polygon","coordinates":[[[-98.986756,35.609486],[-98.986754,35.623995],[-98.969014,35.624003],[-98.969031,35.609474],[-98.986756,35.609486]]]}},{"type":"Feature","properties":{"applicant":"ARNOLD OIL PROPERTIES","legal":"23-13N-16W-IM","section":"23","township":"13N","range":"16W","county":"Custer","cause_number":"2026001158"},"geometry":{"type":"Polygon","coordinates":[[[-98.880376,35.580503],[-98.880387,35.59502],[-98.862729,35.595022],[-98.862705,35.580522],[-98.880376,35.580503]]]}},{"type":"Feature","properties":{"applicant":"ARNOLD OIL PROPERTIES","legal":"14-13N-16W-IM","section":"14","township":"13N","range":"16W","county":"Custer","cause_number":"2026001158"},"geometry":{"type":"Polygon","coordinates":[[[-98.880387,35.595018],[-98.88038,35.609509],[-98.862729,35.609538],[-98.86273,35.59502],[-98.880387,35.595018]]]}},{"type":"Feature","properties":{"applicant":"DUNCAN OIL PROPERTIES; WALTER DUNCAN OIL","legal":"16-15N-19W-IM","section":"16","township":"15N","range":"19W","county":"Custer","cause_number":"2026001228"},"geometry":{"type":"Polygon","coordinates":[[[-99.234885,35.768969],[-99.234838,35.783446],[-99.217118,35.783478],[-99.217157,35.768984],[-99.234885,35.768969]]]}},{"type":"Feature","properties":{"applicant":"DUNCAN OIL PROPERTIES; WALTER DUNCAN OIL","legal":"09-15N-19W-IM","section":"09","township":"15N","range":"19W","county":"Custer","cause_number":"2026001228"},"geometry":{"type":"Polygon","coordinates":[[[-99.234838,35.783444],[-99.234809,35.797925],[-99.217065,35.797982],[-99.217119,35.783477],[-99.234838,35.783444]]]}},{"type":"Feature","properties":{"applicant":"VALIDUS ENERGY II MIDCON LLC","legal":"07-11N-10W-IM","section":"07","township":"11N","range":"10W","county":"Canadian","cause_number":"2026001275"},"geometry":{"type":"Polygon","coordinates":[[[-98.306356,35.435027],[-98.306357,35.449458],[-98.289116,35.449303],[-98.289196,35.434813],[-98.306356,35.435027]]]}},{"type":"Feature","properties":{"applicant":"VALIDUS ENERGY II MIDCON LLC","legal":"06-11N-10W-IM","section":"06","township":"11N","range":"10W","county":"Canadian","cause_number":"2026001274"},"geometry":{"type":"Polygon","coordinates":[[[-98.306357,35.449456],[-98.306377,35.463919],[-98.289056,35.463902],[-98.289116,35.449301],[-98.306357,35.449456]]]}},{"type":"Feature","properties":{"applicant":"KING ENERGY","legal":"32-11N-23W-IM","section":"32","township":"11N","range":"23W","county":"Beckham","status":"Final","cause_number":"2026000485","order_number":"756297"},"geometry":{"type":"Polygon","coordinates":[[[-99.664463,35.378272],[-99.664392,35.392787],[-99.646743,35.392739],[-99.646786,35.378225],[-99.664463,35.378272]]]}},{"type":"Feature","properties":{"applicant":"KING ENERGY","legal":"29-11N-23W-IM","section":"29","township":"11N","range":"23W","county":"Beckham","status":"Final","cause_number":"2026000484","order_number":"756296"},"geometry":{"type":"Polygon","coordinates":[[[-99.664393,35.392785],[-99.664375,35.407284],[-99.646694,35.407241],[-99.646743,35.392737],[-99.664393,35.392785]]]}},{"type":"Feature","properties":{"applicant":"TERRITORY RESOURCES","legal":"32-13N-18W-IM","section":"32","township":"13N","range":"18W","county":"Custer","status":"Continued","cause_number":"2026000070","order_number":"756291"},"geometry":{"type":"Polygon","coordinates":[[[-99.146498,35.55159],[-99.146372,35.566067],[-99.128732,35.566061],[-99.128729,35.551587],[-99.146498,35.55159]]]}},{"type":"Feature","properties":{"applicant":"TERRITORY RESOURCES","legal":"32-13N-18W-IM","section":"32","township":"13N","range":"18W","county":"Custer","status":"Continued","cause_number":"2026000070","order_number":"756290"},"geometry":{"type":"Polygon","coordinates":[[[-99.146498,35.55159],[-99.146372,35.566067],[-99.128732,35.566061],[-99.128729,35.551587],[-99.146498,35.55159]]]}},{"type":"Feature","properties":{"applicant":"TERRITORY RESOURCES","legal":"29-13N-18W-IM","section":"29","township":"13N","range":"18W","county":"Custer","status":"Continued","cause_number":"2026000069","order_number":"756291"},"geometry":{"type":"Polygon","coordinates":[[[-99.146371,35.566065],[-99.146348,35.58054],[-99.128726,35.580551],[-99.128732,35.566059],[-99.146371,35.566065]]]}},{"type":"Feature","properties":{"applicant":"TERRITORY RESOURCES","legal":"29-13N-18W-IM","section":"29","township":"13N","range":"18W","county":"Custer","status":"Continued","cause_number":"2026000069","order_number":"756290"},"geometry":{"type":"Polygon","coordinates":[[[-99.146371,35.566065],[-99.146348,35.58054],[-99.128726,35.580551],[-99.128732,35.566059],[-99.146371,35.566065]]]}},{"type":"Feature","properties":{"applicant":"ARNOLD OIL PROPERTIES","legal":"36-13N-16W-IM","section":"36","township":"13N","range":"16W","county":"Custer","cause_number":"2026001392"},"geometry":{"type":"Polygon","coordinates":[[[-98.862685,35.551503],[-98.862686,35.56602],[-98.844997,35.56595],[-98.844968,35.551484],[-98.862685,35.551503]]]}},{"type":"Feature","properties":{"applicant":"ARNOLD OIL PROPERTIES","legal":"25-13N-16W-IM","section":"25","township":"13N","range":"16W","county":"Custer","cause_number":"2026001392"},"geometry":{"type":"Polygon","coordinates":[[[-98.862685,35.566018],[-98.862707,35.580524],[-98.845005,35.580493],[-98.844997,35.565949],[-98.862685,35.566018]]]}},{"type":"Feature","properties":{"applicant":"MEWBOURNE","legal":"10-15N-20W-IM","section":"10","township":"15N","range":"20W","county":"Custer","status":"Final","cause_number":"2025003133","order_number":"756396"},"geometry":{"type":"Polygon","coordinates":[[[-99.323113,35.783469],[-99.323052,35.79791],[-99.305389,35.797882],[-99.305495,35.783439],[-99.323113,35.783469]]]}},{"type":"Feature","properties":{"applicant":"MEWBOURNE","legal":"03-15N-20W-IM","section":"03","township":"15N","range":"20W","county":"Custer","status":"Final","cause_number":"2025003133","order_number":"756396"},"geometry":{"type":"Polygon","coordinates":[[[-99.323052,35.797908],[-99.323181,35.812195],[-99.305415,35.812228],[-99.305389,35.797881],[-99.323052,35.797908]]]}},{"type":"Feature","properties":{"applicant":"MEWBOURNE","legal":"15-13N-22W-IM","section":"15","township":"13N","range":"22W","county":"Roger Mills","status":"TUA","cause_number":"2025001447","order_number":"756532"},"geometry":{"type":"Polygon","coordinates":[[[-99.536141,35.595369],[-99.536077,35.609867],[-99.518427,35.609818],[-99.51847,35.595335],[-99.536141,35.595369]]]}},{"type":"Feature","properties":{"applicant":"VALIDUS ENERGY II MIDCON LLC","legal":"02-13N-16W-IM","section":"02","township":"13N","range":"16W","county":"Custer","status":"Final","cause_number":"2026000624","order_number":"756581"},"geometry":{"type":"Polygon","coordinates":[[[-98.880392,35.624018],[-98.880421,35.63852],[-98.862674,35.638527],[-98.862693,35.624012],[-98.880392,35.624018]]]}},{"type":"Feature","properties":{"applicant":"DEVON ENERGY","legal":"13-13N-21W-IM","section":"13","township":"13N","range":"21W","county":"Roger Mills","cause_number":"2026000474","order_number":"756580"},"geometry":{"type":"Polygon","coordinates":[[[-99.394707,35.595319],[-99.394696,35.609851],[-99.376997,35.609855],[-99.377005,35.595315],[-99.394707,35.595319]]]}},{"type":"Feature","properties":{"applicant":"MEWBOURNE","legal":"06-13N-21W-IM","section":"06","township":"13N","range":"21W","county":"Roger Mills","status":"Final","cause_number":"2025003642","order_number":"756570"},"geometry":{"type":"Polygon","coordinates":[[[-99.483111,35.624271],[-99.483035,35.638775],[-99.465624,35.63881],[-99.46561,35.624288],[-99.483111,35.624271]]]}},{"type":"Feature","properties":{"applicant":"NOVO II OPERATING LLC; THUNDERBIRD NATURAL RESOURCES LLC","legal":"06-10N-11W-IM","section":"06","township":"10N","range":"11W","county":"Caddo","cause_number":"2026001506"},"geometry":{"type":"Polygon","coordinates":[[[-98.412228,35.36305],[-98.412194,35.377464],[-98.394739,35.377417],[-98.394631,35.362968],[-98.412228,35.36305]]]}},{"type":"Feature","properties":{"applicant":"MEWBOURNE","legal":"09-13N-23W-IM","section":"09","township":"13N","range":"23W","county":"Roger Mills","cause_number":"2026001651"},"geometry":{"type":"Polygon","coordinates":[[[-99.660194,35.609861],[-99.659967,35.624368],[-99.642117,35.62434],[-99.642315,35.609876],[-99.660194,35.609861]]]}},{"type":"Feature","properties":{"applicant":"MEWBOURNE","legal":"04-13N-23W-IM","section":"04","township":"13N","range":"23W","county":"Roger Mills","cause_number":"2026001651"},"geometry":{"type":"Polygon","coordinates":[[[-99.659967,35.624366],[-99.659764,35.638824],[-99.642017,35.638822],[-99.642117,35.624338],[-99.659967,35.624366]]]}},{"type":"Feature","properties":{"applicant":"MEWBOURNE","legal":"25-15N-20W-IM","section":"25","township":"15N","range":"20W","county":"Custer","status":"Final","cause_number":"2026000186","order_number":"756866"},"geometry":{"type":"Polygon","coordinates":[[[-99.28802,35.74],[-99.287964,35.754445],[-99.270284,35.75448],[-99.270337,35.740018],[-99.28802,35.74]]]}},{"type":"Feature","properties":{"applicant":"DUNCAN OIL PROPERTIES; WALTER DUNCAN OIL","legal":"07-14N-18W-IM","section":"07","township":"14N","range":"18W","county":"Custer","status":"Continued","cause_number":"2024003726","order_number":"756843"},"geometry":{"type":"Polygon","coordinates":[[[-99.164128,35.696536],[-99.164106,35.711038],[-99.146298,35.710912],[-99.146337,35.696452],[-99.164128,35.696536]]]}},{"type":"Feature","properties":{"applicant":"ANTHEM ARAPAHO LLC","legal":"11-13N-18W-IM","section":"11","township":"13N","range":"18W","county":"Custer","cause_number":"2026001237","order_number":"756911"},"geometry":{"type":"Polygon","coordinates":[[[-99.093172,35.609515],[-99.093129,35.624022],[-99.075417,35.624025],[-99.0754,35.609535],[-99.093172,35.609515]]]}},{"type":"Feature","properties":{"applicant":"ANTHEM ARAPAHO LLC","legal":"02-13N-18W-IM","section":"02","township":"13N","range":"18W","county":"Custer","cause_number":"2026001237","order_number":"756911"},"geometry":{"type":"Polygon","coordinates":[[[-99.093129,35.62402],[-99.093217,35.638561],[-99.075428,35.638561],[-99.075416,35.624023],[-99.093129,35.62402]]]}},{"type":"Feature","properties":{"applicant":"DUNCAN OIL PROPERTIES; WALTER DUNCAN OIL","legal":"10-13N-18W-IM","section":"10","township":"13N","range":"18W","county":"Custer","cause_number":"2026001691"},"geometry":{"type":"Polygon","coordinates":[[[-99.110935,35.609539],[-99.110922,35.624022],[-99.093128,35.624022],[-99.093171,35.609515],[-99.110935,35.609539]]]}},{"type":"Feature","properties":{"applicant":"DUNCAN OIL PROPERTIES; WALTER DUNCAN OIL","legal":"03-13N-18W-IM","section":"03","township":"13N","range":"18W","county":"Custer","cause_number":"2026001691"},"geometry":{"type":"Polygon","coordinates":[[[-99.110922,35.62402],[-99.110942,35.638567],[-99.093216,35.638561],[-99.093128,35.62402],[-99.110922,35.62402]]]}},{"type":"Feature","properties":{"applicant":"ADPARO LLC","legal":"31-13N-19W-IM","section":"31","township":"13N","range":"19W","county":"Custer","status":"Final","cause_number":"2026000134","order_number":"756928"},"geometry":{"type":"Polygon","coordinates":[[[-99.270743,35.551595],[-99.270727,35.566212],[-99.252956,35.566144],[-99.253028,35.551598],[-99.270743,35.551595]]]}},{"type":"Feature","properties":{"applicant":"ADPARO LLC","legal":"30-13N-19W-IM","section":"30","township":"13N","range":"19W","county":"Custer","status":"Final","cause_number":"2026000133","order_number":"756927"},"geometry":{"type":"Polygon","coordinates":[[[-99.270727,35.56621],[-99.270705,35.580628],[-99.253033,35.580641],[-99.252956,35.566142],[-99.270727,35.56621]]]}},{"type":"Feature","properties":{"applicant":"MEWBOURNE","legal":"07-13N-22W-IM","section":"07","township":"13N","range":"22W","county":"Roger Mills","status":"Final","cause_number":"2025003970","order_number":"756926"},"geometry":{"type":"Polygon","coordinates":[[[-99.589073,35.609851],[-99.588923,35.624333],[-99.571318,35.624384],[-99.571438,35.609875],[-99.589073,35.609851]]]}},{"type":"Feature","properties":{"applicant":"ANTHEM ARAPAHO LLC","legal":"12-13N-18W-IM","section":"12","township":"13N","range":"18W","county":"Custer","cause_number":"2026001214","order_number":"756976"},"geometry":{"type":"Polygon","coordinates":[[[-99.075401,35.609535],[-99.075418,35.624025],[-99.057639,35.624052],[-99.057675,35.609545],[-99.075401,35.609535]]]}},{"type":"Feature","properties":{"applicant":"ANTHEM ARAPAHO LLC","legal":"01-13N-18W-IM","section":"01","township":"13N","range":"18W","county":"Custer","cause_number":"2026001214","order_number":"756976"},"geometry":{"type":"Polygon","coordinates":[[[-99.075418,35.624023],[-99.07543,35.638561],[-99.057648,35.63856],[-99.057639,35.62405],[-99.075418,35.624023]]]}},{"type":"Feature","properties":{"applicant":"DUNCAN OIL PROPERTIES; WALTER DUNCAN OIL","legal":"35-15N-19W-IM","section":"35","township":"15N","range":"19W","county":"Custer","cause_number":"2026000587","order_number":"757178"},"geometry":{"type":"Polygon","coordinates":[[[-99.199605,35.725556],[-99.199535,35.740044],[-99.181869,35.740023],[-99.181848,35.725539],[-99.199605,35.725556]]]}},{"type":"Feature","properties":{"applicant":"DUNCAN OIL PROPERTIES; WALTER DUNCAN OIL","legal":"26-15N-19W-IM","section":"26","township":"15N","range":"19W","county":"Custer","cause_number":"2026000587","order_number":"757178"},"geometry":{"type":"Polygon","coordinates":[[[-99.199535,35.740042],[-99.199514,35.754516],[-99.181772,35.754483],[-99.181869,35.740021],[-99.199535,35.740042]]]}},{"type":"Feature","properties":{"applicant":"DUNCAN OIL PROPERTIES; WALTER DUNCAN OIL","legal":"34-15N-19W-IM","section":"34","township":"15N","range":"19W","county":"Custer","cause_number":"2026000582","order_number":"757177"},"geometry":{"type":"Polygon","coordinates":[[[-99.21735,35.725573],[-99.217276,35.740055],[-99.199533,35.740044],[-99.199603,35.725556],[-99.21735,35.725573]]]}},{"type":"Feature","properties":{"applicant":"DUNCAN OIL PROPERTIES; WALTER DUNCAN OIL","legal":"27-15N-19W-IM","section":"27","township":"15N","range":"19W","county":"Custer","cause_number":"2026000582","order_number":"757177"},"geometry":{"type":"Polygon","coordinates":[[[-99.217277,35.740053],[-99.217213,35.754514],[-99.199512,35.754516],[-99.199533,35.740042],[-99.217277,35.740053]]]}},{"type":"Feature","properties":{"applicant":"DEVON ENERGY","legal":"35-14N-21W-IM","section":"35","township":"14N","range":"21W","county":"Roger Mills","status":"Continued","cause_number":"2025000730","order_number":"757160"},"geometry":{"type":"Polygon","coordinates":[[[-99.412373,35.638827],[-99.412308,35.653334],[-99.394486,35.653334],[-99.394631,35.638834],[-99.412373,35.638827]]]}},{"type":"Feature","properties":{"applicant":"ANTHEM WASHITA LLC","legal":"21-13N-18W-IM","section":"21","township":"13N","range":"18W","county":"Custer","cause_number":"2026001856"},"geometry":{"type":"Polygon","coordinates":[[[-99.128728,35.58055],[-99.128713,35.595059],[-99.110948,35.595053],[-99.110962,35.580557],[-99.128728,35.58055]]]}},{"type":"Feature","properties":{"applicant":"ANTHEM WASHITA LLC","legal":"16-13N-18W-IM","section":"16","township":"13N","range":"18W","county":"Custer","cause_number":"2026001856"},"geometry":{"type":"Polygon","coordinates":[[[-99.128712,35.595057],[-99.128683,35.609544],[-99.110933,35.609541],[-99.110948,35.595051],[-99.128712,35.595057]]]}},{"type":"Feature","properties":{"applicant":"ANTHEM WASHITA LLC","legal":"22-13N-18W-IM","section":"22","township":"13N","range":"18W","county":"Custer","cause_number":"2026001855"},"geometry":{"type":"Polygon","coordinates":[[[-99.110964,35.580557],[-99.11095,35.595053],[-99.093174,35.595017],[-99.093192,35.58053],[-99.110964,35.580557]]]}},{"type":"Feature","properties":{"applicant":"ANTHEM WASHITA LLC","legal":"15-13N-18W-IM","section":"15","township":"13N","range":"18W","county":"Custer","cause_number":"2026001855"},"geometry":{"type":"Polygon","coordinates":[[[-99.11095,35.595051],[-99.110934,35.609541],[-99.093171,35.609517],[-99.093174,35.595015],[-99.11095,35.595051]]]}},{"type":"Feature","properties":{"applicant":"ANTHEM WASHITA LLC","legal":"09-13N-18W-IM","section":"09","township":"13N","range":"18W","county":"Custer","cause_number":"2026001854"},"geometry":{"type":"Polygon","coordinates":[[[-99.128683,35.609542],[-99.12865,35.624022],[-99.11092,35.624021],[-99.110933,35.609539],[-99.128683,35.609542]]]}},{"type":"Feature","properties":{"applicant":"ANTHEM WASHITA LLC","legal":"04-13N-18W-IM","section":"04","township":"13N","range":"18W","county":"Custer","cause_number":"2026001854"},"geometry":{"type":"Polygon","coordinates":[[[-99.128651,35.62402],[-99.128681,35.638575],[-99.11094,35.638567],[-99.11092,35.62402],[-99.128651,35.62402]]]}},{"type":"Feature","properties":{"applicant":"ANTHEM ARAPAHO LLC","legal":"34-13N-18W-IM","section":"34","township":"13N","range":"18W","county":"Custer","cause_number":"2026001853"},"geometry":{"type":"Polygon","coordinates":[[[-99.11097,35.551574],[-99.110975,35.566063],[-99.093202,35.566036],[-99.09322,35.551556],[-99.11097,35.551574]]]}},{"type":"Feature","properties":{"applicant":"ANTHEM ARAPAHO LLC","legal":"27-13N-18W-IM","section":"27","township":"13N","range":"18W","county":"Custer","cause_number":"2026001853"},"geometry":{"type":"Polygon","coordinates":[[[-99.110976,35.566061],[-99.110963,35.580559],[-99.093193,35.580531],[-99.093202,35.566034],[-99.110976,35.566061]]]}},{"type":"Feature","properties":{"applicant":"MEWBOURNE","legal":"08-13N-17W-IM","section":"08","township":"13N","range":"17W","county":"Custer","status":"Continued","cause_number":"2026000110","order_number":"757253"},"geometry":{"type":"Polygon","coordinates":[[[-99.039908,35.609523],[-99.0399,35.624012],[-99.02217,35.623987],[-99.022166,35.609485],[-99.039908,35.609523]]]}},{"type":"Feature","properties":{"applicant":"MEWBOURNE","legal":"01-13N-22W-IM","section":"01","township":"13N","range":"22W","county":"Roger Mills","status":"Continued","cause_number":"2025003380","order_number":"757244"},"geometry":{"type":"Polygon","coordinates":[[[-99.500722,35.62429],[-99.500698,35.638804],[-99.483033,35.638775],[-99.48311,35.624271],[-99.500722,35.62429]]]}},{"type":"Feature","properties":{"applicant":"MEWBOURNE","legal":"08-13N-17W-IM","section":"08","township":"13N","range":"17W","county":"Custer","status":"Final","cause_number":"2026000110","order_number":"757298"},"geometry":{"type":"Polygon","coordinates":[[[-99.039908,35.609523],[-99.0399,35.624012],[-99.02217,35.623987],[-99.022166,35.609485],[-99.039908,35.609523]]]}},{"type":"Feature","properties":{"applicant":"TERRITORY RESOURCES","legal":"32-13N-18W-IM","section":"32","township":"13N","range":"18W","county":"Custer","status":"Final","cause_number":"2026000070","order_number":"757297"},"geometry":{"type":"Polygon","coordinates":[[[-99.146498,35.55159],[-99.146372,35.566067],[-99.128732,35.566061],[-99.128729,35.551587],[-99.146498,35.55159]]]}},{"type":"Feature","properties":{"applicant":"TERRITORY RESOURCES","legal":"29-13N-18W-IM","section":"29","township":"13N","range":"18W","county":"Custer","status":"Final","cause_number":"2026000069","order_number":"757296"},"geometry":{"type":"Polygon","coordinates":[[[-99.146371,35.566065],[-99.146348,35.58054],[-99.128726,35.580551],[-99.128732,35.566059],[-99.146371,35.566065]]]}},{"type":"Feature","properties":{"applicant":"DUNCAN OIL PROPERTIES; WALTER DUNCAN OIL","legal":"20-15N-19W-IM","section":"20","township":"15N","range":"19W","county":"Custer","status":"Final","cause_number":"2025001429","order_number":"757283"},"geometry":{"type":"Polygon","coordinates":[[[-99.252628,35.754496],[-99.25256,35.76894],[-99.234883,35.76897],[-99.234926,35.754508],[-99.252628,35.754496]]]}},{"type":"Feature","properties":{"applicant":"DUNCAN OIL PROPERTIES; WALTER DUNCAN OIL","legal":"17-15N-19W-IM","section":"17","township":"15N","range":"19W","county":"Custer","status":"Final","cause_number":"2025001428","order_number":"757282"},"geometry":{"type":"Polygon","coordinates":[[[-99.252561,35.768938],[-99.252507,35.78339],[-99.234836,35.783446],[-99.234883,35.768969],[-99.252561,35.768938]]]}},{"type":"Feature","properties":{"applicant":"DUNCAN OIL PROPERTIES; WALTER DUNCAN OIL","legal":"08-15N-19W-IM","section":"08","township":"15N","range":"19W","county":"Custer","status":"Final","cause_number":"2025001428","order_number":"757282"},"geometry":{"type":"Polygon","coordinates":[[[-99.252508,35.783388],[-99.252424,35.797809],[-99.234807,35.797925],[-99.234836,35.783444],[-99.252508,35.783388]]]}},{"type":"Feature","properties":{"applicant":"VALIDUS ENERGY II MIDCON LLC","legal":"23-13N-16W-IM","section":"23","township":"13N","range":"16W","county":"Custer","cause_number":"2026001088","order_number":"757338"},"geometry":{"type":"Polygon","coordinates":[[[-98.880376,35.580503],[-98.880387,35.59502],[-98.862729,35.595022],[-98.862705,35.580522],[-98.880376,35.580503]]]}},{"type":"Feature","properties":{"applicant":"VALIDUS ENERGY II MIDCON LLC","legal":"11-13N-16W-IM","section":"11","township":"13N","range":"16W","county":"Custer","status":"Final","cause_number":"2026001086","order_number":"757337"},"geometry":{"type":"Polygon","coordinates":[[[-98.88038,35.609507],[-98.880393,35.62402],[-98.862693,35.624013],[-98.86273,35.609536],[-98.88038,35.609507]]]}},{"type":"Feature","properties":{"applicant":"MEWBOURNE","legal":"16-13N-21W-IM","section":"16","township":"13N","range":"21W","county":"Roger Mills","status":"Final","cause_number":"2025003151","order_number":"757313"},"geometry":{"type":"Polygon","coordinates":[[[-99.447928,35.595325],[-99.447897,35.609833],[-99.430155,35.609849],[-99.430204,35.595339],[-99.447928,35.595325]]]}},{"type":"Feature","properties":{"applicant":"MEWBOURNE","legal":"14-13N-17W-IM","section":"14","township":"13N","range":"17W","county":"Custer","cause_number":"2026001941"},"geometry":{"type":"Polygon","coordinates":[[[-98.986763,35.594959],[-98.986755,35.609488],[-98.96903,35.609476],[-98.969047,35.594963],[-98.986763,35.594959]]]}},{"type":"Feature","properties":{"applicant":"MEWBOURNE","legal":"11-13N-17W-IM","section":"11","township":"13N","range":"17W","county":"Custer","cause_number":"2026001940"},"geometry":{"type":"Polygon","coordinates":[[[-98.986756,35.609486],[-98.986754,35.623995],[-98.969014,35.624003],[-98.969031,35.609474],[-98.986756,35.609486]]]}},{"type":"Feature","properties":{"applicant":"NOVO II OPERATING LLC; THUNDERBIRD NATURAL RESOURCES LLC","legal":"30-11N-11W-IM","section":"30","township":"11N","range":"11W","county":"Caddo","cause_number":"2026001511","order_number":"757396"},"geometry":{"type":"Polygon","coordinates":[[[-98.412122,35.391883],[-98.412103,35.406293],[-98.394687,35.406325],[-98.394705,35.391862],[-98.412122,35.391883]]]}},{"type":"Feature","properties":{"applicant":"NOVO II OPERATING LLC; THUNDERBIRD NATURAL RESOURCES LLC","legal":"31-11N-11W-IM","section":"31","township":"11N","range":"11W","county":"Caddo","cause_number":"2026001507","order_number":"757395"},"geometry":{"type":"Polygon","coordinates":[[[-98.412194,35.377462],[-98.412122,35.391885],[-98.394704,35.391864],[-98.394739,35.377415],[-98.412194,35.377462]]]}},{"type":"Feature","properties":{"applicant":"MEWBOURNE","legal":"18-13N-22W-IM","section":"18","township":"13N","range":"22W","county":"Roger Mills","status":"Final","cause_number":"2026001397","order_number":"757392"},"geometry":{"type":"Polygon","coordinates":[[[-99.589185,35.59538],[-99.589072,35.609853],[-99.571438,35.609876],[-99.571537,35.595392],[-99.589185,35.59538]]]}},{"type":"Feature","properties":{"applicant":"MEWBOURNE","legal":"15-13N-22W-IM","section":"15","township":"13N","range":"22W","county":"Roger Mills","cause_number":"2026000926","order_number":"757382"},"geometry":{"type":"Polygon","coordinates":[[[-99.536141,35.595369],[-99.536077,35.609867],[-99.518427,35.609818],[-99.51847,35.595335],[-99.536141,35.595369]]]}},{"type":"Feature","properties":{"applicant":"ADPARO LLC","legal":"12-15N-21W-IM","section":"12","township":"15N","range":"21W","county":"Roger Mills","cause_number":"2026001968"},"geometry":{"type":"Polygon","coordinates":[[[-99.393856,35.783389],[-99.39373,35.797843],[-99.37591,35.797689],[-99.376062,35.783229],[-99.393856,35.783389]]]}},{"type":"Feature","properties":{"applicant":"MEWBOURNE","legal":"07-15N-18W-IM","section":"07","township":"15N","range":"18W","county":"Custer","cause_number":"2026001946"},"geometry":{"type":"Polygon","coordinates":[[[-99.16393,35.783409],[-99.163887,35.797895],[-99.146337,35.797839],[-99.146335,35.783378],[-99.16393,35.783409]]]}},{"type":"Feature","properties":{"applicant":"MEWBOURNE","legal":"07-15N-18W-IM","section":"07","township":"15N","range":"18W","county":"Custer","cause_number":"2026001945"},"geometry":{"type":"Polygon","coordinates":[[[-99.16393,35.783409],[-99.163887,35.797895],[-99.146337,35.797839],[-99.146335,35.783378],[-99.16393,35.783409]]]}},{"type":"Feature","properties":{"applicant":"DUNCAN OIL PROPERTIES; WALTER DUNCAN OIL","legal":"10-13N-18W-IM","section":"10","township":"13N","range":"18W","county":"Custer","cause_number":"2026002017"},"geometry":{"type":"Polygon","coordinates":[[[-99.110935,35.609539],[-99.110922,35.624022],[-99.093128,35.624022],[-99.093171,35.609515],[-99.110935,35.609539]]]}},{"type":"Feature","properties":{"applicant":"MEWBOURNE","legal":"25-13N-22W-IM","section":"25","township":"13N","range":"22W","county":"Roger Mills","cause_number":"2026002003"},"geometry":{"type":"Polygon","coordinates":[[[-99.501024,35.566314],[-99.500932,35.580821],[-99.483284,35.580788],[-99.483345,35.566289],[-99.501024,35.566314]]]}},{"type":"Feature","properties":{"applicant":"MEWBOURNE","legal":"24-13N-22W-IM","section":"24","township":"13N","range":"22W","county":"Roger Mills","cause_number":"2026001997"},"geometry":{"type":"Polygon","coordinates":[[[-99.500932,35.580819],[-99.500855,35.595308],[-99.483219,35.595296],[-99.483285,35.580787],[-99.500932,35.580819]]]}},{"type":"Feature","properties":{"applicant":"VALIDUS ENERGY II MIDCON LLC","legal":"14-13N-16W-IM","section":"14","township":"13N","range":"16W","county":"Custer","status":"Final","cause_number":"2026001087","order_number":"757529"},"geometry":{"type":"Polygon","coordinates":[[[-98.880387,35.595018],[-98.88038,35.609509],[-98.862729,35.609538],[-98.86273,35.59502],[-98.880387,35.595018]]]}},{"type":"Feature","properties":{"applicant":"MEWBOURNE","legal":"27-13N-22W-IM","section":"27","township":"13N","range":"22W","county":"Roger Mills","cause_number":"2026001260","order_number":"757581"},"geometry":{"type":"Polygon","coordinates":[[[-99.536309,35.56639],[-99.536234,35.580882],[-99.518609,35.580829],[-99.518701,35.566334],[-99.536309,35.56639]]]}},{"type":"Feature","properties":{"applicant":"MEWBOURNE","legal":"01-13N-22W-IM","section":"01","township":"13N","range":"22W","county":"Roger Mills","cause_number":"2026001125","order_number":"757568"},"geometry":{"type":"Polygon","coordinates":[[[-99.500722,35.62429],[-99.500698,35.638804],[-99.483033,35.638775],[-99.48311,35.624271],[-99.500722,35.62429]]]}},{"type":"Feature","properties":{"applicant":"DEVON ENERGY","legal":"23-14N-20W-IM","section":"23","township":"14N","range":"20W","county":"Custer","cause_number":"2026002064"},"geometry":{"type":"Polygon","coordinates":[[[-99.305737,35.667684],[-99.30573,35.682185],[-99.288026,35.682116],[-99.287959,35.667574],[-99.305737,35.667684]]]}},{"type":"Feature","properties":{"applicant":"DEVON ENERGY","legal":"14-14N-20W-IM","section":"14","township":"14N","range":"20W","county":"Custer","cause_number":"2026002063"},"geometry":{"type":"Polygon","coordinates":[[[-99.305729,35.682183],[-99.30573,35.696682],[-99.28804,35.696603],[-99.288026,35.682114],[-99.305729,35.682183]]]}},{"type":"Feature","properties":{"applicant":"DEVON ENERGY","legal":"11-14N-20W-IM","section":"11","township":"14N","range":"20W","county":"Custer","cause_number":"2026002062"},"geometry":{"type":"Polygon","coordinates":[[[-99.305729,35.69668],[-99.305694,35.711149],[-99.288003,35.711032],[-99.28804,35.696601],[-99.305729,35.69668]]]}},{"type":"Feature","properties":{"applicant":"MEWBOURNE","legal":"18-15N-18W-IM","section":"18","township":"15N","range":"18W","county":"Custer","cause_number":"2026002054"},"geometry":{"type":"Polygon","coordinates":[[[-99.163954,35.76893],[-99.163929,35.783411],[-99.146335,35.783379],[-99.146349,35.768908],[-99.163954,35.76893]]]}},{"type":"Feature","properties":{"applicant":"DEVON ENERGY","legal":"31-13N-19W-IM","section":"31","township":"13N","range":"19W","county":"Custer","status":"Continued","cause_number":"2025003066","order_number":"757658"},"geometry":{"type":"Polygon","coordinates":[[[-99.270743,35.551595],[-99.270727,35.566212],[-99.252956,35.566144],[-99.253028,35.551598],[-99.270743,35.551595]]]}},{"type":"Feature","properties":{"applicant":"DEVON ENERGY","legal":"30-13N-19W-IM","section":"30","township":"13N","range":"19W","county":"Custer","status":"Continued","cause_number":"2025003065","order_number":"757657"},"geometry":{"type":"Polygon","coordinates":[[[-99.270727,35.56621],[-99.270705,35.580628],[-99.253033,35.580641],[-99.252956,35.566142],[-99.270727,35.56621]]]}},{"type":"Feature","properties":{"applicant":"DEVON ENERGY","legal":"19-13N-19W-IM","section":"19","township":"13N","range":"19W","county":"Custer","status":"Continued","cause_number":"2025003064","order_number":"757656"},"geometry":{"type":"Polygon","coordinates":[[[-99.270705,35.580626],[-99.27071,35.595132],[-99.252984,35.595143],[-99.253034,35.580639],[-99.270705,35.580626]]]}},{"type":"Feature","properties":{"applicant":"MEWBOURNE","legal":"04-12N-22W-IM","section":"04","township":"12N","range":"22W","county":"Roger Mills","cause_number":"2026002097"},"geometry":{"type":"Polygon","coordinates":[[[-99.540532,35.537866],[-99.540569,35.551896],[-99.522873,35.551863],[-99.522901,35.537837],[-99.540532,35.537866]]]}},{"type":"Feature","properties":{"applicant":"MEWBOURNE","legal":"34-13N-22W-IM","section":"34","township":"13N","range":"22W","county":"Roger Mills","cause_number":"2026002096"},"geometry":{"type":"Polygon","coordinates":[[[-99.536439,35.551887],[-99.536309,35.566392],[-99.5187,35.566336],[-99.51878,35.551854],[-99.536439,35.551887]]]}},{"type":"Feature","properties":{"applicant":"TERRITORY RESOURCES","legal":"33-13N-18W-IM","section":"33","township":"13N","range":"18W","county":"Custer","cause_number":"2026001645","order_number":"757719"},"geometry":{"type":"Polygon","coordinates":[[[-99.128731,35.551587],[-99.128734,35.566061],[-99.110974,35.566063],[-99.110968,35.551575],[-99.128731,35.551587]]]}},{"type":"Feature","properties":{"applicant":"TERRITORY RESOURCES","legal":"28-13N-18W-IM","section":"28","township":"13N","range":"18W","county":"Custer","cause_number":"2026001645","order_number":"757719"},"geometry":{"type":"Polygon","coordinates":[[[-99.128733,35.566059],[-99.128728,35.580552],[-99.110962,35.580558],[-99.110974,35.566061],[-99.128733,35.566059]]]}},{"type":"Feature","properties":{"applicant":"ANTHEM ARAPAHO LLC","legal":"33-13N-18W-IM","section":"33","township":"13N","range":"18W","county":"Custer","cause_number":"2026001377","order_number":"757719"},"geometry":{"type":"Polygon","coordinates":[[[-99.128731,35.551587],[-99.128734,35.566061],[-99.110974,35.566063],[-99.110968,35.551575],[-99.128731,35.551587]]]}},{"type":"Feature","properties":{"applicant":"ANTHEM ARAPAHO LLC","legal":"28-13N-18W-IM","section":"28","township":"13N","range":"18W","county":"Custer","cause_number":"2026001377","order_number":"757719"},"geometry":{"type":"Polygon","coordinates":[[[-99.128733,35.566059],[-99.128728,35.580552],[-99.110962,35.580558],[-99.110974,35.566061],[-99.128733,35.566059]]]}},{"type":"Feature","properties":{"applicant":"MEWBOURNE","legal":"22-13N-21W-IM","section":"22","township":"13N","range":"21W","county":"Roger Mills","status":"Final","cause_number":"2025004067","order_number":"757697"},"geometry":{"type":"Polygon","coordinates":[[[-99.430242,35.580827],[-99.430205,35.595341],[-99.412412,35.595313],[-99.412461,35.580801],[-99.430242,35.580827]]]}},{"type":"Feature","properties":{"applicant":"MEWBOURNE","legal":"26-13N-22W-IM","section":"26","township":"13N","range":"22W","county":"Roger Mills","cause_number":"2026002108"},"geometry":{"type":"Polygon","coordinates":[[[-99.518702,35.566334],[-99.518611,35.580829],[-99.50093,35.580821],[-99.501022,35.566314],[-99.518702,35.566334]]]}},{"type":"Feature","properties":{"applicant":"MEWBOURNE","legal":"23-13N-22W-IM","section":"23","township":"13N","range":"22W","county":"Roger Mills","cause_number":"2026002107"},"geometry":{"type":"Polygon","coordinates":[[[-99.518611,35.580827],[-99.518471,35.595337],[-99.500853,35.595308],[-99.500931,35.580819],[-99.518611,35.580827]]]}},{"type":"Feature","properties":{"applicant":"YUKON TRADING","legal":"32-11N-23W-IM","section":"32","township":"11N","range":"23W","county":"Beckham","cause_number":"2026002143"},"geometry":{"type":"Polygon","coordinates":[[[-99.664463,35.378272],[-99.664392,35.392787],[-99.646743,35.392739],[-99.646786,35.378225],[-99.664463,35.378272]]]}},{"type":"Feature","properties":{"applicant":"YUKON TRADING","legal":"29-11N-23W-IM","section":"29","township":"11N","range":"23W","county":"Beckham","cause_number":"2026002142"},"geometry":{"type":"Polygon","coordinates":[[[-99.664393,35.392785],[-99.664375,35.407284],[-99.646694,35.407241],[-99.646743,35.392737],[-99.664393,35.392785]]]}},{"type":"Feature","properties":{"applicant":"TERRITORY RESOURCES","legal":"21-13N-18W-IM","section":"21","township":"13N","range":"18W","county":"Custer","cause_number":"2026002160"},"geometry":{"type":"Polygon","coordinates":[[[-99.128728,35.58055],[-99.128713,35.595059],[-99.110948,35.595053],[-99.110962,35.580557],[-99.128728,35.58055]]]}},{"type":"Feature","properties":{"applicant":"GEOSOUTHERN","legal":"32-13N-15W-IM","section":"32","township":"13N","range":"15W","county":"Custer","status":"Final","cause_number":"2026001144","order_number":"757887"},"geometry":{"type":"Polygon","coordinates":[[[-98.827222,35.551485],[-98.827214,35.565982],[-98.809433,35.565989],[-98.80948,35.551491],[-98.827222,35.551485]]]}},{"type":"Feature","properties":{"applicant":"GEOSOUTHERN","legal":"29-13N-15W-IM","section":"29","township":"13N","range":"15W","county":"Custer","status":"Final","cause_number":"2026001143","order_number":"757886"},"geometry":{"type":"Polygon","coordinates":[[[-98.827215,35.56598],[-98.827228,35.580472],[-98.8094,35.580489],[-98.809433,35.565987],[-98.827215,35.56598]]]}},{"type":"Feature","properties":{"applicant":"MEWBOURNE","legal":"18-15N-18W-IM","section":"18","township":"15N","range":"18W","county":"Custer","cause_number":"2026002032","order_number":"757930"},"geometry":{"type":"Polygon","coordinates":[[[-99.163954,35.76893],[-99.163929,35.783411],[-99.146335,35.783379],[-99.146349,35.768908],[-99.163954,35.76893]]]}},{"type":"Feature","properties":{"applicant":"NADEL & GUSSMAN","legal":"21-13N-19W-IM","section":"21","township":"13N","range":"19W","county":"Custer","cause_number":"2026002229"},"geometry":{"type":"Polygon","coordinates":[[[-99.235158,35.595167],[-99.217306,35.595205],[-99.217307,35.580669],[-99.235161,35.58064],[-99.235158,35.595167]]]}},{"type":"Feature","properties":{"applicant":"NADEL & GUSSMAN","legal":"16-13N-19W-IM","section":"16","township":"13N","range":"19W","county":"Custer","cause_number":"2026002228"},"geometry":{"type":"Polygon","coordinates":[[[-99.235158,35.595165],[-99.235141,35.609731],[-99.217339,35.609707],[-99.217306,35.595203],[-99.235158,35.595165]]]}}]}