{"type":"FeatureCollection","name":"Producing leases (Oseberg)","crs":{"type":"name","properties":{"name":"urn:ogc:def:crs:OGC:1.3:CRS84"}},"features":[{"type":"Feature","properties":{"county":"Washita","legal":"34-11N-16W-IM","operator":"CHESAPEAKE ENERGY","lease_name":"WALKING WOMAN USA 1-34H","api_number":"3514921546","reservoir":"DES MOINES","first_production":"2011-04-01","last_production":"2023-07-01"},"geometry":{"type":"Polygon","coordinates":[[[-98.8791291264655,35.3868833507731],[-98.8776291264525,35.3853833507601],[-98.8791291264655,35.3838833507471],[-98.8806291264785,35.3853833507601],[-98.8791291264655,35.3868833507731]]]}},{"type":"Feature","properties":{"county":"Roger Mills","legal":"04-12N-23W-IM","operator":"BCE-MACH III LLC","lease_name":"GREEN 6-4","api_number":"3512922205","reservoir":"CHEROKEE","first_production":"1999-11-01","last_production":"2023-07-01"},"geometry":{"type":"Polygon","coordinates":[[[-99.6377452473702,35.5461957643202],[-99.6362452473572,35.5446957643071],[-99.6377452473702,35.5431957642941],[-99.6392452473832,35.5446957643071],[-99.6377452473702,35.5461957643202]]]}},{"type":"Feature","properties":{"county":"Custer","legal":"24-12N-20W-IM","operator":"MUSTANG","lease_name":"K.C. CATTLE CO 9-24","api_number":"3503922153","reservoir":"CLINTON LAKE","first_production":"2005-06-01","last_production":"2023-07-01"},"geometry":{"type":"Polygon","coordinates":[[[-99.2668915344262,35.5031890517855],[-99.2653915344132,35.5016890517724],[-99.2668915344262,35.5001890517594],[-99.2683915344392,35.5016890517724],[-99.2668915344262,35.5031890517855]]]}},{"type":"Feature","properties":{"county":"Caddo","legal":"04-11N-11W-IM","operator":"STAGHORN","lease_name":"KIMBLE #1","api_number":"3501521345","reservoir":"MORROW, SPRINGER","first_production":"1995-01-01","last_production":"2023-07-01"},"geometry":{"type":"Polygon","coordinates":[[[-98.3680593813054,35.4583599615909],[-98.3665593812924,35.4568599615779],[-98.3680593813054,35.4553599615649],[-98.3695593813185,35.4568599615779],[-98.3680593813054,35.4583599615909]]]}},{"type":"Feature","properties":{"county":"Caddo","legal":"03-11N-11W-IM","operator":"STAGHORN","lease_name":"KELLER #1-3","api_number":"3501521958","reservoir":"MARCHAND","first_production":"1995-01-01","last_production":"2023-07-01"},"geometry":{"type":"Polygon","coordinates":[[[-98.3503774927138,35.4582333259924],[-98.3488774927008,35.4567333259794],[-98.3503774927138,35.4552333259664],[-98.3518774927268,35.4567333259794],[-98.3503774927138,35.4582333259924]]]}},{"type":"Feature","properties":{"county":"Washita","legal":"11-11N-19W-IM","operator":"CHESAPEAKE ENERGY","lease_name":"PENDLETON 11-11-19 2H","api_number":"3514921726","reservoir":"DES MOINES","first_production":"2016-04-01","last_production":"2023-08-01"},"geometry":{"type":"Polygon","coordinates":[[[-99.1789973813066,35.4450407685238],[-99.1774973812936,35.4435407685108],[-99.1789973813066,35.4420407684978],[-99.1804973813196,35.4435407685108],[-99.1789973813066,35.4450407685238]]]}},{"type":"Feature","properties":{"county":"Washita","legal":"22-11N-19W-IM","operator":"CHESAPEAKE ENERGY","lease_name":"CARLENE 22-11-19 1H","api_number":"3514921681","reservoir":"DES MOINES","first_production":"2013-09-01","last_production":"2023-08-01"},"geometry":{"type":"Polygon","coordinates":[[[-99.1966570776631,35.4161212247367],[-99.1951570776501,35.4146212247237],[-99.1966570776631,35.4131212247107],[-99.1981570776762,35.4146212247237],[-99.1966570776631,35.4161212247367]]]}},{"type":"Feature","properties":{"county":"Washita","legal":"13-11N-16W-IM","operator":"CHESAPEAKE ENERGY","lease_name":"JIM 13-11-16 1H","api_number":"3514921631","reservoir":"MISSOURIAN","first_production":"2012-06-01","last_production":"2023-08-01"},"geometry":{"type":"Polygon","coordinates":[[[-98.8436901289718,35.4305070630654],[-98.8421901289587,35.4290070630523],[-98.8436901289718,35.4275070630393],[-98.8451901289848,35.4290070630523],[-98.8436901289718,35.4305070630654]]]}},{"type":"Feature","properties":{"county":"Washita","legal":"02-11N-18W-IM","operator":"DIVERSIFIED PRODUCTION LLC","lease_name":"THOMPSON 1-2H","api_number":"3514921304","reservoir":"DES MOINES GRANITE WASH","first_production":"2007-10-01","last_production":"2023-08-01"},"geometry":{"type":"Polygon","coordinates":[[[-99.0727371678757,35.4594350277271],[-99.0712371678626,35.457935027714],[-99.0727371678757,35.456435027701],[-99.0742371678887,35.457935027714],[-99.0727371678757,35.4594350277271]]]}},{"type":"Feature","properties":{"county":"Custer","legal":"25-13N-20W-IM","operator":"DIVERSIFIED PRODUCTION LLC","lease_name":"CLARK #25-2","api_number":"3503921470","reservoir":"RED FORK","first_production":"1995-01-01","last_production":"2023-08-01"},"geometry":{"type":"Polygon","coordinates":[[[-99.2796303024178,35.5751079559365],[-99.2781303024048,35.5736079559235],[-99.2796303024178,35.5721079559105],[-99.2811303024309,35.5736079559235],[-99.2796303024178,35.5751079559365]]]}},{"type":"Feature","properties":{"county":"Custer","legal":"04-15N-19W-IM","operator":"H2OK LLC","lease_name":"BRAY 4-2","api_number":"3503921185","reservoir":"CLEVELAND","first_production":"1995-01-01","last_production":"2023-08-01"},"geometry":{"type":"Polygon","coordinates":[[[-99.2257995252702,35.8065773318139],[-99.2242995252572,35.8050773318009],[-99.2257995252702,35.8035773317878],[-99.2272995252833,35.8050773318009],[-99.2257995252702,35.8065773318139]]]}},{"type":"Feature","properties":{"county":"Caddo","legal":"17-11N-12W-IM","operator":"PO & G OPERATING","lease_name":"L. A. SMITH #1","api_number":"3501520618","reservoir":"MARCHAND","first_production":"1995-01-01","last_production":"2023-08-01"},"geometry":{"type":"Polygon","coordinates":[[[-98.4961143677142,35.4331746404767],[-98.4946143677012,35.4316746404636],[-98.4961143677142,35.4301746404506],[-98.4976143677273,35.4316746404636],[-98.4961143677142,35.4331746404767]]]}},{"type":"Feature","properties":{"county":"Washita","legal":"09-11N-20W-IM","operator":"CIMAREX ENERGY","lease_name":"LEON 1-9H","api_number":"3514921605","reservoir":"LOWER HOXBAR","first_production":"2012-01-01","last_production":"2023-09-01"},"geometry":{"type":"Polygon","coordinates":[[[-99.3200388547131,35.4448715502709],[-99.3185388547001,35.4433715502579],[-99.3200388547131,35.4418715502448],[-99.3215388547261,35.4433715502579],[-99.3200388547131,35.4448715502709]]]}},{"type":"Feature","properties":{"county":"Washita","legal":"20-11N-18W-IM","operator":"CHESAPEAKE ENERGY","lease_name":"ANNA 1-20H","api_number":"3514921514","reservoir":"DES MOINES","first_production":"2010-10-01","last_production":"2023-09-01"},"geometry":{"type":"Polygon","coordinates":[[[-99.1259393648734,35.4160309657413],[-99.1244393648604,35.4145309657282],[-99.1259393648734,35.4130309657152],[-99.1274393648865,35.4145309657282],[-99.1259393648734,35.4160309657413]]]}},{"type":"Feature","properties":{"county":"Washita","legal":"17-11N-18W-IM","operator":"CHESAPEAKE ENERGY","lease_name":"GLEN CHARLES 1-17H","api_number":"3514921479","reservoir":"DES MOINES GRANITE WASH","first_production":"2010-05-01","last_production":"2023-09-01"},"geometry":{"type":"Polygon","coordinates":[[[-99.125999502823,35.4305713569455],[-99.1244995028099,35.4290713569324],[-99.125999502823,35.4275713569194],[-99.127499502836,35.4290713569324],[-99.125999502823,35.4305713569455]]]}},{"type":"Feature","properties":{"county":"Washita","legal":"15-11N-17W-IM","operator":"DIVERSIFIED PRODUCTION LLC","lease_name":"AGNES 1-15H","api_number":"3514921394","reservoir":"DES MOINES GRANITE WASH","first_production":"2008-10-01","last_production":"2023-09-01"},"geometry":{"type":"Polygon","coordinates":[[[-98.9848474402721,35.4304945012412],[-98.9833474402591,35.4289945012282],[-98.9848474402721,35.4274945012151],[-98.9863474402851,35.4289945012282],[-98.9848474402721,35.4304945012412]]]}},{"type":"Feature","properties":{"county":"Roger Mills","legal":"20-13N-21W-IM","operator":"FX ENERGY OPERATING LLC","lease_name":"WALKER TRUST #6-20","api_number":"3512923313","reservoir":"DES MOINES","first_production":"2008-06-01","last_production":"2023-09-01"},"geometry":{"type":"Polygon","coordinates":[[[-99.4568132592148,35.5894505034855],[-99.4553132592018,35.5879505034725],[-99.4568132592148,35.5864505034595],[-99.4583132592279,35.5879505034725],[-99.4568132592148,35.5894505034855]]]}},{"type":"Feature","properties":{"county":"Custer","legal":"32-13N-16W-IM","operator":"TEOCALLI EXPLORATION","lease_name":"LACY LAND 1-32","api_number":"3503922188","reservoir":"CHEROKEE","first_production":"2006-01-01","last_production":"2023-09-01"},"geometry":{"type":"Polygon","coordinates":[[[-98.9246712974076,35.5601415604628],[-98.9231712973946,35.5586415604498],[-98.9246712974076,35.5571415604367],[-98.9261712974207,35.5586415604498],[-98.9246712974076,35.5601415604628]]]}},{"type":"Feature","properties":{"county":"Custer","legal":"22-15N-19W-IM","operator":"BUFFCO PRODUCTION","lease_name":"TOUCHSTONE 1-22","api_number":"3503921812","reservoir":"CHEROKEE","first_production":"1999-08-01","last_production":"2023-09-01"},"geometry":{"type":"Polygon","coordinates":[[[-99.208279328931,35.7632137147012],[-99.206779328918,35.7617137146881],[-99.208279328931,35.7602137146751],[-99.2097793289441,35.7617137146881],[-99.208279328931,35.7632137147012]]]}},{"type":"Feature","properties":{"county":"Washita","legal":"11-11N-19W-IM","operator":"CHESAPEAKE ENERGY","lease_name":"PENDLETON 11-11-19 3H","api_number":"3514921685","reservoir":"DES MOINES","first_production":"2013-11-01","last_production":"2023-10-01"},"geometry":{"type":"Polygon","coordinates":[[[-99.1789973813066,35.4450407685238],[-99.1774973812936,35.4435407685108],[-99.1789973813066,35.4420407684978],[-99.1804973813196,35.4435407685108],[-99.1789973813066,35.4450407685238]]]}},{"type":"Feature","properties":{"county":"Washita","legal":"32-11N-19W-IM","operator":"BUFFCO PRODUCTION","lease_name":"MARIE 1-32","api_number":"3514921253","reservoir":"ATOKA,DES MOINES","first_production":"2007-02-01","last_production":"2023-10-01"},"geometry":{"type":"Polygon","coordinates":[[[-99.2320591312335,35.3871818655535],[-99.2305591312204,35.3856818655405],[-99.2320591312335,35.3841818655274],[-99.2335591312465,35.3856818655405],[-99.2320591312335,35.3871818655535]]]}},{"type":"Feature","properties":{"county":"Washita","legal":"18-11N-19W-IM","operator":"UNBRIDLED RESOURCES LLC","lease_name":"FLOYD 1-18","api_number":"3514920961","reservoir":"ATOKA","first_production":"2001-09-01","last_production":"2023-10-01"},"geometry":{"type":"Polygon","coordinates":[[[-99.2495288911,35.4306765164526],[-99.2480288910869,35.4291765164395],[-99.2495288911,35.4276765164265],[-99.251028891113,35.4291765164395],[-99.2495288911,35.4306765164526]]]}},{"type":"Feature","properties":{"county":"Roger Mills","legal":"02-13N-21W-IM","operator":"DIVERSIFIED PRODUCTION LLC","lease_name":"BLOUNT #1","api_number":"3512923302;3512920824","reservoir":"RED FORK","first_production":"1995-04-01","last_production":"2023-10-01"},"geometry":{"type":"Polygon","coordinates":[[[-99.4036151728357,35.6329930774932],[-99.4021151728227,35.6314930774802],[-99.4036151728357,35.6299930774671],[-99.4051151728488,35.6314930774802],[-99.4036151728357,35.6329930774932]]]}},{"type":"Feature","properties":{"county":"Custer","legal":"31-12N-15W-IM","operator":"BRG","lease_name":"JENKINS #1-31","api_number":"3503921823","reservoir":"SKINNER","first_production":"1999-12-01","last_production":"2023-10-01"},"geometry":{"type":"Polygon","coordinates":[[[-98.8264903206532,35.4738295680876],[-98.8249903206401,35.4723295680746],[-98.8264903206532,35.4708295680615],[-98.8279903206662,35.4723295680746],[-98.8264903206532,35.4738295680876]]]}},{"type":"Feature","properties":{"county":"Custer","legal":"24-12N-14W-IM","operator":"DIVERSIFIED PRODUCTION LLC","lease_name":"FOLKS 24-3","api_number":"3503921650","reservoir":"CHEROKEE","first_production":"1996-07-01","last_production":"2023-10-01"},"geometry":{"type":"Polygon","coordinates":[[[-98.6320947577484,35.5020974965574],[-98.6305947577354,35.5005974965443],[-98.6320947577484,35.4990974965313],[-98.6335947577614,35.5005974965443],[-98.6320947577484,35.5020974965574]]]}},{"type":"Feature","properties":{"county":"Washita","legal":"14-11N-17W-IM","operator":"CHESAPEAKE ENERGY","lease_name":"HOEPFNER 14-11-17 1H","api_number":"3514921606","reservoir":"DES MOINES GRANITE WASH","first_production":"2011-11-01","last_production":"2023-11-01"},"geometry":{"type":"Polygon","coordinates":[[[-98.967201552513,35.4304421399302],[-98.9657015525,35.4289421399172],[-98.967201552513,35.4274421399042],[-98.968701552526,35.4289421399172],[-98.967201552513,35.4304421399302]]]}},{"type":"Feature","properties":{"county":"Custer","legal":"23-15N-20W-IM","operator":"DIVERSIFIED PRODUCTION LLC","lease_name":"HUTCHESON  23-3","api_number":"3503921450","reservoir":"PRUE","first_production":"1995-01-01","last_production":"2023-11-01"},"geometry":{"type":"Polygon","coordinates":[[[-99.2966064067621,35.7631016624728],[-99.2951064067491,35.7616016624598],[-99.2966064067621,35.7601016624468],[-99.2981064067751,35.7616016624598],[-99.2966064067621,35.7631016624728]]]}},{"type":"Feature","properties":{"county":"Custer","legal":"30-15N-19W-IM","operator":"ADPARO LLC","lease_name":"GRAHAM \"F\" #2","api_number":"3503921506","reservoir":"PRUE(CHEROKEE GROUP)","first_production":"1995-01-01","last_production":"2023-11-01"},"geometry":{"type":"Polygon","coordinates":[[[-99.2613606085648,35.7486594271561],[-99.2598606085517,35.747159427143],[-99.2613606085648,35.74565942713],[-99.2628606085778,35.747159427143],[-99.2613606085648,35.7486594271561]]]}},{"type":"Feature","properties":{"county":"Beckham","legal":"06-11N-21W-IM","operator":"APACHE","lease_name":"POTTER 6-11-21 1H","api_number":"3500921927","reservoir":"HOXBAR","first_production":"2014-07-01","last_production":"2023-11-01"},"geometry":{"type":"Polygon","coordinates":[[[-99.4609995940798,35.459701458317],[-99.4594995940667,35.4582014583039],[-99.4609995940798,35.4567014582909],[-99.4624995940928,35.4582014583039],[-99.4609995940798,35.459701458317]]]}},{"type":"Feature","properties":{"county":"Washita","legal":"30-11N-14W-IM","operator":"SWEETWATER EXPLORATION","lease_name":"WARKENTIN #1-30","api_number":"3514920108","reservoir":"SPRINGER","first_production":"1995-01-01","last_production":"2023-12-01"},"geometry":{"type":"Polygon","coordinates":[[[-98.7203790011708,35.4007789021074],[-98.7188790011578,35.3992789020944],[-98.7203790011708,35.3977789020814],[-98.7218790011839,35.3992789020944],[-98.7203790011708,35.4007789021074]]]}},{"type":"Feature","properties":{"county":"Custer","legal":"23-13N-15W-IM","operator":"SKYCAP ENERGY","lease_name":"LEONARD #3-23","api_number":"3503921626","reservoir":"SKINNER","first_production":"1996-05-01","last_production":"2023-12-01"},"geometry":{"type":"Polygon","coordinates":[[[-98.7651357448385,35.5892659478562],[-98.7636357448255,35.5877659478431],[-98.7651357448385,35.5862659478301],[-98.7666357448515,35.5877659478431],[-98.7651357448385,35.5892659478562]]]}},{"type":"Feature","properties":{"county":"Custer","legal":"12-12N-14W-IM","operator":"ZEPHYR OPERATING","lease_name":"ALICE #1-12","api_number":"3503921203","reservoir":"RED FORK","first_production":"1995-01-01","last_production":"2023-12-01"},"geometry":{"type":"Polygon","coordinates":[[[-98.6320427092737,35.5311652587672],[-98.6305427092606,35.5296652587542],[-98.6320427092737,35.5281652587411],[-98.6335427092867,35.5296652587542],[-98.6320427092737,35.5311652587672]]]}},{"type":"Feature","properties":{"county":"Custer","legal":"19-12N-16W-IM","operator":"STRIDE ENERGY LLC","lease_name":"MEACHAM#2-19","api_number":"3503921057","reservoir":"RED FORK","first_production":"1995-01-01","last_production":"2023-12-01"},"geometry":{"type":"Polygon","coordinates":[[[-98.9320497980207,35.5028062459515],[-98.9305497980077,35.5013062459385],[-98.9320497980207,35.4998062459254],[-98.9335497980338,35.5013062459385],[-98.9320497980207,35.5028062459515]]]}},{"type":"Feature","properties":{"county":"Beckham","legal":"29-12N-22W-IM","operator":"SKYCAP ENERGY","lease_name":"SIMMONS 1-29","api_number":"3500920370","reservoir":"ATOKA","first_production":"1995-01-01","last_production":"2023-12-01"},"geometry":{"type":"Polygon","coordinates":[[[-99.5496866284361,35.4886072278127],[-99.548186628423,35.4871072277996],[-99.5496866284361,35.4856072277866],[-99.5511866284491,35.4871072277996],[-99.5496866284361,35.4886072278127]]]}},{"type":"Feature","properties":{"county":"Custer","legal":"20-12N-20W-IM","operator":"BCE-MACH III LLC","lease_name":"KEPHART 7-20","api_number":"3503922208","reservoir":"DES MOINES LOW","first_production":"2006-06-01","last_production":"2024-01-01"},"geometry":{"type":"Polygon","coordinates":[[[-99.3378867757974,35.5029783228885],[-99.3363867757843,35.5014783228755],[-99.3378867757974,35.4999783228624],[-99.3393867758104,35.5014783228755],[-99.3378867757974,35.5029783228885]]]}},{"type":"Feature","properties":{"county":"Custer","legal":"30-14N-20W-IM","operator":"ZENERGY","lease_name":"REDMOON WEST 2-30","api_number":"3503921764","reservoir":"CHEROKEE","first_production":"1998-08-01","last_production":"2024-01-01"},"geometry":{"type":"Polygon","coordinates":[[[-99.3681405348821,35.6619831206883],[-99.366640534869,35.6604831206753],[-99.3681405348821,35.6589831206623],[-99.3696405348951,35.6604831206753],[-99.3681405348821,35.6619831206883]]]}},{"type":"Feature","properties":{"county":"Beckham","legal":"31-11N-22W-IM","operator":"TEOCALLI EXPLORATION","lease_name":"HALEY 4-31","api_number":"3500921631","reservoir":"DES MOINES","first_production":"2006-10-01","last_production":"2024-01-01"},"geometry":{"type":"Polygon","coordinates":[[[-99.5669729080227,35.3869090018971],[-99.5654729080096,35.385409001884],[-99.5669729080227,35.383909001871],[-99.5684729080357,35.385409001884],[-99.5669729080227,35.3869090018971]]]}},{"type":"Feature","properties":{"county":"Washita","legal":"05-11N-16W-IM","operator":"PENN VIRGINIA O&G","lease_name":"SNIDER 2-5H","api_number":"3514921560","reservoir":"DES MOINES","first_production":"2011-02-01","last_production":"2024-02-01"},"geometry":{"type":"Polygon","coordinates":[[[-98.9146756783788,35.4592695310624],[-98.9131756783657,35.4577695310494],[-98.9146756783788,35.4562695310363],[-98.9161756783918,35.4577695310494],[-98.9146756783788,35.4592695310624]]]}},{"type":"Feature","properties":{"county":"Washita","legal":"08-11N-15W-IM","operator":"BUFFCO PRODUCTION","lease_name":"STOBBE 2-8","api_number":"3514920998","reservoir":"DES MOINES","first_production":"2002-06-01","last_production":"2024-02-01"},"geometry":{"type":"Polygon","coordinates":[[[-98.8088259721579,35.4447802158836],[-98.8073259721448,35.4432802158706],[-98.8088259721579,35.4417802158575],[-98.8103259721709,35.4432802158706],[-98.8088259721579,35.4447802158836]]]}},{"type":"Feature","properties":{"county":"Roger Mills","legal":"05-12N-23W-IM","operator":"PRESIDIO","lease_name":"SPROWLS #1-5","api_number":"3512920767","reservoir":"RED FORK","first_production":"1995-01-01","last_production":"2024-02-01"},"geometry":{"type":"Polygon","coordinates":[[[-99.6553620928508,35.5461856396999],[-99.6538620928377,35.5446856396869],[-99.6553620928508,35.5431856396739],[-99.6568620928638,35.5446856396869],[-99.6553620928508,35.5461856396999]]]}},{"type":"Feature","properties":{"county":"Custer","legal":"18-14N-20W-IM","operator":"BCE-MACH III LLC","lease_name":"LEE 7-18","api_number":"3503921928","reservoir":"CHEROKEE","first_production":"2001-07-01","last_production":"2024-02-01"},"geometry":{"type":"Polygon","coordinates":[[[-99.367953231828,35.6909142149255],[-99.3664532318149,35.6894142149125],[-99.367953231828,35.6879142148995],[-99.369453231841,35.6894142149125],[-99.367953231828,35.6909142149255]]]}},{"type":"Feature","properties":{"county":"Custer","legal":"32-15N-19W-IM","operator":"PRENTICE NAPIER AND GREEN INC","lease_name":"RAY H #3","api_number":"3503921822","reservoir":"SKINNER","first_production":"1999-11-01","last_production":"2024-02-01"},"geometry":{"type":"Polygon","coordinates":[[[-99.2438806186309,35.7343639645175],[-99.2423806186179,35.7328639645044],[-99.2438806186309,35.7313639644914],[-99.2453806186439,35.7328639645044],[-99.2438806186309,35.7343639645175]]]}},{"type":"Feature","properties":{"county":"Custer","legal":"26-12N-16W-IM","operator":"BUFFCO PRODUCTION","lease_name":"SAWATSKY #2-26","api_number":"3503921735","reservoir":"DESMOINES","first_production":"1998-04-01","last_production":"2024-02-01"},"geometry":{"type":"Polygon","coordinates":[[[-98.8615154689863,35.4882628161299],[-98.8600154689732,35.4867628161168],[-98.8615154689863,35.4852628161038],[-98.8630154689993,35.4867628161168],[-98.8615154689863,35.4882628161299]]]}},{"type":"Feature","properties":{"county":"Beckham","legal":"22-11N-23W-IM","operator":"CHACO ENERGY","lease_name":"SEALS 1-22","api_number":"3500920656;3500920776","reservoir":"DES MOINES (GRANITE WASH)","first_production":"1995-01-01","last_production":"2024-02-01"},"geometry":{"type":"Polygon","coordinates":[[[-99.6198607484686,35.4157347698417],[-99.6183607484556,35.4142347698286],[-99.6198607484686,35.4127347698156],[-99.6213607484816,35.4142347698286],[-99.6198607484686,35.4157347698417]]]}},{"type":"Feature","properties":{"county":"Roger Mills","legal":"34-13N-22W-IM","operator":"CHESAPEAKE ENERGY","lease_name":"GH 34-13-22 1H","api_number":"3512923532","reservoir":"TONKAWA","first_production":"2012-06-01","last_production":"2024-03-01"},"geometry":{"type":"Polygon","coordinates":[[[-99.5273869880491,35.5606030778034],[-99.5258869880361,35.5591030777903],[-99.5273869880491,35.5576030777773],[-99.5288869880622,35.5591030777903],[-99.5273869880491,35.5606030778034]]]}},{"type":"Feature","properties":{"county":"Roger Mills","legal":"09-13N-22W-IM","operator":"DEVON ENERGY","lease_name":"ALLIE #2","api_number":"3512922240","reservoir":"DES MOINES","first_production":"2000-09-01","last_production":"2024-03-01"},"geometry":{"type":"Polygon","coordinates":[[[-99.5447831345382,35.6187671145692],[-99.5432831345252,35.6172671145561],[-99.5447831345382,35.6157671145431],[-99.5462831345513,35.6172671145561],[-99.5447831345382,35.6187671145692]]]}},{"type":"Feature","properties":{"county":"Custer","legal":"03-15N-19W-IM","operator":"H2OK LLC","lease_name":"KAUK 3-2","api_number":"3503921188","reservoir":"CLEVELAND","first_production":"1995-01-01","last_production":"2024-03-01"},"geometry":{"type":"Polygon","coordinates":[[[-99.2081047516476,35.8065898441286],[-99.2066047516345,35.8050898441156],[-99.2081047516476,35.8035898441026],[-99.2096047516606,35.8050898441156],[-99.2081047516476,35.8065898441286]]]}},{"type":"Feature","properties":{"county":"Custer","legal":"17-12N-15W-IM","operator":"DIVERSIFIED PRODUCTION LLC","lease_name":"PALMER #1-17","api_number":"3503920388","reservoir":"REDFORK","first_production":"1995-01-01","last_production":"2024-03-01"},"geometry":{"type":"Polygon","coordinates":[[[-98.8088913670042,35.51696389285],[-98.8073913669912,35.515463892837],[-98.8088913670042,35.5139638928239],[-98.8103913670172,35.515463892837],[-98.8088913670042,35.51696389285]]]}},{"type":"Feature","properties":{"county":"Caddo","legal":"28-11N-11W-IM","operator":"MUSTANG","lease_name":"LOULA #2","api_number":"3501522650","reservoir":"CHEROKEE","first_production":"2002-08-01","last_production":"2024-03-01"},"geometry":{"type":"Polygon","coordinates":[[[-98.3680498937818,35.4006090849174],[-98.3665498937688,35.3991090849043],[-98.3680498937818,35.3976090848913],[-98.3695498937948,35.3991090849043],[-98.3680498937818,35.4006090849174]]]}},{"type":"Feature","properties":{"county":"Caddo","legal":"27-11N-11W-IM","operator":"DEVON ENERGY","lease_name":"GOODMAN #1","api_number":"3501520613","reservoir":"RED FORK","first_production":"1995-01-01","last_production":"2024-03-01"},"geometry":{"type":"Polygon","coordinates":[[[-98.3504629095446,35.4005797622542],[-98.3489629095316,35.3990797622411],[-98.3504629095446,35.3975797622281],[-98.3519629095577,35.3990797622411],[-98.3504629095446,35.4005797622542]]]}},{"type":"Feature","properties":{"county":"Beckham","legal":"30-11N-23W-IM","operator":"CHESAPEAKE ENERGY","lease_name":"LOCKE 1-30H","api_number":"3500921808","reservoir":"MISSOURI","first_production":"2011-06-01","last_production":"2024-03-01"},"geometry":{"type":"Polygon","coordinates":[[[-99.6730016408326,35.4013829214521],[-99.6715016408195,35.3998829214391],[-99.6730016408326,35.398382921426],[-99.6745016408456,35.3998829214391],[-99.6730016408326,35.4013829214521]]]}},{"type":"Feature","properties":{"county":"Beckham","legal":"05-11N-21W-IM","operator":"APACHE","lease_name":"KINCAID 1-5RH","api_number":"3500921380","reservoir":"RED FORK, HOXBAR","first_production":"2004-06-01","last_production":"2024-03-01"},"geometry":{"type":"Polygon","coordinates":[[[-99.4434503535197,35.459587231115],[-99.4419503535066,35.4580872311019],[-99.4434503535197,35.4565872310889],[-99.4449503535327,35.4580872311019],[-99.4434503535197,35.459587231115]]]}},{"type":"Feature","properties":{"county":"Roger Mills","legal":"01-13N-21W-IM","operator":"FX ENERGY OPERATING LLC","lease_name":"TOWN OF HAMMON #1-1","api_number":"3512920819","reservoir":"REDFORK","first_production":"1995-01-01","last_production":"2024-04-01"},"geometry":{"type":"Polygon","coordinates":[[[-99.3857956692331,35.6330935417378],[-99.38429566922,35.6315935417247],[-99.3857956692331,35.6300935417117],[-99.3872956692461,35.6315935417247],[-99.3857956692331,35.6330935417378]]]}},{"type":"Feature","properties":{"county":"Custer","legal":"01-13N-19W-IM","operator":"UNIT","lease_name":"WILLIAMS #1-1","api_number":"3503921299","reservoir":"DES MOINES","first_production":"1995-01-01","last_production":"2024-04-01"},"geometry":{"type":"Polygon","coordinates":[[[-99.1732162218938,35.6329014616246],[-99.1717162218808,35.6314014616116],[-99.1732162218938,35.6299014615985],[-99.1747162219068,35.6314014616116],[-99.1732162218938,35.6329014616246]]]}},{"type":"Feature","properties":{"county":"Custer","legal":"19-12N-19W-IM","operator":"TEOCALLI EXPLORATION","lease_name":"PAULINE #1-19","api_number":"3503920995","reservoir":"UPPER RED FORK","first_production":"1995-01-01","last_production":"2024-04-01"},"geometry":{"type":"Polygon","coordinates":[[[-99.2495911837087,35.5031166358779],[-99.2480911836956,35.5016166358648],[-99.2495911837087,35.5001166358518],[-99.2510911837217,35.5016166358648],[-99.2495911837087,35.5031166358779]]]}},{"type":"Feature","properties":{"county":"Custer","legal":"30-13N-14W-IM","operator":"DEVON ENERGY","lease_name":"BERGMAN #2-30","api_number":"3503920418","reservoir":"ATOKA","first_production":"1995-01-01","last_production":"2024-04-01"},"geometry":{"type":"Polygon","coordinates":[[[-98.7297045793248,35.5747137016663],[-98.7282045793118,35.5732137016533],[-98.7297045793248,35.5717137016402],[-98.7312045793378,35.5732137016533],[-98.7297045793248,35.5747137016663]]]}},{"type":"Feature","properties":{"county":"Washita","legal":"22-11N-20W-IM","operator":"CHESAPEAKE ENERGY","lease_name":"BUSBY 1-22H","api_number":"3514921517","reservoir":"DES MOINES","first_production":"2010-11-01","last_production":"2024-05-01"},"geometry":{"type":"Polygon","coordinates":[[[-99.3022999017169,35.4159393369921],[-99.3007999017039,35.414439336979],[-99.3022999017169,35.412939336966],[-99.30379990173,35.414439336979],[-99.3022999017169,35.4159393369921]]]}},{"type":"Feature","properties":{"county":"Washita","legal":"05-11N-18W-IM","operator":"DIVERSIFIED PRODUCTION LLC","lease_name":"JOYE 1-5H","api_number":"3514921277","reservoir":"DES MOINES","first_production":"2007-06-01","last_production":"2024-05-01"},"geometry":{"type":"Polygon","coordinates":[[[-99.1260505753737,35.4594598852985],[-99.1245505753607,35.4579598852854],[-99.1260505753737,35.4564598852724],[-99.1275505753867,35.4579598852854],[-99.1260505753737,35.4594598852985]]]}},{"type":"Feature","properties":{"county":"Roger Mills","legal":"17-12N-22W-IM","operator":"CHESAPEAKE ENERGY","lease_name":"BARC TRUST 17-12-22 1H","api_number":"3512923528","reservoir":"TONKAWA","first_production":"2011-08-01","last_production":"2024-05-01"},"geometry":{"type":"Polygon","coordinates":[[[-99.5490900508571,35.5176489273811],[-99.5475900508441,35.516148927368],[-99.5490900508571,35.514648927355],[-99.5505900508702,35.516148927368],[-99.5490900508571,35.5176489273811]]]}},{"type":"Feature","properties":{"county":"Roger Mills","legal":"14-13N-22W-IM","operator":"TEOCALLI EXPLORATION","lease_name":"USA WHITE EAGLE 3-14","api_number":"3512923113","reservoir":"LOWER TONKAWA","first_production":"2006-11-01","last_production":"2024-05-01"},"geometry":{"type":"Polygon","coordinates":[[[-99.5092754278782,35.6040922776977],[-99.5077754278652,35.6025922776846],[-99.5092754278782,35.6010922776716],[-99.5107754278913,35.6025922776846],[-99.5092754278782,35.6040922776977]]]}},{"type":"Feature","properties":{"county":"Roger Mills","legal":"26-12N-23W-IM","operator":"DIVERSIFIED PRODUCTION LLC","lease_name":"HARRINGTON #2-26","api_number":"3512922041","reservoir":"UPPER MORROW","first_production":"1997-06-01","last_production":"2024-05-01"},"geometry":{"type":"Polygon","coordinates":[[[-99.6021032326438,35.4884277982897],[-99.6006032326308,35.4869277982767],[-99.6021032326438,35.4854277982636],[-99.6036032326569,35.4869277982767],[-99.6021032326438,35.4884277982897]]]}},{"type":"Feature","properties":{"county":"Custer","legal":"04-15N-20W-IM","operator":"DUNCAN OIL PROPERTIES","lease_name":"LOMAS 1-4H","api_number":"3503922359","reservoir":"CLEVELAND","first_production":"2010-05-01","last_production":"2024-05-01"},"geometry":{"type":"Polygon","coordinates":[[[-99.3319929410734,35.8064660598343],[-99.3304929410603,35.8049660598213],[-99.3319929410734,35.8034660598082],[-99.3334929410864,35.8049660598213],[-99.3319929410734,35.8064660598343]]]}},{"type":"Feature","properties":{"county":"Custer","legal":"18-14N-20W-IM","operator":"BCE-MACH III LLC","lease_name":"LEE 10-18","api_number":"3503922029","reservoir":"CHEROKEE","first_production":"2003-04-01","last_production":"2024-05-01"},"geometry":{"type":"Polygon","coordinates":[[[-99.367953231828,35.6909142149255],[-99.3664532318149,35.6894142149125],[-99.367953231828,35.6879142148995],[-99.369453231841,35.6894142149125],[-99.367953231828,35.6909142149255]]]}},{"type":"Feature","properties":{"county":"Custer","legal":"36-13N-20W-IM","operator":"DIVERSIFIED PRODUCTION LLC","lease_name":"HINKLE #36-4","api_number":"3503921851","reservoir":"DES MOINES,RED FORK","first_production":"2000-07-01","last_production":"2024-05-01"},"geometry":{"type":"Polygon","coordinates":[[[-99.2796576323248,35.5605789379581],[-99.2781576323117,35.5590789379451],[-99.2796576323248,35.5575789379321],[-99.2811576323378,35.5590789379451],[-99.2796576323248,35.5605789379581]]]}},{"type":"Feature","properties":{"county":"Custer","legal":"19-14N-20W-IM","operator":"NORTH LAKE RESOURCES","lease_name":"FLICK 19-9","api_number":"3503921699","reservoir":"CHEROKEE","first_production":"1997-07-01","last_production":"2024-05-01"},"geometry":{"type":"Polygon","coordinates":[[[-99.3680537501016,35.6764551851837],[-99.3665537500886,35.6749551851707],[-99.3680537501016,35.6734551851576],[-99.3695537501147,35.6749551851707],[-99.3680537501016,35.6764551851837]]]}},{"type":"Feature","properties":{"county":"Custer","legal":"25-13N-20W-IM","operator":"DIVERSIFIED PRODUCTION LLC","lease_name":"CLARK #25-5","api_number":"3503921629","reservoir":"DES MOINES LOWER","first_production":"1995-09-01","last_production":"2024-05-01"},"geometry":{"type":"Polygon","coordinates":[[[-99.2796303024178,35.5751079559365],[-99.2781303024048,35.5736079559235],[-99.2796303024178,35.5721079559105],[-99.2811303024309,35.5736079559235],[-99.2796303024178,35.5751079559365]]]}},{"type":"Feature","properties":{"county":"Custer","legal":"04-14N-19W-IM","operator":"TEOCALLI EXPLORATION","lease_name":"CLIFT #4-4","api_number":"3503921483","reservoir":"PRUE","first_production":"1995-01-01","last_production":"2024-05-01"},"geometry":{"type":"Polygon","coordinates":[[[-99.226215384662,35.7199082238547],[-99.2247153846489,35.7184082238416],[-99.226215384662,35.7169082238286],[-99.227715384675,35.7184082238416],[-99.226215384662,35.7199082238547]]]}},{"type":"Feature","properties":{"county":"Custer","legal":"22-15N-20W-IM","operator":"DIVERSIFIED PRODUCTION LLC","lease_name":"HUTCHESON #22-3","api_number":"3503921430","reservoir":"PRUE","first_production":"1995-01-01","last_production":"2024-05-01"},"geometry":{"type":"Polygon","coordinates":[[[-99.3143732526243,35.7631650850736],[-99.3128732526112,35.7616650850606],[-99.3143732526243,35.7601650850476],[-99.3158732526373,35.7616650850606],[-99.3143732526243,35.7631650850736]]]}},{"type":"Feature","properties":{"county":"Custer","legal":"19-14N-20W-IM","operator":"NORTH LAKE RESOURCES","lease_name":"FLICK 19-4","api_number":"3503921489","reservoir":"CHEROKEE","first_production":"1995-01-01","last_production":"2024-05-01"},"geometry":{"type":"Polygon","coordinates":[[[-99.3680537501016,35.6764551851837],[-99.3665537500886,35.6749551851707],[-99.3680537501016,35.6734551851576],[-99.3695537501147,35.6749551851707],[-99.3680537501016,35.6764551851837]]]}},{"type":"Feature","properties":{"county":"Custer","legal":"14-15N-20W-IM","operator":"DIVERSIFIED PRODUCTION LLC","lease_name":"TOUCHSTONE #1-14","api_number":"3503920558","reservoir":"CHEROKEE","first_production":"1995-01-01","last_production":"2024-05-01"},"geometry":{"type":"Polygon","coordinates":[[[-99.2965096433141,35.7775743359099],[-99.295009643301,35.7760743358969],[-99.2965096433141,35.7745743358839],[-99.2980096433271,35.7760743358969],[-99.2965096433141,35.7775743359099]]]}},{"type":"Feature","properties":{"county":"Beckham","legal":"36-11N-23W-IM","operator":"UNBRIDLED RESOURCES LLC","lease_name":"MARRIOTT 1-36","api_number":"3500924723","reservoir":"MORROW","first_production":"2001-12-01","last_production":"2024-05-01"},"geometry":{"type":"Polygon","coordinates":[[[-99.5844490629579,35.3868290464973],[-99.5829490629448,35.3853290464843],[-99.5844490629579,35.3838290464713],[-99.5859490629709,35.3853290464843],[-99.5844490629579,35.3868290464973]]]}},{"type":"Feature","properties":{"county":"Custer","legal":"23-14N-20W-IM","operator":"DIVERSIFIED PRODUCTION LLC","lease_name":"GWARTNEY #23-5","api_number":"3503921599","reservoir":"CHEROKEE","first_production":"1995-01-01","last_production":"2024-06-01"},"geometry":{"type":"Polygon","coordinates":[[[-99.2967957724571,35.6764467509326],[-99.2952957724441,35.6749467509196],[-99.2967957724571,35.6734467509065],[-99.2982957724702,35.6749467509196],[-99.2967957724571,35.6764467509326]]]}},{"type":"Feature","properties":{"county":"Custer","legal":"09-13N-17W-IM","operator":"TEOCALLI EXPLORATION","lease_name":"LOCKHART #9-4","api_number":"3503921520","reservoir":"MORROW","first_production":"1995-01-01","last_production":"2024-06-01"},"geometry":{"type":"Polygon","coordinates":[[[-99.0135666595225,35.6182446790245],[-99.0120666595095,35.6167446790115],[-99.0135666595225,35.6152446789984],[-99.0150666595356,35.6167446790115],[-99.0135666595225,35.6182446790245]]]}},{"type":"Feature","properties":{"county":"Custer","legal":"04-14N-19W-IM","operator":"TEOCALLI EXPLORATION","lease_name":"CLIFT #4-5","api_number":"3503921532","reservoir":"CHEROKEE","first_production":"1995-01-01","last_production":"2024-06-01"},"geometry":{"type":"Polygon","coordinates":[[[-99.226215384662,35.7199082238547],[-99.2247153846489,35.7184082238416],[-99.226215384662,35.7169082238286],[-99.227715384675,35.7184082238416],[-99.226215384662,35.7199082238547]]]}},{"type":"Feature","properties":{"county":"Roger Mills","legal":"14-12N-21W-IM","operator":"UNBRIDLED RESOURCES LLC","lease_name":"BOBBY 1-14","api_number":"3512922522","reservoir":"DES MOINES","first_production":"2003-10-01","last_production":"2024-07-01"},"geometry":{"type":"Polygon","coordinates":[[[-99.3906607839772,35.5174846486159],[-99.3891607839642,35.5159846486029],[-99.3906607839772,35.5144846485898],[-99.3921607839903,35.5159846486029],[-99.3906607839772,35.5174846486159]]]}},{"type":"Feature","properties":{"county":"Custer","legal":"36-12N-16W-IM","operator":"SKYCAP ENERGY","lease_name":"SNIDER 2-36","api_number":"3503921777","reservoir":"DES MOINES","first_production":"1998-09-01","last_production":"2024-07-01"},"geometry":{"type":"Polygon","coordinates":[[[-98.8438689677045,35.4738643253089],[-98.8423689676915,35.4723643252959],[-98.8438689677045,35.4708643252828],[-98.8453689677176,35.4723643252959],[-98.8438689677045,35.4738643253089]]]}},{"type":"Feature","properties":{"county":"Custer","legal":"13-12N-14W-IM","operator":"BUFFCO PRODUCTION","lease_name":"MCCULLOCK #1-13","api_number":"3503921219","reservoir":"DEESE","first_production":"1995-01-01","last_production":"2024-07-01"},"geometry":{"type":"Polygon","coordinates":[[[-98.6320188800634,35.5166665325334],[-98.6305188800504,35.5151665325204],[-98.6320188800634,35.5136665325074],[-98.6335188800765,35.5151665325204],[-98.6320188800634,35.5166665325334]]]}},{"type":"Feature","properties":{"county":"Beckham","legal":"19-12N-21W-IM","operator":"SKYCAP ENERGY","lease_name":"FOWLER #2-19","api_number":"3500920947","reservoir":"REDFORK","first_production":"1995-01-01","last_production":"2024-07-01"},"geometry":{"type":"Polygon","coordinates":[[[-99.4610556024163,35.5031693904751],[-99.4595556024033,35.501669390462],[-99.4610556024163,35.500169390449],[-99.4625556024293,35.501669390462],[-99.4610556024163,35.5031693904751]]]}},{"type":"Feature","properties":{"county":"Roger Mills","legal":"19-12N-23W-IM","operator":"PLAINSMEN ENERGY LLC","lease_name":"MESSIER 1-19","api_number":"3512923096","reservoir":"ATOKA","first_production":"2007-01-01","last_production":"2024-08-01"},"geometry":{"type":"Polygon","coordinates":[[[-99.6726865517348,35.502776610822],[-99.6711865517217,35.501276610809],[-99.6726865517348,35.4997766107959],[-99.6741865517478,35.501276610809],[-99.6726865517348,35.502776610822]]]}},{"type":"Feature","properties":{"county":"Caddo","legal":"03-10N-11W-IM","operator":"CRAWLEY PETROLEUM","lease_name":"KERR #1-3","api_number":"3501520364","reservoir":"SKINNER","first_production":"1995-01-01","last_production":"2024-08-01"},"geometry":{"type":"Polygon","coordinates":[[[-98.3460248898307,35.3752056221044],[-98.3445248898177,35.3737056220914],[-98.3460248898307,35.3722056220783],[-98.3475248898438,35.3737056220914],[-98.3460248898307,35.3752056221044]]]}},{"type":"Feature","properties":{"county":"Washita","legal":"05-11N-16W-IM","operator":"MITO RESOURCES LLC","lease_name":"REINSCHMIEDT #1-5","api_number":"3514921196","reservoir":"DES MOINES","first_production":"2006-02-01","last_production":"2024-09-01"},"geometry":{"type":"Polygon","coordinates":[[[-98.9146756783788,35.4592695310624],[-98.9131756783657,35.4577695310494],[-98.9146756783788,35.4562695310363],[-98.9161756783918,35.4577695310494],[-98.9146756783788,35.4592695310624]]]}},{"type":"Feature","properties":{"county":"Custer","legal":"15-15N-20W-IM","operator":"NORTH LAKE RESOURCES","lease_name":"KENNEY #15-6","api_number":"3503921495","reservoir":"PRUE","first_production":"1995-01-01","last_production":"2024-09-01"},"geometry":{"type":"Polygon","coordinates":[[[-99.3142101587484,35.7776943404288],[-99.3127101587354,35.7761943404158],[-99.3142101587484,35.7746943404028],[-99.3157101587615,35.7761943404158],[-99.3142101587484,35.7776943404288]]]}},{"type":"Feature","properties":{"county":"Roger Mills","legal":"01-13N-21W-IM","operator":"FX ENERGY OPERATING LLC","lease_name":"TOWN OF HAMMON #1-1","api_number":"3512920819","reservoir":"REDFORK","first_production":"1995-01-01","last_production":"2024-10-01"},"geometry":{"type":"Polygon","coordinates":[[[-99.3857956692331,35.6330935417378],[-99.38429566922,35.6315935417247],[-99.3857956692331,35.6300935417117],[-99.3872956692461,35.6315935417247],[-99.3857956692331,35.6330935417378]]]}},{"type":"Feature","properties":{"county":"Custer","legal":"14-14N-20W-IM","operator":"TEOCALLI EXPLORATION","lease_name":"KELLY #14-7","api_number":"3503921795","reservoir":"CHEROKEE","first_production":"1999-02-01","last_production":"2024-10-01"},"geometry":{"type":"Polygon","coordinates":[[[-99.2967997070604,35.6909270545265],[-99.2952997070474,35.6894270545134],[-99.2967997070604,35.6879270545004],[-99.2982997070734,35.6894270545134],[-99.2967997070604,35.6909270545265]]]}},{"type":"Feature","properties":{"county":"Custer","legal":"05-12N-20W-IM","operator":"SKYCAP ENERGY","lease_name":"BISHOP #5-1","api_number":"3503921766","reservoir":"DES MOINES","first_production":"1998-07-01","last_production":"2024-10-01"},"geometry":{"type":"Polygon","coordinates":[[[-99.3381033513042,35.5463246913711],[-99.3366033512911,35.544824691358],[-99.3381033513042,35.543324691345],[-99.3396033513172,35.544824691358],[-99.3381033513042,35.5463246913711]]]}},{"type":"Feature","properties":{"county":"Custer","legal":"07-15N-20W-IM","operator":"JMA ENERGY","lease_name":"HAMMACK #4-7","api_number":"3503921715","reservoir":"SKINNER","first_production":"1997-12-01","last_production":"2024-10-01"},"geometry":{"type":"Polygon","coordinates":[[[-99.3672307018534,35.7917971046326],[-99.3657307018403,35.7902971046196],[-99.3672307018534,35.7887971046065],[-99.3687307018664,35.7902971046196],[-99.3672307018534,35.7917971046326]]]}},{"type":"Feature","properties":{"county":"Custer","legal":"17-14N-20W-IM","operator":"COTERRA ENERGY OPERATING CO","lease_name":"LEE 8-17","api_number":"3503922033","reservoir":"CHEROKEE","first_production":"2003-05-01","last_production":"2024-11-01"},"geometry":{"type":"Polygon","coordinates":[[[-99.3502099330433,35.6909631058859],[-99.3487099330303,35.6894631058728],[-99.3502099330433,35.6879631058598],[-99.3517099330564,35.6894631058728],[-99.3502099330433,35.6909631058859]]]}},{"type":"Feature","properties":{"county":"Custer","legal":"08-14N-19W-IM","operator":"DIVERSIFIED PRODUCTION LLC","lease_name":"BASLER #1-8","api_number":"3503920769","reservoir":"MORROW","first_production":"1995-01-01","last_production":"2024-11-01"},"geometry":{"type":"Polygon","coordinates":[[[-99.2439543041729,35.7054903447244],[-99.2424543041599,35.7039903447114],[-99.2439543041729,35.7024903446984],[-99.2454543041859,35.7039903447114],[-99.2439543041729,35.7054903447244]]]}},{"type":"Feature","properties":{"county":"Custer","legal":"16-14N-19W-IM","operator":"DIVERSIFIED PRODUCTION LLC","lease_name":"WIENS #1-16","api_number":"3503920433","reservoir":"MORROW/SPRINGER","first_production":"1995-01-01","last_production":"2024-11-01"},"geometry":{"type":"Polygon","coordinates":[[[-99.2263366597258,35.6909716751056],[-99.2248366597127,35.6894716750925],[-99.2263366597258,35.6879716750795],[-99.2278366597388,35.6894716750925],[-99.2263366597258,35.6909716751056]]]}},{"type":"Feature","properties":{"county":"Custer","legal":"22-13N-17W-IM","operator":"PRESIDIO","lease_name":"MEREDITH 3-22;MEACHAM 4-22","api_number":"3503921329;3503922094","reservoir":"CHEROKEE","first_production":"1995-01-01","last_production":"2024-11-01"},"geometry":{"type":"Polygon","coordinates":[[[-98.9957028523838,35.589142251131],[-98.9942028523708,35.5876422511179],[-98.9957028523838,35.5861422511049],[-98.9972028523969,35.5876422511179],[-98.9957028523838,35.589142251131]]]}},{"type":"Feature","properties":{"county":"Beckham","legal":"19-11N-22W-IM","operator":"TEOCALLI EXPLORATION","lease_name":"KNIGHT 2-19","api_number":"3500921233","reservoir":"DES MOINES","first_production":"2001-09-01","last_production":"2024-11-01"},"geometry":{"type":"Polygon","coordinates":[[[-99.5668601127983,35.4158452674777],[-99.5653601127853,35.4143452674647],[-99.5668601127983,35.4128452674517],[-99.5683601128113,35.4143452674647],[-99.5668601127983,35.4158452674777]]]}},{"type":"Feature","properties":{"county":"Washita","legal":"19-11N-17W-IM","operator":"CANVAS ENERGY LLC","lease_name":"PETERS 3-19H","api_number":"3514921536","reservoir":"DES MOINES GRANITE WASH","first_production":"2010-12-01","last_production":"2024-12-01"},"geometry":{"type":"Polygon","coordinates":[[[-99.0376197890615,35.4160145272328],[-99.0361197890484,35.4145145272198],[-99.0376197890615,35.4130145272068],[-99.0391197890745,35.4145145272198],[-99.0376197890615,35.4160145272328]]]}},{"type":"Feature","properties":{"county":"Washita","legal":"19-11N-17W-IM","operator":"CANVAS ENERGY LLC","lease_name":"PETERS 4-19H","api_number":"3514921571","reservoir":"DES MOINES GRANITE WASH","first_production":"2011-06-01","last_production":"2024-12-01"},"geometry":{"type":"Polygon","coordinates":[[[-99.0376197890615,35.4160145272328],[-99.0361197890484,35.4145145272198],[-99.0376197890615,35.4130145272068],[-99.0391197890745,35.4145145272198],[-99.0376197890615,35.4160145272328]]]}},{"type":"Feature","properties":{"county":"Roger Mills","legal":"14-13N-22W-IM","operator":"UNBRIDLED RESOURCES LLC","lease_name":"WHITE EAGLE 2-14","api_number":"3512921966","reservoir":"RED FORK","first_production":"1996-09-01","last_production":"2024-12-01"},"geometry":{"type":"Polygon","coordinates":[[[-99.5092754278782,35.6040922776977],[-99.5077754278652,35.6025922776846],[-99.5092754278782,35.6010922776716],[-99.5107754278913,35.6025922776846],[-99.5092754278782,35.6040922776977]]]}},{"type":"Feature","properties":{"county":"Washita","legal":"07-11N-18W-IM","operator":"DIVERSIFIED PRODUCTION LLC","lease_name":"SHELTON 7-11-18 3H","api_number":"3514921686","reservoir":"DES MOINES","first_production":"2014-02-01","last_production":"2025-01-01"},"geometry":{"type":"Polygon","coordinates":[[[-99.1437157497892,35.4450529154225],[-99.1422157497762,35.4435529154094],[-99.1437157497892,35.4420529153964],[-99.1452157498023,35.4435529154094],[-99.1437157497892,35.4450529154225]]]}},{"type":"Feature","properties":{"county":"Washita","legal":"10-11N-18W-IM","operator":"DIVERSIFIED PRODUCTION LLC","lease_name":"CARL WALTON 10-11-18 2H","api_number":"3514921640","reservoir":"DES MOINES GRANITE WASH","first_production":"2012-08-01","last_production":"2025-01-01"},"geometry":{"type":"Polygon","coordinates":[[[-99.0905226509068,35.4450200398169],[-99.0890226508938,35.4435200398039],[-99.0905226509068,35.4420200397909],[-99.0920226509199,35.4435200398039],[-99.0905226509068,35.4450200398169]]]}},{"type":"Feature","properties":{"county":"Washita","legal":"23-11N-17W-IM","operator":"DIVERSIFIED PRODUCTION LLC","lease_name":"RICHERT FARMS 23-11-17 2H","api_number":"3514921608","reservoir":"DES MOINES GRANITE WASH","first_production":"2012-01-01","last_production":"2025-01-01"},"geometry":{"type":"Polygon","coordinates":[[[-98.9672438111686,35.4159160625086],[-98.9657438111555,35.4144160624956],[-98.9672438111686,35.4129160624826],[-98.9687438111816,35.4144160624956],[-98.9672438111686,35.4159160625086]]]}},{"type":"Feature","properties":{"county":"Custer","legal":"25-13N-14W-IM","operator":"TAMWORTH RESOURCES LLC","lease_name":"PALMER 1-25","api_number":"3503922207","reservoir":"CHEROKEE","first_production":"2006-08-01","last_production":"2025-01-01"},"geometry":{"type":"Polygon","coordinates":[[[-98.6411022799593,35.5747737558704],[-98.6396022799462,35.5732737558574],[-98.6411022799593,35.5717737558443],[-98.6426022799723,35.5732737558574],[-98.6411022799593,35.5747737558704]]]}},{"type":"Feature","properties":{"county":"Custer","legal":"03-13N-19W-IM","operator":"EVOLUTION ENERGY, LLC","lease_name":"MCLAUGHLIN 3-3","api_number":"3503921642","reservoir":"TONKAWA,CLEVELND,COTT.GR,DES MOINES","first_production":"1997-01-01","last_production":"2025-01-01"},"geometry":{"type":"Polygon","coordinates":[[[-99.2086367007503,35.6329498508199],[-99.2071367007373,35.6314498508069],[-99.2086367007503,35.6299498507939],[-99.2101367007634,35.6314498508069],[-99.2086367007503,35.6329498508199]]]}},{"type":"Feature","properties":{"county":"Custer","legal":"23-12N-20W-IM","operator":"RIVIERA OPERATING","lease_name":"JIMMY DEAN #1","api_number":"3503921387","reservoir":"RED FORK","first_production":"1995-01-01","last_production":"2025-01-01"},"geometry":{"type":"Polygon","coordinates":[[[-99.2846997637961,35.50312927397],[-99.2831997637831,35.501629273957],[-99.2846997637961,35.5001292739439],[-99.2861997638092,35.501629273957],[-99.2846997637961,35.50312927397]]]}},{"type":"Feature","properties":{"county":"Custer","legal":"19-12N-14W-IM","operator":"SKYCAP ENERGY","lease_name":"KERR #2-19","api_number":"3503921108","reservoir":"RED FORK","first_production":"1995-01-01","last_production":"2025-01-01"},"geometry":{"type":"Polygon","coordinates":[[[-98.7202722574074,35.5021064164862],[-98.7187722573944,35.5006064164732],[-98.7202722574074,35.4991064164602],[-98.7217722574205,35.5006064164732],[-98.7202722574074,35.5021064164862]]]}},{"type":"Feature","properties":{"county":"Caddo","legal":"04-11N-12W-IM","operator":"DIVERSIFIED PRODUCTION LLC","lease_name":"STEWART 2-4","api_number":"3501522070","reservoir":"SPRINGER","first_production":"1995-01-01","last_production":"2025-01-01"},"geometry":{"type":"Polygon","coordinates":[[[-98.4739222339424,35.4583788063515],[-98.4724222339294,35.4568788063384],[-98.4739222339424,35.4553788063254],[-98.4754222339555,35.4568788063384],[-98.4739222339424,35.4583788063515]]]}},{"type":"Feature","properties":{"county":"Washita","legal":"22-11N-19W-IM","operator":"DIVERSIFIED PRODUCTION LLC","lease_name":"PHILLIPS 22-11-19 1H","api_number":"3514921729","reservoir":"DES MOINES","first_production":"2016-05-01","last_production":"2025-02-01"},"geometry":{"type":"Polygon","coordinates":[[[-99.1966570776631,35.4161212247367],[-99.1951570776501,35.4146212247237],[-99.1966570776631,35.4131212247107],[-99.1981570776762,35.4146212247237],[-99.1966570776631,35.4161212247367]]]}},{"type":"Feature","properties":{"county":"Roger Mills","legal":"11-13N-21W-IM","operator":"TEOCALLI EXPLORATION","lease_name":"LEE 11-3","api_number":"3512922232","reservoir":"DES MOINES (RED FORK)","first_production":"2000-07-01","last_production":"2025-02-01"},"geometry":{"type":"Polygon","coordinates":[[[-99.4035734965964,35.6184949134893],[-99.4020734965833,35.6169949134762],[-99.4035734965964,35.6154949134632],[-99.4050734966094,35.6169949134762],[-99.4035734965964,35.6184949134893]]]}},{"type":"Feature","properties":{"county":"Roger Mills","legal":"31-13N-22W-IM","operator":"MUSTANG","lease_name":"VICK 3-31","api_number":"3512921669","reservoir":"RED FORK","first_production":"1995-01-01","last_production":"2025-02-01"},"geometry":{"type":"Polygon","coordinates":[[[-99.5805870342887,35.5606144405604],[-99.5790870342756,35.5591144405473],[-99.5805870342887,35.5576144405343],[-99.5820870343017,35.5591144405473],[-99.5805870342887,35.5606144405604]]]}},{"type":"Feature","properties":{"county":"Custer","legal":"19-14N-19W-IM","operator":"DIVERSIFIED PRODUCTION LLC","lease_name":"JOHNSON #19-2","api_number":"3503921604","reservoir":"DES MOINES","first_production":"1995-01-01","last_production":"2025-02-01"},"geometry":{"type":"Polygon","coordinates":[[[-99.2615088946669,35.6765710467371],[-99.2600088946539,35.675071046724],[-99.2615088946669,35.673571046711],[-99.26300889468,35.675071046724],[-99.2615088946669,35.6765710467371]]]}},{"type":"Feature","properties":{"county":"Custer","legal":"36-12N-20W-IM","operator":"LARKSPUR OPERATING LLC","lease_name":"BARROW #1-36","api_number":"3503920472","reservoir":"ATOKA","first_production":"1995-01-01","last_production":"2025-02-01"},"geometry":{"type":"Polygon","coordinates":[[[-99.2670621103404,35.4740171651444],[-99.2655621103274,35.4725171651314],[-99.2670621103404,35.4710171651183],[-99.2685621103535,35.4725171651314],[-99.2670621103404,35.4740171651444]]]}},{"type":"Feature","properties":{"county":"Washita","legal":"18-11N-16W-IM","operator":"UNBRIDLED RESOURCES LLC","lease_name":"KLIEWER 1-18H","api_number":"3514921375","reservoir":"DES MOINES GRANITE WASH","first_production":"2008-09-01","last_production":"2025-03-01"},"geometry":{"type":"Polygon","coordinates":[[[-98.9319950925326,35.4303663390746],[-98.9304950925196,35.4288663390616],[-98.9319950925326,35.4273663390485],[-98.9334950925457,35.4288663390616],[-98.9319950925326,35.4303663390746]]]}},{"type":"Feature","properties":{"county":"Washita","legal":"16-11N-19W-IM","operator":"UNIT","lease_name":"SCHUMACHER #1-16","api_number":"3514920452","reservoir":"GRANITE WASH","first_production":"1995-01-01","last_production":"2025-03-01"},"geometry":{"type":"Polygon","coordinates":[[[-99.214372973612,35.4307887435313],[-99.2128729735989,35.4292887435183],[-99.214372973612,35.4277887435053],[-99.215872973625,35.4292887435183],[-99.214372973612,35.4307887435313]]]}},{"type":"Feature","properties":{"county":"Roger Mills","legal":"23-12N-23W-IM","operator":"PRESIDIO","lease_name":"EARLENE 23-12-23 1H","api_number":"3512923967","reservoir":"COTTAGE GROVE","first_production":"2014-10-01","last_production":"2025-03-01"},"geometry":{"type":"Polygon","coordinates":[[[-99.602078263283,35.5028063475688],[-99.60057826327,35.5013063475558],[-99.602078263283,35.4998063475427],[-99.6035782632961,35.5013063475558],[-99.602078263283,35.5028063475688]]]}},{"type":"Feature","properties":{"county":"Roger Mills","legal":"11-11N-23W-IM","operator":"BCE-MACH II LLC","lease_name":"MILLINGTON #3-11","api_number":"3512922506","reservoir":"ATOKA/UPPER CHEROKEE","first_production":"2003-11-01","last_production":"2025-03-01"},"geometry":{"type":"Polygon","coordinates":[[[-99.602061476599,35.4446873702518],[-99.600561476586,35.4431873702388],[-99.602061476599,35.4416873702258],[-99.6035614766121,35.4431873702388],[-99.602061476599,35.4446873702518]]]}},{"type":"Feature","properties":{"county":"Roger Mills","legal":"34-13N-23W-IM","operator":"TEOCALLI EXPLORATION","lease_name":"JAN #1-34","api_number":"3512921849","reservoir":"CHEROKEE","first_production":"1995-01-01","last_production":"2025-03-01"},"geometry":{"type":"Polygon","coordinates":[[[-99.6339541977505,35.5605784838096],[-99.6324541977375,35.5590784837965],[-99.6339541977505,35.5575784837835],[-99.6354541977636,35.5590784837965],[-99.6339541977505,35.5605784838096]]]}},{"type":"Feature","properties":{"county":"Custer","legal":"34-13N-17W-IM","operator":"GLACIER PETROLEUM CO OKLAHOMA INC.","lease_name":"HANCOCK 2-34","api_number":"3503922365","reservoir":"CLEVELAND, DOUGLAS, TONKAWA","first_production":"2010-07-01","last_production":"2025-03-01"},"geometry":{"type":"Polygon","coordinates":[[[-98.9956098892665,35.5601428780948],[-98.9941098892535,35.5586428780818],[-98.9956098892665,35.5571428780687],[-98.9971098892795,35.5586428780818],[-98.9956098892665,35.5601428780948]]]}},{"type":"Feature","properties":{"county":"Custer","legal":"28-14N-20W-IM","operator":"COTERRA ENERGY OPERATING CO","lease_name":"BLACKWOLF 3-28","api_number":"3503921953","reservoir":"CHEROKEE","first_production":"2001-01-01","last_production":"2025-03-01"},"geometry":{"type":"Polygon","coordinates":[[[-99.3324385634414,35.6620534890131],[-99.3309385634283,35.660553489],[-99.3324385634414,35.659053488987],[-99.3339385634544,35.660553489],[-99.3324385634414,35.6620534890131]]]}},{"type":"Feature","properties":{"county":"Custer","legal":"03-13N-19W-IM","operator":"UNIT","lease_name":"KIKER #1-3","api_number":"3503920743","reservoir":"RED FORK","first_production":"1995-01-01","last_production":"2025-03-01"},"geometry":{"type":"Polygon","coordinates":[[[-99.2086367007503,35.6329498508199],[-99.2071367007373,35.6314498508069],[-99.2086367007503,35.6299498507939],[-99.2101367007634,35.6314498508069],[-99.2086367007503,35.6329498508199]]]}},{"type":"Feature","properties":{"county":"Washita","legal":"34-11N-18W-IM","operator":"BCE-MACH II LLC","lease_name":"EDNA #3-34","api_number":"3514920841","reservoir":"DES MOINES","first_production":"1998-10-01","last_production":"2025-04-01"},"geometry":{"type":"Polygon","coordinates":[[[-99.090519615227,35.3870391904079],[-99.089019615214,35.3855391903948],[-99.090519615227,35.3840391903818],[-99.0920196152401,35.3855391903948],[-99.090519615227,35.3870391904079]]]}},{"type":"Feature","properties":{"county":"Roger Mills","legal":"01-12N-24W-IM","operator":"DUNCAN OIL PROPERTIES","lease_name":"MARIE LITTLE #1-1A","api_number":"3512922157","reservoir":"CHEROKEE","first_production":"1999-09-01","last_production":"2025-04-01"},"geometry":{"type":"Polygon","coordinates":[[[-99.6906778999077,35.5463538181598],[-99.6891778998947,35.5448538181468],[-99.6906778999077,35.5433538181337],[-99.6921778999207,35.5448538181468],[-99.6906778999077,35.5463538181598]]]}},{"type":"Feature","properties":{"county":"Roger Mills","legal":"08-13N-21W-IM","operator":"PRESIDIO","lease_name":"RANCH #1","api_number":"3512920888;3512920820","reservoir":"RED FORK","first_production":"1995-01-01","last_production":"2025-04-01"},"geometry":{"type":"Polygon","coordinates":[[[-99.4567515321453,35.6184464700958],[-99.4552515321323,35.6169464700827],[-99.4567515321453,35.6154464700697],[-99.4582515321584,35.6169464700827],[-99.4567515321453,35.6184464700958]]]}},{"type":"Feature","properties":{"county":"Washita","legal":"06-11N-18W-IM","operator":"DIVERSIFIED PRODUCTION LLC","lease_name":"KENNETH 6-11-18 2H","api_number":"3514921720","reservoir":"DES MOINES","first_production":"2016-04-01","last_production":"2025-05-01"},"geometry":{"type":"Polygon","coordinates":[[[-99.1436910557416,35.4595096190414],[-99.1421910557285,35.4580096190284],[-99.1436910557416,35.4565096190153],[-99.1451910557546,35.4580096190284],[-99.1436910557416,35.4595096190414]]]}},{"type":"Feature","properties":{"county":"Washita","legal":"06-11N-16W-IM","operator":"MITO RESCOURCES LLC","lease_name":"GUDGEL 1-6H","api_number":"3514921478","reservoir":"SKINNER","first_production":"2010-06-01","last_production":"2025-05-01"},"geometry":{"type":"Polygon","coordinates":[[[-98.9320760253101,35.4592919978051],[-98.930576025297,35.457791997792],[-98.9320760253101,35.456291997779],[-98.9335760253231,35.457791997792],[-98.9320760253101,35.4592919978051]]]}},{"type":"Feature","properties":{"county":"Custer","legal":"15-15N-20W-IM","operator":"DIVERSIFIED PRODUCTION LLC","lease_name":"KENNEY 15-2","api_number":"3503921150","reservoir":"CHEROKEE","first_production":"2021-01-01","last_production":"2025-05-01"},"geometry":{"type":"Polygon","coordinates":[[[-99.3142101587484,35.7776943404288],[-99.3127101587354,35.7761943404158],[-99.3142101587484,35.7746943404028],[-99.3157101587615,35.7761943404158],[-99.3142101587484,35.7776943404288]]]}},{"type":"Feature","properties":{"county":"Custer","legal":"25-12N-20W-IM","operator":"KEY PRODUCTION","lease_name":"DANNY SCOT 3-25","api_number":"3503922017","reservoir":"BROWN SOLO,PERMIAN GRNT WSH,DOUGLAS","first_production":"2003-02-01","last_production":"2025-05-01"},"geometry":{"type":"Polygon","coordinates":[[[-99.2670655448627,35.4885205432744],[-99.2655655448497,35.4870205432613],[-99.2670655448627,35.4855205432483],[-99.2685655448758,35.4870205432613],[-99.2670655448627,35.4885205432744]]]}},{"type":"Feature","properties":{"county":"Custer","legal":"01-12N-14W-IM","operator":"CRAWLEY PETROLEUM","lease_name":"ASHBY 1-1","api_number":"3503921743","reservoir":"UPPER ATOKA","first_production":"1998-07-01","last_production":"2025-05-01"},"geometry":{"type":"Polygon","coordinates":[[[-98.6320869159827,35.545735906973],[-98.6305869159697,35.5442359069599],[-98.6320869159827,35.5427359069469],[-98.6335869159958,35.5442359069599],[-98.6320869159827,35.545735906973]]]}},{"type":"Feature","properties":{"county":"Custer","legal":"16-12N-19W-IM","operator":"TEOCALLI EXPLORATION","lease_name":"GLADYS1-16","api_number":"3503921090","reservoir":"RED FORK","first_production":"1995-01-01","last_production":"2025-05-01"},"geometry":{"type":"Polygon","coordinates":[[[-99.2144938409195,35.5174859321387],[-99.2129938409064,35.5159859321256],[-99.2144938409195,35.5144859321126],[-99.2159938409325,35.5159859321256],[-99.2144938409195,35.5174859321387]]]}},{"type":"Feature","properties":{"county":"Caddo","legal":"33-11N-12W-IM","operator":"COTERRA ENERGY OPERATING CO","lease_name":"GARRISON 1-33","api_number":"3501522056","reservoir":"ATOKA","first_production":"1995-01-01","last_production":"2025-05-01"},"geometry":{"type":"Polygon","coordinates":[[[-98.4738702906746,35.3859428697003],[-98.4723702906616,35.3844428696872],[-98.4738702906746,35.3829428696742],[-98.4753702906877,35.3844428696872],[-98.4738702906746,35.3859428697003]]]}},{"type":"Feature","properties":{"county":"Beckham","legal":"19-11N-23W-IM","operator":"UNBRIDLED RESOURCES LLC","lease_name":"HUTSON #1-19","api_number":"3500920704","reservoir":"MISSOURI LIME, VIRGIL","first_production":"1995-01-01","last_production":"2025-05-01"},"geometry":{"type":"Polygon","coordinates":[[[-99.6729863631298,35.415878300383],[-99.6714863631167,35.41437830037],[-99.6729863631298,35.412878300357],[-99.6744863631428,35.41437830037],[-99.6729863631298,35.415878300383]]]}},{"type":"Feature","properties":{"county":"Washita","legal":"19-11N-17W-IM","operator":"CANVAS ENERGY LLC","lease_name":"PETERS #1-19","api_number":"3514920317","reservoir":"MORROW","first_production":"1995-01-01","last_production":"2025-06-01"},"geometry":{"type":"Polygon","coordinates":[[[-99.0376197890615,35.4160145272328],[-99.0361197890484,35.4145145272198],[-99.0376197890615,35.4130145272068],[-99.0391197890745,35.4145145272198],[-99.0376197890615,35.4160145272328]]]}},{"type":"Feature","properties":{"county":"Roger Mills","legal":"05-12N-21W-IM","operator":"VINTAGE ENERGY PARTNERS LLC","lease_name":"ANITA 1-5","api_number":"3512921528","reservoir":"RED FORK","first_production":"1995-10-01","last_production":"2025-06-01"},"geometry":{"type":"Polygon","coordinates":[[[-99.4438308691819,35.5463736475349],[-99.4423308691689,35.5448736475218],[-99.4438308691819,35.5433736475088],[-99.445330869195,35.5448736475218],[-99.4438308691819,35.5463736475349]]]}},{"type":"Feature","properties":{"county":"Custer","legal":"32-12N-20W-IM","operator":"PRESIDIO","lease_name":"SMITH 1-32H","api_number":"3503922393","reservoir":"HOXBAR","first_production":"2011-11-01","last_production":"2025-06-01"},"geometry":{"type":"Polygon","coordinates":[[[-99.3377771998783,35.473804532911],[-99.3362771998653,35.472304532898],[-99.3377771998783,35.4708045328849],[-99.3392771998914,35.472304532898],[-99.3377771998783,35.473804532911]]]}},{"type":"Feature","properties":{"county":"Custer","legal":"29-13N-14W-IM","operator":"UNIT","lease_name":"EVA ASHBY 11-29","api_number":"3503922277","reservoir":"CHEROKEE","first_production":"2007-11-01","last_production":"2025-06-01"},"geometry":{"type":"Polygon","coordinates":[[[-98.7119102028217,35.5746949240269],[-98.7104102028087,35.5731949240139],[-98.7119102028217,35.5716949240008],[-98.7134102028348,35.5731949240139],[-98.7119102028217,35.5746949240269]]]}},{"type":"Feature","properties":{"county":"Custer","legal":"21-12N-16W-IM","operator":"TEOCALLI EXPLORATION","lease_name":"DEPUTY 3-21","api_number":"3503921790","reservoir":"DES MOINIAN","first_production":"1999-02-01","last_production":"2025-06-01"},"geometry":{"type":"Polygon","coordinates":[[[-98.8970394577867,35.5027937147837],[-98.8955394577737,35.5012937147706],[-98.8970394577867,35.4997937147576],[-98.8985394577997,35.5012937147706],[-98.8970394577867,35.5027937147837]]]}},{"type":"Feature","properties":{"county":"Custer","legal":"20-14N-20W-IM","operator":"TEOCALLI EXPLORATION","lease_name":"HODGE 1-20","api_number":"3503920688","reservoir":"RED FORK","first_production":"1995-01-01","last_production":"2025-06-01"},"geometry":{"type":"Polygon","coordinates":[[[-99.3502982146757,35.676463484289],[-99.3487982146627,35.674963484276],[-99.3502982146757,35.6734634842629],[-99.3517982146888,35.674963484276],[-99.3502982146757,35.676463484289]]]}},{"type":"Feature","properties":{"county":"Caddo","legal":"20-11N-11W-IM","operator":"HODGDEN OPERATING","lease_name":"HAWKINS #1","api_number":"3501521011","reservoir":"SKINNER","first_production":"1995-01-01","last_production":"2025-06-01"},"geometry":{"type":"Polygon","coordinates":[[[-98.3856706949636,35.4150640038659],[-98.3841706949505,35.4135640038529],[-98.3856706949636,35.4120640038398],[-98.3871706949766,35.4135640038529],[-98.3856706949636,35.4150640038659]]]}},{"type":"Feature","properties":{"county":"Roger Mills","legal":"24-12N-23W-IM","operator":"PRESIDIO","lease_name":"TAYLOR 24-12-23 1H","api_number":"3512923919","reservoir":"COTTAGE GROVE","first_production":"2014-04-01","last_production":"2025-07-01"},"geometry":{"type":"Polygon","coordinates":[[[-99.5844265486142,35.5029002791795],[-99.5829265486012,35.5014002791665],[-99.5844265486142,35.4999002791534],[-99.5859265486273,35.5014002791665],[-99.5844265486142,35.5029002791795]]]}},{"type":"Feature","properties":{"county":"Custer","legal":"32-12N-20W-IM","operator":"PRESIDIO","lease_name":"MCREE 1-32H","api_number":"3503922374","reservoir":"HOXBAR","first_production":"2011-01-01","last_production":"2025-07-01"},"geometry":{"type":"Polygon","coordinates":[[[-99.3377771998783,35.473804532911],[-99.3362771998653,35.472304532898],[-99.3377771998783,35.4708045328849],[-99.3392771998914,35.472304532898],[-99.3377771998783,35.473804532911]]]}},{"type":"Feature","properties":{"county":"Custer","legal":"05-15N-19W-IM","operator":"DUNCAN OIL PROPERTIES","lease_name":"WIGINGTON 3-5H","api_number":"3503922349","reservoir":"CLEVELAND","first_production":"2009-05-01","last_production":"2025-07-01"},"geometry":{"type":"Polygon","coordinates":[[[-99.2434956232008,35.8065817207709],[-99.2419956231877,35.8050817207579],[-99.2434956232008,35.8035817207448],[-99.2449956232138,35.8050817207579],[-99.2434956232008,35.8065817207709]]]}},{"type":"Feature","properties":{"county":"Caddo","legal":"19-11N-12W-IM","operator":"SKYCAP ENERGY","lease_name":"TUCKER TRUST #1-19","api_number":"3501522021","reservoir":"ATOKA","first_production":"1995-01-01","last_production":"2025-07-01"},"geometry":{"type":"Polygon","coordinates":[[[-98.5090903126439,35.4150559296602],[-98.5075903126309,35.4135559296472],[-98.5090903126439,35.4120559296341],[-98.510590312657,35.4135559296472],[-98.5090903126439,35.4150559296602]]]}},{"type":"Feature","properties":{"county":"Beckham","legal":"20-12N-21W-IM","operator":"EVOLUTION ENERGY, LLC","lease_name":"BAKER 1-20","api_number":"3500920282","reservoir":"DES MOINES","first_production":"1995-01-01","last_production":"2025-07-01"},"geometry":{"type":"Polygon","coordinates":[[[-99.4434946349773,35.5031480309783],[-99.4419946349642,35.5016480309652],[-99.4434946349773,35.5001480309522],[-99.4449946349903,35.5016480309652],[-99.4434946349773,35.5031480309783]]]}},{"type":"Feature","properties":{"county":"Roger Mills","legal":"11-13N-23W-IM","operator":"JONES ENERGY","lease_name":"BEATY 11-1H","api_number":"3512923418","reservoir":"TONKAWA","first_production":"2010-06-01","last_production":"2025-08-01"},"geometry":{"type":"Polygon","coordinates":[[[-99.6155880337811,35.6186122248773],[-99.614088033768,35.6171122248642],[-99.6155880337811,35.6156122248512],[-99.6170880337941,35.6171122248642],[-99.6155880337811,35.6186122248773]]]}},{"type":"Feature","properties":{"county":"Roger Mills","legal":"11-12N-23W-IM","operator":"PRESIDIO","lease_name":"SCHOU 2-11","api_number":"3512922542","reservoir":"RED FORK","first_production":"2005-02-01","last_production":"2025-08-01"},"geometry":{"type":"Polygon","coordinates":[[[-99.6023218615316,35.53167689374],[-99.6008218615186,35.5301768937269],[-99.6023218615316,35.5286768937139],[-99.6038218615446,35.5301768937269],[-99.6023218615316,35.53167689374]]]}},{"type":"Feature","properties":{"county":"Roger Mills","legal":"04-12N-23W-IM","operator":"KEY PRODUCTION","lease_name":"SPROWLS 4-4","api_number":"3512922092","reservoir":"CHEROKEE","first_production":"1997-12-01","last_production":"2025-08-01"},"geometry":{"type":"Polygon","coordinates":[[[-99.6377452473702,35.5461957643202],[-99.6362452473572,35.5446957643071],[-99.6377452473702,35.5431957642941],[-99.6392452473832,35.5446957643071],[-99.6377452473702,35.5461957643202]]]}},{"type":"Feature","properties":{"county":"Roger Mills","legal":"16-13N-21W-IM","operator":"CRAWLEY PETROLEUM","lease_name":"SAVAGE-CRANE #1-16","api_number":"3512921186","reservoir":"UPPER RED FORK","first_production":"1995-01-01","last_production":"2025-08-01"},"geometry":{"type":"Polygon","coordinates":[[[-99.4391411555863,35.6039563444042],[-99.4376411555732,35.6024563443911],[-99.4391411555863,35.6009563443781],[-99.4406411555993,35.6024563443911],[-99.4391411555863,35.6039563444042]]]}},{"type":"Feature","properties":{"county":"Custer","legal":"05-15N-19W-IM","operator":"DUNCAN OIL PROPERTIES","lease_name":"WIGINTON 2-5 H","api_number":"3503922311","reservoir":"CLEVELAND","first_production":"2008-08-01","last_production":"2025-08-01"},"geometry":{"type":"Polygon","coordinates":[[[-99.2434956232008,35.8065817207709],[-99.2419956231877,35.8050817207579],[-99.2434956232008,35.8035817207448],[-99.2449956232138,35.8050817207579],[-99.2434956232008,35.8065817207709]]]}},{"type":"Feature","properties":{"county":"Custer","legal":"20-14N-19W-IM","operator":"TEOCALLI EXPLORATION","lease_name":"SPENCER 1-20","api_number":"3503922205","reservoir":"DES MOINES","first_production":"2006-06-01","last_production":"2025-08-01"},"geometry":{"type":"Polygon","coordinates":[[[-99.2439984558288,35.6764867809821],[-99.2424984558158,35.6749867809691],[-99.2439984558288,35.673486780956],[-99.2454984558419,35.6749867809691],[-99.2439984558288,35.6764867809821]]]}},{"type":"Feature","properties":{"county":"Custer","legal":"32-14N-20W-IM","operator":"DIVERSIFIED PRODUCTION LLC","lease_name":"INDIAN SCHOOL 3-32","api_number":"3503922157","reservoir":"CHEEROKEE","first_production":"2005-07-01","last_production":"2025-08-01"},"geometry":{"type":"Polygon","coordinates":[[[-99.3503878753506,35.6474647638405],[-99.3488878753376,35.6459647638274],[-99.3503878753506,35.6444647638144],[-99.3518878753637,35.6459647638274],[-99.3503878753506,35.6474647638405]]]}},{"type":"Feature","properties":{"county":"Custer","legal":"19-12N-17W-IM","operator":"DIVERSIFIED PRODUCTION LLC","lease_name":"STOCKTON#2-19","api_number":"3503921135","reservoir":"RED FORK","first_production":"1995-01-01","last_production":"2025-08-01"},"geometry":{"type":"Polygon","coordinates":[[[-99.0375894049174,35.5028944828073],[-99.0360894049044,35.5013944827943],[-99.0375894049174,35.4998944827812],[-99.0390894049305,35.5013944827943],[-99.0375894049174,35.5028944828073]]]}},{"type":"Feature","properties":{"county":"Custer","legal":"05-12N-18W-IM","operator":"SKYCAP ENERGY","lease_name":"STRATTON FARMS #1-5","api_number":"3503920531","reservoir":"RED FORK","first_production":"1995-01-01","last_production":"2025-08-01"},"geometry":{"type":"Polygon","coordinates":[[[-99.1259870564074,35.5461272323863],[-99.1244870563944,35.5446272323733],[-99.1259870564074,35.5431272323603],[-99.1274870564205,35.5446272323733],[-99.1259870564074,35.5461272323863]]]}},{"type":"Feature","properties":{"county":"Beckham","legal":"01-11N-22W-IM","operator":"PRESIDIO","lease_name":"J.C. POTTER #1-1","api_number":"3500920397","reservoir":"ATOKA","first_production":"1997-09-01","last_production":"2025-08-01"},"geometry":{"type":"Polygon","coordinates":[[[-99.4786034345699,35.4596932137164],[-99.4771034345569,35.4581932137034],[-99.4786034345699,35.4566932136903],[-99.480103434583,35.4581932137034],[-99.4786034345699,35.4596932137164]]]}},{"type":"Feature","properties":{"county":"Washita","legal":"09-11N-18W-IM","operator":"DIVERSIFIED PRODUCTION LLC","lease_name":"LUCILLE WALTON 9-11-18 2H","api_number":"3514921628","reservoir":"DES MOINES GRANITE WASH","first_production":"2012-04-01","last_production":"2025-09-01"},"geometry":{"type":"Polygon","coordinates":[[[-99.1083741900613,35.4449754447899],[-99.1068741900483,35.4434754447769],[-99.1083741900613,35.4419754447638],[-99.1098741900744,35.4434754447769],[-99.1083741900613,35.4449754447899]]]}},{"type":"Feature","properties":{"county":"Roger Mills","legal":"03-13N-21W-IM","operator":"PRESIDIO","lease_name":"BONNIE 3-3","api_number":"3512922245","reservoir":"CHEROKEE","first_production":"2000-11-01","last_production":"2025-09-01"},"geometry":{"type":"Polygon","coordinates":[[[-99.4212171624366,35.6329190442586],[-99.4197171624236,35.6314190442455],[-99.4212171624366,35.6299190442325],[-99.4227171624497,35.6314190442455],[-99.4212171624366,35.6329190442586]]]}},{"type":"Feature","properties":{"county":"Custer","legal":"20-14N-19W-IM","operator":"DIVERSIFIED PRODUCTION LLC","lease_name":"NOBLE 20-3","api_number":"3503921765","reservoir":"DES MOINES","first_production":"1998-06-01","last_production":"2025-09-01"},"geometry":{"type":"Polygon","coordinates":[[[-99.2439984558288,35.6764867809821],[-99.2424984558158,35.6749867809691],[-99.2439984558288,35.673486780956],[-99.2454984558419,35.6749867809691],[-99.2439984558288,35.6764867809821]]]}},{"type":"Feature","properties":{"county":"Custer","legal":"35-14N-19W-IM","operator":"DP LEGACY TAPSTONE LLC","lease_name":"GOODALL #1-35","reservoir":"CHEROKEE","first_production":"1995-01-01","last_production":"2025-09-01"},"geometry":{"type":"Polygon","coordinates":[[[-99.1908464354238,35.6473710460823],[-99.1893464354108,35.6458710460692],[-99.1908464354238,35.6443710460562],[-99.1923464354369,35.6458710460692],[-99.1908464354238,35.6473710460823]]]}},{"type":"Feature","properties":{"county":"Custer","legal":"14-12N-14W-IM","operator":"JUBILEE EXPLORATION LLC","lease_name":"ANNA#1-14","api_number":"3503921122","reservoir":"RED FORK","first_production":"1995-01-01","last_production":"2025-09-01"},"geometry":{"type":"Polygon","coordinates":[[[-98.6496318804203,35.5167168007795],[-98.6481318804073,35.5152168007665],[-98.6496318804203,35.5137168007534],[-98.6511318804334,35.5152168007665],[-98.6496318804203,35.5167168007795]]]}},{"type":"Feature","properties":{"county":"Custer","legal":"24-12N-16W-IM","operator":"RIVIERA OPERATING","lease_name":"MEACHAM #2-24","api_number":"3503921222","reservoir":"RED FORK","first_production":"1995-01-01","last_production":"2025-09-01"},"geometry":{"type":"Polygon","coordinates":[[[-98.8438281187618,35.5026856433674],[-98.8423281187487,35.5011856433544],[-98.8438281187618,35.4996856433413],[-98.8453281187748,35.5011856433544],[-98.8438281187618,35.5026856433674]]]}},{"type":"Feature","properties":{"county":"Beckham","legal":"03-11N-22W-IM","operator":"PRESIDIO","lease_name":"K.C. CATTLE #2-3","api_number":"3500920348","reservoir":"ATOKA","first_production":"1995-01-01","last_production":"2025-09-01"},"geometry":{"type":"Polygon","coordinates":[[[-99.5142412735592,35.4598201233561],[-99.5127412735462,35.458320123343],[-99.5142412735592,35.45682012333],[-99.5157412735722,35.458320123343],[-99.5142412735592,35.4598201233561]]]}},{"type":"Feature","properties":{"county":"Roger Mills","legal":"21-13N-21W-IM","operator":"PRESIDIO","lease_name":"COTTON 2-21","api_number":"3512922968","reservoir":"DES MOINES","first_production":"2006-09-01","last_production":"2025-10-01"},"geometry":{"type":"Polygon","coordinates":[[[-99.4391794552797,35.5894468947049],[-99.4376794552666,35.5879468946919],[-99.4391794552797,35.5864468946788],[-99.4406794552927,35.5879468946919],[-99.4391794552797,35.5894468947049]]]}},{"type":"Feature","properties":{"county":"Roger Mills","legal":"09-11N-23W-IM","operator":"RIVIERA OPERATING","lease_name":"ZAC #1-9","api_number":"3512921580","reservoir":"UPPER MORROW","first_production":"1995-01-01","last_production":"2025-10-01"},"geometry":{"type":"Polygon","coordinates":[[[-99.6375580786463,35.4447667774964],[-99.6360580786333,35.4432667774834],[-99.6375580786463,35.4417667774703],[-99.6390580786593,35.4432667774834],[-99.6375580786463,35.4447667774964]]]}},{"type":"Feature","properties":{"county":"Custer","legal":"15-13N-16W-IM","operator":"ARNOLD OIL PROPERTIES","lease_name":"#1-15 BETTY LAMIRAND","api_number":"3503921097","reservoir":"RED FORK","first_production":"1995-01-01","last_production":"2025-10-01"},"geometry":{"type":"Polygon","coordinates":[[[-98.8895407324408,35.6036839410793],[-98.8880407324278,35.6021839410663],[-98.8895407324408,35.6006839410532],[-98.8910407324539,35.6021839410663],[-98.8895407324408,35.6036839410793]]]}},{"type":"Feature","properties":{"county":"Custer","legal":"30-13N-19W-IM","operator":"TEOCALLI EXPLORATION","lease_name":"USA MILFORD #1-30","api_number":"3503920917","reservoir":"RED FORK","first_production":"1995-01-01","last_production":"2025-10-01"},"geometry":{"type":"Polygon","coordinates":[[[-99.2618376759972,35.5751507698295],[-99.2603376759841,35.5736507698164],[-99.2618376759972,35.5721507698034],[-99.2633376760102,35.5736507698164],[-99.2618376759972,35.5751507698295]]]}},{"type":"Feature","properties":{"county":"Custer","legal":"19-15N-20W-IM","operator":"RESOURCES OPERATING","lease_name":"STICE #1-19","api_number":"3503920819","reservoir":"SKINNER SAND","first_production":"1995-01-01","last_production":"2025-10-01"},"geometry":{"type":"Polygon","coordinates":[[[-99.3676171456979,35.7630542181868],[-99.3661171456849,35.7615542181738],[-99.3676171456979,35.7600542181608],[-99.369117145711,35.7615542181738],[-99.3676171456979,35.7630542181868]]]}},{"type":"Feature","properties":{"county":"Custer","legal":"33-13N-14W-IM","operator":"SKYCAP ENERGY","lease_name":"CRALL#3","api_number":"3503921273","reservoir":"ATOKA","first_production":"1995-01-01","last_production":"2025-10-01"},"geometry":{"type":"Polygon","coordinates":[[[-98.6942006706413,35.5601818531377],[-98.6927006706283,35.5586818531246],[-98.6942006706413,35.5571818531116],[-98.6957006706543,35.5586818531246],[-98.6942006706413,35.5601818531377]]]}},{"type":"Feature","properties":{"county":"Caddo","legal":"28-11N-12W-IM","operator":"STAGHORN","lease_name":"TRIPLE CROWN 11-12-33-28","api_number":"3501523340","first_production":"2024-04-01","last_production":"2025-10-01"},"geometry":{"type":"Polygon","coordinates":[[[-98.4739329834977,35.4003648090412],[-98.4724329834847,35.3988648090282],[-98.4739329834977,35.3973648090152],[-98.4754329835108,35.3988648090282],[-98.4739329834977,35.4003648090412]]]}},{"type":"Feature","properties":{"county":"Beckham","legal":"09-11N-22W-IM","operator":"PRESIDIO","lease_name":"WEST #1-9","api_number":"3500920378","reservoir":"ATOKA","first_production":"1995-01-01","last_production":"2025-10-01"},"geometry":{"type":"Polygon","coordinates":[[[-99.5319179901274,35.4450880107549],[-99.5304179901143,35.4435880107419],[-99.5319179901274,35.4420880107288],[-99.5334179901404,35.4435880107419],[-99.5319179901274,35.4450880107549]]]}},{"type":"Feature","properties":{"county":"Beckham","legal":"31-12N-21W-IM","operator":"PRESIDIO","lease_name":"SMITH #1-31","api_number":"3500920278","reservoir":"RED FORK","first_production":"2008-05-01","last_production":"2025-10-01"},"geometry":{"type":"Polygon","coordinates":[[[-99.4610182050546,35.4741895536371],[-99.4595182050415,35.4726895536241],[-99.4610182050546,35.471189553611],[-99.4625182050676,35.4726895536241],[-99.4610182050546,35.4741895536371]]]}},{"type":"Feature","properties":{"county":"Washita","legal":"12-11N-19W-IM","operator":"DIVERSIFIED PRODUCTION LLC","lease_name":"AUSTIN 13-11-19 1H","api_number":"3514921683","reservoir":"DES MOINES","first_production":"2014-03-01","last_production":"2025-11-01"},"geometry":{"type":"Polygon","coordinates":[[[-99.1613914260204,35.4450305809876],[-99.1598914260073,35.4435305809745],[-99.1613914260204,35.4420305809615],[-99.1628914260334,35.4435305809745],[-99.1613914260204,35.4450305809876]]]}},{"type":"Feature","properties":{"county":"Washita","legal":"09-11N-17W-IM","operator":"DIVERSIFIED PRODUCTION LLC","lease_name":"WHITNEY 9-11-17 2H","api_number":"3514921647","reservoir":"DES MOINES GRANITE WASH","first_production":"2012-09-01","last_production":"2025-11-01"},"geometry":{"type":"Polygon","coordinates":[[[-99.0025810360414,35.4450306528722],[-99.0010810360284,35.4435306528592],[-99.0025810360414,35.4420306528461],[-99.0040810360545,35.4435306528592],[-99.0025810360414,35.4450306528722]]]}},{"type":"Feature","properties":{"county":"Washita","legal":"21-11N-18W-IM","operator":"DIVERSIFIED PRODUCTION LLC","lease_name":"DUB 1-21H","api_number":"3514921580","reservoir":"DES MOINES","first_production":"2011-07-01","last_production":"2025-11-01"},"geometry":{"type":"Polygon","coordinates":[[[-99.1082548685366,35.4159458445577],[-99.1067548685235,35.4144458445447],[-99.1082548685366,35.4129458445317],[-99.1097548685496,35.4144458445447],[-99.1082548685366,35.4159458445577]]]}},{"type":"Feature","properties":{"county":"Washita","legal":"22-11N-17W-IM","operator":"UNBRIDLED RESOURCES LLC","lease_name":"KAST TRUST  2-22H","api_number":"3514921484","reservoir":"DES MOINES","first_production":"2010-09-01","last_production":"2025-11-01"},"geometry":{"type":"Polygon","coordinates":[[[-98.9848624194643,35.4159407042117],[-98.9833624194512,35.4144407041987],[-98.9848624194643,35.4129407041856],[-98.9863624194773,35.4144407041987],[-98.9848624194643,35.4159407042117]]]}},{"type":"Feature","properties":{"county":"Washita","legal":"09-11N-17W-IM","operator":"DIVERSIFIED PRODUCTION LLC","lease_name":"WHITNEY 1-9H","api_number":"3514921349","reservoir":"DES MOINES GRANITE WASH","first_production":"2008-04-01","last_production":"2025-11-01"},"geometry":{"type":"Polygon","coordinates":[[[-99.0025810360414,35.4450306528722],[-99.0010810360284,35.4435306528592],[-99.0025810360414,35.4420306528461],[-99.0040810360545,35.4435306528592],[-99.0025810360414,35.4450306528722]]]}},{"type":"Feature","properties":{"county":"Washita","legal":"22-11N-16W-IM","operator":"UNBRIDLED RESOURCES LLC","lease_name":"MORRISON 1-22","api_number":"3514921198","reservoir":"MORROW","first_production":"2006-05-01","last_production":"2025-11-01"},"geometry":{"type":"Polygon","coordinates":[[[-98.8790821795015,35.4159353879501],[-98.8775821794885,35.4144353879371],[-98.8790821795015,35.412935387924],[-98.8805821795145,35.4144353879371],[-98.8790821795015,35.4159353879501]]]}},{"type":"Feature","properties":{"county":"Roger Mills","legal":"16-13N-21W-IM","operator":"PRESIDIO","lease_name":"A CROSS RANCH 7-16","api_number":"3512923209","reservoir":"DES MOINES","first_production":"2007-06-01","last_production":"2025-11-01"},"geometry":{"type":"Polygon","coordinates":[[[-99.4391411555863,35.6039563444042],[-99.4376411555732,35.6024563443911],[-99.4391411555863,35.6009563443781],[-99.4406411555993,35.6024563443911],[-99.4391411555863,35.6039563444042]]]}},{"type":"Feature","properties":{"county":"Roger Mills","legal":"03-12N-22W-IM","operator":"BCE-MACH II LLC","lease_name":"DODSON #6-3","api_number":"3512922228","reservoir":"DES MOINES","first_production":"2000-06-01","last_production":"2025-11-01"},"geometry":{"type":"Polygon","coordinates":[[[-99.5138625976043,35.5464622111702],[-99.5123625975913,35.5449622111572],[-99.5138625976043,35.5434622111441],[-99.5153625976174,35.5449622111572],[-99.5138625976043,35.5464622111702]]]}},{"type":"Feature","properties":{"county":"Roger Mills","legal":"14-13N-21W-IM","operator":"UNBRIDLED RESOURCES LLC","lease_name":"HEATHER 14-3","api_number":"3512921657","reservoir":"RED FORK","first_production":"1995-01-01","last_production":"2025-11-01"},"geometry":{"type":"Polygon","coordinates":[[[-99.4036478476669,35.6039916425996],[-99.4021478476539,35.6024916425865],[-99.4036478476669,35.6009916425735],[-99.40514784768,35.6024916425865],[-99.4036478476669,35.6039916425996]]]}},{"type":"Feature","properties":{"county":"Custer","legal":"09-15N-20W-IM","operator":"DUNCAN OIL PROPERTIES","lease_name":"LOMAS 2-4H","api_number":"3503922390","reservoir":"CLEVELAND","first_production":"2011-08-01","last_production":"2025-11-01"},"geometry":{"type":"Polygon","coordinates":[[[-99.3319260613823,35.7920477014698],[-99.3304260613693,35.7905477014568],[-99.3319260613823,35.7890477014437],[-99.3334260613954,35.7905477014568],[-99.3319260613823,35.7920477014698]]]}},{"type":"Feature","properties":{"county":"Custer","legal":"29-13N-14W-IM","operator":"UNIT","lease_name":"ASHBY E  16-29","api_number":"3503922318","reservoir":"CHEROKEE","first_production":"2008-07-01","last_production":"2025-11-01"},"geometry":{"type":"Polygon","coordinates":[[[-98.7119102028217,35.5746949240269],[-98.7104102028087,35.5731949240139],[-98.7119102028217,35.5716949240008],[-98.7134102028348,35.5731949240139],[-98.7119102028217,35.5746949240269]]]}},{"type":"Feature","properties":{"county":"Custer","legal":"29-13N-14W-IM","operator":"UNIT","lease_name":"EVA ASHBY 10-29","api_number":"3503922274","reservoir":"CHEROKEE","first_production":"2007-11-01","last_production":"2025-11-01"},"geometry":{"type":"Polygon","coordinates":[[[-98.7119102028217,35.5746949240269],[-98.7104102028087,35.5731949240139],[-98.7119102028217,35.5716949240008],[-98.7134102028348,35.5731949240139],[-98.7119102028217,35.5746949240269]]]}},{"type":"Feature","properties":{"county":"Custer","legal":"19-12N-14W-IM","operator":"WHITE GOAT RESOURCES LLC","lease_name":"SMITH #3-19","api_number":"3503921828","reservoir":"SPRINGER","first_production":"2000-02-01","last_production":"2025-11-01"},"geometry":{"type":"Polygon","coordinates":[[[-98.7202722574074,35.5021064164862],[-98.7187722573944,35.5006064164732],[-98.7202722574074,35.4991064164602],[-98.7217722574205,35.5006064164732],[-98.7202722574074,35.5021064164862]]]}},{"type":"Feature","properties":{"county":"Custer","legal":"04-13N-17W-IM","operator":"BCE-MACH II LLC","lease_name":"BROWN COLLEY #2-4","api_number":"3503921623","reservoir":"MORROW","first_production":"1995-08-01","last_production":"2025-11-01"},"geometry":{"type":"Polygon","coordinates":[[[-99.0134534714311,35.6327887860117],[-99.011953471418,35.6312887859986],[-99.0134534714311,35.6297887859856],[-99.0149534714441,35.6312887859986],[-99.0134534714311,35.6327887860117]]]}},{"type":"Feature","properties":{"county":"Custer","legal":"18-13N-18W-IM","operator":"SKYCAP ENERGY","lease_name":"SHEPHERD NO. 1-18","api_number":"3503921588","reservoir":"RED FORK","first_production":"1995-01-01","last_production":"2025-11-01"},"geometry":{"type":"Polygon","coordinates":[[[-99.155416203359,35.6038722086706],[-99.153916203346,35.6023722086575],[-99.155416203359,35.6008722086445],[-99.156916203372,35.6023722086575],[-99.155416203359,35.6038722086706]]]}},{"type":"Feature","properties":{"county":"Custer","legal":"03-15N-19W-IM","operator":"COOPER OPERATING","lease_name":"WILLIS #2-3","api_number":"3503921245","reservoir":"CLEVELAND","first_production":"1995-01-01","last_production":"2025-11-01"},"geometry":{"type":"Polygon","coordinates":[[[-99.2081047516476,35.8065898441286],[-99.2066047516345,35.8050898441156],[-99.2081047516476,35.8035898441026],[-99.2096047516606,35.8050898441156],[-99.2081047516476,35.8065898441286]]]}},{"type":"Feature","properties":{"county":"Washita","legal":"17-11N-18W-IM","operator":"DIVERSIFIED PRODUCTION LLC","lease_name":"ELDER 17-11-18 1H","api_number":"3514921695","reservoir":"DES MOINES GRANITE WASH","first_production":"2014-05-01","last_production":"2025-12-01"},"geometry":{"type":"Polygon","coordinates":[[[-99.125999502823,35.4305713569455],[-99.1244995028099,35.4290713569324],[-99.125999502823,35.4275713569194],[-99.127499502836,35.4290713569324],[-99.125999502823,35.4305713569455]]]}},{"type":"Feature","properties":{"county":"Washita","legal":"07-11N-20W-IM","operator":"UNBRIDLED RESOURCES LLC","lease_name":"JLM TRUST 7-11-20 1H","api_number":"3514921589","reservoir":"HOXBAR","first_production":"2011-08-01","last_production":"2025-12-01"},"geometry":{"type":"Polygon","coordinates":[[[-99.3553882995921,35.4447411934684],[-99.3538882995791,35.4432411934553],[-99.3553882995921,35.4417411934423],[-99.3568882996052,35.4432411934553],[-99.3553882995921,35.4447411934684]]]}},{"type":"Feature","properties":{"county":"Washita","legal":"22-11N-17W-IM","operator":"UNBRIDLED RESOURCES LLC","lease_name":"KAST TRUST 1-22H","api_number":"3514921483","reservoir":"DES MOINES","first_production":"2010-09-01","last_production":"2025-12-01"},"geometry":{"type":"Polygon","coordinates":[[[-98.9848624194643,35.4159407042117],[-98.9833624194512,35.4144407041987],[-98.9848624194643,35.4129407041856],[-98.9863624194773,35.4144407041987],[-98.9848624194643,35.4159407042117]]]}},{"type":"Feature","properties":{"county":"Washita","legal":"24-11N-18W-IM","operator":"DIVERSIFIED PRODUCTION LLC","lease_name":"BUFFING 1-24H","api_number":"3514921491","reservoir":"DES MOINES GRANITE WASH","first_production":"2010-06-01","last_production":"2025-12-01"},"geometry":{"type":"Polygon","coordinates":[[[-99.0550681756737,35.4160166551],[-99.0535681756607,35.414516655087],[-99.0550681756737,35.4130166550739],[-99.0565681756868,35.414516655087],[-99.0550681756737,35.4160166551]]]}},{"type":"Feature","properties":{"county":"Washita","legal":"18-11N-19W-IM","operator":"ARROWHEAD ENERGY","lease_name":"TWYMAN #2-18","api_number":"3514920536","reservoir":"MORROW","first_production":"1995-01-01","last_production":"2025-12-01"},"geometry":{"type":"Polygon","coordinates":[[[-99.2495288911,35.4306765164526],[-99.2480288910869,35.4291765164395],[-99.2495288911,35.4276765164265],[-99.251028891113,35.4291765164395],[-99.2495288911,35.4306765164526]]]}},{"type":"Feature","properties":{"county":"Roger Mills","legal":"10-13N-21W-IM","operator":"TEOCALLI EXPLORATION","lease_name":"STEPHENS #1-10","api_number":"3512921501","reservoir":"CHEROKEE","first_production":"1995-01-01","last_production":"2025-12-01"},"geometry":{"type":"Polygon","coordinates":[[[-99.4212665424145,35.6184084028385],[-99.4197665424014,35.6169084028254],[-99.4212665424145,35.6154084028124],[-99.4227665424275,35.6169084028254],[-99.4212665424145,35.6184084028385]]]}},{"type":"Feature","properties":{"county":"Custer","legal":"03-13N-19W-IM","operator":"DIVERSIFIED PRODUCTION LLC","lease_name":"ROWDY 3-13-19 1H","api_number":"3503922391","reservoir":"CLEVELAND","first_production":"2012-08-01","last_production":"2025-12-01"},"geometry":{"type":"Polygon","coordinates":[[[-99.2086367007503,35.6329498508199],[-99.2071367007373,35.6314498508069],[-99.2086367007503,35.6299498507939],[-99.2101367007634,35.6314498508069],[-99.2086367007503,35.6329498508199]]]}},{"type":"Feature","properties":{"county":"Custer","legal":"11-12N-16W-IM","operator":"T D OPERATING","lease_name":"HOFFMAN 1-11H 1-11H","api_number":"3503922338","reservoir":"SKINNER","first_production":"2009-04-01","last_production":"2025-12-01"},"geometry":{"type":"Polygon","coordinates":[[[-98.8613142256084,35.5316959225193],[-98.8598142255954,35.5301959225063],[-98.8613142256084,35.5286959224932],[-98.8628142256214,35.5301959225063],[-98.8613142256084,35.5316959225193]]]}},{"type":"Feature","properties":{"county":"Custer","legal":"05-12N-20W-IM","operator":"DIVERSIFIED PRODUCTION LLC","lease_name":"MALSON #5-2","api_number":"3503921734","reservoir":"DES MOINES,LOW","first_production":"1998-03-01","last_production":"2025-12-01"},"geometry":{"type":"Polygon","coordinates":[[[-99.3381033513042,35.5463246913711],[-99.3366033512911,35.544824691358],[-99.3381033513042,35.543324691345],[-99.3396033513172,35.544824691358],[-99.3381033513042,35.5463246913711]]]}},{"type":"Feature","properties":{"county":"Custer","legal":"29-12N-19W-IM","lease_name":"RUTH 29 #1","api_number":"3503921517","reservoir":"LOWER DES MOINES","first_production":"1995-01-01","last_production":"2025-12-01"},"geometry":{"type":"Polygon","coordinates":[[[-99.2321806894718,35.4885758868987],[-99.2306806894587,35.4870758868856],[-99.2321806894718,35.4855758868726],[-99.2336806894848,35.4870758868856],[-99.2321806894718,35.4885758868987]]]}},{"type":"Feature","properties":{"county":"Custer","legal":"31-13N-18W-IM","operator":"DIVERSIFIED PRODUCTION LLC","lease_name":"LLOYD W. SEARCY","api_number":"3503920598","reservoir":"RED FORK","first_production":"1995-01-01","last_production":"2025-12-01"},"geometry":{"type":"Polygon","coordinates":[[[-99.1554771385011,35.5603800698309],[-99.153977138488,35.5588800698178],[-99.1554771385011,35.5573800698048],[-99.1569771385141,35.5588800698178],[-99.1554771385011,35.5603800698309]]]}},{"type":"Feature","properties":{"county":"Custer","legal":"03-13N-20W-IM","operator":"DIVERSIFIED PRODUCTION LLC","lease_name":"CLIFT #1-3","api_number":"3503920599","reservoir":"ATOKA","first_production":"1995-01-01","last_production":"2025-12-01"},"geometry":{"type":"Polygon","coordinates":[[[-99.3147906682925,35.6329530876298],[-99.3132906682795,35.6314530876168],[-99.3147906682925,35.6299530876038],[-99.3162906683055,35.6314530876168],[-99.3147906682925,35.6329530876298]]]}},{"type":"Feature","properties":{"county":"Custer","legal":"12-13N-20W-IM","operator":"TEOCALLI EXPLORATION","lease_name":"NEIL #1-12","api_number":"3503920508","reservoir":"UPPER & LOWER PRUE, RED FORK","first_production":"1995-01-01","last_production":"2025-12-01"},"geometry":{"type":"Polygon","coordinates":[[[-99.2794361413064,35.6185534964094],[-99.2779361412933,35.6170534963963],[-99.2794361413064,35.6155534963833],[-99.2809361413194,35.6170534963963],[-99.2794361413064,35.6185534964094]]]}},{"type":"Feature","properties":{"county":"Caddo","legal":"14-11N-11W-IM","operator":"TROY ENERGY OPERATING, LLC","lease_name":"OPITZ #1","api_number":"3501521495","reservoir":"SPRINGER,CHEROKEE","first_production":"1995-01-01","last_production":"2025-12-01"},"geometry":{"type":"Polygon","coordinates":[[[-98.3327485716465,35.4293753898208],[-98.3312485716334,35.4278753898078],[-98.3327485716465,35.4263753897947],[-98.3342485716595,35.4278753898078],[-98.3327485716465,35.4293753898208]]]}},{"type":"Feature","properties":{"county":"Caddo","legal":"01-11N-11W-IM","operator":"TEOCALLI EXPLORATION","lease_name":"BREHM #1","api_number":"3501520878","reservoir":"MORROW","first_production":"1995-01-01","last_production":"2025-12-01"},"geometry":{"type":"Polygon","coordinates":[[[-98.3150423678555,35.4582015027878],[-98.3135423678425,35.4567015027748],[-98.3150423678555,35.4552015027618],[-98.3165423678685,35.4567015027748],[-98.3150423678555,35.4582015027878]]]}},{"type":"Feature","properties":{"county":"Beckham","legal":"31-11N-23W-IM","operator":"CANVAS ENERGY LLC","lease_name":"PLOTNER #1","api_number":"3500920837","reservoir":"VIRGIL SAND","first_production":"1995-01-01","last_production":"2025-12-01"},"geometry":{"type":"Polygon","coordinates":[[[-99.6730030432026,35.3869220859253],[-99.6715030431896,35.3854220859123],[-99.6730030432026,35.3839220858992],[-99.6745030432157,35.3854220859123],[-99.6730030432026,35.3869220859253]]]}},{"type":"Feature","properties":{"county":"Washita","legal":"02-11N-18W-IM","operator":"DIVERSIFIED PRODUCTION LLC","lease_name":"FAWVER 2-11-18 1H","api_number":"3503922472","reservoir":"DES MOINES GRANITE WASH","first_production":"2016-05-01","last_production":"2026-01-01"},"geometry":{"type":"Polygon","coordinates":[[[-99.0727371678757,35.4594350277271],[-99.0712371678626,35.457935027714],[-99.0727371678757,35.456435027701],[-99.0742371678887,35.457935027714],[-99.0727371678757,35.4594350277271]]]}},{"type":"Feature","properties":{"county":"Washita","legal":"29-11N-17W-IM","operator":"DIVERSIFIED PRODUCTION LLC","lease_name":"SAWATZKY 29-11-17 1H","api_number":"3514921698","reservoir":"DES MOINES","first_production":"2014-08-01","last_production":"2026-01-01"},"geometry":{"type":"Polygon","coordinates":[[[-99.020161673832,35.4014235018234],[-99.018661673819,35.3999235018104],[-99.020161673832,35.3984235017973],[-99.021661673845,35.3999235018104],[-99.020161673832,35.4014235018234]]]}},{"type":"Feature","properties":{"county":"Washita","legal":"17-11N-18W-IM","operator":"DIVERSIFIED PRODUCTION LLC","lease_name":"PHILLIPS 17-11-18 1H","api_number":"3514921692","reservoir":"DES MOINES GRANITE WASH","first_production":"2014-05-01","last_production":"2026-01-01"},"geometry":{"type":"Polygon","coordinates":[[[-99.125999502823,35.4305713569455],[-99.1244995028099,35.4290713569324],[-99.125999502823,35.4275713569194],[-99.127499502836,35.4290713569324],[-99.125999502823,35.4305713569455]]]}},{"type":"Feature","properties":{"county":"Roger Mills","legal":"25-13N-21W-IM","operator":"COTERRA ENERGY OPERATING CO","lease_name":"BEUTLER & SON 1-25","api_number":"3512923349","reservoir":"CHEROKEE","first_production":"2008-10-01","last_production":"2026-01-01"},"geometry":{"type":"Polygon","coordinates":[[[-99.3858674480424,35.5748875428393],[-99.3843674480294,35.5733875428262],[-99.3858674480424,35.5718875428132],[-99.3873674480555,35.5733875428262],[-99.3858674480424,35.5748875428393]]]}},{"type":"Feature","properties":{"county":"Roger Mills","legal":"02-12N-22W-IM","operator":"PRESIDIO","lease_name":"DODSON #3-2","api_number":"3512922161","reservoir":"CHEROKEE","first_production":"1998-10-01","last_production":"2026-01-01"},"geometry":{"type":"Polygon","coordinates":[[[-99.4962415751397,35.5464373366034],[-99.4947415751267,35.5449373365904],[-99.4962415751397,35.5434373365773],[-99.4977415751528,35.5449373365904],[-99.4962415751397,35.5464373366034]]]}},{"type":"Feature","properties":{"county":"Roger Mills","legal":"29-12N-23W-IM","operator":"SKYCAP ENERGY","lease_name":"ARMSTRONG #1-29","api_number":"3512920830","reservoir":"ATOKA","first_production":"1995-01-01","last_production":"2026-01-01"},"geometry":{"type":"Polygon","coordinates":[[[-99.6550314512479,35.4883404588768],[-99.6535314512348,35.4868404588638],[-99.6550314512479,35.4853404588507],[-99.6565314512609,35.4868404588638],[-99.6550314512479,35.4883404588768]]]}},{"type":"Feature","properties":{"county":"Roger Mills","legal":"28-13N-22W-IM","operator":"DIVERSIFIED PRODUCTION LLC","lease_name":"BOGGES #1-28;RUTH 1-28","api_number":"3512920945;3512921361","reservoir":"REDFORK,CHEROKEE","first_production":"1995-01-01","last_production":"2026-01-01"},"geometry":{"type":"Polygon","coordinates":[[[-99.5448479885383,35.5752129158202],[-99.5433479885253,35.5737129158072],[-99.5448479885383,35.5722129157941],[-99.5463479885513,35.5737129158072],[-99.5448479885383,35.5752129158202]]]}},{"type":"Feature","properties":{"county":"Roger Mills","legal":"28-13N-23W-IM","operator":"UNBRIDLED RESOURCES LLC","lease_name":"SPROWLS# 4-28","api_number":"3512921362","reservoir":"REDFORK, CHEROKEE","first_production":"1995-01-01","last_production":"2026-01-01"},"geometry":{"type":"Polygon","coordinates":[[[-99.6515262356878,35.5750200247921],[-99.6500262356747,35.5735200247791],[-99.6515262356878,35.5720200247661],[-99.6530262357008,35.5735200247791],[-99.6515262356878,35.5750200247921]]]}},{"type":"Feature","properties":{"county":"Roger Mills","legal":"19-13N-21W-IM","operator":"MUSTANG","lease_name":"ALLEN #3-19","api_number":"3512921802","reservoir":"RED FORK","first_production":"1995-01-01","last_production":"2026-01-01"},"geometry":{"type":"Polygon","coordinates":[[[-99.474375709382,35.5893988100462],[-99.4728757093689,35.5878988100332],[-99.474375709382,35.5863988100202],[-99.475875709395,35.5878988100332],[-99.474375709382,35.5893988100462]]]}},{"type":"Feature","properties":{"county":"Custer","legal":"21-14N-19W-IM","operator":"FORMENTERA OPERATIONS, LLC","lease_name":"PIERCE 1-21H","api_number":"3503922372","reservoir":"TONKAWA,COTTAGE GROVE,CLEVELAND","first_production":"2011-02-01","last_production":"2026-01-01"},"geometry":{"type":"Polygon","coordinates":[[[-99.2264418012394,35.6764291536819],[-99.2249418012263,35.6749291536689],[-99.2264418012394,35.6734291536558],[-99.2279418012524,35.6749291536689],[-99.2264418012394,35.6764291536819]]]}},{"type":"Feature","properties":{"county":"Custer","legal":"33-13N-20W-IM","operator":"CRAWLEY PETROLEUM","lease_name":"KC CATTLE 4-33","api_number":"3503922021","reservoir":"LOWER DES MOINES","first_production":"2003-06-01","last_production":"2026-01-01"},"geometry":{"type":"Polygon","coordinates":[[[-99.3329069436584,35.5605046156143],[-99.3314069436454,35.5590046156012],[-99.3329069436584,35.5575046155882],[-99.3344069436715,35.5590046156012],[-99.3329069436584,35.5605046156143]]]}},{"type":"Feature","properties":{"county":"Custer","legal":"13-13N-18W-IM","lease_name":"ROUSH #13-2","api_number":"3503921800","reservoir":"CHEROKEE","first_production":"1999-04-01","last_production":"2026-01-01"},"geometry":{"type":"Polygon","coordinates":[[[-99.066634254401,35.6036892791179],[-99.065134254388,35.6021892791048],[-99.066634254401,35.6006892790918],[-99.068134254414,35.6021892791048],[-99.066634254401,35.6036892791179]]]}},{"type":"Feature","properties":{"county":"Custer","legal":"25-12N-16W-IM","operator":"BRG","lease_name":"MEACHUM #1-25","api_number":"3503921775","reservoir":"DES MOINES","first_production":"1998-08-01","last_production":"2026-01-01"},"geometry":{"type":"Polygon","coordinates":[[[-98.8438654068451,35.4883062142063],[-98.842365406832,35.4868062141933],[-98.8438654068451,35.4853062141802],[-98.8453654068581,35.4868062141933],[-98.8438654068451,35.4883062142063]]]}},{"type":"Feature","properties":{"county":"Custer","legal":"20-14N-20W-IM","operator":"DIVERSIFIED PRODUCTION LLC","lease_name":"BANKS 20-4","api_number":"3503921702","reservoir":"CHEROKEE","first_production":"1997-08-01","last_production":"2026-01-01"},"geometry":{"type":"Polygon","coordinates":[[[-99.3502982146757,35.676463484289],[-99.3487982146627,35.674963484276],[-99.3502982146757,35.6734634842629],[-99.3517982146888,35.674963484276],[-99.3502982146757,35.676463484289]]]}},{"type":"Feature","properties":{"county":"Custer","legal":"24-14N-20W-IM","operator":"DIVERSIFIED PRODUCTION LLC","lease_name":"FANCHER 2-24","api_number":"3503921493","reservoir":"DES MOINES","first_production":"1995-01-01","last_production":"2026-01-01"},"geometry":{"type":"Polygon","coordinates":[[[-99.2791592060158,35.6765213578421],[-99.2776592060028,35.6750213578291],[-99.2791592060158,35.673521357816],[-99.2806592060289,35.6750213578291],[-99.2791592060158,35.6765213578421]]]}},{"type":"Feature","properties":{"county":"Custer","legal":"18-15N-20W-IM","operator":"TEOCALLI EXPLORATION","lease_name":"HERIFORD 5A-18","api_number":"3503921457","reservoir":"PRUE","first_production":"1995-01-01","last_production":"2026-01-01"},"geometry":{"type":"Polygon","coordinates":[[[-99.3673946434708,35.7773886137338],[-99.3658946434577,35.7758886137208],[-99.3673946434708,35.7743886137077],[-99.3688946434838,35.7758886137208],[-99.3673946434708,35.7773886137338]]]}},{"type":"Feature","properties":{"county":"Custer","legal":"11-12N-19W-IM","operator":"MEADOWBROOK OIL","lease_name":"MINNIE #1-11","api_number":"3503921295","reservoir":"RED FORK","first_production":"1995-01-01","last_production":"2026-01-01"},"geometry":{"type":"Polygon","coordinates":[[[-99.17914064891,35.5320192769059],[-99.177640648897,35.5305192768929],[-99.17914064891,35.5290192768799],[-99.1806406489231,35.5305192768929],[-99.17914064891,35.5320192769059]]]}},{"type":"Feature","properties":{"county":"Custer","legal":"25-15N-20W-IM","operator":"DIVERSIFIED PRODUCTION LLC","lease_name":"MOSELY 25-1;BROADBENT#25-1","api_number":"3503921194;3503920607","reservoir":"PRUE","first_production":"1995-01-01","last_production":"2026-01-01"},"geometry":{"type":"Polygon","coordinates":[[[-99.2790497720572,35.7485861561113],[-99.2775497720442,35.7470861560983],[-99.2790497720572,35.7455861560852],[-99.2805497720703,35.7470861560983],[-99.2790497720572,35.7485861561113]]]}},{"type":"Feature","properties":{"county":"Custer","legal":"08-15N-20W-IM","operator":"PRESIDIO","lease_name":"MILDRED #2","api_number":"3503921113","reservoir":"CHEROKEE","first_production":"1995-01-01","last_production":"2026-01-01"},"geometry":{"type":"Polygon","coordinates":[[[-99.3496444570639,35.7919081891947],[-99.3481444570509,35.7904081891817],[-99.3496444570639,35.7889081891686],[-99.3511444570769,35.7904081891817],[-99.3496444570639,35.7919081891947]]]}},{"type":"Feature","properties":{"county":"Custer","legal":"16-15N-20W-IM","operator":"DIVERSIFIED PRODUCTION LLC","lease_name":"WILSON #16-2;3","api_number":"3503921232;3503921169","reservoir":"CHEROKEE,PRUE","first_production":"1995-01-01","last_production":"2026-01-01"},"geometry":{"type":"Polygon","coordinates":[[[-99.3319368767444,35.7776189292759],[-99.3304368767314,35.7761189292628],[-99.3319368767444,35.7746189292498],[-99.3334368767574,35.7761189292628],[-99.3319368767444,35.7776189292759]]]}},{"type":"Feature","properties":{"county":"Custer","legal":"05-13N-15W-IM","operator":"DP LEGACY TAPSTONE LLC","lease_name":"MANSON 5-1","api_number":"3503920473","reservoir":"ATOKA","first_production":"1995-01-01","last_production":"2026-01-01"},"geometry":{"type":"Polygon","coordinates":[[[-98.8183512599639,35.6327306952144],[-98.8168512599509,35.6312306952014],[-98.8183512599639,35.6297306951883],[-98.8198512599769,35.6312306952014],[-98.8183512599639,35.6327306952144]]]}},{"type":"Feature","properties":{"county":"Caddo","legal":"12-11N-12W-IM","operator":"DIVERSIFIED PRODUCTION LLC","lease_name":"YOUNGQUIST 1-12","api_number":"3501522696","reservoir":"MORROW/SPRINGER","first_production":"2003-06-01","last_production":"2026-01-01"},"geometry":{"type":"Polygon","coordinates":[[[-98.4208770273413,35.4439782799812],[-98.4193770273282,35.4424782799682],[-98.4208770273413,35.4409782799552],[-98.4223770273543,35.4424782799682],[-98.4208770273413,35.4439782799812]]]}},{"type":"Feature","properties":{"county":"Beckham","legal":"11-11N-21W-IM","operator":"COTERRA ENERGY OPERATING CO","lease_name":"FOUNTAIN 11-11-21 1H","api_number":"3500921949","reservoir":"DES MOINES","first_production":"2015-05-01","last_production":"2026-01-01"},"geometry":{"type":"Polygon","coordinates":[[[-99.3905228446783,35.4449104160606],[-99.3890228446653,35.4434104160476],[-99.3905228446783,35.4419104160346],[-99.3920228446914,35.4434104160476],[-99.3905228446783,35.4449104160606]]]}},{"type":"Feature","properties":{"county":"Beckham","legal":"02-11N-22W-IM","operator":"PRESIDIO","lease_name":"POTTER 2-11-22 1H","api_number":"3500921938","reservoir":"HOXBAR","first_production":"2014-10-01","last_production":"2026-01-01"},"geometry":{"type":"Polygon","coordinates":[[[-99.4965045406177,35.4597583392841],[-99.4950045406047,35.4582583392711],[-99.4965045406177,35.4567583392581],[-99.4980045406308,35.4582583392711],[-99.4965045406177,35.4597583392841]]]}},{"type":"Feature","properties":{"county":"Beckham","legal":"01-11N-22W-IM","operator":"PRESIDIO","lease_name":"J. C. POTTER #1-1","api_number":"3500920397","reservoir":"ATOKA","first_production":"1995-01-01","last_production":"2026-01-01"},"geometry":{"type":"Polygon","coordinates":[[[-99.4786034345699,35.4596932137164],[-99.4771034345569,35.4581932137034],[-99.4786034345699,35.4566932136903],[-99.480103434583,35.4581932137034],[-99.4786034345699,35.4596932137164]]]}},{"type":"Feature","properties":{"county":"Beckham","legal":"03-11N-22W-IM","operator":"PRESIDIO","lease_name":"FARRIS #1-3","api_number":"3500920741","reservoir":"ATOKA","first_production":"1995-01-01","last_production":"2026-01-01"},"geometry":{"type":"Polygon","coordinates":[[[-99.5142412735592,35.4598201233561],[-99.5127412735462,35.458320123343],[-99.5142412735592,35.45682012333],[-99.5157412735722,35.458320123343],[-99.5142412735592,35.4598201233561]]]}},{"type":"Feature","properties":{"county":"Washita","legal":"16-11N-16W-IM","operator":"DIVERSIFIED PRODUCTION LLC","lease_name":"ANNAKATE 16-11-16 2H","api_number":"3514921598","reservoir":"DES MOINES","first_production":"2016-04-01","last_production":"2026-02-01"},"geometry":{"type":"Polygon","coordinates":[[[-98.8968934515799,35.4302862264411],[-98.8953934515668,35.4287862264281],[-98.8968934515799,35.427286226415],[-98.8983934515929,35.4287862264281],[-98.8968934515799,35.4302862264411]]]}},{"type":"Feature","properties":{"county":"Washita","legal":"05-11N-17W-IM","operator":"DIVERSIFIED PRODUCTION LLC","lease_name":"SCHUMACHER 5-11-17 1H","api_number":"3514921725","reservoir":"DES MOINES","first_production":"2016-04-01","last_production":"2026-02-01"},"geometry":{"type":"Polygon","coordinates":[[[-99.0201325239815,35.4594974627585],[-99.0186325239685,35.4579974627455],[-99.0201325239815,35.4564974627325],[-99.0216325239945,35.4579974627455],[-99.0201325239815,35.4594974627585]]]}},{"type":"Feature","properties":{"county":"Washita","legal":"07-11N-18W-IM","operator":"DIVERSIFIED PRODUCTION LLC","lease_name":"MOSS 7-11-18 1H","api_number":"3514921724","reservoir":"DES MOINES","first_production":"2016-04-01","last_production":"2026-02-01"},"geometry":{"type":"Polygon","coordinates":[[[-99.1437157497892,35.4450529154225],[-99.1422157497762,35.4435529154094],[-99.1437157497892,35.4420529153964],[-99.1452157498023,35.4435529154094],[-99.1437157497892,35.4450529154225]]]}},{"type":"Feature","properties":{"county":"Washita","legal":"13-11N-19W-IM","operator":"DIVERSIFIED PRODUCTION LLC","lease_name":"HULS USA 13-11-19 2H","api_number":"3514921713","reservoir":"DES MOINES","first_production":"2015-12-01","last_production":"2026-02-01"},"geometry":{"type":"Polygon","coordinates":[[[-99.1613598526358,35.4305051600622],[-99.1598598526227,35.4290051600492],[-99.1613598526358,35.4275051600361],[-99.1628598526488,35.4290051600492],[-99.1613598526358,35.4305051600622]]]}},{"type":"Feature","properties":{"county":"Washita","legal":"01-11N-18W-IM","operator":"DIVERSIFIED PRODUCTION LLC","lease_name":"SALISBURY 1-11-18 1H","api_number":"3514921723","reservoir":"DES MOINES GRANITE WASH","first_production":"2015-12-01","last_production":"2026-02-01"},"geometry":{"type":"Polygon","coordinates":[[[-99.0550509788356,35.459442297425],[-99.0535509788225,35.4579422974119],[-99.0550509788356,35.4564422973989],[-99.0565509788486,35.4579422974119],[-99.0550509788356,35.459442297425]]]}},{"type":"Feature","properties":{"county":"Washita","legal":"13-11N-19W-IM","operator":"DIVERSIFIED PRODUCTION LLC","lease_name":"LEAL 13-11-19 1H","api_number":"3514921712","reservoir":"DES MOINES","first_production":"2015-03-01","last_production":"2026-02-01"},"geometry":{"type":"Polygon","coordinates":[[[-99.1613598526358,35.4305051600622],[-99.1598598526227,35.4290051600492],[-99.1613598526358,35.4275051600361],[-99.1628598526488,35.4290051600492],[-99.1613598526358,35.4305051600622]]]}},{"type":"Feature","properties":{"county":"Washita","legal":"34-11N-18W-IM","operator":"BCE-MACH II LLC","lease_name":"BELTER TRUST 1-34HB","api_number":"3514921715","reservoir":"DES MOINES","first_production":"2015-04-01","last_production":"2026-02-01"},"geometry":{"type":"Polygon","coordinates":[[[-99.090519615227,35.3870391904079],[-99.089019615214,35.3855391903948],[-99.090519615227,35.3840391903818],[-99.0920196152401,35.3855391903948],[-99.090519615227,35.3870391904079]]]}},{"type":"Feature","properties":{"county":"Washita","legal":"18-11N-18W-IM","operator":"DIVERSIFIED PRODUCTION LLC","lease_name":"MCNATT 18-11-18 1H","api_number":"3514921706","reservoir":"DES MOINES GRANITE WASH","first_production":"2014-10-01","last_production":"2026-02-01"},"geometry":{"type":"Polygon","coordinates":[[[-99.1436845539091,35.430614581497],[-99.1421845538961,35.429114581484],[-99.1436845539091,35.427614581471],[-99.1451845539221,35.429114581484],[-99.1436845539091,35.430614581497]]]}},{"type":"Feature","properties":{"county":"Washita","legal":"29-11N-18W-IM","operator":"DIVERSIFIED PRODUCTION LLC","lease_name":"REEDER 29-11-18 3H","api_number":"3514921702","reservoir":"DES MOINES","first_production":"2014-09-01","last_production":"2026-02-01"},"geometry":{"type":"Polygon","coordinates":[[[-99.1258822050066,35.4015227042744],[-99.1243822049935,35.4000227042613],[-99.1258822050066,35.3985227042483],[-99.1273822050196,35.4000227042613],[-99.1258822050066,35.4015227042744]]]}},{"type":"Feature","properties":{"county":"Washita","legal":"17-11N-20W-IM","operator":"COTERRA ENERGY OPERATING CO","lease_name":"HANNAH ROY TRUST 17-11-20 2H","api_number":"3514921701","reservoir":"HOXBAR","first_production":"2014-08-01","last_production":"2026-02-01"},"geometry":{"type":"Polygon","coordinates":[[[-99.3378401765427,35.430358965918],[-99.3363401765297,35.428858965905],[-99.3378401765427,35.427358965892],[-99.3393401765558,35.428858965905],[-99.3378401765427,35.430358965918]]]}},{"type":"Feature","properties":{"county":"Washita","legal":"35-11N-18W-IM","operator":"BCE-MACH II LLC","lease_name":"SIMPSON 26-5","api_number":"3514921690","reservoir":"DES MOINES","first_production":"2014-06-01","last_production":"2026-02-01"},"geometry":{"type":"Polygon","coordinates":[[[-99.0727868220246,35.3870026043552],[-99.0712868220116,35.3855026043422],[-99.0727868220246,35.3840026043291],[-99.0742868220377,35.3855026043422],[-99.0727868220246,35.3870026043552]]]}},{"type":"Feature","properties":{"county":"Washita","legal":"24-11N-17W-IM","operator":"DIVERSIFIED PRODUCTION LLC","lease_name":"SNIDER 24-11-17 2H","api_number":"3514921697","reservoir":"DES MOINES GRANITE WASH","first_production":"2014-06-01","last_production":"2026-02-01"},"geometry":{"type":"Polygon","coordinates":[[[-98.9495347307326,35.4158695760714],[-98.9480347307196,35.4143695760583],[-98.9495347307326,35.4128695760453],[-98.9510347307457,35.4143695760583],[-98.9495347307326,35.4158695760714]]]}},{"type":"Feature","properties":{"county":"Washita","legal":"06-11N-17W-IM","operator":"DIVERSIFIED PRODUCTION LLC","lease_name":"AR 6-11-17 3H","api_number":"3514921694","reservoir":"DES MOINES","first_production":"2014-04-01","last_production":"2026-02-01"},"geometry":{"type":"Polygon","coordinates":[[[-99.0375660199362,35.4594273784],[-99.0360660199231,35.457927378387],[-99.0375660199362,35.4564273783739],[-99.0390660199492,35.457927378387],[-99.0375660199362,35.4594273784]]]}},{"type":"Feature","properties":{"county":"Washita","legal":"34-11N-17W-IM","operator":"DIVERSIFIED PRODUCTION LLC","lease_name":"TOWN OF BESSIE 34-11-17 2H","api_number":"3514921688","reservoir":"DES MOINES GRANITE WASH","first_production":"2014-01-01","last_production":"2026-02-01"},"geometry":{"type":"Polygon","coordinates":[[[-98.9849207303809,35.3868859092917],[-98.9834207303679,35.3853859092787],[-98.9849207303809,35.3838859092657],[-98.986420730394,35.3853859092787],[-98.9849207303809,35.3868859092917]]]}},{"type":"Feature","properties":{"county":"Washita","legal":"07-11N-18W-IM","operator":"DIVERSIFIED PRODUCTION LLC","lease_name":"SHELTON 7-11-18 4H","api_number":"3514921684","reservoir":"DES MOINES","first_production":"2013-11-01","last_production":"2026-02-01"},"geometry":{"type":"Polygon","coordinates":[[[-99.1437157497892,35.4450529154225],[-99.1422157497762,35.4435529154094],[-99.1437157497892,35.4420529153964],[-99.1452157498023,35.4435529154094],[-99.1437157497892,35.4450529154225]]]}},{"type":"Feature","properties":{"county":"Washita","legal":"27-11N-17W-IM","operator":"DIVERSIFIED PRODUCTION LLC","lease_name":"HAWKINS 27-11-17 1H","api_number":"3514921625","reservoir":"DES MOINES","first_production":"2013-09-01","last_production":"2026-02-01"},"geometry":{"type":"Polygon","coordinates":[[[-98.9849184295045,35.4013696608436],[-98.9834184294915,35.3998696608305],[-98.9849184295045,35.3983696608175],[-98.9864184295176,35.3998696608305],[-98.9849184295045,35.4013696608436]]]}},{"type":"Feature","properties":{"county":"Washita","legal":"28-11N-17W-IM","operator":"DIVERSIFIED PRODUCTION LLC","lease_name":"BOSE 28-11-17 1H","api_number":"3514921682","reservoir":"DES MOINES","first_production":"2013-09-01","last_production":"2026-02-01"},"geometry":{"type":"Polygon","coordinates":[[[-99.0025647297967,35.401400818766],[-99.0010647297836,35.3999008187529],[-99.0025647297967,35.3984008187399],[-99.0040647298097,35.3999008187529],[-99.0025647297967,35.401400818766]]]}},{"type":"Feature","properties":{"county":"Washita","legal":"29-11N-17W-IM","operator":"DIVERSIFIED PRODUCTION LLC","lease_name":"NIGHTENGALE 29-11-17 1H","api_number":"3514921680","reservoir":"DES MOINES","first_production":"2013-09-01","last_production":"2026-02-01"},"geometry":{"type":"Polygon","coordinates":[[[-99.020161673832,35.4014235018234],[-99.018661673819,35.3999235018104],[-99.020161673832,35.3984235017973],[-99.021661673845,35.3999235018104],[-99.020161673832,35.4014235018234]]]}},{"type":"Feature","properties":{"county":"Washita","legal":"20-11N-18W-IM","operator":"DIVERSIFIED PRODUCTION LLC","lease_name":"DD KARBER 20-11-18 1H","api_number":"3514921675","reservoir":"DES MOINES","first_production":"2013-07-01","last_production":"2026-02-01"},"geometry":{"type":"Polygon","coordinates":[[[-99.1259393648734,35.4160309657413],[-99.1244393648604,35.4145309657282],[-99.1259393648734,35.4130309657152],[-99.1274393648865,35.4145309657282],[-99.1259393648734,35.4160309657413]]]}},{"type":"Feature","properties":{"county":"Washita","legal":"04-11N-18W-IM","operator":"DIVERSIFIED PRODUCTION LLC","lease_name":"HARWELL TRUST 4-11-18 3H","api_number":"3514921663","reservoir":"DES MOINES GRANITE WASH","first_production":"2013-05-01","last_production":"2026-02-01"},"geometry":{"type":"Polygon","coordinates":[[[-99.1083566879159,35.4594254483646],[-99.1068566879029,35.4579254483515],[-99.1083566879159,35.4564254483385],[-99.109856687929,35.4579254483515],[-99.1083566879159,35.4594254483646]]]}},{"type":"Feature","properties":{"county":"Washita","legal":"04-11N-18W-IM","operator":"DIVERSIFIED PRODUCTION LLC","lease_name":"KENNETH 4-11-18 1H","api_number":"3503922410","reservoir":"DES MOINES GRANITE WASH","first_production":"2013-05-01","last_production":"2026-02-01"},"geometry":{"type":"Polygon","coordinates":[[[-99.1083566879159,35.4594254483646],[-99.1068566879029,35.4579254483515],[-99.1083566879159,35.4564254483385],[-99.109856687929,35.4579254483515],[-99.1083566879159,35.4594254483646]]]}},{"type":"Feature","properties":{"county":"Washita","legal":"13-11N-17W-IM","operator":"DIVERSIFIED PRODUCTION LLC","lease_name":"HULDA 13-11-17 1H","api_number":"3514921673","reservoir":"DES MOINES GRANITE WASH","first_production":"2013-04-01","last_production":"2026-02-01"},"geometry":{"type":"Polygon","coordinates":[[[-98.9494828157435,35.4303726155912],[-98.9479828157304,35.4288726155781],[-98.9494828157435,35.4273726155651],[-98.9509828157565,35.4288726155781],[-98.9494828157435,35.4303726155912]]]}},{"type":"Feature","properties":{"county":"Washita","legal":"25-11N-18W-IM","operator":"BCE-MACH II LLC","lease_name":"BULLITT 2-25H","api_number":"3514921674","reservoir":"DES MOINES","first_production":"2013-04-01","last_production":"2026-02-01"},"geometry":{"type":"Polygon","coordinates":[[[-99.0550869593259,35.4014491041747],[-99.0535869593128,35.3999491041617],[-99.0550869593259,35.3984491041486],[-99.0565869593389,35.3999491041617],[-99.0550869593259,35.4014491041747]]]}},{"type":"Feature","properties":{"county":"Washita","legal":"15-11N-16W-IM","operator":"DIVERSIFIED PRODUCTION LLC","lease_name":"STEWART 15-11-16 3H","api_number":"3514921669","reservoir":"DES MOINES","first_production":"2013-03-01","last_production":"2026-02-01"},"geometry":{"type":"Polygon","coordinates":[[[-98.8791661869924,35.4303565592609],[-98.8776661869794,35.4288565592479],[-98.8791661869924,35.4273565592348],[-98.8806661870055,35.4288565592479],[-98.8791661869924,35.4303565592609]]]}},{"type":"Feature","properties":{"county":"Washita","legal":"08-11N-18W-IM","operator":"DIVERSIFIED PRODUCTION LLC","lease_name":"DON 8-11-18 3H","api_number":"3514921665","reservoir":"DES MOINES GRANITE WASH","first_production":"2013-02-01","last_production":"2026-02-01"},"geometry":{"type":"Polygon","coordinates":[[[-99.1260845053777,35.4449954849639],[-99.1245845053646,35.4434954849508],[-99.1260845053777,35.4419954849378],[-99.1275845053907,35.4434954849508],[-99.1260845053777,35.4449954849639]]]}},{"type":"Feature","properties":{"county":"Washita","legal":"08-11N-18W-IM","operator":"DIVERSIFIED PRODUCTION LLC","lease_name":"MARTY 8-11-18 1H","api_number":"3514921664","reservoir":"DES MOINES GRANITE WASH","first_production":"2013-02-01","last_production":"2026-02-01"},"geometry":{"type":"Polygon","coordinates":[[[-99.1260845053777,35.4449954849639],[-99.1245845053646,35.4434954849508],[-99.1260845053777,35.4419954849378],[-99.1275845053907,35.4434954849508],[-99.1260845053777,35.4449954849639]]]}},{"type":"Feature","properties":{"county":"Washita","legal":"05-11N-18W-IM","operator":"DIVERSIFIED PRODUCTION LLC","lease_name":"NEIL 5-11-18 1H","api_number":"3514921662","reservoir":"DES MOINES","first_production":"2013-01-01","last_production":"2026-02-01"},"geometry":{"type":"Polygon","coordinates":[[[-99.1260505753737,35.4594598852985],[-99.1245505753607,35.4579598852854],[-99.1260505753737,35.4564598852724],[-99.1275505753867,35.4579598852854],[-99.1260505753737,35.4594598852985]]]}},{"type":"Feature","properties":{"county":"Washita","legal":"16-11N-20W-IM","operator":"PRESIDIO","lease_name":"AA GREEN TRUST 1-16H","api_number":"3514921666","reservoir":"DES MOINES UP","first_production":"2013-01-01","last_production":"2026-02-01"},"geometry":{"type":"Polygon","coordinates":[[[-99.3200757720877,35.4303834908911],[-99.3185757720747,35.428883490878],[-99.3200757720877,35.427383490865],[-99.3215757721008,35.428883490878],[-99.3200757720877,35.4303834908911]]]}},{"type":"Feature","properties":{"county":"Washita","legal":"24-11N-18W-IM","operator":"DIVERSIFIED PRODUCTION LLC","lease_name":"BOSE 24-11-18 2H","api_number":"3514921661","reservoir":"DES MOINES GRANITE WASH","first_production":"2012-12-01","last_production":"2026-02-01"},"geometry":{"type":"Polygon","coordinates":[[[-99.0550681756737,35.4160166551],[-99.0535681756607,35.414516655087],[-99.0550681756737,35.4130166550739],[-99.0565681756868,35.414516655087],[-99.0550681756737,35.4160166551]]]}},{"type":"Feature","properties":{"county":"Washita","legal":"24-11N-18W-IM","operator":"DIVERSIFIED PRODUCTION LLC","lease_name":"BOSE 24-11-18 1H","api_number":"3514921654","reservoir":"DES MOINES GRANITE WASH","first_production":"2012-12-01","last_production":"2026-02-01"},"geometry":{"type":"Polygon","coordinates":[[[-99.0550681756737,35.4160166551],[-99.0535681756607,35.414516655087],[-99.0550681756737,35.4130166550739],[-99.0565681756868,35.414516655087],[-99.0550681756737,35.4160166551]]]}},{"type":"Feature","properties":{"county":"Washita","legal":"16-11N-17W-IM","operator":"DIVERSIFIED PRODUCTION LLC","lease_name":"JOSHUA 16-11-17 2H","api_number":"3514921653","reservoir":"DES MOINES GRANITE WASH","first_production":"2012-11-01","last_production":"2026-02-01"},"geometry":{"type":"Polygon","coordinates":[[[-99.0025491563299,35.4304912908474],[-99.0010491563169,35.4289912908344],[-99.0025491563299,35.4274912908213],[-99.004049156343,35.4289912908344],[-99.0025491563299,35.4304912908474]]]}},{"type":"Feature","properties":{"county":"Washita","legal":"36-11N-18W-IM","operator":"BCE-MACH II LLC","lease_name":"SHARON 3-36H","api_number":"3514921660","reservoir":"DES MOINES","first_production":"2012-12-01","last_production":"2026-02-01"},"geometry":{"type":"Polygon","coordinates":[[[-99.0550800175889,35.3869528058427],[-99.0535800175758,35.3854528058297],[-99.0550800175889,35.3839528058167],[-99.0565800176019,35.3854528058297],[-99.0550800175889,35.3869528058427]]]}},{"type":"Feature","properties":{"county":"Washita","legal":"17-11N-17W-IM","operator":"DIVERSIFIED PRODUCTION LLC","lease_name":"ERVIN 17-11-17 4H","api_number":"3514921652","reservoir":"DES MOINES GRANITE WASH","first_production":"2012-10-01","last_production":"2026-02-01"},"geometry":{"type":"Polygon","coordinates":[[[-99.0201939462499,35.4305126953406],[-99.0186939462369,35.4290126953276],[-99.0201939462499,35.4275126953145],[-99.0216939462629,35.4290126953276],[-99.0201939462499,35.4305126953406]]]}},{"type":"Feature","properties":{"county":"Washita","legal":"02-11N-18W-IM","operator":"DIVERSIFIED PRODUCTION LLC","lease_name":"THOMPSON 2-11-18 3H","api_number":"3514921650","reservoir":"DES MOINES GRANITE WASH","first_production":"2012-10-01","last_production":"2026-02-01"},"geometry":{"type":"Polygon","coordinates":[[[-99.0727371678757,35.4594350277271],[-99.0712371678626,35.457935027714],[-99.0727371678757,35.456435027701],[-99.0742371678887,35.457935027714],[-99.0727371678757,35.4594350277271]]]}},{"type":"Feature","properties":{"county":"Washita","legal":"09-11N-17W-IM","operator":"DIVERSIFIED PRODUCTION LLC","lease_name":"RAINBOLT 9-11-17 2H","api_number":"3514921648","reservoir":"DES MOINES GRANITE WASH","first_production":"2012-09-01","last_production":"2026-02-01"},"geometry":{"type":"Polygon","coordinates":[[[-99.0025810360414,35.4450306528722],[-99.0010810360284,35.4435306528592],[-99.0025810360414,35.4420306528461],[-99.0040810360545,35.4435306528592],[-99.0025810360414,35.4450306528722]]]}},{"type":"Feature","properties":{"county":"Washita","legal":"15-11N-17W-IM","operator":"DIVERSIFIED PRODUCTION LLC","lease_name":"VIOLA 15-11-17 2H","api_number":"3514921601","reservoir":"DES MOINES GRANITE WASH","first_production":"2012-09-01","last_production":"2026-02-01"},"geometry":{"type":"Polygon","coordinates":[[[-98.9848474402721,35.4304945012412],[-98.9833474402591,35.4289945012282],[-98.9848474402721,35.4274945012151],[-98.9863474402851,35.4289945012282],[-98.9848474402721,35.4304945012412]]]}},{"type":"Feature","properties":{"county":"Washita","legal":"12-11N-18W-IM","operator":"DIVERSIFIED PRODUCTION LLC","lease_name":"ANNEMARIE 12-11-18 1H","api_number":"3514921646","reservoir":"DES MOINES GRANITE WASH","first_production":"2012-09-01","last_production":"2026-02-01"},"geometry":{"type":"Polygon","coordinates":[[[-99.0550388078642,35.4449703937028],[-99.0535388078511,35.4434703936897],[-99.0550388078642,35.4419703936767],[-99.0565388078772,35.4434703936897],[-99.0550388078642,35.4449703937028]]]}},{"type":"Feature","properties":{"county":"Washita","legal":"36-11N-18W-IM","operator":"BCE-MACH II LLC","lease_name":"JAVORSKY 2-36H","api_number":"3514921657","reservoir":"DES MOINES","first_production":"2012-10-01","last_production":"2026-02-01"},"geometry":{"type":"Polygon","coordinates":[[[-99.0550800175889,35.3869528058427],[-99.0535800175758,35.3854528058297],[-99.0550800175889,35.3839528058167],[-99.0565800176019,35.3854528058297],[-99.0550800175889,35.3869528058427]]]}},{"type":"Feature","properties":{"county":"Washita","legal":"10-11N-18W-IM","operator":"DIVERSIFIED PRODUCTION LLC","lease_name":"WALTON 10-11-18 3H","api_number":"3514921644","reservoir":"DES MOINES GRANITE WASH","first_production":"2012-08-01","last_production":"2026-02-01"},"geometry":{"type":"Polygon","coordinates":[[[-99.0905226509068,35.4450200398169],[-99.0890226508938,35.4435200398039],[-99.0905226509068,35.4420200397909],[-99.0920226509199,35.4435200398039],[-99.0905226509068,35.4450200398169]]]}},{"type":"Feature","properties":{"county":"Washita","legal":"10-11N-18W-IM","operator":"DIVERSIFIED PRODUCTION LLC","lease_name":"CARL WALTON 10-11-18 1H","api_number":"3514921643","reservoir":"DES MOINES GRANITE WASH","first_production":"2012-08-01","last_production":"2026-02-01"},"geometry":{"type":"Polygon","coordinates":[[[-99.0905226509068,35.4450200398169],[-99.0890226508938,35.4435200398039],[-99.0905226509068,35.4420200397909],[-99.0920226509199,35.4435200398039],[-99.0905226509068,35.4450200398169]]]}},{"type":"Feature","properties":{"county":"Washita","legal":"18-11N-18W-IM","operator":"DIVERSIFIED PRODUCTION LLC","lease_name":"IRA MURRAY 18-11-18 1H","api_number":"3514921642","reservoir":"DES MOINES GRANITE WASH","first_production":"2012-07-01","last_production":"2026-02-01"},"geometry":{"type":"Polygon","coordinates":[[[-99.1436845539091,35.430614581497],[-99.1421845538961,35.429114581484],[-99.1436845539091,35.427614581471],[-99.1451845539221,35.429114581484],[-99.1436845539091,35.430614581497]]]}},{"type":"Feature","properties":{"county":"Washita","legal":"02-11N-18W-IM","operator":"DIVERSIFIED PRODUCTION LLC","lease_name":"THOMPSON 2-11-18 2H","api_number":"3503922403","reservoir":"DES MOINES GRANITE WASH","first_production":"2012-09-01","last_production":"2026-02-01"},"geometry":{"type":"Polygon","coordinates":[[[-99.0727371678757,35.4594350277271],[-99.0712371678626,35.457935027714],[-99.0727371678757,35.456435027701],[-99.0742371678887,35.457935027714],[-99.0727371678757,35.4594350277271]]]}},{"type":"Feature","properties":{"county":"Washita","legal":"15-11N-16W-IM","operator":"DIVERSIFIED PRODUCTION LLC","lease_name":"SNIDER 15-11-16 1H","api_number":"3514921633","reservoir":"DES MOINES","first_production":"2012-07-01","last_production":"2026-02-01"},"geometry":{"type":"Polygon","coordinates":[[[-98.8791661869924,35.4303565592609],[-98.8776661869794,35.4288565592479],[-98.8791661869924,35.4273565592348],[-98.8806661870055,35.4288565592479],[-98.8791661869924,35.4303565592609]]]}},{"type":"Feature","properties":{"county":"Washita","legal":"17-11N-20W-IM","operator":"UNBRIDLED RESOURCES LLC","lease_name":"HANNAH-ROY TRUST 17-11-20 1H","api_number":"3514921641","reservoir":"HOXBAR","first_production":"2012-06-01","last_production":"2026-02-01"},"geometry":{"type":"Polygon","coordinates":[[[-99.3378401765427,35.430358965918],[-99.3363401765297,35.428858965905],[-99.3378401765427,35.427358965892],[-99.3393401765558,35.428858965905],[-99.3378401765427,35.430358965918]]]}},{"type":"Feature","properties":{"county":"Washita","legal":"15-11N-17W-IM","operator":"DIVERSIFIED PRODUCTION LLC","lease_name":"AGNES 15-11-17 2H","api_number":"3514921638","reservoir":"DES MOINES GRANITE WASH","first_production":"2012-06-01","last_production":"2026-02-01"},"geometry":{"type":"Polygon","coordinates":[[[-98.9848474402721,35.4304945012412],[-98.9833474402591,35.4289945012282],[-98.9848474402721,35.4274945012151],[-98.9863474402851,35.4289945012282],[-98.9848474402721,35.4304945012412]]]}},{"type":"Feature","properties":{"county":"Washita","legal":"11-11N-18W-IM","operator":"DIVERSIFIED PRODUCTION LLC","lease_name":"MUSICK FARMS 11-11-18 4H","api_number":"3514921632","reservoir":"DES MOINES GRANITE WASH","first_production":"2012-05-01","last_production":"2026-02-01"},"geometry":{"type":"Polygon","coordinates":[[[-99.0726854532033,35.4449786093516],[-99.0711854531903,35.4434786093386],[-99.0726854532033,35.4419786093255],[-99.0741854532164,35.4434786093386],[-99.0726854532033,35.4449786093516]]]}},{"type":"Feature","properties":{"county":"Washita","legal":"12-11N-18W-IM","operator":"DIVERSIFIED PRODUCTION LLC","lease_name":"GENELL 12-11-18 1H","api_number":"3514921636","reservoir":"DES MOINES GRANITE WASH","first_production":"2012-05-01","last_production":"2026-02-01"},"geometry":{"type":"Polygon","coordinates":[[[-99.0550388078642,35.4449703937028],[-99.0535388078511,35.4434703936897],[-99.0550388078642,35.4419703936767],[-99.0565388078772,35.4434703936897],[-99.0550388078642,35.4449703937028]]]}},{"type":"Feature","properties":{"county":"Washita","legal":"13-11N-18W-IM","operator":"DIVERSIFIED PRODUCTION LLC","lease_name":"EDWARD 13-11-18 2H","api_number":"3514921637","reservoir":"DES MOINES GRANITE WASH","first_production":"2012-05-01","last_production":"2026-02-01"},"geometry":{"type":"Polygon","coordinates":[[[-99.0550367700289,35.4305257219333],[-99.0535367700158,35.4290257219203],[-99.0550367700289,35.4275257219072],[-99.0565367700419,35.4290257219203],[-99.0550367700289,35.4305257219333]]]}},{"type":"Feature","properties":{"county":"Washita","legal":"15-11N-18W-IM","operator":"DIVERSIFIED PRODUCTION LLC","lease_name":"JUDY 15-11-18 2H","api_number":"3514921639","reservoir":"DES MOINES GRANITE WASH","first_production":"2012-05-01","last_production":"2026-02-01"},"geometry":{"type":"Polygon","coordinates":[[[-99.0904821213956,35.4305247230013],[-99.0889821213826,35.4290247229883],[-99.0904821213956,35.4275247229753],[-99.0919821214087,35.4290247229883],[-99.0904821213956,35.4305247230013]]]}},{"type":"Feature","properties":{"county":"Washita","legal":"09-11N-18W-IM","operator":"DIVERSIFIED PRODUCTION LLC","lease_name":"OGLE 9-11-18 2H","api_number":"3514921629","reservoir":"DES MOINES GRANITE WASH","first_production":"2012-04-01","last_production":"2026-02-01"},"geometry":{"type":"Polygon","coordinates":[[[-99.1083741900613,35.4449754447899],[-99.1068741900483,35.4434754447769],[-99.1083741900613,35.4419754447638],[-99.1098741900744,35.4434754447769],[-99.1083741900613,35.4449754447899]]]}},{"type":"Feature","properties":{"county":"Washita","legal":"09-11N-18W-IM","operator":"DIVERSIFIED PRODUCTION LLC","lease_name":"LUCILLE WALTON 9-11-18 3H","api_number":"3514921613","reservoir":"DES MOINES GRANITE WASH","first_production":"2012-04-01","last_production":"2026-02-01"},"geometry":{"type":"Polygon","coordinates":[[[-99.1083741900613,35.4449754447899],[-99.1068741900483,35.4434754447769],[-99.1083741900613,35.4419754447638],[-99.1098741900744,35.4434754447769],[-99.1083741900613,35.4449754447899]]]}},{"type":"Feature","properties":{"county":"Washita","legal":"14-11N-18W-IM","operator":"CANVAS ENERGY LLC","lease_name":"GUNTER 4H-14","api_number":"3514921630","reservoir":"DES MOINES GRANITE WASH","first_production":"2012-05-01","last_production":"2026-02-01"},"geometry":{"type":"Polygon","coordinates":[[[-99.0727081472831,35.430557991833],[-99.07120814727,35.42905799182],[-99.0727081472831,35.427557991807],[-99.0742081472961,35.42905799182],[-99.0727081472831,35.430557991833]]]}},{"type":"Feature","properties":{"county":"Washita","legal":"25-11N-18W-IM","operator":"BCE-MACH II LLC","lease_name":"OSU 2-25H","api_number":"3514921634","reservoir":"DES MOINES","first_production":"2012-04-01","last_production":"2026-02-01"},"geometry":{"type":"Polygon","coordinates":[[[-99.0550869593259,35.4014491041747],[-99.0535869593128,35.3999491041617],[-99.0550869593259,35.3984491041486],[-99.0565869593389,35.3999491041617],[-99.0550869593259,35.4014491041747]]]}},{"type":"Feature","properties":{"county":"Washita","legal":"11-11N-16W-IM","operator":"UNBRIDLED RESOURCES LLC","lease_name":"ELIZABETH 11-11-16 1H","api_number":"3514921621","reservoir":"DES MOINES","first_production":"2012-03-01","last_production":"2026-02-01"},"geometry":{"type":"Polygon","coordinates":[[[-98.8614325250242,35.4449146400355],[-98.8599325250111,35.4434146400225],[-98.8614325250242,35.4419146400095],[-98.8629325250372,35.4434146400225],[-98.8614325250242,35.4449146400355]]]}},{"type":"Feature","properties":{"county":"Washita","legal":"23-11N-17W-IM","operator":"DIVERSIFIED PRODUCTION LLC","lease_name":"RICHERT FARMS 23-11-17 1H","api_number":"3514921615","reservoir":"DES MOINES GRANITE WASH","first_production":"2012-01-01","last_production":"2026-02-01"},"geometry":{"type":"Polygon","coordinates":[[[-98.9672438111686,35.4159160625086],[-98.9657438111555,35.4144160624956],[-98.9672438111686,35.4129160624826],[-98.9687438111816,35.4144160624956],[-98.9672438111686,35.4159160625086]]]}},{"type":"Feature","properties":{"county":"Washita","legal":"13-11N-18W-IM","operator":"DIVERSIFIED PRODUCTION LLC","lease_name":"WISE 13-11-18 2H","api_number":"3514921616","reservoir":"DES MOINES GRANITE WASH","first_production":"2012-01-01","last_production":"2026-02-01"},"geometry":{"type":"Polygon","coordinates":[[[-99.0550367700289,35.4305257219333],[-99.0535367700158,35.4290257219203],[-99.0550367700289,35.4275257219072],[-99.0565367700419,35.4290257219203],[-99.0550367700289,35.4305257219333]]]}},{"type":"Feature","properties":{"county":"Washita","legal":"18-11N-17W-IM","operator":"DIVERSIFIED PRODUCTION LLC","lease_name":"PETERS 18-11-17 3H","api_number":"3514921611","reservoir":"DES MOINES GRANITE WASH","first_production":"2011-01-01","last_production":"2026-02-01"},"geometry":{"type":"Polygon","coordinates":[[[-99.0375940445274,35.4305055216075],[-99.0360940445143,35.4290055215945],[-99.0375940445274,35.4275055215815],[-99.0390940445404,35.4290055215945],[-99.0375940445274,35.4305055216075]]]}},{"type":"Feature","properties":{"county":"Washita","legal":"18-11N-17W-IM","operator":"DIVERSIFIED PRODUCTION LLC","lease_name":"PETERS 18-11-17 1H","api_number":"3514921612","reservoir":"DES MOINES GRANITE WASH","first_production":"2012-01-01","last_production":"2026-02-01"},"geometry":{"type":"Polygon","coordinates":[[[-99.0375940445274,35.4305055216075],[-99.0360940445143,35.4290055215945],[-99.0375940445274,35.4275055215815],[-99.0390940445404,35.4290055215945],[-99.0375940445274,35.4305055216075]]]}},{"type":"Feature","properties":{"county":"Washita","legal":"18-11N-17W-IM","operator":"DIVERSIFIED PRODUCTION LLC","lease_name":"PETERS 18-11-17 2H","api_number":"3514921609","reservoir":"DES MOINES GRANITE WASH","first_production":"2012-01-01","last_production":"2026-02-01"},"geometry":{"type":"Polygon","coordinates":[[[-99.0375940445274,35.4305055216075],[-99.0360940445143,35.4290055215945],[-99.0375940445274,35.4275055215815],[-99.0390940445404,35.4290055215945],[-99.0375940445274,35.4305055216075]]]}},{"type":"Feature","properties":{"county":"Washita","legal":"29-11N-17W-IM","operator":"DIVERSIFIED PRODUCTION LLC","lease_name":"MAMIE 29-11-17 1H","api_number":"3514921610","reservoir":"DES MOINES","first_production":"2011-11-01","last_production":"2026-02-01"},"geometry":{"type":"Polygon","coordinates":[[[-99.020161673832,35.4014235018234],[-99.018661673819,35.3999235018104],[-99.020161673832,35.3984235017973],[-99.021661673845,35.3999235018104],[-99.020161673832,35.4014235018234]]]}},{"type":"Feature","properties":{"county":"Washita","legal":"12-11N-19W-IM","operator":"DIVERSIFIED PRODUCTION LLC","lease_name":"STELLA 12-11-19 1H","api_number":"3514921602","reservoir":"DES MOINES","first_production":"2011-10-01","last_production":"2026-02-01"},"geometry":{"type":"Polygon","coordinates":[[[-99.1613914260204,35.4450305809876],[-99.1598914260073,35.4435305809745],[-99.1613914260204,35.4420305809615],[-99.1628914260334,35.4435305809745],[-99.1613914260204,35.4450305809876]]]}},{"type":"Feature","properties":{"county":"Washita","legal":"09-11N-16W-IM","operator":"DIVERSIFIED PRODUCTION LLC","lease_name":"HINZ USA 1-9H","api_number":"3514921586","reservoir":"DES MOINES","first_production":"2011-10-01","last_production":"2026-02-01"},"geometry":{"type":"Polygon","coordinates":[[[-98.8968874541321,35.444800745161],[-98.8953874541191,35.443300745148],[-98.8968874541321,35.4418007451349],[-98.8983874541452,35.443300745148],[-98.8968874541321,35.444800745161]]]}},{"type":"Feature","properties":{"county":"Washita","legal":"10-11N-17W-IM","operator":"DIVERSIFIED PRODUCTION LLC","lease_name":"SANDERS 2-10H","api_number":"3514921557","reservoir":"DES MOINES GRANITE WASH","first_production":"2011-10-01","last_production":"2026-02-01"},"geometry":{"type":"Polygon","coordinates":[[[-98.9848257116489,35.4449871786675],[-98.9833257116359,35.4434871786545],[-98.9848257116489,35.4419871786415],[-98.9863257116619,35.4434871786545],[-98.9848257116489,35.4449871786675]]]}},{"type":"Feature","properties":{"county":"Washita","legal":"14-11N-16W-IM","operator":"UNBRIDLED RESOURCES LLC","lease_name":"HARMS 14-11-16 1H","api_number":"3514921588","reservoir":"DES MOINES","first_production":"2011-09-01","last_production":"2026-02-01"},"geometry":{"type":"Polygon","coordinates":[[[-98.8613870371195,35.4304857173268],[-98.8598870371064,35.4289857173138],[-98.8613870371195,35.4274857173007],[-98.8628870371325,35.4289857173138],[-98.8613870371195,35.4304857173268]]]}},{"type":"Feature","properties":{"county":"Washita","legal":"13-11N-18W-IM","operator":"DIVERSIFIED PRODUCTION LLC","lease_name":"EDWARD 13-11-18 1H","api_number":"3514921595","reservoir":"DES MOINES GRANITE WASH","first_production":"2011-08-01","last_production":"2026-02-01"},"geometry":{"type":"Polygon","coordinates":[[[-99.0550367700289,35.4305257219333],[-99.0535367700158,35.4290257219203],[-99.0550367700289,35.4275257219072],[-99.0565367700419,35.4290257219203],[-99.0550367700289,35.4305257219333]]]}},{"type":"Feature","properties":{"county":"Washita","legal":"17-11N-16W-IM","operator":"BCE-MACH II LLC","lease_name":"ROXANNE 4-17H","api_number":"3514921508;3514921580","reservoir":"DES MOINES","first_production":"2011-07-01","last_production":"2026-02-01"},"geometry":{"type":"Polygon","coordinates":[[[-98.9145529473348,35.4303311285272],[-98.9130529473218,35.4288311285141],[-98.9145529473348,35.4273311285011],[-98.9160529473479,35.4288311285141],[-98.9145529473348,35.4303311285272]]]}},{"type":"Feature","properties":{"county":"Washita","legal":"17-11N-16W-IM","operator":"BCE-MACH II LLC","lease_name":"ROXANNE 3-17H","api_number":"3514921480","reservoir":"DES MOINES","first_production":"2011-07-01","last_production":"2026-02-01"},"geometry":{"type":"Polygon","coordinates":[[[-98.9145529473348,35.4303311285272],[-98.9130529473218,35.4288311285141],[-98.9145529473348,35.4273311285011],[-98.9160529473479,35.4288311285141],[-98.9145529473348,35.4303311285272]]]}},{"type":"Feature","properties":{"county":"Washita","legal":"23-11N-19W-IM","operator":"PRESIDIO","lease_name":"HOSTETTER 1-23H","api_number":"3514921449","reservoir":"DES MOINES","first_production":"2009-09-01","last_production":"2026-02-01"},"geometry":{"type":"Polygon","coordinates":[[[-99.1790104783293,35.415977432215],[-99.1775104783162,35.4144774322019],[-99.1790104783293,35.4129774321889],[-99.1805104783423,35.4144774322019],[-99.1790104783293,35.415977432215]]]}},{"type":"Feature","properties":{"county":"Washita","legal":"23-11N-19W-IM","operator":"PRESIDIO","lease_name":"SASSEEN 1-23H","api_number":"3514921475","reservoir":"DES MOINES","first_production":"2010-06-01","last_production":"2026-02-01"},"geometry":{"type":"Polygon","coordinates":[[[-99.1790104783293,35.415977432215],[-99.1775104783162,35.4144774322019],[-99.1790104783293,35.4129774321889],[-99.1805104783423,35.4144774322019],[-99.1790104783293,35.415977432215]]]}},{"type":"Feature","properties":{"county":"Washita","legal":"02-11N-17W-IM","operator":"MITO RESCOURCES LLC","lease_name":"MOSER 2-2H","api_number":"3514921575","reservoir":"DES MOINES GRANITE WASH","first_production":"2011-05-01","last_production":"2026-02-01"},"geometry":{"type":"Polygon","coordinates":[[[-98.967123232569,35.4593537165564],[-98.965623232556,35.4578537165434],[-98.967123232569,35.4563537165303],[-98.968623232582,35.4578537165434],[-98.967123232569,35.4593537165564]]]}},{"type":"Feature","properties":{"county":"Washita","legal":"09-11N-16W-IM","operator":"MITO RESCOURCES LLC","lease_name":"SEGER USA 1-9H","api_number":"3514921570","reservoir":"DES MOINES","first_production":"2011-05-01","last_production":"2026-02-01"},"geometry":{"type":"Polygon","coordinates":[[[-98.8968874541321,35.444800745161],[-98.8953874541191,35.443300745148],[-98.8968874541321,35.4418007451349],[-98.8983874541452,35.443300745148],[-98.8968874541321,35.444800745161]]]}},{"type":"Feature","properties":{"county":"Washita","legal":"21-11N-19W-IM","operator":"PRESIDIO","lease_name":"SPEARS 2-21H","api_number":"3514921584","reservoir":"DES MOINES","first_production":"2011-06-01","last_production":"2026-02-01"},"geometry":{"type":"Polygon","coordinates":[[[-99.2143748361079,35.4162084752438],[-99.2128748360948,35.4147084752307],[-99.2143748361079,35.4132084752177],[-99.2158748361209,35.4147084752307],[-99.2143748361079,35.4162084752438]]]}},{"type":"Feature","properties":{"county":"Washita","legal":"08-11N-17W-IM","operator":"UNBRIDLED RESOURCES LLC","lease_name":"SANDERS 2-8H","api_number":"3514921572","reservoir":"DES MOINES GANITE WASH","first_production":"2011-04-01","last_production":"2026-02-01"},"geometry":{"type":"Polygon","coordinates":[[[-99.0201830463913,35.4450575429298],[-99.0186830463782,35.4435575429167],[-99.0201830463913,35.4420575429037],[-99.0216830464043,35.4435575429167],[-99.0201830463913,35.4450575429298]]]}},{"type":"Feature","properties":{"county":"Washita","legal":"14-11N-18W-IM","operator":"CANVAS ENERGY LLC","lease_name":"GUNTER 3-14H","api_number":"3514921552","reservoir":"DE MOINES GRANITE WASH","first_production":"2011-03-01","last_production":"2026-02-01"},"geometry":{"type":"Polygon","coordinates":[[[-99.0727081472831,35.430557991833],[-99.07120814727,35.42905799182],[-99.0727081472831,35.427557991807],[-99.0742081472961,35.42905799182],[-99.0727081472831,35.430557991833]]]}},{"type":"Feature","properties":{"county":"Washita","legal":"07-11N-17W-IM","operator":"UNBRIDLED RESOURCES LLC","lease_name":"LOWRY 1-7H","api_number":"3514921554","reservoir":"DES MOINES GRANITE WASH","first_production":"2011-03-01","last_production":"2026-02-01"},"geometry":{"type":"Polygon","coordinates":[[[-99.037608299172,35.4449817959623],[-99.036108299159,35.4434817959493],[-99.037608299172,35.4419817959362],[-99.0391082991851,35.4434817959493],[-99.037608299172,35.4449817959623]]]}},{"type":"Feature","properties":{"county":"Washita","legal":"08-11N-20W-IM","operator":"PRESIDIO","lease_name":"SHELTON 3-8H","api_number":"3514921567","reservoir":"HOXBAR","first_production":"2011-04-01","last_production":"2026-02-01"},"geometry":{"type":"Polygon","coordinates":[[[-99.3378302528525,35.4448028527145],[-99.3363302528394,35.4433028527015],[-99.3378302528525,35.4418028526884],[-99.3393302528655,35.4433028527015],[-99.3378302528525,35.4448028527145]]]}},{"type":"Feature","properties":{"county":"Washita","legal":"05-11N-20W-IM","operator":"PRESIDIO","lease_name":"GREGORY PROPERTIES 1-5H","api_number":"3514921568","reservoir":"HOXBAR","first_production":"2011-03-01","last_production":"2026-02-01"},"geometry":{"type":"Polygon","coordinates":[[[-99.3378010788453,35.4593070082202],[-99.3363010788323,35.4578070082071],[-99.3378010788453,35.4563070081941],[-99.3393010788583,35.4578070082071],[-99.3378010788453,35.4593070082202]]]}},{"type":"Feature","properties":{"county":"Washita","legal":"03-11N-17W-IM","operator":"MITO RESCOURCES LLC","lease_name":"CLINTON 3-3H","api_number":"3514921573","reservoir":"DES MOINES GRANITE WASH","first_production":"2011-03-01","last_production":"2026-02-01"},"geometry":{"type":"Polygon","coordinates":[[[-98.9847567673329,35.4594295287116],[-98.9832567673199,35.4579295286985],[-98.9847567673329,35.4564295286855],[-98.9862567673459,35.4579295286985],[-98.9847567673329,35.4594295287116]]]}},{"type":"Feature","properties":{"county":"Washita","legal":"21-11N-20W-IM","operator":"UNBRIDLED RESOURCES LLC","lease_name":"MELBA 1-21H","api_number":"3514921558","reservoir":"DES MOINES","first_production":"2011-02-01","last_production":"2026-02-01"},"geometry":{"type":"Polygon","coordinates":[[[-99.3200855714917,35.4158870850205],[-99.3185855714787,35.4143870850075],[-99.3200855714917,35.4128870849944],[-99.3215855715048,35.4143870850075],[-99.3200855714917,35.4158870850205]]]}},{"type":"Feature","properties":{"county":"Washita","legal":"06-11N-20W-IM","operator":"UNBRIDLED RESOURCES LLC","lease_name":"MCCONNELL 1-6H","api_number":"3514921543","reservoir":"HOXBAR","first_production":"2011-01-01","last_production":"2026-02-01"},"geometry":{"type":"Polygon","coordinates":[[[-99.3553270134934,35.4592466314001],[-99.3538270134804,35.4577466313871],[-99.3553270134934,35.456246631374],[-99.3568270135064,35.4577466313871],[-99.3553270134934,35.4592466314001]]]}},{"type":"Feature","properties":{"county":"Washita","legal":"34-11N-19W-IM","operator":"PRESIDIO","lease_name":"GUTHRIE 4-34H","api_number":"3514921555","reservoir":"DES MOINES","first_production":"2011-02-01","last_production":"2026-02-01"},"geometry":{"type":"Polygon","coordinates":[[[-99.1966583690099,35.3871227359706],[-99.1951583689968,35.3856227359576],[-99.1966583690099,35.3841227359445],[-99.1981583690229,35.3856227359576],[-99.1966583690099,35.3871227359706]]]}},{"type":"Feature","properties":{"county":"Washita","legal":"06-11N-16W-IM","operator":"MITO RESCOURCES LLC","lease_name":"KS MCGURK 3-6H","api_number":"3514921488","reservoir":"SKINNER","first_production":"2011-01-01","last_production":"2026-02-01"},"geometry":{"type":"Polygon","coordinates":[[[-98.9320760253101,35.4592919978051],[-98.930576025297,35.457791997792],[-98.9320760253101,35.456291997779],[-98.9335760253231,35.457791997792],[-98.9320760253101,35.4592919978051]]]}},{"type":"Feature","properties":{"county":"Washita","legal":"01-11N-17W-IM","operator":"MITO RESCOURCES LLC","lease_name":"BOATSMAN 1-1H","api_number":"3514921477;3514921534","reservoir":"SKINNER","first_production":"2011-01-01","last_production":"2026-02-01"},"geometry":{"type":"Polygon","coordinates":[[[-98.949555886072,35.4592816096297],[-98.9480558860589,35.4577816096167],[-98.949555886072,35.4562816096036],[-98.951055886085,35.4577816096167],[-98.949555886072,35.4592816096297]]]}},{"type":"Feature","properties":{"county":"Washita","legal":"19-11N-20W-IM","operator":"UNBRIDLED RESOURCES LLC","lease_name":"NRT 1-19H","api_number":"3514921538","reservoir":"DES MOINES","first_production":"2010-12-01","last_production":"2026-02-01"},"geometry":{"type":"Polygon","coordinates":[[[-99.3553790787107,35.4158317681391],[-99.3538790786976,35.414331768126],[-99.3553790787107,35.412831768113],[-99.3568790787237,35.414331768126],[-99.3553790787107,35.4158317681391]]]}},{"type":"Feature","properties":{"county":"Washita","legal":"34-11N-17W-IM","operator":"DIVERSIFIED PRODUCTION LLC","lease_name":"TOWN OF BESSIE 1-34H","api_number":"3514921522","reservoir":"DES MOINES, GRANITE WASH","first_production":"2010-10-01","last_production":"2026-02-01"},"geometry":{"type":"Polygon","coordinates":[[[-98.9849207303809,35.3868859092917],[-98.9834207303679,35.3853859092787],[-98.9849207303809,35.3838859092657],[-98.986420730394,35.3853859092787],[-98.9849207303809,35.3868859092917]]]}},{"type":"Feature","properties":{"county":"Washita","legal":"10-11N-17W-IM","operator":"DIVERSIFIED PRODUCTION LLC","lease_name":"SANDERS 1-10H","api_number":"3514921505","reservoir":"DES MOINES GRANITE WASH","first_production":"2010-10-01","last_production":"2026-02-01"},"geometry":{"type":"Polygon","coordinates":[[[-98.9848257116489,35.4449871786675],[-98.9833257116359,35.4434871786545],[-98.9848257116489,35.4419871786415],[-98.9863257116619,35.4434871786545],[-98.9848257116489,35.4449871786675]]]}},{"type":"Feature","properties":{"county":"Washita","legal":"05-11N-16W-IM","operator":"MITO RESCOURCES LLC","lease_name":"J REINSCHMIEDT 3-5H","api_number":"3514921518","reservoir":"DES MOINES","first_production":"2010-10-01","last_production":"2026-02-01"},"geometry":{"type":"Polygon","coordinates":[[[-98.9146756783788,35.4592695310624],[-98.9131756783657,35.4577695310494],[-98.9146756783788,35.4562695310363],[-98.9161756783918,35.4577695310494],[-98.9146756783788,35.4592695310624]]]}},{"type":"Feature","properties":{"county":"Washita","legal":"16-11N-20W-IM","operator":"PRESIDIO","lease_name":"HAGER 1-16H","api_number":"3514921507","reservoir":"DES MOINES UPPER","first_production":"2010-09-01","last_production":"2026-02-01"},"geometry":{"type":"Polygon","coordinates":[[[-99.3200757720877,35.4303834908911],[-99.3185757720747,35.428883490878],[-99.3200757720877,35.427383490865],[-99.3215757721008,35.428883490878],[-99.3200757720877,35.4303834908911]]]}},{"type":"Feature","properties":{"county":"Washita","legal":"05-11N-20W-IM","operator":"PRESIDIO","lease_name":"EDLER 1-5H","api_number":"3514921516","reservoir":"HOGSHOOTER WASH","first_production":"2010-08-01","last_production":"2026-02-01"},"geometry":{"type":"Polygon","coordinates":[[[-99.3378010788453,35.4593070082202],[-99.3363010788323,35.4578070082071],[-99.3378010788453,35.4563070081941],[-99.3393010788583,35.4578070082071],[-99.3378010788453,35.4593070082202]]]}},{"type":"Feature","properties":{"county":"Washita","legal":"12-11N-18W-IM","operator":"DIVERSIFIED PRODUCTION LLC","lease_name":"BOESE 1-12H","api_number":"3514921506","reservoir":"DES MOINES GRANITE WASH","first_production":"2010-08-01","last_production":"2026-02-01"},"geometry":{"type":"Polygon","coordinates":[[[-99.0550388078642,35.4449703937028],[-99.0535388078511,35.4434703936897],[-99.0550388078642,35.4419703936767],[-99.0565388078772,35.4434703936897],[-99.0550388078642,35.4449703937028]]]}},{"type":"Feature","properties":{"county":"Washita","legal":"04-11N-17W-IM","operator":"MITO RESCOURCES LLC","lease_name":"PROPHET 3-4H","api_number":"3514921513","reservoir":"DES MOINES GRANITE WASH","first_production":"2010-08-01","last_production":"2026-02-01"},"geometry":{"type":"Polygon","coordinates":[[[-99.0024699189415,35.4594878927625],[-99.0009699189284,35.4579878927495],[-99.0024699189415,35.4564878927364],[-99.0039699189545,35.4579878927495],[-99.0024699189415,35.4594878927625]]]}},{"type":"Feature","properties":{"county":"Washita","legal":"20-11N-19W-IM","operator":"PRESIDIO","lease_name":"EDLER 3-20H","api_number":"3514921511","reservoir":"DES MOINES","first_production":"2010-09-01","last_production":"2026-02-01"},"geometry":{"type":"Polygon","coordinates":[[[-99.2320712175465,35.416195570144],[-99.2305712175335,35.4146955701309],[-99.2320712175465,35.4131955701179],[-99.2335712175595,35.4146955701309],[-99.2320712175465,35.416195570144]]]}},{"type":"Feature","properties":{"county":"Washita","legal":"22-11N-19W-IM","operator":"DIVERSIFIED PRODUCTION LLC","lease_name":"FINNELL 1-22H","api_number":"3514921500","reservoir":"DES MOINES","first_production":"2010-07-01","last_production":"2026-02-01"},"geometry":{"type":"Polygon","coordinates":[[[-99.1966570776631,35.4161212247367],[-99.1951570776501,35.4146212247237],[-99.1966570776631,35.4131212247107],[-99.1981570776762,35.4146212247237],[-99.1966570776631,35.4161212247367]]]}},{"type":"Feature","properties":{"county":"Washita","legal":"18-11N-20W-IM","operator":"UNBRIDLED RESOURCES LLC","lease_name":"LOFTISS 1-18H","api_number":"3514921489","reservoir":"UPPER DES MOINES","first_production":"2010-07-01","last_production":"2026-02-01"},"geometry":{"type":"Polygon","coordinates":[[[-99.3553787371426,35.4303411635687],[-99.3538787371295,35.4288411635557],[-99.3553787371426,35.4273411635426],[-99.3568787371556,35.4288411635557],[-99.3553787371426,35.4303411635687]]]}},{"type":"Feature","properties":{"county":"Washita","legal":"05-11N-20W-IM","operator":"PRESIDIO","lease_name":"MCREE 1-5H","api_number":"3514921490","reservoir":"DES MOINES UP","first_production":"2010-07-01","last_production":"2026-02-01"},"geometry":{"type":"Polygon","coordinates":[[[-99.3378010788453,35.4593070082202],[-99.3363010788323,35.4578070082071],[-99.3378010788453,35.4563070081941],[-99.3393010788583,35.4578070082071],[-99.3378010788453,35.4593070082202]]]}},{"type":"Feature","properties":{"county":"Washita","legal":"06-11N-16W-IM","operator":"MITO RESCOURCES LLC","lease_name":"DEBRA JEAN 2-6H","api_number":"3514921494","reservoir":"SKINNER","first_production":"2010-05-01","last_production":"2026-02-01"},"geometry":{"type":"Polygon","coordinates":[[[-98.9320760253101,35.4592919978051],[-98.930576025297,35.457791997792],[-98.9320760253101,35.456291997779],[-98.9335760253231,35.457791997792],[-98.9320760253101,35.4592919978051]]]}},{"type":"Feature","properties":{"county":"Washita","legal":"24-11N-20W-IM","operator":"UNBRIDLED RESOURCES LLC","lease_name":"WYOMA 2-24H","api_number":"3514921471","reservoir":"UPPER DES MOINES","first_production":"2010-04-01","last_production":"2026-02-01"},"geometry":{"type":"Polygon","coordinates":[[[-99.2668922980604,35.4161600351753],[-99.2653922980474,35.4146600351623],[-99.2668922980604,35.4131600351492],[-99.2683922980734,35.4146600351623],[-99.2668922980604,35.4161600351753]]]}},{"type":"Feature","properties":{"county":"Washita","legal":"01-11N-17W-IM","operator":"MITO RESCOURCES LLC","lease_name":"BEHNKE 1-1H","api_number":"3514921424","reservoir":"SKINNER","first_production":"2010-02-01","last_production":"2026-02-01"},"geometry":{"type":"Polygon","coordinates":[[[-98.949555886072,35.4592816096297],[-98.9480558860589,35.4577816096167],[-98.949555886072,35.4562816096036],[-98.951055886085,35.4577816096167],[-98.949555886072,35.4592816096297]]]}},{"type":"Feature","properties":{"county":"Washita","legal":"05-11N-16W-IM","operator":"MITO RESCOURCES LLC","lease_name":"SNIDER 1-5H","api_number":"3514921464","reservoir":"DES MOINES","first_production":"2010-03-01","last_production":"2026-02-01"},"geometry":{"type":"Polygon","coordinates":[[[-98.9146756783788,35.4592695310624],[-98.9131756783657,35.4577695310494],[-98.9146756783788,35.4562695310363],[-98.9161756783918,35.4577695310494],[-98.9146756783788,35.4592695310624]]]}},{"type":"Feature","properties":{"county":"Washita","legal":"06-11N-16W-IM","operator":"MITO RESCOURCES LLC","lease_name":"KS MCGURK 2-6H","api_number":"3514921463","reservoir":"SKINNER","first_production":"2010-02-01","last_production":"2026-02-01"},"geometry":{"type":"Polygon","coordinates":[[[-98.9320760253101,35.4592919978051],[-98.930576025297,35.457791997792],[-98.9320760253101,35.456291997779],[-98.9335760253231,35.457791997792],[-98.9320760253101,35.4592919978051]]]}},{"type":"Feature","properties":{"county":"Washita","legal":"21-11N-16W-IM","operator":"DIVERSIFIED PRODUCTION LLC","lease_name":"GENEVA 1-21H","api_number":"3514921455","reservoir":"DES MOINES","first_production":"2009-11-01","last_production":"2026-02-01"},"geometry":{"type":"Polygon","coordinates":[[[-98.896752066687,35.4158339435072],[-98.8952520666739,35.4143339434942],[-98.896752066687,35.4128339434811],[-98.8982520667,35.4143339434942],[-98.896752066687,35.4158339435072]]]}},{"type":"Feature","properties":{"county":"Washita","legal":"17-11N-16W-IM","operator":"BCE-MACH II LLC","lease_name":"ROXANNE 2-17H","api_number":"3514921451","reservoir":"DES MOINES","first_production":"2009-10-01","last_production":"2026-02-01"},"geometry":{"type":"Polygon","coordinates":[[[-98.9145529473348,35.4303311285272],[-98.9130529473218,35.4288311285141],[-98.9145529473348,35.4273311285011],[-98.9160529473479,35.4288311285141],[-98.9145529473348,35.4303311285272]]]}},{"type":"Feature","properties":{"county":"Washita","legal":"30-11N-17W-IM","operator":"DIVERSIFIED PRODUCTION LLC","lease_name":"BETTY JO 1-30H","api_number":"3514921448","reservoir":"DES MOINES","first_production":"2009-10-01","last_production":"2026-02-01"},"geometry":{"type":"Polygon","coordinates":[[[-99.037590797908,35.4014300405532],[-99.0360907978949,35.3999300405401],[-99.037590797908,35.3984300405271],[-99.039090797921,35.3999300405401],[-99.037590797908,35.4014300405532]]]}},{"type":"Feature","properties":{"county":"Washita","legal":"16-11N-17W-IM","operator":"DIVERSIFIED PRODUCTION LLC","lease_name":"JOSHUA 1-16H","api_number":"3514921428","reservoir":"DES MOINES","first_production":"2009-07-01","last_production":"2026-02-01"},"geometry":{"type":"Polygon","coordinates":[[[-99.0025491563299,35.4304912908474],[-99.0010491563169,35.4289912908344],[-99.0025491563299,35.4274912908213],[-99.004049156343,35.4289912908344],[-99.0025491563299,35.4304912908474]]]}},{"type":"Feature","properties":{"county":"Washita","legal":"17-11N-19W-IM","operator":"PRESIDIO","lease_name":"GREEN TRUST 1-17","api_number":"3514921442","reservoir":"CLINTON LAKE ATOKA","first_production":"2009-06-01","last_production":"2026-02-01"},"geometry":{"type":"Polygon","coordinates":[[[-99.2321108468071,35.4307578913697],[-99.2306108467941,35.4292578913567],[-99.2321108468071,35.4277578913437],[-99.2336108468202,35.4292578913567],[-99.2321108468071,35.4307578913697]]]}},{"type":"Feature","properties":{"county":"Washita","legal":"16-11N-16W-IM","operator":"DIVERSIFIED PRODUCTION LLC","lease_name":"MARTIN 1-16H","api_number":"3514921440","reservoir":"DES MOINES","first_production":"2009-05-01","last_production":"2026-02-01"},"geometry":{"type":"Polygon","coordinates":[[[-98.8968934515799,35.4302862264411],[-98.8953934515668,35.4287862264281],[-98.8968934515799,35.427286226415],[-98.8983934515929,35.4287862264281],[-98.8968934515799,35.4302862264411]]]}},{"type":"Feature","properties":{"county":"Washita","legal":"24-11N-18W-IM","operator":"DIVERSIFIED PRODUCTION LLC","lease_name":"LEE ROY 1-24H","api_number":"3514921413","reservoir":"DES MOINES","first_production":"2009-03-01","last_production":"2026-02-01"},"geometry":{"type":"Polygon","coordinates":[[[-99.0550681756737,35.4160166551],[-99.0535681756607,35.414516655087],[-99.0550681756737,35.4130166550739],[-99.0565681756868,35.414516655087],[-99.0550681756737,35.4160166551]]]}},{"type":"Feature","properties":{"county":"Washita","legal":"05-11N-14W-IM","operator":"L E JONES OPERATING","lease_name":"ADELINE 1-5","api_number":"3514921388","reservoir":"ATOKA","first_production":"2009-01-01","last_production":"2026-02-01"},"geometry":{"type":"Polygon","coordinates":[[[-98.7028276585802,35.4586216630888],[-98.7013276585672,35.4571216630758],[-98.7028276585802,35.4556216630628],[-98.7043276585932,35.4571216630758],[-98.7028276585802,35.4586216630888]]]}},{"type":"Feature","properties":{"county":"Washita","legal":"35-11N-18W-IM","operator":"BCE-MACH II LLC","lease_name":"WEST #7-35","api_number":"3514921422","reservoir":"GRANITE WASH","first_production":"2009-03-01","last_production":"2026-02-01"},"geometry":{"type":"Polygon","coordinates":[[[-99.0727868220246,35.3870026043552],[-99.0712868220116,35.3855026043422],[-99.0727868220246,35.3840026043291],[-99.0742868220377,35.3855026043422],[-99.0727868220246,35.3870026043552]]]}},{"type":"Feature","properties":{"county":"Washita","legal":"02-11N-19W-IM","operator":"DIVERSIFIED PRODUCTION LLC","lease_name":"TOWN OF FOSS 1-2H","api_number":"3514921412","reservoir":"DES MOINES","first_production":"2009-01-01","last_production":"2026-02-01"},"geometry":{"type":"Polygon","coordinates":[[[-99.1790790817127,35.4596009960861],[-99.1775790816997,35.4581009960731],[-99.1790790817127,35.45660099606],[-99.1805790817257,35.4581009960731],[-99.1790790817127,35.4596009960861]]]}},{"type":"Feature","properties":{"county":"Washita","legal":"12-11N-19W-IM","operator":"BRG","lease_name":"BRANSON 1-1H","api_number":"3514921411","reservoir":"DES MOINES","first_production":"2008-09-01","last_production":"2026-02-01"},"geometry":{"type":"Polygon","coordinates":[[[-99.1613914260204,35.4450305809876],[-99.1598914260073,35.4435305809745],[-99.1613914260204,35.4420305809615],[-99.1628914260334,35.4435305809745],[-99.1613914260204,35.4450305809876]]]}},{"type":"Feature","properties":{"county":"Washita","legal":"17-11N-16W-IM","operator":"BCE-MACH II LLC","lease_name":"ROXANNE 1-17H","api_number":"3514921397","reservoir":"DES MOINES","first_production":"2008-12-01","last_production":"2026-02-01"},"geometry":{"type":"Polygon","coordinates":[[[-98.9145529473348,35.4303311285272],[-98.9130529473218,35.4288311285141],[-98.9145529473348,35.4273311285011],[-98.9160529473479,35.4288311285141],[-98.9145529473348,35.4303311285272]]]}},{"type":"Feature","properties":{"county":"Washita","legal":"05-11N-17W-IM","operator":"DIVERSIFIED PRODUCTION LLC","lease_name":"ALNITA 1-5H","api_number":"3514921403","reservoir":"DES MOINES","first_production":"2008-11-01","last_production":"2026-02-01"},"geometry":{"type":"Polygon","coordinates":[[[-99.0201325239815,35.4594974627585],[-99.0186325239685,35.4579974627455],[-99.0201325239815,35.4564974627325],[-99.0216325239945,35.4579974627455],[-99.0201325239815,35.4594974627585]]]}},{"type":"Feature","properties":{"county":"Washita","legal":"06-11N-17W-IM","operator":"DIVERSIFIED PRODUCTION LLC","lease_name":"AR 1-6H","api_number":"3514921402","reservoir":"DES MOINES","first_production":"2008-11-01","last_production":"2026-02-01"},"geometry":{"type":"Polygon","coordinates":[[[-99.0375660199362,35.4594273784],[-99.0360660199231,35.457927378387],[-99.0375660199362,35.4564273783739],[-99.0390660199492,35.457927378387],[-99.0375660199362,35.4594273784]]]}},{"type":"Feature","properties":{"county":"Washita","legal":"02-11N-17W-IM","operator":"MITO RESCOURCES LLC","lease_name":"MORRISON 1-2H","api_number":"3514923166;3514921366","reservoir":"DES MOINES GRANITE WASH","first_production":"2008-10-01","last_production":"2026-02-01"},"geometry":{"type":"Polygon","coordinates":[[[-98.967123232569,35.4593537165564],[-98.965623232556,35.4578537165434],[-98.967123232569,35.4563537165303],[-98.968623232582,35.4578537165434],[-98.967123232569,35.4593537165564]]]}},{"type":"Feature","properties":{"county":"Washita","legal":"08-11N-17W-IM","operator":"UNBRIDLED RESOURCES LLC","lease_name":"SANDERS 1-8H","api_number":"3514921382","reservoir":"DES MOINES GRANITE WASH","first_production":"2008-10-01","last_production":"2026-02-01"},"geometry":{"type":"Polygon","coordinates":[[[-99.0201830463913,35.4450575429298],[-99.0186830463782,35.4435575429167],[-99.0201830463913,35.4420575429037],[-99.0216830464043,35.4435575429167],[-99.0201830463913,35.4450575429298]]]}},{"type":"Feature","properties":{"county":"Washita","legal":"11-11N-19W-IM","operator":"DIVERSIFIED PRODUCTION LLC","lease_name":"PLUMP DUMPLING 1-11H","api_number":"3514921368","reservoir":"DES MOINES","first_production":"2008-07-01","last_production":"2026-02-01"},"geometry":{"type":"Polygon","coordinates":[[[-99.1789973813066,35.4450407685238],[-99.1774973812936,35.4435407685108],[-99.1789973813066,35.4420407684978],[-99.1804973813196,35.4435407685108],[-99.1789973813066,35.4450407685238]]]}},{"type":"Feature","properties":{"county":"Washita","legal":"15-11N-18W-IM","operator":"DIVERSIFIED PRODUCTION LLC","lease_name":"JUDY 1-15H","api_number":"3514921363","reservoir":"DES MOINES GRANITE WASH","first_production":"2008-06-01","last_production":"2026-02-01"},"geometry":{"type":"Polygon","coordinates":[[[-99.0904821213956,35.4305247230013],[-99.0889821213826,35.4290247229883],[-99.0904821213956,35.4275247229753],[-99.0919821214087,35.4290247229883],[-99.0904821213956,35.4305247230013]]]}},{"type":"Feature","properties":{"county":"Washita","legal":"26-11N-18W-IM","operator":"BCE-MACH II LLC","lease_name":"SIMPSON 4-26","api_number":"3514921356","reservoir":"DES MOINES","first_production":"2008-06-01","last_production":"2026-02-01"},"geometry":{"type":"Polygon","coordinates":[[[-99.0726781214381,35.4014656145454],[-99.071178121425,35.3999656145323],[-99.0726781214381,35.3984656145193],[-99.0741781214511,35.3999656145323],[-99.0726781214381,35.4014656145454]]]}},{"type":"Feature","properties":{"county":"Washita","legal":"17-11N-17W-IM","operator":"DIVERSIFIED PRODUCTION LLC","lease_name":"ERVIN 1-17H","api_number":"3514921326","reservoir":"DES MOINES GRANITE WASH","first_production":"2008-06-01","last_production":"2026-02-01"},"geometry":{"type":"Polygon","coordinates":[[[-99.0201939462499,35.4305126953406],[-99.0186939462369,35.4290126953276],[-99.0201939462499,35.4275126953145],[-99.0216939462629,35.4290126953276],[-99.0201939462499,35.4305126953406]]]}},{"type":"Feature","properties":{"county":"Washita","legal":"07-11N-19W-IM","operator":"COTERRA ENERGY OPERATING CO","lease_name":"TOELLE 4-7","api_number":"3514921361","reservoir":"BROWN DOLOMITE,TONKAWA LOW,HOXBAR,*","first_production":"2008-06-01","last_production":"2026-02-01"},"geometry":{"type":"Polygon","coordinates":[[[-99.2495101782517,35.4451276439617],[-99.2480101782386,35.4436276439487],[-99.2495101782517,35.4421276439356],[-99.2510101782647,35.4436276439487],[-99.2495101782517,35.4451276439617]]]}},{"type":"Feature","properties":{"county":"Washita","legal":"12-11N-20W-IM","operator":"UNBRIDLED RESOURCES LLC","lease_name":"WAYNE 1-12","api_number":"3514921306","reservoir":"CLINTON LAKE","first_production":"2008-02-01","last_production":"2026-02-01"},"geometry":{"type":"Polygon","coordinates":[[[-99.2669398388717,35.4450277063548],[-99.2654398388587,35.4435277063418],[-99.2669398388717,35.4420277063288],[-99.2684398388848,35.4435277063418],[-99.2669398388717,35.4450277063548]]]}},{"type":"Feature","properties":{"county":"Washita","legal":"14-11N-18W-IM","operator":"CANVAS ENERGY LLC","lease_name":"GUNTER 2-14H","api_number":"3514921311","reservoir":"DES MOINES GRANITE WASH","first_production":"2008-02-01","last_production":"2026-02-01"},"geometry":{"type":"Polygon","coordinates":[[[-99.0727081472831,35.430557991833],[-99.07120814727,35.42905799182],[-99.0727081472831,35.427557991807],[-99.0742081472961,35.42905799182],[-99.0727081472831,35.430557991833]]]}},{"type":"Feature","properties":{"county":"Washita","legal":"31-11N-19W-IM","operator":"TEOCALLI EXPLORATION","lease_name":"MEYER 1-31","api_number":"3514921291","reservoir":"DES MOINES","first_production":"2007-08-01","last_production":"2026-02-01"},"geometry":{"type":"Polygon","coordinates":[[[-99.2494692174586,35.3871266472777],[-99.2479692174456,35.3856266472647],[-99.2494692174586,35.3841266472516],[-99.2509692174717,35.3856266472647],[-99.2494692174586,35.3871266472777]]]}},{"type":"Feature","properties":{"county":"Washita","legal":"16-11N-17W-IM","operator":"MITO RESCOURCES LLC","lease_name":"LILLIAN AND JOHN 1-16","api_number":"3514921278","reservoir":"DES MOINES GRANITE WASH","first_production":"2007-07-01","last_production":"2026-02-01"},"geometry":{"type":"Polygon","coordinates":[[[-99.0025491563299,35.4304912908474],[-99.0010491563169,35.4289912908344],[-99.0025491563299,35.4274912908213],[-99.004049156343,35.4289912908344],[-99.0025491563299,35.4304912908474]]]}},{"type":"Feature","properties":{"county":"Washita","legal":"01-11N-19W-IM","operator":"BRG","lease_name":"SIMON #1-1","api_number":"3514921290","reservoir":"ATOKA","first_production":"2007-09-01","last_production":"2026-02-01"},"geometry":{"type":"Polygon","coordinates":[[[-99.1613336221437,35.4595159055289],[-99.1598336221306,35.4580159055158],[-99.1613336221437,35.4565159055028],[-99.1628336221567,35.4580159055158],[-99.1613336221437,35.4595159055289]]]}},{"type":"Feature","properties":{"county":"Washita","legal":"26-11N-19W-IM","operator":"BCE-MACH II LLC","lease_name":"BROWNING #1-26","api_number":"3514921236","reservoir":"DES MOINES","first_production":"2006-09-01","last_production":"2026-02-01"},"geometry":{"type":"Polygon","coordinates":[[[-99.1789597026717,35.4014602700729],[-99.1774597026587,35.3999602700599],[-99.1789597026717,35.3984602700468],[-99.1804597026847,35.3999602700599],[-99.1789597026717,35.4014602700729]]]}},{"type":"Feature","properties":{"county":"Washita","legal":"29-11N-19W-IM","operator":"COTERRA ENERGY OPERATING CO","lease_name":"PATRICIA 1-29","api_number":"3514921228","reservoir":"ATOKA","first_production":"2006-09-01","last_production":"2026-02-01"},"geometry":{"type":"Polygon","coordinates":[[[-99.2320339722375,35.40163594494],[-99.2305339722244,35.4001359449269],[-99.2320339722375,35.3986359449139],[-99.2335339722505,35.4001359449269],[-99.2320339722375,35.40163594494]]]}},{"type":"Feature","properties":{"county":"Washita","legal":"09-11N-20W-IM","operator":"COTERRA ENERGY OPERATING CO","lease_name":"THOMPSON 3-9","api_number":"3514921224","reservoir":"CLINTON LAKE","first_production":"2006-06-01","last_production":"2026-02-01"},"geometry":{"type":"Polygon","coordinates":[[[-99.3200388547131,35.4448715502709],[-99.3185388547001,35.4433715502579],[-99.3200388547131,35.4418715502448],[-99.3215388547261,35.4433715502579],[-99.3200388547131,35.4448715502709]]]}},{"type":"Feature","properties":{"county":"Washita","legal":"10-11N-20W-IM","operator":"RIVIERA OPERATING","lease_name":"MERZ 1-10","api_number":"3514921158","reservoir":"DES MOINES","first_production":"2005-06-01","last_production":"2026-02-01"},"geometry":{"type":"Polygon","coordinates":[[[-99.3023104072758,35.4449247006132],[-99.3008104072627,35.4434247006002],[-99.3023104072758,35.4419247005871],[-99.3038104072888,35.4434247006002],[-99.3023104072758,35.4449247006132]]]}},{"type":"Feature","properties":{"county":"Washita","legal":"34-11N-19W-IM","operator":"PRESIDIO","lease_name":"GUTHRIE 3-34","api_number":"3514921172","reservoir":"DES MOINES","first_production":"2005-08-01","last_production":"2026-02-01"},"geometry":{"type":"Polygon","coordinates":[[[-99.1966583690099,35.3871227359706],[-99.1951583689968,35.3856227359576],[-99.1966583690099,35.3841227359445],[-99.1981583690229,35.3856227359576],[-99.1966583690099,35.3871227359706]]]}},{"type":"Feature","properties":{"county":"Washita","legal":"24-11N-15W-IM","operator":"RIVIERA OPERATING","lease_name":"STROUD 2-24","api_number":"3514921101","reservoir":"DES MOINES","first_production":"2005-02-01","last_production":"2026-02-01"},"geometry":{"type":"Polygon","coordinates":[[[-98.7379318020608,35.4153446869428],[-98.7364318020477,35.4138446869297],[-98.7379318020608,35.4123446869167],[-98.7394318020738,35.4138446869297],[-98.7379318020608,35.4153446869428]]]}},{"type":"Feature","properties":{"county":"Washita","legal":"01-11N-14W-IM","operator":"COTERRA ENERGY OPERATING CO","lease_name":"CAVE 3-1","api_number":"3514921125","reservoir":"ATOKA,MORROW","first_production":"2004-12-01","last_production":"2026-02-01"},"geometry":{"type":"Polygon","coordinates":[[[-98.6320213495341,35.4585646127022],[-98.6305213495211,35.4570646126892],[-98.6320213495341,35.4555646126761],[-98.6335213495472,35.4570646126892],[-98.6320213495341,35.4585646127022]]]}},{"type":"Feature","properties":{"county":"Washita","legal":"11-11N-15W-IM","operator":"COTERRA ENERGY OPERATING CO","lease_name":"KATIE 4-11","api_number":"3514921105","reservoir":"SPRINGER","first_production":"2004-10-01","last_production":"2026-02-01"},"geometry":{"type":"Polygon","coordinates":[[[-98.755763894182,35.4445156065687],[-98.754263894169,35.4430156065556],[-98.755763894182,35.4415156065426],[-98.757263894195,35.4430156065556],[-98.755763894182,35.4445156065687]]]}},{"type":"Feature","properties":{"county":"Washita","legal":"35-11N-19W-IM","operator":"PRESIDIO","lease_name":"SHELTEN #1-35","api_number":"3514921098","reservoir":"DES MOINES (GRANITE WASH)","first_production":"2004-09-01","last_production":"2026-02-01"},"geometry":{"type":"Polygon","coordinates":[[[-99.1790192046374,35.3870838168179],[-99.1775192046244,35.3855838168049],[-99.1790192046374,35.3840838167919],[-99.1805192046504,35.3855838168049],[-99.1790192046374,35.3870838168179]]]}},{"type":"Feature","properties":{"county":"Washita","legal":"04-11N-20W-IM","operator":"COTERRA ENERGY OPERATING CO","lease_name":"ROWLAN 6-4","api_number":"3514921111","reservoir":"DES MOINES LOWER","first_production":"2004-09-01","last_production":"2026-02-01"},"geometry":{"type":"Polygon","coordinates":[[[-99.3200077858803,35.4593490981189],[-99.3185077858672,35.4578490981059],[-99.3200077858803,35.4563490980928],[-99.3215077858933,35.4578490981059],[-99.3200077858803,35.4593490981189]]]}},{"type":"Feature","properties":{"county":"Washita","legal":"26-11N-19W-IM","operator":"BCE-MACH II LLC","lease_name":"CLYTA 1-26","api_number":"3514921102","reservoir":"DES MOINES","first_production":"2004-07-01","last_production":"2026-02-01"},"geometry":{"type":"Polygon","coordinates":[[[-99.1789597026717,35.4014602700729],[-99.1774597026587,35.3999602700599],[-99.1789597026717,35.3984602700468],[-99.1804597026847,35.3999602700599],[-99.1789597026717,35.4014602700729]]]}},{"type":"Feature","properties":{"county":"Washita","legal":"24-11N-15W-IM","operator":"RIVIERA OPERATING","lease_name":"STROUD 1-24","api_number":"3514921069","reservoir":"SPRINGER","first_production":"2004-05-01","last_production":"2026-02-01"},"geometry":{"type":"Polygon","coordinates":[[[-98.7379318020608,35.4153446869428],[-98.7364318020477,35.4138446869297],[-98.7379318020608,35.4123446869167],[-98.7394318020738,35.4138446869297],[-98.7379318020608,35.4153446869428]]]}},{"type":"Feature","properties":{"county":"Washita","legal":"04-11N-20W-IM","operator":"COTERRA ENERGY OPERATING CO","lease_name":"ELLIOTT 5-4","api_number":"3514921089","reservoir":"DES MOINES UPPER","first_production":"2004-06-01","last_production":"2026-02-01"},"geometry":{"type":"Polygon","coordinates":[[[-99.3200077858803,35.4593490981189],[-99.3185077858672,35.4578490981059],[-99.3200077858803,35.4563490980928],[-99.3215077858933,35.4578490981059],[-99.3200077858803,35.4593490981189]]]}},{"type":"Feature","properties":{"county":"Washita","legal":"04-11N-20W-IM","operator":"COTERRA ENERGY OPERATING CO","lease_name":"ROWLAN 4-4","api_number":"3514921084","reservoir":"DES MOINES LOWER","first_production":"2004-05-01","last_production":"2026-02-01"},"geometry":{"type":"Polygon","coordinates":[[[-99.3200077858803,35.4593490981189],[-99.3185077858672,35.4578490981059],[-99.3200077858803,35.4563490980928],[-99.3215077858933,35.4578490981059],[-99.3200077858803,35.4593490981189]]]}},{"type":"Feature","properties":{"county":"Washita","legal":"20-11N-14W-IM","operator":"BCE-MACH III LLC","lease_name":"FLAMING 3-20","api_number":"3514921086","reservoir":"MORROW","first_production":"2004-09-01","last_production":"2026-02-01"},"geometry":{"type":"Polygon","coordinates":[[[-98.7029030604074,35.4152498535155],[-98.7014030603944,35.4137498535024],[-98.7029030604074,35.4122498534894],[-98.7044030604204,35.4137498535024],[-98.7029030604074,35.4152498535155]]]}},{"type":"Feature","properties":{"county":"Washita","legal":"14-11N-15W-IM","operator":"COTERRA ENERGY OPERATING CO","lease_name":"BROWN FOUNDATION 6-14","api_number":"3514921088","reservoir":"PERM/LM/VIRGILLIAN MO","first_production":"2004-06-01","last_production":"2026-02-01"},"geometry":{"type":"Polygon","coordinates":[[[-98.7557432760154,35.4299934796307],[-98.7542432760024,35.4284934796177],[-98.7557432760154,35.4269934796047],[-98.7572432760284,35.4284934796177],[-98.7557432760154,35.4299934796307]]]}},{"type":"Feature","properties":{"county":"Washita","legal":"14-11N-15W-IM","operator":"COTERRA ENERGY OPERATING CO","lease_name":"BROWN FOUNDATION 5-14","api_number":"3514921077","reservoir":"DES MOIN,SPRINGER,MORROW,WADE LOW","first_production":"2004-05-01","last_production":"2026-02-01"},"geometry":{"type":"Polygon","coordinates":[[[-98.7557432760154,35.4299934796307],[-98.7542432760024,35.4284934796177],[-98.7557432760154,35.4269934796047],[-98.7572432760284,35.4284934796177],[-98.7557432760154,35.4299934796307]]]}},{"type":"Feature","properties":{"county":"Washita","legal":"03-11N-20W-IM","operator":"KEY PRODUCTION","lease_name":"ELLIOTT 8-3","api_number":"3514921065","reservoir":"DES MOINES UP, DES MOINES LOW","first_production":"2003-12-01","last_production":"2026-02-01"},"geometry":{"type":"Polygon","coordinates":[[[-99.3023391910515,35.459425701605],[-99.3008391910385,35.457925701592],[-99.3023391910515,35.4564257015789],[-99.3038391910646,35.457925701592],[-99.3023391910515,35.459425701605]]]}},{"type":"Feature","properties":{"county":"Washita","legal":"05-11N-20W-IM","operator":"KEY PRODUCTION","lease_name":"CAB FARMS 1-5","api_number":"3514921059","reservoir":"ATOKA UP,DES MOINES LOW","first_production":"2003-11-01","last_production":"2026-02-01"},"geometry":{"type":"Polygon","coordinates":[[[-99.3378010788453,35.4593070082202],[-99.3363010788323,35.4578070082071],[-99.3378010788453,35.4563070081941],[-99.3393010788583,35.4578070082071],[-99.3378010788453,35.4593070082202]]]}},{"type":"Feature","properties":{"county":"Washita","legal":"35-11N-19W-IM","operator":"COTERRA ENERGY OPERATING CO","lease_name":"DELOZIER 8-35","api_number":"3514921045","reservoir":"DES MOINES","first_production":"2003-09-01","last_production":"2026-02-01"},"geometry":{"type":"Polygon","coordinates":[[[-99.1790192046374,35.3870838168179],[-99.1775192046244,35.3855838168049],[-99.1790192046374,35.3840838167919],[-99.1805192046504,35.3855838168049],[-99.1790192046374,35.3870838168179]]]}},{"type":"Feature","properties":{"county":"Washita","legal":"04-11N-20W-IM","operator":"COTERRA ENERGY OPERATING CO","lease_name":"ROWLAN 2-4","api_number":"3514921044","reservoir":"DES MOINES UPPER,LOWER","first_production":"2003-09-01","last_production":"2026-02-01"},"geometry":{"type":"Polygon","coordinates":[[[-99.3200077858803,35.4593490981189],[-99.3185077858672,35.4578490981059],[-99.3200077858803,35.4563490980928],[-99.3215077858933,35.4578490981059],[-99.3200077858803,35.4593490981189]]]}},{"type":"Feature","properties":{"county":"Washita","legal":"19-11N-19W-IM","operator":"UNBRIDLED RESOURCES LLC","lease_name":"TURKEY CREEK 1-19","api_number":"3514921033","reservoir":"DES MOINES","first_production":"2003-06-01","last_production":"2026-02-01"},"geometry":{"type":"Polygon","coordinates":[[[-99.2494953484073,35.4161956227707],[-99.2479953483942,35.4146956227577],[-99.2494953484073,35.4131956227446],[-99.2509953484203,35.4146956227577],[-99.2494953484073,35.4161956227707]]]}},{"type":"Feature","properties":{"county":"Washita","legal":"26-11N-19W-IM","operator":"BCE-MACH II LLC","lease_name":"BALDWIN #1-26","api_number":"3514921034","reservoir":"DES MOINES","first_production":"2003-06-01","last_production":"2026-02-01"},"geometry":{"type":"Polygon","coordinates":[[[-99.1789597026717,35.4014602700729],[-99.1774597026587,35.3999602700599],[-99.1789597026717,35.3984602700468],[-99.1804597026847,35.3999602700599],[-99.1789597026717,35.4014602700729]]]}},{"type":"Feature","properties":{"county":"Washita","legal":"35-11N-19W-IM","operator":"PRESIDIO","lease_name":"MEDDERS #2-35","api_number":"3514921022","reservoir":"DES MOINES(GRANITE WASH)","first_production":"2003-04-01","last_production":"2026-02-01"},"geometry":{"type":"Polygon","coordinates":[[[-99.1790192046374,35.3870838168179],[-99.1775192046244,35.3855838168049],[-99.1790192046374,35.3840838167919],[-99.1805192046504,35.3855838168049],[-99.1790192046374,35.3870838168179]]]}},{"type":"Feature","properties":{"county":"Washita","legal":"13-11N-15W-IM","operator":"COTERRA ENERGY OPERATING CO","lease_name":"DAVID 4-13","api_number":"3514921021","reservoir":"DES MOINES","first_production":"2003-03-01","last_production":"2026-02-01"},"geometry":{"type":"Polygon","coordinates":[[[-98.7379466069622,35.4298308095668],[-98.7364466069492,35.4283308095537],[-98.7379466069622,35.4268308095407],[-98.7394466069752,35.4283308095537],[-98.7379466069622,35.4298308095668]]]}},{"type":"Feature","properties":{"county":"Washita","legal":"34-11N-19W-IM","operator":"PRESIDIO","lease_name":"GUTHRIE 2-34","api_number":"3514921019","reservoir":"DES MOINES","first_production":"2003-03-01","last_production":"2026-02-01"},"geometry":{"type":"Polygon","coordinates":[[[-99.1966583690099,35.3871227359706],[-99.1951583689968,35.3856227359576],[-99.1966583690099,35.3841227359445],[-99.1981583690229,35.3856227359576],[-99.1966583690099,35.3871227359706]]]}},{"type":"Feature","properties":{"county":"Washita","legal":"03-11N-20W-IM","operator":"KEY PRODUCTION","lease_name":"RENNELS 6-3","api_number":"3514921012","reservoir":"UPR & LWR DES MOINES","first_production":"2002-12-01","last_production":"2026-02-01"},"geometry":{"type":"Polygon","coordinates":[[[-99.3023391910515,35.459425701605],[-99.3008391910385,35.457925701592],[-99.3023391910515,35.4564257015789],[-99.3038391910646,35.457925701592],[-99.3023391910515,35.459425701605]]]}},{"type":"Feature","properties":{"county":"Washita","legal":"06-11N-15W-IM","operator":"UNBRIDLED RESOURCES LLC","lease_name":"LAVERN 1-6","api_number":"3514920996","reservoir":"DES MOINES","first_production":"2002-05-01","last_production":"2026-02-01"},"geometry":{"type":"Polygon","coordinates":[[[-98.8263997155107,35.4593232872252],[-98.8248997154977,35.4578232872121],[-98.8263997155107,35.4563232871991],[-98.8278997155238,35.4578232872121],[-98.8263997155107,35.4593232872252]]]}},{"type":"Feature","properties":{"county":"Washita","legal":"07-11N-19W-IM","operator":"UNBRIDLED RESOURCES LLC","lease_name":"TOELLE 3-7","api_number":"3514920977","reservoir":"ATOKA","first_production":"2002-01-01","last_production":"2026-02-01"},"geometry":{"type":"Polygon","coordinates":[[[-99.2495101782517,35.4451276439617],[-99.2480101782386,35.4436276439487],[-99.2495101782517,35.4421276439356],[-99.2510101782647,35.4436276439487],[-99.2495101782517,35.4451276439617]]]}},{"type":"Feature","properties":{"county":"Washita","legal":"35-11N-19W-IM","operator":"PRESIDIO","lease_name":"HOFFMAN 2-35;WASHITA INV*","api_number":"3514920962;3514921389","reservoir":"DES MOINES","first_production":"2001-07-01","last_production":"2026-02-01"},"geometry":{"type":"Polygon","coordinates":[[[-99.1790192046374,35.3870838168179],[-99.1775192046244,35.3855838168049],[-99.1790192046374,35.3840838167919],[-99.1805192046504,35.3855838168049],[-99.1790192046374,35.3870838168179]]]}},{"type":"Feature","properties":{"county":"Washita","legal":"01-11N-20W-IM","operator":"PRESIDIO","lease_name":"GREEN 4-1","api_number":"3514920963;3514920950","reservoir":"LWR DES MOINES,UPPR ATOKA","first_production":"2001-06-01","last_production":"2026-02-01"},"geometry":{"type":"Polygon","coordinates":[[[-99.2669655199703,35.4595409253018],[-99.2654655199573,35.4580409252888],[-99.2669655199703,35.4565409252757],[-99.2684655199834,35.4580409252888],[-99.2669655199703,35.4595409253018]]]}},{"type":"Feature","properties":{"county":"Washita","legal":"08-11N-20W-IM","operator":"KEY PRODUCTION","lease_name":"HAGER 3-8","api_number":"3514920937","reservoir":"L DESMOINES","first_production":"2001-03-01","last_production":"2026-02-01"},"geometry":{"type":"Polygon","coordinates":[[[-99.3378302528525,35.4448028527145],[-99.3363302528394,35.4433028527015],[-99.3378302528525,35.4418028526884],[-99.3393302528655,35.4433028527015],[-99.3378302528525,35.4448028527145]]]}},{"type":"Feature","properties":{"county":"Washita","legal":"27-11N-19W-IM","operator":"PRESIDIO","lease_name":"SASSEEN 1-27","api_number":"3514920922","reservoir":"DES MOINES","first_production":"2001-03-01","last_production":"2026-02-01"},"geometry":{"type":"Polygon","coordinates":[[[-99.1966618081204,35.4016399944204],[-99.1951618081073,35.4001399944074],[-99.1966618081204,35.3986399943944],[-99.1981618081334,35.4001399944074],[-99.1966618081204,35.4016399944204]]]}},{"type":"Feature","properties":{"county":"Washita","legal":"01-11N-20W-IM","operator":"KEY PRODUCTION","lease_name":"MEDDERS 6-1","api_number":"3514920928","reservoir":"L ATOKA","first_production":"2001-02-01","last_production":"2026-02-01"},"geometry":{"type":"Polygon","coordinates":[[[-99.2669655199703,35.4595409253018],[-99.2654655199573,35.4580409252888],[-99.2669655199703,35.4565409252757],[-99.2684655199834,35.4580409252888],[-99.2669655199703,35.4595409253018]]]}},{"type":"Feature","properties":{"county":"Washita","legal":"35-11N-19W-IM","operator":"PRESIDIO","lease_name":"MEDDERS 1-35A","api_number":"3514920895;3514920908","reservoir":"DES MOINES","first_production":"2000-10-01","last_production":"2026-02-01"},"geometry":{"type":"Polygon","coordinates":[[[-99.1790192046374,35.3870838168179],[-99.1775192046244,35.3855838168049],[-99.1790192046374,35.3840838167919],[-99.1805192046504,35.3855838168049],[-99.1790192046374,35.3870838168179]]]}},{"type":"Feature","properties":{"county":"Washita","legal":"18-11N-19W-IM","operator":"BP AMERICA PRODUCTION","lease_name":"TWYMAN #3-18","api_number":"3514920860","reservoir":"DES MOINES","first_production":"1999-12-01","last_production":"2026-02-01"},"geometry":{"type":"Polygon","coordinates":[[[-99.2495288911,35.4306765164526],[-99.2480288910869,35.4291765164395],[-99.2495288911,35.4276765164265],[-99.251028891113,35.4291765164395],[-99.2495288911,35.4306765164526]]]}},{"type":"Feature","properties":{"county":"Washita","legal":"26-11N-18W-IM","operator":"CANVAS ENERGY LLC","lease_name":"DIAMOND RING 3-26","api_number":"3514920879","reservoir":"DES MOINES","first_production":"1999-12-01","last_production":"2026-02-01"},"geometry":{"type":"Polygon","coordinates":[[[-99.0726781214381,35.4014656145454],[-99.071178121425,35.3999656145323],[-99.0726781214381,35.3984656145193],[-99.0741781214511,35.3999656145323],[-99.0726781214381,35.4014656145454]]]}},{"type":"Feature","properties":{"county":"Washita","legal":"35-11N-18W-IM","operator":"BCE-MACH II LLC","lease_name":"ELDON #5-35","api_number":"3514920862","reservoir":"DES MOINES","first_production":"1999-06-01","last_production":"2026-02-01"},"geometry":{"type":"Polygon","coordinates":[[[-99.0727868220246,35.3870026043552],[-99.0712868220116,35.3855026043422],[-99.0727868220246,35.3840026043291],[-99.0742868220377,35.3855026043422],[-99.0727868220246,35.3870026043552]]]}},{"type":"Feature","properties":{"county":"Washita","legal":"34-11N-19W-IM","operator":"PRESIDIO","lease_name":"PETERSON #2-34","api_number":"3514920855","reservoir":"DES MOINES","first_production":"1999-06-01","last_production":"2026-02-01"},"geometry":{"type":"Polygon","coordinates":[[[-99.1966583690099,35.3871227359706],[-99.1951583689968,35.3856227359576],[-99.1966583690099,35.3841227359445],[-99.1981583690229,35.3856227359576],[-99.1966583690099,35.3871227359706]]]}},{"type":"Feature","properties":{"county":"Washita","legal":"27-11N-19W-IM","operator":"PRESIDIO","lease_name":"MCADAMS #1-27","api_number":"3514920854","reservoir":"DES MOINES","first_production":"1999-04-01","last_production":"2026-02-01"},"geometry":{"type":"Polygon","coordinates":[[[-99.1966618081204,35.4016399944204],[-99.1951618081073,35.4001399944074],[-99.1966618081204,35.3986399943944],[-99.1981618081334,35.4001399944074],[-99.1966618081204,35.4016399944204]]]}},{"type":"Feature","properties":{"county":"Washita","legal":"12-11N-20W-IM","operator":"UNBRIDLED RESOURCES LLC","lease_name":"WALTERS 5-12","api_number":"3514920850","reservoir":"DES MOINES (LOW)","first_production":"1999-02-01","last_production":"2026-02-01"},"geometry":{"type":"Polygon","coordinates":[[[-99.2669398388717,35.4450277063548],[-99.2654398388587,35.4435277063418],[-99.2669398388717,35.4420277063288],[-99.2684398388848,35.4435277063418],[-99.2669398388717,35.4450277063548]]]}},{"type":"Feature","properties":{"county":"Washita","legal":"34-11N-19W-IM","operator":"PRESIDIO","lease_name":"PETERSON #1-34A","api_number":"3514920839","reservoir":"DES MOINES","first_production":"1998-09-01","last_production":"2026-02-01"},"geometry":{"type":"Polygon","coordinates":[[[-99.1966583690099,35.3871227359706],[-99.1951583689968,35.3856227359576],[-99.1966583690099,35.3841227359445],[-99.1981583690229,35.3856227359576],[-99.1966583690099,35.3871227359706]]]}},{"type":"Feature","properties":{"county":"Washita","legal":"35-11N-18W-IM","operator":"BCE-MACH II LLC","lease_name":"THOMPSON #4-35","api_number":"3514920818","reservoir":"DES MOINES","first_production":"1998-04-01","last_production":"2026-02-01"},"geometry":{"type":"Polygon","coordinates":[[[-99.0727868220246,35.3870026043552],[-99.0712868220116,35.3855026043422],[-99.0727868220246,35.3840026043291],[-99.0742868220377,35.3855026043422],[-99.0727868220246,35.3870026043552]]]}},{"type":"Feature","properties":{"county":"Washita","legal":"27-11N-18W-IM","operator":"PRESIDIO","lease_name":"HALE #1-27","api_number":"3514920814","reservoir":"DES MOINES","first_production":"1998-03-01","last_production":"2026-02-01"},"geometry":{"type":"Polygon","coordinates":[[[-99.0904347894994,35.40148723275],[-99.0889347894864,35.399987232737],[-99.0904347894994,35.398487232724],[-99.0919347895124,35.399987232737],[-99.0904347894994,35.40148723275]]]}},{"type":"Feature","properties":{"county":"Washita","legal":"02-11N-20W-IM","operator":"KEY PRODUCTION","lease_name":"GUNTER 5-2","api_number":"3514920804","reservoir":"L DES MOINES","first_production":"1997-10-01","last_production":"2026-02-01"},"geometry":{"type":"Polygon","coordinates":[[[-99.2846662811492,35.4594691158125],[-99.2831662811362,35.4579691157995],[-99.2846662811492,35.4564691157864],[-99.2861662811622,35.4579691157995],[-99.2846662811492,35.4594691158125]]]}},{"type":"Feature","properties":{"county":"Washita","legal":"35-11N-19W-IM","operator":"PRESIDIO","lease_name":"HOFFMAN #1-35","api_number":"3514920802","reservoir":"DES MOINES","first_production":"1997-09-01","last_production":"2026-02-01"},"geometry":{"type":"Polygon","coordinates":[[[-99.1790192046374,35.3870838168179],[-99.1775192046244,35.3855838168049],[-99.1790192046374,35.3840838167919],[-99.1805192046504,35.3855838168049],[-99.1790192046374,35.3870838168179]]]}},{"type":"Feature","properties":{"county":"Washita","legal":"24-11N-19W-IM","operator":"ADPARO, LLC","lease_name":"ALICE 3-24","api_number":"3514920787","reservoir":"GRANITE WASH","first_production":"1997-05-01","last_production":"2026-02-01"},"geometry":{"type":"Polygon","coordinates":[[[-99.1613537804318,35.4160096567156],[-99.1598537804188,35.4145096567026],[-99.1613537804318,35.4130096566896],[-99.1628537804448,35.4145096567026],[-99.1613537804318,35.4160096567156]]]}},{"type":"Feature","properties":{"county":"Washita","legal":"34-11N-19W-IM","operator":"PRESIDIO","lease_name":"HOFFMAN #1-34","api_number":"3514920778","reservoir":"DES MOINES","first_production":"1997-05-01","last_production":"2026-02-01"},"geometry":{"type":"Polygon","coordinates":[[[-99.1966583690099,35.3871227359706],[-99.1951583689968,35.3856227359576],[-99.1966583690099,35.3841227359445],[-99.1981583690229,35.3856227359576],[-99.1966583690099,35.3871227359706]]]}},{"type":"Feature","properties":{"county":"Washita","legal":"02-11N-20W-IM","operator":"KEY PRODUCTION","lease_name":"MECHEK 4-2","api_number":"3514920771","reservoir":"RED FORK","first_production":"1997-01-01","last_production":"2026-02-01"},"geometry":{"type":"Polygon","coordinates":[[[-99.2846662811492,35.4594691158125],[-99.2831662811362,35.4579691157995],[-99.2846662811492,35.4564691157864],[-99.2861662811622,35.4579691157995],[-99.2846662811492,35.4594691158125]]]}},{"type":"Feature","properties":{"county":"Washita","legal":"11-11N-20W-IM","operator":"KEY PRODUCTION","lease_name":"KEPHART 2-11","api_number":"3514920756","reservoir":"REDFORK (LOWER DES MOINES)","first_production":"1996-12-01","last_production":"2026-02-01"},"geometry":{"type":"Polygon","coordinates":[[[-99.2846361270368,35.4449912277728],[-99.2831361270238,35.4434912277597],[-99.2846361270368,35.4419912277467],[-99.2861361270499,35.4434912277597],[-99.2846361270368,35.4449912277728]]]}},{"type":"Feature","properties":{"county":"Washita","legal":"26-11N-19W-IM","operator":"BCE-MACH II LLC","lease_name":"AUSTIN #4-26","api_number":"3514920737","reservoir":"DES MOINES","first_production":"1996-06-01","last_production":"2026-02-01"},"geometry":{"type":"Polygon","coordinates":[[[-99.1789597026717,35.4014602700729],[-99.1774597026587,35.3999602700599],[-99.1789597026717,35.3984602700468],[-99.1804597026847,35.3999602700599],[-99.1789597026717,35.4014602700729]]]}},{"type":"Feature","properties":{"county":"Washita","legal":"03-11N-20W-IM","operator":"PRESIDIO","lease_name":"MECHEK #2-3","api_number":"3514920720","reservoir":"DES MOINES","first_production":"1995-12-01","last_production":"2026-02-01"},"geometry":{"type":"Polygon","coordinates":[[[-99.3023391910515,35.459425701605],[-99.3008391910385,35.457925701592],[-99.3023391910515,35.4564257015789],[-99.3038391910646,35.457925701592],[-99.3023391910515,35.459425701605]]]}},{"type":"Feature","properties":{"county":"Washita","legal":"19-11N-14W-IM","operator":"COTERRA ENERGY OPERATING CO","lease_name":"CLARENCE 2-19","api_number":"3514920690","reservoir":"MORROW/SPRINGER","first_production":"1995-06-01","last_production":"2026-02-01"},"geometry":{"type":"Polygon","coordinates":[[[-98.7203842572574,35.4152693449381],[-98.7188842572444,35.4137693449251],[-98.7203842572574,35.412269344912],[-98.7218842572705,35.4137693449251],[-98.7203842572574,35.4152693449381]]]}},{"type":"Feature","properties":{"county":"Washita","legal":"26-11N-19W-IM","operator":"BCE-MACH II LLC","lease_name":"STEPHENS #3-26","api_number":"3514920695","reservoir":"DES MOINES","first_production":"1995-03-01","last_production":"2026-02-01"},"geometry":{"type":"Polygon","coordinates":[[[-99.1789597026717,35.4014602700729],[-99.1774597026587,35.3999602700599],[-99.1789597026717,35.3984602700468],[-99.1804597026847,35.3999602700599],[-99.1789597026717,35.4014602700729]]]}},{"type":"Feature","properties":{"county":"Washita","legal":"01-11N-20W-IM","operator":"PRESIDIO","lease_name":"MEDDERS #4-1","api_number":"3514920701","reservoir":"LOWER DES MOINES","first_production":"1995-04-01","last_production":"2026-02-01"},"geometry":{"type":"Polygon","coordinates":[[[-99.2669655199703,35.4595409253018],[-99.2654655199573,35.4580409252888],[-99.2669655199703,35.4565409252757],[-99.2684655199834,35.4580409252888],[-99.2669655199703,35.4595409253018]]]}},{"type":"Feature","properties":{"county":"Washita","legal":"12-11N-20W-IM","operator":"UNBRIDLED RESOURCES LLC","lease_name":"BUSBY1-12; SPIEKER2-12","api_number":"3514920674;3514920714","reservoir":"ATOKA UPPER,DES MOINES LOWER","first_production":"1995-01-01","last_production":"2026-02-01"},"geometry":{"type":"Polygon","coordinates":[[[-99.2669398388717,35.4450277063548],[-99.2654398388587,35.4435277063418],[-99.2669398388717,35.4420277063288],[-99.2684398388848,35.4435277063418],[-99.2669398388717,35.4450277063548]]]}},{"type":"Feature","properties":{"county":"Washita","legal":"20-11N-14W-IM","operator":"COTERRA ENERGY OPERATING CO","lease_name":"FLAMING 2-20","api_number":"3514920677","reservoir":"SPRINGER","first_production":"1995-01-01","last_production":"2026-02-01"},"geometry":{"type":"Polygon","coordinates":[[[-98.7029030604074,35.4152498535155],[-98.7014030603944,35.4137498535024],[-98.7029030604074,35.4122498534894],[-98.7044030604204,35.4137498535024],[-98.7029030604074,35.4152498535155]]]}},{"type":"Feature","properties":{"county":"Washita","legal":"15-11N-20W-IM","operator":"DIVERSIFIED PRODUCTION LLC","lease_name":"LUTTMER 15 #1","api_number":"3514920672","reservoir":"RED FORK","first_production":"1995-01-01","last_production":"2026-02-01"},"geometry":{"type":"Polygon","coordinates":[[[-99.3023010318361,35.4304454791609],[-99.3008010318231,35.4289454791478],[-99.3023010318361,35.4274454791348],[-99.3038010318492,35.4289454791478],[-99.3023010318361,35.4304454791609]]]}},{"type":"Feature","properties":{"county":"Washita","legal":"27-11N-15W-IM","operator":"RIVIERA OPERATING","lease_name":"CARL #1","api_number":"3514920664","reservoir":"LWR & UPR BOATWRIGHT,PRIMROSE","first_production":"1995-01-01","last_production":"2026-02-01"},"geometry":{"type":"Polygon","coordinates":[[[-98.7735093897009,35.4011859516686],[-98.7720093896878,35.3996859516555],[-98.7735093897009,35.3981859516425],[-98.7750093897139,35.3996859516555],[-98.7735093897009,35.4011859516686]]]}},{"type":"Feature","properties":{"county":"Washita","legal":"10-11N-20W-IM","operator":"DIVERSIFIED PRODUCTION LLC","lease_name":"MCCOWN 10-1","api_number":"3514920650","reservoir":"LOWER DES MOINES","first_production":"1995-01-01","last_production":"2026-02-01"},"geometry":{"type":"Polygon","coordinates":[[[-99.3023104072758,35.4449247006132],[-99.3008104072627,35.4434247006002],[-99.3023104072758,35.4419247005871],[-99.3038104072888,35.4434247006002],[-99.3023104072758,35.4449247006132]]]}},{"type":"Feature","properties":{"county":"Washita","legal":"02-11N-20W-IM","operator":"PRESIDIO","lease_name":"GUNTER #1-2","api_number":"3514920652","reservoir":"UPPER ATOKA","first_production":"1995-01-01","last_production":"2026-02-01"},"geometry":{"type":"Polygon","coordinates":[[[-99.2846662811492,35.4594691158125],[-99.2831662811362,35.4579691157995],[-99.2846662811492,35.4564691157864],[-99.2861662811622,35.4579691157995],[-99.2846662811492,35.4594691158125]]]}},{"type":"Feature","properties":{"county":"Washita","legal":"09-11N-20W-IM","operator":"RIVIERA OPERATING","lease_name":"THOMPSON 1-9; 2-9","api_number":"3514920622;3514920569","reservoir":"RED FORK","first_production":"1995-01-01","last_production":"2026-02-01"},"geometry":{"type":"Polygon","coordinates":[[[-99.3200388547131,35.4448715502709],[-99.3185388547001,35.4433715502579],[-99.3200388547131,35.4418715502448],[-99.3215388547261,35.4433715502579],[-99.3200388547131,35.4448715502709]]]}},{"type":"Feature","properties":{"county":"Washita","legal":"10-11N-20W-IM","operator":"RIVIERA OPERATING","lease_name":"KEPHART #1-10;KINCAID#1","api_number":"3514920612;3514920558","reservoir":"REDFORK","first_production":"1995-01-01","last_production":"2026-02-01"},"geometry":{"type":"Polygon","coordinates":[[[-99.3023104072758,35.4449247006132],[-99.3008104072627,35.4434247006002],[-99.3023104072758,35.4419247005871],[-99.3038104072888,35.4434247006002],[-99.3023104072758,35.4449247006132]]]}},{"type":"Feature","properties":{"county":"Washita","legal":"17-11N-14W-IM","operator":"PRESIDIO","lease_name":"SCALES #1-17","api_number":"3514920469","reservoir":"BOATWRIGHT,MORROW","first_production":"1995-01-01","last_production":"2026-02-01"},"geometry":{"type":"Polygon","coordinates":[[[-98.70296822864,35.4297482131511],[-98.701468228627,35.4282482131381],[-98.70296822864,35.4267482131251],[-98.7044682286531,35.4282482131381],[-98.70296822864,35.4297482131511]]]}},{"type":"Feature","properties":{"county":"Washita","legal":"35-11N-19W-IM","operator":"PRESIDIO","lease_name":"ROWLAN 1-35","api_number":"3514920446","reservoir":"GRANITE WASH","first_production":"1995-01-01","last_production":"2026-02-01"},"geometry":{"type":"Polygon","coordinates":[[[-99.1790192046374,35.3870838168179],[-99.1775192046244,35.3855838168049],[-99.1790192046374,35.3840838167919],[-99.1805192046504,35.3855838168049],[-99.1790192046374,35.3870838168179]]]}},{"type":"Feature","properties":{"county":"Washita","legal":"26-11N-19W-IM","operator":"BCE-MACH II LLC","lease_name":"STEPHENS#1-26","api_number":"3514920416","reservoir":"DES MOINES","first_production":"2001-10-01","last_production":"2026-02-01"},"geometry":{"type":"Polygon","coordinates":[[[-99.1789597026717,35.4014602700729],[-99.1774597026587,35.3999602700599],[-99.1789597026717,35.3984602700468],[-99.1804597026847,35.3999602700599],[-99.1789597026717,35.4014602700729]]]}},{"type":"Feature","properties":{"county":"Washita","legal":"03-11N-14W-IM","operator":"KAISER FRANCIS","lease_name":"WILLIAMS 1-3","api_number":"3514920410","reservoir":"SPRINGER,BRITT SAND","first_production":"1995-01-01","last_production":"2026-02-01"},"geometry":{"type":"Polygon","coordinates":[[[-98.6674347055781,35.4585837312384],[-98.6659347055651,35.4570837312254],[-98.6674347055781,35.4555837312124],[-98.6689347055912,35.4570837312254],[-98.6674347055781,35.4585837312384]]]}},{"type":"Feature","properties":{"county":"Washita","legal":"18-11N-19W-IM","operator":"GLACIER PETROLEUM CO OKLAHOMA INC.","lease_name":"DALE TWYMAN 1-18","api_number":"3514920374","reservoir":"ATOKA","first_production":"1995-01-01","last_production":"2026-02-01"},"geometry":{"type":"Polygon","coordinates":[[[-99.2495288911,35.4306765164526],[-99.2480288910869,35.4291765164395],[-99.2495288911,35.4276765164265],[-99.251028891113,35.4291765164395],[-99.2495288911,35.4306765164526]]]}},{"type":"Feature","properties":{"county":"Washita","legal":"01-11N-14W-IM","operator":"CIMAREX ENERGY","lease_name":"NOBLE 1-1","api_number":"3514920401","reservoir":"BRITT SAND","first_production":"1995-01-01","last_production":"2026-02-01"},"geometry":{"type":"Polygon","coordinates":[[[-98.6320213495341,35.4585646127022],[-98.6305213495211,35.4570646126892],[-98.6320213495341,35.4555646126761],[-98.6335213495472,35.4570646126892],[-98.6320213495341,35.4585646127022]]]}},{"type":"Feature","properties":{"county":"Washita","legal":"20-11N-19W-IM","operator":"UNIT","lease_name":"SPITZ #1-20","api_number":"3514920525","reservoir":"GRANITE WASH","first_production":"1995-01-01","last_production":"2026-02-01"},"geometry":{"type":"Polygon","coordinates":[[[-99.2320712175465,35.416195570144],[-99.2305712175335,35.4146955701309],[-99.2320712175465,35.4131955701179],[-99.2335712175595,35.4146955701309],[-99.2320712175465,35.416195570144]]]}},{"type":"Feature","properties":{"county":"Washita","legal":"20-11N-19W-IM","operator":"UNIT","lease_name":"EDLER 1-20","api_number":"3514920403","reservoir":"GRANITE WASH","first_production":"1995-01-01","last_production":"2026-02-01"},"geometry":{"type":"Polygon","coordinates":[[[-99.2320712175465,35.416195570144],[-99.2305712175335,35.4146955701309],[-99.2320712175465,35.4131955701179],[-99.2335712175595,35.4146955701309],[-99.2320712175465,35.416195570144]]]}},{"type":"Feature","properties":{"county":"Washita","legal":"06-11N-15W-IM","operator":"KAISER FRANCIS","lease_name":"HARVEY #1-6","api_number":"3514920322","reservoir":"ATOKA, RED FORK","first_production":"1995-01-01","last_production":"2026-02-01"},"geometry":{"type":"Polygon","coordinates":[[[-98.8263997155107,35.4593232872252],[-98.8248997154977,35.4578232872121],[-98.8263997155107,35.4563232871991],[-98.8278997155238,35.4578232872121],[-98.8263997155107,35.4593232872252]]]}},{"type":"Feature","properties":{"county":"Washita","legal":"14-11N-18W-IM","operator":"CANVAS ENERGY LLC","lease_name":"GUNTER #1-14","api_number":"3514920263","reservoir":"UPPER MORROW","first_production":"1995-01-01","last_production":"2026-02-01"},"geometry":{"type":"Polygon","coordinates":[[[-99.0727081472831,35.430557991833],[-99.07120814727,35.42905799182],[-99.0727081472831,35.427557991807],[-99.0742081472961,35.42905799182],[-99.0727081472831,35.430557991833]]]}},{"type":"Feature","properties":{"county":"Washita","legal":"16-11N-18W-IM","operator":"UNIT","lease_name":"DERBY #1-16","api_number":"3514920249","reservoir":"MORROW","first_production":"1995-01-01","last_production":"2026-02-01"},"geometry":{"type":"Polygon","coordinates":[[[-99.1082795280713,35.4305059706334],[-99.1067795280583,35.4290059706204],[-99.1082795280713,35.4275059706073],[-99.1097795280844,35.4290059706204],[-99.1082795280713,35.4305059706334]]]}},{"type":"Feature","properties":{"county":"Washita","legal":"11-11N-18W-IM","operator":"YALE OIL ASSOC","lease_name":"CHARTER A 1-11","api_number":"3514920254","reservoir":"MORROW","first_production":"1995-01-01","last_production":"2026-02-01"},"geometry":{"type":"Polygon","coordinates":[[[-99.0726854532033,35.4449786093516],[-99.0711854531903,35.4434786093386],[-99.0726854532033,35.4419786093255],[-99.0741854532164,35.4434786093386],[-99.0726854532033,35.4449786093516]]]}},{"type":"Feature","properties":{"county":"Washita","legal":"27-11N-18W-IM","operator":"PRESIDIO","lease_name":"ANTELOPE #2-27","api_number":"3514920490","reservoir":"GRANITE WASH","first_production":"1995-01-01","last_production":"2026-02-01"},"geometry":{"type":"Polygon","coordinates":[[[-99.0904347894994,35.40148723275],[-99.0889347894864,35.399987232737],[-99.0904347894994,35.398487232724],[-99.0919347895124,35.399987232737],[-99.0904347894994,35.40148723275]]]}},{"type":"Feature","properties":{"county":"Washita","legal":"03-11N-16W-IM","operator":"KAISER FRANCIS","lease_name":"GILES #1-3","api_number":"3514920245","reservoir":"ATOKA","first_production":"1995-01-01","last_production":"2026-02-01"},"geometry":{"type":"Polygon","coordinates":[[[-98.8792423297581,35.4593571931407],[-98.877742329745,35.4578571931277],[-98.8792423297581,35.4563571931146],[-98.8807423297711,35.4578571931277],[-98.8792423297581,35.4593571931407]]]}},{"type":"Feature","properties":{"county":"Washita","legal":"02-11N-20W-IM","operator":"SKYCAP ENERGY","lease_name":"MUSIC #1-2","api_number":"3514920491","reservoir":"ATOKA","first_production":"1995-01-01","last_production":"2026-02-01"},"geometry":{"type":"Polygon","coordinates":[[[-99.2846662811492,35.4594691158125],[-99.2831662811362,35.4579691157995],[-99.2846662811492,35.4564691157864],[-99.2861662811622,35.4579691157995],[-99.2846662811492,35.4594691158125]]]}},{"type":"Feature","properties":{"county":"Washita","legal":"02-11N-20W-IM","operator":"SKYCAP ENERGY","lease_name":"HARRELL #1-2","api_number":"3514920098","reservoir":"SPRINGER","first_production":"1995-01-01","last_production":"2026-02-01"},"geometry":{"type":"Polygon","coordinates":[[[-99.2846662811492,35.4594691158125],[-99.2831662811362,35.4579691157995],[-99.2846662811492,35.4564691157864],[-99.2861662811622,35.4579691157995],[-99.2846662811492,35.4594691158125]]]}},{"type":"Feature","properties":{"county":"Washita","legal":"12-11N-17W-IM","operator":"MITO RESCOURCES LLC","lease_name":"REIMER WELL #1-12","api_number":"3514920188","reservoir":"MORROW, SKINNER","first_production":"1995-01-01","last_production":"2026-02-01"},"geometry":{"type":"Polygon","coordinates":[[[-98.9495247620717,35.4448495456105],[-98.9480247620587,35.4433495455975],[-98.9495247620717,35.4418495455844],[-98.9510247620847,35.4433495455975],[-98.9495247620717,35.4448495456105]]]}},{"type":"Feature","properties":{"county":"Washita","legal":"35-11N-18W-IM","operator":"BCE-MACH II LLC","lease_name":"WETER #2-35","api_number":"3514920520","reservoir":"GRANITE WASH","first_production":"1995-01-01","last_production":"2026-02-01"},"geometry":{"type":"Polygon","coordinates":[[[-99.0727868220246,35.3870026043552],[-99.0712868220116,35.3855026043422],[-99.0727868220246,35.3840026043291],[-99.0742868220377,35.3855026043422],[-99.0727868220246,35.3870026043552]]]}},{"type":"Feature","properties":{"county":"Washita","legal":"17-11N-19W-IM","operator":"GLACIER PETROLEUM CO OKLAHOMA INC.","lease_name":"TWYMAN 1-17","api_number":"3514920206","reservoir":"ATOKA","first_production":"1995-01-01","last_production":"2026-02-01"},"geometry":{"type":"Polygon","coordinates":[[[-99.2321108468071,35.4307578913697],[-99.2306108467941,35.4292578913567],[-99.2321108468071,35.4277578913437],[-99.2336108468202,35.4292578913567],[-99.2321108468071,35.4307578913697]]]}},{"type":"Feature","properties":{"county":"Washita","legal":"10-11N-15W-IM","operator":"COTERRA ENERGY OPERATING CO","lease_name":"VOGT #1-10","api_number":"3514920187","reservoir":"SPRINGER","first_production":"1995-01-01","last_production":"2026-02-01"},"geometry":{"type":"Polygon","coordinates":[[[-98.7735080271357,35.4446345596756],[-98.7720080271227,35.4431345596625],[-98.7735080271357,35.4416345596495],[-98.7750080271488,35.4431345596625],[-98.7735080271357,35.4446345596756]]]}},{"type":"Feature","properties":{"county":"Washita","legal":"29-11N-14W-IM","operator":"BLAKE PRODUCTION","lease_name":"CROWDER #1-29","api_number":"3514920119","reservoir":"SPRINGER C","first_production":"1995-01-01","last_production":"2026-02-01"},"geometry":{"type":"Polygon","coordinates":[[[-98.7028719369364,35.4007501405966],[-98.7013719369234,35.3992501405836],[-98.7028719369364,35.3977501405705],[-98.7043719369495,35.3992501405836],[-98.7028719369364,35.4007501405966]]]}},{"type":"Feature","properties":{"county":"Washita","legal":"24-11N-15W-IM","operator":"RIVIERA OPERATING","lease_name":"MARIE HAMBURGER #1-24","api_number":"3514920099","reservoir":"SPRINGER","first_production":"1995-01-01","last_production":"2026-02-01"},"geometry":{"type":"Polygon","coordinates":[[[-98.7379318020608,35.4153446869428],[-98.7364318020477,35.4138446869297],[-98.7379318020608,35.4123446869167],[-98.7394318020738,35.4138446869297],[-98.7379318020608,35.4153446869428]]]}},{"type":"Feature","properties":{"county":"Washita","legal":"19-11N-14W-IM","operator":"COTERRA ENERGY OPERATING CO","lease_name":"CLARENCE 1-19","api_number":"3514920111","reservoir":"SPRINGER","first_production":"1995-01-01","last_production":"2026-02-01"},"geometry":{"type":"Polygon","coordinates":[[[-98.7203842572574,35.4152693449381],[-98.7188842572444,35.4137693449251],[-98.7203842572574,35.412269344912],[-98.7218842572705,35.4137693449251],[-98.7203842572574,35.4152693449381]]]}},{"type":"Feature","properties":{"county":"Washita","legal":"19-11N-14W-IM","operator":"COTERRA ENERGY OPERATING CO","lease_name":"CLARENCE #1-19","api_number":"3514920111","reservoir":"SPRINGER","first_production":"1995-01-01","last_production":"2026-02-01"},"geometry":{"type":"Polygon","coordinates":[[[-98.7203842572574,35.4152693449381],[-98.7188842572444,35.4137693449251],[-98.7203842572574,35.412269344912],[-98.7218842572705,35.4137693449251],[-98.7203842572574,35.4152693449381]]]}},{"type":"Feature","properties":{"county":"Washita","legal":"18-11N-14W-IM","operator":"COTERRA ENERGY OPERATING CO","lease_name":"TALL BEAR #2-18","api_number":"3514920739","reservoir":"SPRINGER","first_production":"1995-01-01","last_production":"2026-02-01"},"geometry":{"type":"Polygon","coordinates":[[[-98.7204562867711,35.429678669312],[-98.7189562867581,35.428178669299],[-98.7204562867711,35.4266786692859],[-98.7219562867842,35.428178669299],[-98.7204562867711,35.429678669312]]]}},{"type":"Feature","properties":{"county":"Washita","legal":"18-11N-14W-IM","operator":"COTERRA ENERGY OPERATING CO","lease_name":"TALL BEAR #1-18","api_number":"3514920167","reservoir":"SPRINGER","first_production":"1995-01-01","last_production":"2026-02-01"},"geometry":{"type":"Polygon","coordinates":[[[-98.7204562867711,35.429678669312],[-98.7189562867581,35.428178669299],[-98.7204562867711,35.4266786692859],[-98.7219562867842,35.428178669299],[-98.7204562867711,35.429678669312]]]}},{"type":"Feature","properties":{"county":"Washita","legal":"20-11N-14W-IM","operator":"BCE-MACH III LLC","lease_name":"FLAMING 1-20","api_number":"3514920110;3514920082","reservoir":"SPRINGER","first_production":"1995-01-01","last_production":"2026-02-01"},"geometry":{"type":"Polygon","coordinates":[[[-98.7029030604074,35.4152498535155],[-98.7014030603944,35.4137498535024],[-98.7029030604074,35.4122498534894],[-98.7044030604204,35.4137498535024],[-98.7029030604074,35.4152498535155]]]}},{"type":"Feature","properties":{"county":"Washita","legal":"13-11N-15W-IM","operator":"COTERRA ENERGY OPERATING CO","lease_name":"DAVID 3-13","api_number":"3514920628","reservoir":"RED FORK","first_production":"1995-01-01","last_production":"2026-02-01"},"geometry":{"type":"Polygon","coordinates":[[[-98.7379466069622,35.4298308095668],[-98.7364466069492,35.4283308095537],[-98.7379466069622,35.4268308095407],[-98.7394466069752,35.4283308095537],[-98.7379466069622,35.4298308095668]]]}},{"type":"Feature","properties":{"county":"Washita","legal":"13-11N-15W-IM","operator":"BCE-MACH III LLC","lease_name":"DAVID #2-13","api_number":"3514920568","reservoir":"SPRINGER","first_production":"1995-01-01","last_production":"2026-02-01"},"geometry":{"type":"Polygon","coordinates":[[[-98.7379466069622,35.4298308095668],[-98.7364466069492,35.4283308095537],[-98.7379466069622,35.4268308095407],[-98.7394466069752,35.4283308095537],[-98.7379466069622,35.4298308095668]]]}},{"type":"Feature","properties":{"county":"Washita","legal":"13-11N-15W-IM","operator":"COTERRA ENERGY OPERATING CO","lease_name":"DAVID #1-13","api_number":"3514920090","reservoir":"MORROW-SPRINGER","first_production":"1995-01-01","last_production":"2026-02-01"},"geometry":{"type":"Polygon","coordinates":[[[-98.7379466069622,35.4298308095668],[-98.7364466069492,35.4283308095537],[-98.7379466069622,35.4268308095407],[-98.7394466069752,35.4283308095537],[-98.7379466069622,35.4298308095668]]]}},{"type":"Feature","properties":{"county":"Washita","legal":"03-11N-20W-IM","operator":"SKYCAP ENERGY","lease_name":"MECHEK #1-3","api_number":"3514920588","reservoir":"LOWER DESMOINES","first_production":"1995-01-01","last_production":"2026-02-01"},"geometry":{"type":"Polygon","coordinates":[[[-99.3023391910515,35.459425701605],[-99.3008391910385,35.457925701592],[-99.3023391910515,35.4564257015789],[-99.3038391910646,35.457925701592],[-99.3023391910515,35.459425701605]]]}},{"type":"Feature","properties":{"county":"Washita","legal":"11-11N-15W-IM","operator":"COTERRA ENERGY OPERATING CO","lease_name":"KATIE 1A-11","api_number":"3514920565","reservoir":"RED FORK","first_production":"1995-01-01","last_production":"2026-02-01"},"geometry":{"type":"Polygon","coordinates":[[[-98.755763894182,35.4445156065687],[-98.754263894169,35.4430156065556],[-98.755763894182,35.4415156065426],[-98.757263894195,35.4430156065556],[-98.755763894182,35.4445156065687]]]}},{"type":"Feature","properties":{"county":"Washita","legal":"11-11N-15W-IM","operator":"COTERRA ENERGY OPERATING CO","lease_name":"KATIE #1-11","api_number":"3514920116","reservoir":"MORROW-SPRINGER","first_production":"1995-01-01","last_production":"2026-02-01"},"geometry":{"type":"Polygon","coordinates":[[[-98.755763894182,35.4445156065687],[-98.754263894169,35.4430156065556],[-98.755763894182,35.4415156065426],[-98.757263894195,35.4430156065556],[-98.755763894182,35.4445156065687]]]}},{"type":"Feature","properties":{"county":"Washita","legal":"01-11N-20W-IM","operator":"PRESIDIO","lease_name":"GREEN #2-1","api_number":"3514920670","reservoir":"LOWER DES MOINES/UPPER ATOKA","first_production":"1995-01-01","last_production":"2026-02-01"},"geometry":{"type":"Polygon","coordinates":[[[-99.2669655199703,35.4595409253018],[-99.2654655199573,35.4580409252888],[-99.2669655199703,35.4565409252757],[-99.2684655199834,35.4580409252888],[-99.2669655199703,35.4595409253018]]]}},{"type":"Feature","properties":{"county":"Washita","legal":"01-11N-20W-IM","operator":"PRESIDIO","lease_name":"GREEN #1-1","api_number":"3514920657","reservoir":"DES MOINES","first_production":"1995-01-01","last_production":"2026-02-01"},"geometry":{"type":"Polygon","coordinates":[[[-99.2669655199703,35.4595409253018],[-99.2654655199573,35.4580409252888],[-99.2669655199703,35.4565409252757],[-99.2684655199834,35.4580409252888],[-99.2669655199703,35.4595409253018]]]}},{"type":"Feature","properties":{"county":"Washita","legal":"01-11N-20W-IM","operator":"PRESIDIO","lease_name":"TOLLE  #2-1","api_number":"3514920586;3514920120","reservoir":"ATOKA,DES MOINES","first_production":"1995-01-01","last_production":"2026-02-01"},"geometry":{"type":"Polygon","coordinates":[[[-99.2669655199703,35.4595409253018],[-99.2654655199573,35.4580409252888],[-99.2669655199703,35.4565409252757],[-99.2684655199834,35.4580409252888],[-99.2669655199703,35.4595409253018]]]}},{"type":"Feature","properties":{"county":"Washita","legal":"01-11N-20W-IM","operator":"PRESIDIO","lease_name":"TOLLE #1","api_number":"3514920120","reservoir":"ATOKA","first_production":"1995-01-01","last_production":"2026-02-01"},"geometry":{"type":"Polygon","coordinates":[[[-99.2669655199703,35.4595409253018],[-99.2654655199573,35.4580409252888],[-99.2669655199703,35.4565409252757],[-99.2684655199834,35.4580409252888],[-99.2669655199703,35.4595409253018]]]}},{"type":"Feature","properties":{"county":"Washita","legal":"14-11N-15W-IM","operator":"COTERRA ENERGY OPERATING CO","lease_name":"BROWN FOUNDATION 3-14","api_number":"3514920632","reservoir":"REDFORK","first_production":"1995-01-01","last_production":"2026-02-01"},"geometry":{"type":"Polygon","coordinates":[[[-98.7557432760154,35.4299934796307],[-98.7542432760024,35.4284934796177],[-98.7557432760154,35.4269934796047],[-98.7572432760284,35.4284934796177],[-98.7557432760154,35.4299934796307]]]}},{"type":"Feature","properties":{"county":"Washita","legal":"14-11N-15W-IM","operator":"COTERRA ENERGY OPERATING CO","lease_name":"BROWN FOUNDATION 2-14","api_number":"3514920619","reservoir":"SPRINGER","first_production":"1995-01-01","last_production":"2026-02-01"},"geometry":{"type":"Polygon","coordinates":[[[-98.7557432760154,35.4299934796307],[-98.7542432760024,35.4284934796177],[-98.7557432760154,35.4269934796047],[-98.7572432760284,35.4284934796177],[-98.7557432760154,35.4299934796307]]]}},{"type":"Feature","properties":{"county":"Washita","legal":"14-11N-15W-IM","operator":"COTERRA ENERGY OPERATING CO","lease_name":"BROWN FOUNDATION 1-14","api_number":"3514920051","reservoir":"MORROW, SPRINGER","first_production":"1995-01-01","last_production":"2026-02-01"},"geometry":{"type":"Polygon","coordinates":[[[-98.7557432760154,35.4299934796307],[-98.7542432760024,35.4284934796177],[-98.7557432760154,35.4269934796047],[-98.7572432760284,35.4284934796177],[-98.7557432760154,35.4299934796307]]]}},{"type":"Feature","properties":{"county":"Washita","legal":"14-11N-20W-IM","operator":"LARKSPUR OPERATING LLC","lease_name":"WEBB #1","api_number":"3514920039","reservoir":"CHEROKEE(RED FORK)","first_production":"1995-01-01","last_production":"2026-02-01"},"geometry":{"type":"Polygon","coordinates":[[[-99.2846062322613,35.4305454593192],[-99.2831062322483,35.4290454593061],[-99.2846062322613,35.4275454592931],[-99.2861062322744,35.4290454593061],[-99.2846062322613,35.4305454593192]]]}},{"type":"Feature","properties":{"county":"Washita","legal":"11-11N-20W-IM","operator":"SKYCAP ENERGY","lease_name":"HARRELL-MERZ #1-11","api_number":"3514920474","reservoir":"ATOKA","first_production":"1995-04-01","last_production":"2026-02-01"},"geometry":{"type":"Polygon","coordinates":[[[-99.2846361270368,35.4449912277728],[-99.2831361270238,35.4434912277597],[-99.2846361270368,35.4419912277467],[-99.2861361270499,35.4434912277597],[-99.2846361270368,35.4449912277728]]]}},{"type":"Feature","properties":{"county":"Roger Mills","legal":"15-13N-22W-IM","operator":"MEWBOURNE","api_number":"3512900013","reservoir":"50","first_production":"2025-12-01","last_production":"2026-02-01"},"geometry":{"type":"Polygon","coordinates":[[[-99.5270218212831,35.6041891031029],[-99.5255218212701,35.6026891030898],[-99.5270218212831,35.6011891030768],[-99.5285218212962,35.6026891030898],[-99.5270218212831,35.6041891031029]]]}},{"type":"Feature","properties":{"county":"Roger Mills","legal":"12-13N-23W-IM","operator":"MEWBOURNE","lease_name":"1H","api_number":"3512924197","reservoir":"CHEROKEE","first_production":"2025-09-01","last_production":"2026-02-01"},"geometry":{"type":"Polygon","coordinates":[[[-99.5977977048408,35.6185877538262],[-99.5962977048278,35.6170877538131],[-99.5977977048408,35.6155877538001],[-99.5992977048539,35.6170877538131],[-99.5977977048408,35.6185877538262]]]}},{"type":"Feature","properties":{"county":"Roger Mills","legal":"01-12N-21W-IM","operator":"MEWBOURNE","lease_name":"CARPENTER 12/1 OB","api_number":"3512924169","reservoir":"DES MOINES","first_production":"2025-05-01","last_production":"2026-02-01"},"geometry":{"type":"Polygon","coordinates":[[[-99.3729558683886,35.5462710642083],[-99.3714558683756,35.5447710641952],[-99.3729558683886,35.5432710641822],[-99.3744558684017,35.5447710641952],[-99.3729558683886,35.5462710642083]]]}},{"type":"Feature","properties":{"county":"Roger Mills","legal":"03-13N-22W-IM","operator":"MEWBOURNE","lease_name":"DEWAYNE 3-34 NC FEE COM","api_number":"3512900014","reservoir":"DES MOINES","first_production":"2025-12-01","last_production":"2026-02-01"},"geometry":{"type":"Polygon","coordinates":[[[-99.5270063308205,35.6333000763927],[-99.5255063308075,35.6318000763796],[-99.5270063308205,35.6303000763666],[-99.5285063308335,35.6318000763796],[-99.5270063308205,35.6333000763927]]]}},{"type":"Feature","properties":{"county":"Roger Mills","legal":"03-13N-21W-IM","operator":"MEWBOURNE","lease_name":"1H","api_number":"3512900035","reservoir":"CHEROKEE","first_production":"2025-11-01","last_production":"2026-02-01"},"geometry":{"type":"Polygon","coordinates":[[[-99.4212171624366,35.6329190442586],[-99.4197171624236,35.6314190442455],[-99.4212171624366,35.6299190442325],[-99.4227171624497,35.6314190442455],[-99.4212171624366,35.6329190442586]]]}},{"type":"Feature","properties":{"county":"Roger Mills","legal":"14-11N-23W-IM","operator":"CRAWLEY PETROLEUM","lease_name":"MOORE 4-14H","api_number":"3512923675","reservoir":"CHEROKEE UP","first_production":"2019-01-01","last_production":"2026-02-01"},"geometry":{"type":"Polygon","coordinates":[[[-99.6020612676459,35.4301738037278],[-99.6005612676329,35.4286738037148],[-99.6020612676459,35.4271738037017],[-99.6035612676589,35.4286738037148],[-99.6020612676459,35.4301738037278]]]}},{"type":"Feature","properties":{"county":"Beckham","legal":"24-11N-23W-IM","operator":"JMA ENERGY","lease_name":"PLUMMER WOODS 1-13H","api_number":"3500921995","reservoir":"MARMATON","first_production":"2018-09-01","last_production":"2026-02-01"},"geometry":{"type":"Polygon","coordinates":[[[-99.5843399919156,35.4157523023491],[-99.5828399919025,35.414252302336],[-99.5843399919156,35.412752302323],[-99.5858399919286,35.414252302336],[-99.5843399919156,35.4157523023491]]]}},{"type":"Feature","properties":{"county":"Roger Mills","legal":"12-11N-23W-IM","operator":"JMA ENERGY","lease_name":"CAMPBELL 3-12H","api_number":"3512924111","reservoir":"MARMATON","first_production":"2018-08-01","last_production":"2026-02-01"},"geometry":{"type":"Polygon","coordinates":[[[-99.5843482080754,35.4447214130482],[-99.5828482080623,35.4432214130351],[-99.5843482080754,35.4417214130221],[-99.5858482080884,35.4432214130351],[-99.5843482080754,35.4447214130482]]]}},{"type":"Feature","properties":{"county":"Roger Mills","legal":"13-11N-23W-IM","operator":"JMA ENERGY","lease_name":"HUTSON FARMS 3-13H","api_number":"3512923515","reservoir":"MARMATON","first_production":"2017-10-01","last_production":"2026-02-01"},"geometry":{"type":"Polygon","coordinates":[[[-99.5842673500978,35.4302167825085],[-99.5827673500848,35.4287167824954],[-99.5842673500978,35.4272167824824],[-99.5857673501109,35.4287167824954],[-99.5842673500978,35.4302167825085]]]}},{"type":"Feature","properties":{"county":"Roger Mills","legal":"03-11N-23W-IM","operator":"PRESIDIO","lease_name":"GOODWIN FAMILY 2H-3","api_number":"3512924081","reservoir":"MARMATON","first_production":"2016-11-01","last_production":"2026-02-01"},"geometry":{"type":"Polygon","coordinates":[[[-99.6198531670116,35.4593210499655],[-99.6183531669985,35.4578210499524],[-99.6198531670116,35.4563210499394],[-99.6213531670246,35.4578210499524],[-99.6198531670116,35.4593210499655]]]}},{"type":"Feature","properties":{"county":"Roger Mills","legal":"04-11N-23W-IM","operator":"UNBRIDLED RESOURCES LLC","lease_name":"MATTHEWS 1-4HC","api_number":"3512924075","reservoir":"MARMATON","first_production":"2016-07-01","last_production":"2026-02-01"},"geometry":{"type":"Polygon","coordinates":[[[-99.6376260189576,35.4592955369019],[-99.6361260189446,35.4577955368889],[-99.6376260189576,35.4562955368758],[-99.6391260189707,35.4577955368889],[-99.6376260189576,35.4592955369019]]]}},{"type":"Feature","properties":{"county":"Roger Mills","legal":"03-11N-23W-IM","operator":"PRESIDIO","lease_name":"GOODWIN FAMILY 1H-3","api_number":"3512924065","reservoir":"MARMATON","first_production":"2016-01-01","last_production":"2026-02-01"},"geometry":{"type":"Polygon","coordinates":[[[-99.6198531670116,35.4593210499655],[-99.6183531669985,35.4578210499524],[-99.6198531670116,35.4563210499394],[-99.6213531670246,35.4578210499524],[-99.6198531670116,35.4593210499655]]]}},{"type":"Feature","properties":{"county":"Roger Mills","legal":"02-11N-23W-IM","operator":"BCE-MACH II LLC","lease_name":"HALL 2-2HB-R","api_number":"3512924020","reservoir":"DES MOINES","first_production":"2015-01-01","last_production":"2026-02-01"},"geometry":{"type":"Polygon","coordinates":[[[-99.6020771600282,35.4593210694597],[-99.6005771600151,35.4578210694466],[-99.6020771600282,35.4563210694336],[-99.6035771600412,35.4578210694466],[-99.6020771600282,35.4593210694597]]]}},{"type":"Feature","properties":{"county":"Roger Mills","legal":"05-13N-23W-IM","operator":"UNBRIDLED RESOURCES LLC","lease_name":"LOVETT 5-13-23 1H","api_number":"3512923984","reservoir":"VIRGILIAN","first_production":"2014-11-01","last_production":"2026-02-01"},"geometry":{"type":"Polygon","coordinates":[[[-99.6688308055529,35.6331319335861],[-99.6673308055399,35.631631933573],[-99.6688308055529,35.63013193356],[-99.670330805566,35.631631933573],[-99.6688308055529,35.6331319335861]]]}},{"type":"Feature","properties":{"county":"Roger Mills","legal":"04-13N-23W-IM","operator":"UNBRIDLED RESOURCES LLC","lease_name":"PARKER 4-13-23 1H","api_number":"3512923950","reservoir":"TONKAWA","first_production":"2014-10-01","last_production":"2026-02-01"},"geometry":{"type":"Polygon","coordinates":[[[-99.6509902829689,35.6331751732122],[-99.6494902829559,35.6316751731991],[-99.6509902829689,35.6301751731861],[-99.652490282982,35.6316751731991],[-99.6509902829689,35.6331751732122]]]}},{"type":"Feature","properties":{"county":"Roger Mills","legal":"23-12N-23W-IM","operator":"PRESIDIO","lease_name":"JAMIE GWYN 23-12-23 1H","api_number":"3512923952","reservoir":"COTTAGE GROVE","first_production":"2014-09-01","last_production":"2026-02-01"},"geometry":{"type":"Polygon","coordinates":[[[-99.602078263283,35.5028063475688],[-99.60057826327,35.5013063475558],[-99.602078263283,35.4998063475427],[-99.6035782632961,35.5013063475558],[-99.602078263283,35.5028063475688]]]}},{"type":"Feature","properties":{"county":"Roger Mills","legal":"24-12N-23W-IM","operator":"PRESIDIO","lease_name":"JIM 24-12-23 1H","api_number":"3512923943","reservoir":"COTTAGE GROVE","first_production":"2014-09-01","last_production":"2026-02-01"},"geometry":{"type":"Polygon","coordinates":[[[-99.5844265486142,35.5029002791795],[-99.5829265486012,35.5014002791665],[-99.5844265486142,35.4999002791534],[-99.5859265486273,35.5014002791665],[-99.5844265486142,35.5029002791795]]]}},{"type":"Feature","properties":{"county":"Roger Mills","legal":"06-13N-23W-IM","operator":"PRESIDIO","lease_name":"BURNS 1H-6","api_number":"3512923948","reservoir":"TONKAWA","first_production":"2014-09-01","last_production":"2026-02-01"},"geometry":{"type":"Polygon","coordinates":[[[-99.6865695584016,35.6331103437487],[-99.6850695583885,35.6316103437356],[-99.6865695584016,35.6301103437226],[-99.6880695584146,35.6316103437356],[-99.6865695584016,35.6331103437487]]]}},{"type":"Feature","properties":{"county":"Roger Mills","legal":"07-13N-23W-IM","operator":"PRESIDIO","lease_name":"BURNS 1H-7","api_number":"3512923949","reservoir":"TONKAWA","first_production":"2014-09-01","last_production":"2026-02-01"},"geometry":{"type":"Polygon","coordinates":[[[-99.6867937754344,35.618598410403],[-99.6852937754214,35.61709841039],[-99.6867937754344,35.615598410377],[-99.6882937754474,35.61709841039],[-99.6867937754344,35.618598410403]]]}},{"type":"Feature","properties":{"county":"Beckham","legal":"19-12N-22W-IM","operator":"PRESIDIO","lease_name":"TAYLOR 19-12-22 1H","api_number":"3512923909","reservoir":"COTTAGE GROVE","first_production":"2014-04-01","last_production":"2026-02-01"},"geometry":{"type":"Polygon","coordinates":[[[-99.5668768721527,35.5030203676648],[-99.5653768721397,35.5015203676518],[-99.5668768721527,35.5000203676387],[-99.5683768721658,35.5015203676518],[-99.5668768721527,35.5030203676648]]]}},{"type":"Feature","properties":{"county":"Roger Mills","legal":"12-12N-24W-IM","operator":"UNBRIDLED RESOURCES LLC","lease_name":"KIRK 12-12-24 1H","api_number":"3512923678","reservoir":"TONKAWA","first_production":"2012-11-01","last_production":"2026-02-01"},"geometry":{"type":"Polygon","coordinates":[[[-99.6906333477742,35.5319286971771],[-99.6891333477612,35.5304286971641],[-99.6906333477742,35.528928697151],[-99.6921333477873,35.5304286971641],[-99.6906333477742,35.5319286971771]]]}},{"type":"Feature","properties":{"county":"Roger Mills","legal":"05-13N-23W-IM","operator":"UNBRIDLED RESOURCES LLC","lease_name":"BURNS 5-13-23 1H","api_number":"3512923625","reservoir":"VIRGILIAN","first_production":"2012-06-01","last_production":"2026-02-01"},"geometry":{"type":"Polygon","coordinates":[[[-99.6688308055529,35.6331319335861],[-99.6673308055399,35.631631933573],[-99.6688308055529,35.63013193356],[-99.670330805566,35.631631933573],[-99.6688308055529,35.6331319335861]]]}},{"type":"Feature","properties":{"county":"Roger Mills","legal":"11-11N-23W-IM","operator":"DIVERSIFIED PRODUCTION LLC","lease_name":"KIRK 6-11H","api_number":"3512923593;3512923599","reservoir":"COTTAGE GROVE","first_production":"2012-04-01","last_production":"2026-02-01"},"geometry":{"type":"Polygon","coordinates":[[[-99.602061476599,35.4446873702518],[-99.600561476586,35.4431873702388],[-99.602061476599,35.4416873702258],[-99.6035614766121,35.4431873702388],[-99.602061476599,35.4446873702518]]]}},{"type":"Feature","properties":{"county":"Roger Mills","legal":"13-11N-23W-IM","operator":"DIVERSIFIED PRODUCTION LLC","lease_name":"WHITLEDGE 4-13H","api_number":"3512923593","reservoir":"COTTAGE GROVE","first_production":"2012-09-01","last_production":"2026-02-01"},"geometry":{"type":"Polygon","coordinates":[[[-99.5842673500978,35.4302167825085],[-99.5827673500848,35.4287167824954],[-99.5842673500978,35.4272167824824],[-99.5857673501109,35.4287167824954],[-99.5842673500978,35.4302167825085]]]}},{"type":"Feature","properties":{"county":"Roger Mills","legal":"09-13N-23W-IM","operator":"PRESIDIO","lease_name":"JAMES 1-9HC","api_number":"3512923636","reservoir":"TONKAWA","first_production":"2012-06-01","last_production":"2026-02-01"},"geometry":{"type":"Polygon","coordinates":[[[-99.6512456896766,35.6186224528595],[-99.6497456896635,35.6171224528465],[-99.6512456896766,35.6156224528334],[-99.6527456896896,35.6171224528465],[-99.6512456896766,35.6186224528595]]]}},{"type":"Feature","properties":{"county":"Roger Mills","legal":"07-12N-23W-IM","operator":"PRESIDIO","lease_name":"ROBINSON 1-7H","api_number":"3512923594","reservoir":"TONKAWA","first_production":"2012-03-01","last_production":"2026-02-01"},"geometry":{"type":"Polygon","coordinates":[[[-99.6729510290832,35.5318604451776],[-99.6714510290701,35.5303604451645],[-99.6729510290832,35.5288604451515],[-99.6744510290962,35.5303604451645],[-99.6729510290832,35.5318604451776]]]}},{"type":"Feature","properties":{"county":"Roger Mills","legal":"14-11N-23W-IM","operator":"CRAWLEY PETROLEUM","lease_name":"MOORE 5-14H","api_number":"3512923514","reservoir":"COTTAGE GROVE","first_production":"2011-10-01","last_production":"2026-02-01"},"geometry":{"type":"Polygon","coordinates":[[[-99.6020612676459,35.4301738037278],[-99.6005612676329,35.4286738037148],[-99.6020612676459,35.4271738037017],[-99.6035612676589,35.4286738037148],[-99.6020612676459,35.4301738037278]]]}},{"type":"Feature","properties":{"county":"Roger Mills","legal":"09-12N-22W-IM","operator":"UNBRIDLED RESOURCES LLC","lease_name":"CAROLYN 1-9H","api_number":"3512923479","reservoir":"TONKAWA","first_production":"2011-05-01","last_production":"2026-02-01"},"geometry":{"type":"Polygon","coordinates":[[[-99.5314364707274,35.5322874615762],[-99.5299364707143,35.5307874615632],[-99.5314364707274,35.5292874615501],[-99.5329364707404,35.5307874615632],[-99.5314364707274,35.5322874615762]]]}},{"type":"Feature","properties":{"county":"Roger Mills","legal":"14-11N-23W-IM","operator":"CRAWLEY PETROLEUM","lease_name":"MOORE #3-14H","api_number":"3512923477","reservoir":"COTTAGE GROVE","first_production":"2011-05-01","last_production":"2026-02-01"},"geometry":{"type":"Polygon","coordinates":[[[-99.6020612676459,35.4301738037278],[-99.6005612676329,35.4286738037148],[-99.6020612676459,35.4271738037017],[-99.6035612676589,35.4286738037148],[-99.6020612676459,35.4301738037278]]]}},{"type":"Feature","properties":{"county":"Roger Mills","legal":"26-13N-21W-IM","operator":"PRESIDIO","lease_name":"BEUTLER & SON 3-26","api_number":"3512923405","reservoir":"CHEROKEE","first_production":"2010-04-01","last_production":"2026-02-01"},"geometry":{"type":"Polygon","coordinates":[[[-99.4037116237964,35.5749588394406],[-99.4022116237834,35.5734588394276],[-99.4037116237964,35.5719588394145],[-99.4052116238094,35.5734588394276],[-99.4037116237964,35.5749588394406]]]}},{"type":"Feature","properties":{"county":"Roger Mills","legal":"36-13N-21W-IM","operator":"PRESIDIO","lease_name":"BEUTLER & SON 3-36","api_number":"3512923401","reservoir":"CHEROKEE","first_production":"2010-03-01","last_production":"2026-02-01"},"geometry":{"type":"Polygon","coordinates":[[[-99.3858829847342,35.5604886452905],[-99.3843829847211,35.5589886452775],[-99.3858829847342,35.5574886452644],[-99.3873829847472,35.5589886452775],[-99.3858829847342,35.5604886452905]]]}},{"type":"Feature","properties":{"county":"Roger Mills","legal":"25-13N-21W-IM","operator":"COTERRA ENERGY OPERATING CO","lease_name":"BEUTLER AND SON 2-25","api_number":"3512923370","reservoir":"COTTAGE GROVE,CLEVELAND, MARMATON,","first_production":"2009-08-01","last_production":"2026-02-01"},"geometry":{"type":"Polygon","coordinates":[[[-99.3858674480424,35.5748875428393],[-99.3843674480294,35.5733875428262],[-99.3858674480424,35.5718875428132],[-99.3873674480555,35.5733875428262],[-99.3858674480424,35.5748875428393]]]}},{"type":"Feature","properties":{"county":"Roger Mills","legal":"12-13N-22W-IM","operator":"DIVERSIFIED PRODUCTION LLC","lease_name":"JOHNSON 12-12","api_number":"3512923380","reservoir":"TONKAWA UP,TONKAWA LOW,","first_production":"2009-03-01","last_production":"2026-02-01"},"geometry":{"type":"Polygon","coordinates":[[[-99.4917990784985,35.61860799405],[-99.4902990784854,35.617107994037],[-99.4917990784985,35.615607994024],[-99.4932990785115,35.617107994037],[-99.4917990784985,35.61860799405]]]}},{"type":"Feature","properties":{"county":"Roger Mills","legal":"11-11N-23W-IM","operator":"BCE-MACH II LLC","lease_name":"MILLINGTON 5-11","api_number":"3512923350","reservoir":"MARMATON, UPPER CHEROKEE & ATOKA","first_production":"2009-03-01","last_production":"2026-02-01"},"geometry":{"type":"Polygon","coordinates":[[[-99.602061476599,35.4446873702518],[-99.600561476586,35.4431873702388],[-99.602061476599,35.4416873702258],[-99.6035614766121,35.4431873702388],[-99.602061476599,35.4446873702518]]]}},{"type":"Feature","properties":{"county":"Roger Mills","legal":"01-13N-21W-IM","operator":"FX ENERGY OPERATING, LLC","lease_name":"TOWN OF HAMMON #7-1","api_number":"3512923379","reservoir":"CHEROKEE","first_production":"2009-05-01","last_production":"2026-02-01"},"geometry":{"type":"Polygon","coordinates":[[[-99.3857956692331,35.6330935417378],[-99.38429566922,35.6315935417247],[-99.3857956692331,35.6300935417117],[-99.3872956692461,35.6315935417247],[-99.3857956692331,35.6330935417378]]]}},{"type":"Feature","properties":{"county":"Roger Mills","legal":"20-13N-21W-IM","operator":"FX ENERGY OPERATING, LLC","lease_name":"WALKER TRUST #7-20","api_number":"3512923366","reservoir":"DES MOINES","first_production":"2009-02-01","last_production":"2026-02-01"},"geometry":{"type":"Polygon","coordinates":[[[-99.4568132592148,35.5894505034855],[-99.4553132592018,35.5879505034725],[-99.4568132592148,35.5864505034595],[-99.4583132592279,35.5879505034725],[-99.4568132592148,35.5894505034855]]]}},{"type":"Feature","properties":{"county":"Roger Mills","legal":"12-13N-22W-IM","operator":"DIVERSIFIED PRODUCTION LLC","lease_name":"FISHER 13-12","api_number":"3512923364","reservoir":"CHEROKEE, RED FORK","first_production":"2009-02-01","last_production":"2026-02-01"},"geometry":{"type":"Polygon","coordinates":[[[-99.4917990784985,35.61860799405],[-99.4902990784854,35.617107994037],[-99.4917990784985,35.615607994024],[-99.4932990785115,35.617107994037],[-99.4917990784985,35.61860799405]]]}},{"type":"Feature","properties":{"county":"Roger Mills","legal":"25-13N-21W-IM","operator":"COTERRA ENERGY OPERATING CO","lease_name":"BEUTLER & SON 3-25","api_number":"3512923369","reservoir":"DOUGLAS,TONKAWA LOW,COTTAGE GROVE,","first_production":"2008-12-01","last_production":"2026-02-01"},"geometry":{"type":"Polygon","coordinates":[[[-99.3858674480424,35.5748875428393],[-99.3843674480294,35.5733875428262],[-99.3858674480424,35.5718875428132],[-99.3873674480555,35.5733875428262],[-99.3858674480424,35.5748875428393]]]}},{"type":"Feature","properties":{"county":"Roger Mills","legal":"35-13N-21W-IM","operator":"PRESIDIO","lease_name":"BEUTLER & SON 2-35","api_number":"3512923357","reservoir":"CHEROKEE","first_production":"2008-10-01","last_production":"2026-02-01"},"geometry":{"type":"Polygon","coordinates":[[[-99.4036768110594,35.5605013195959],[-99.4021768110463,35.5590013195829],[-99.4036768110594,35.5575013195699],[-99.4051768110724,35.5590013195829],[-99.4036768110594,35.5605013195959]]]}},{"type":"Feature","properties":{"county":"Roger Mills","legal":"21-13N-21W-IM","operator":"PRESIDIO","lease_name":"EVETT TRUST 1-21","api_number":"3512923353","reservoir":"DES MOINES","first_production":"2008-10-01","last_production":"2026-02-01"},"geometry":{"type":"Polygon","coordinates":[[[-99.4391794552797,35.5894468947049],[-99.4376794552666,35.5879468946919],[-99.4391794552797,35.5864468946788],[-99.4406794552927,35.5879468946919],[-99.4391794552797,35.5894468947049]]]}},{"type":"Feature","properties":{"county":"Roger Mills","legal":"25-13N-22W-IM","operator":"PRESIDIO","lease_name":"MORTON 10-25","api_number":"3512923333","reservoir":"CHEROKEE","first_production":"2008-08-01","last_production":"2026-02-01"},"geometry":{"type":"Polygon","coordinates":[[[-99.4919509268685,35.5750329920594],[-99.4904509268554,35.5735329920464],[-99.4919509268685,35.5720329920334],[-99.4934509268815,35.5735329920464],[-99.4919509268685,35.5750329920594]]]}},{"type":"Feature","properties":{"county":"Roger Mills","legal":"36-13N-21W-IM","operator":"PRESIDIO","lease_name":"BEUTLER & SON 1-36","api_number":"3512923334","reservoir":"CHEROKEE","first_production":"2008-08-01","last_production":"2026-02-01"},"geometry":{"type":"Polygon","coordinates":[[[-99.3858829847342,35.5604886452905],[-99.3843829847211,35.5589886452775],[-99.3858829847342,35.5574886452644],[-99.3873829847472,35.5589886452775],[-99.3858829847342,35.5604886452905]]]}},{"type":"Feature","properties":{"county":"Roger Mills","legal":"02-12N-23W-IM","operator":"PRESIDIO","lease_name":"SCHOU 6-2","api_number":"3512923315","reservoir":"CHEROKEE","first_production":"2008-08-01","last_production":"2026-02-01"},"geometry":{"type":"Polygon","coordinates":[[[-99.6022884528929,35.546122636577],[-99.6007884528798,35.544622636564],[-99.6022884528929,35.5431226365509],[-99.6037884529059,35.544622636564],[-99.6022884528929,35.546122636577]]]}},{"type":"Feature","properties":{"county":"Roger Mills","legal":"29-13N-21W-IM","operator":"PRESIDIO","lease_name":"BURROWS 3-29","api_number":"3512923312","reservoir":"DES MOINES","first_production":"2008-07-01","last_production":"2026-02-01"},"geometry":{"type":"Polygon","coordinates":[[[-99.4568126194054,35.575016534293],[-99.4553126193924,35.57351653428],[-99.4568126194054,35.5720165342669],[-99.4583126194185,35.57351653428],[-99.4568126194054,35.575016534293]]]}},{"type":"Feature","properties":{"county":"Roger Mills","legal":"36-13N-22W-IM","operator":"UNBRIDLED RESOURCES LLC","lease_name":"A CROSS RANCH 6-36","api_number":"3512923330","reservoir":"CHEROKEE","first_production":"2008-07-01","last_production":"2026-02-01"},"geometry":{"type":"Polygon","coordinates":[[[-99.4920241643582,35.5605166786163],[-99.4905241643452,35.5590166786033],[-99.4920241643582,35.5575166785902],[-99.4935241643713,35.5590166786033],[-99.4920241643582,35.5605166786163]]]}},{"type":"Feature","properties":{"county":"Roger Mills","legal":"12-13N-22W-IM","operator":"DIVERSIFIED PRODUCTION LLC","lease_name":"A CROSS RANCH 10-12","api_number":"3512923327","reservoir":"CHEROKEE,RED FORK","first_production":"2008-08-01","last_production":"2026-02-01"},"geometry":{"type":"Polygon","coordinates":[[[-99.4917990784985,35.61860799405],[-99.4902990784854,35.617107994037],[-99.4917990784985,35.615607994024],[-99.4932990785115,35.617107994037],[-99.4917990784985,35.61860799405]]]}},{"type":"Feature","properties":{"county":"Roger Mills","legal":"25-13N-22W-IM","operator":"PRESIDIO","lease_name":"MORTON 5-25","api_number":"3512922985","reservoir":"CHEROKEE","first_production":"2008-06-01","last_production":"2026-02-01"},"geometry":{"type":"Polygon","coordinates":[[[-99.4919509268685,35.5750329920594],[-99.4904509268554,35.5735329920464],[-99.4919509268685,35.5720329920334],[-99.4934509268815,35.5735329920464],[-99.4919509268685,35.5750329920594]]]}},{"type":"Feature","properties":{"county":"Roger Mills","legal":"22-13N-21W-IM","operator":"PRESIDIO","lease_name":"FRY 2-22","api_number":"3512923322","reservoir":"DES MOINES","first_production":"2008-06-01","last_production":"2026-02-01"},"geometry":{"type":"Polygon","coordinates":[[[-99.4214423472514,35.5894926414301],[-99.4199423472384,35.5879926414171],[-99.4214423472514,35.5864926414041],[-99.4229423472645,35.5879926414171],[-99.4214423472514,35.5894926414301]]]}},{"type":"Feature","properties":{"county":"Roger Mills","legal":"18-13N-21W-IM","operator":"DIVERSIFIED PRODUCTION LLC","lease_name":"FISHER 8-18","api_number":"3512923266","reservoir":"DES MOINES","first_production":"2008-06-01","last_production":"2026-02-01"},"geometry":{"type":"Polygon","coordinates":[[[-99.474376723598,35.6039868185895],[-99.4728767235849,35.6024868185764],[-99.474376723598,35.6009868185634],[-99.475876723611,35.6024868185764],[-99.474376723598,35.6039868185895]]]}},{"type":"Feature","properties":{"county":"Roger Mills","legal":"26-13N-21W-IM","operator":"PRESIDIO","lease_name":"BEUTLER & SON 1-26;2-26","api_number":"3512923389;3512923321","reservoir":"CHEROKEE,MARMATON","first_production":"2008-06-01","last_production":"2026-02-01"},"geometry":{"type":"Polygon","coordinates":[[[-99.4037116237964,35.5749588394406],[-99.4022116237834,35.5734588394276],[-99.4037116237964,35.5719588394145],[-99.4052116238094,35.5734588394276],[-99.4037116237964,35.5749588394406]]]}},{"type":"Feature","properties":{"county":"Roger Mills","legal":"35-13N-21W-IM","operator":"PRESIDIO","lease_name":"BEUTLER & SONS 1-35","api_number":"3512923307","reservoir":"CHEROKEE","first_production":"2008-05-01","last_production":"2026-02-01"},"geometry":{"type":"Polygon","coordinates":[[[-99.4036768110594,35.5605013195959],[-99.4021768110463,35.5590013195829],[-99.4036768110594,35.5575013195699],[-99.4051768110724,35.5590013195829],[-99.4036768110594,35.5605013195959]]]}},{"type":"Feature","properties":{"county":"Roger Mills","legal":"25-13N-22W-IM","operator":"PRESIDIO","lease_name":"MORTON 9-25","api_number":"3512923276","reservoir":"CHEROKEE","first_production":"2008-05-01","last_production":"2026-02-01"},"geometry":{"type":"Polygon","coordinates":[[[-99.4919509268685,35.5750329920594],[-99.4904509268554,35.5735329920464],[-99.4919509268685,35.5720329920334],[-99.4934509268815,35.5735329920464],[-99.4919509268685,35.5750329920594]]]}},{"type":"Feature","properties":{"county":"Roger Mills","legal":"02-13N-21W-IM","operator":"DIVERSIFIED PRODUCTION LLC","lease_name":"CHAMBERLAIN 6-2","api_number":"3512923302","reservoir":"CHEROKEE","first_production":"2008-04-01","last_production":"2026-02-01"},"geometry":{"type":"Polygon","coordinates":[[[-99.4036151728357,35.6329930774932],[-99.4021151728227,35.6314930774802],[-99.4036151728357,35.6299930774671],[-99.4051151728488,35.6314930774802],[-99.4036151728357,35.6329930774932]]]}},{"type":"Feature","properties":{"county":"Roger Mills","legal":"11-13N-21W-IM","operator":"UNBRIDLED RESOURCES LLC","lease_name":"CLEMENTS 4-11","api_number":"3512923256","reservoir":"CHEROKEE","first_production":"2007-10-01","last_production":"2026-02-01"},"geometry":{"type":"Polygon","coordinates":[[[-99.4035734965964,35.6184949134893],[-99.4020734965833,35.6169949134762],[-99.4035734965964,35.6154949134632],[-99.4050734966094,35.6169949134762],[-99.4035734965964,35.6184949134893]]]}},{"type":"Feature","properties":{"county":"Roger Mills","legal":"30-13N-21W-IM","operator":"FX ENERGY OPERATING, LLC","lease_name":"A-CROSS RANCH #2-30","api_number":"3512923244","reservoir":"DES MOINES","first_production":"2007-10-01","last_production":"2026-02-01"},"geometry":{"type":"Polygon","coordinates":[[[-99.4743719260645,35.5749777003533],[-99.4728719260515,35.5734777003402],[-99.4743719260645,35.5719777003272],[-99.4758719260776,35.5734777003402],[-99.4743719260645,35.5749777003533]]]}},{"type":"Feature","properties":{"county":"Roger Mills","legal":"12-13N-22W-IM","operator":"DIVERSIFIED PRODUCTION LLC","lease_name":"A CROSS RANCH 9-12","api_number":"3512923253","reservoir":"RED FORK","first_production":"2007-11-01","last_production":"2026-02-01"},"geometry":{"type":"Polygon","coordinates":[[[-99.4917990784985,35.61860799405],[-99.4902990784854,35.617107994037],[-99.4917990784985,35.615607994024],[-99.4932990785115,35.617107994037],[-99.4917990784985,35.61860799405]]]}},{"type":"Feature","properties":{"county":"Roger Mills","legal":"15-13N-21W-IM","operator":"UNBRIDLED RESOURCES LLC","lease_name":"BRIGHT 2-15","api_number":"3512923235","reservoir":"CHEROKEE","first_production":"2007-09-01","last_production":"2026-02-01"},"geometry":{"type":"Polygon","coordinates":[[[-99.4213642264101,35.6040071203164],[-99.419864226397,35.6025071203034],[-99.4213642264101,35.6010071202903],[-99.4228642264231,35.6025071203034],[-99.4213642264101,35.6040071203164]]]}},{"type":"Feature","properties":{"county":"Roger Mills","legal":"16-13N-21W-IM","operator":"PRESIDIO","lease_name":"A CROSS RANCH 8-16","api_number":"3512923240","reservoir":"DES MOINES","first_production":"2007-09-01","last_production":"2026-02-01"},"geometry":{"type":"Polygon","coordinates":[[[-99.4391411555863,35.6039563444042],[-99.4376411555732,35.6024563443911],[-99.4391411555863,35.6009563443781],[-99.4406411555993,35.6024563443911],[-99.4391411555863,35.6039563444042]]]}},{"type":"Feature","properties":{"county":"Roger Mills","legal":"12-13N-22W-IM","operator":"DIVERSIFIED PRODUCTION LLC","lease_name":"WALKER 8-12","api_number":"3512923248","reservoir":"MARMATON,CHEROKEE,REDFORK","first_production":"2007-10-01","last_production":"2026-02-01"},"geometry":{"type":"Polygon","coordinates":[[[-99.4917990784985,35.61860799405],[-99.4902990784854,35.617107994037],[-99.4917990784985,35.615607994024],[-99.4932990785115,35.617107994037],[-99.4917990784985,35.61860799405]]]}},{"type":"Feature","properties":{"county":"Roger Mills","legal":"25-13N-22W-IM","operator":"PRESIDIO","lease_name":"MORTON 8-25","api_number":"3512923206","reservoir":"CHEROKEE","first_production":"2007-07-01","last_production":"2026-02-01"},"geometry":{"type":"Polygon","coordinates":[[[-99.4919509268685,35.5750329920594],[-99.4904509268554,35.5735329920464],[-99.4919509268685,35.5720329920334],[-99.4934509268815,35.5735329920464],[-99.4919509268685,35.5750329920594]]]}},{"type":"Feature","properties":{"county":"Roger Mills","legal":"09-13N-21W-IM","operator":"PRESIDIO","lease_name":"ALLEE 6-9","api_number":"3512923181","reservoir":"DES MOINES","first_production":"2007-05-01","last_production":"2026-02-01"},"geometry":{"type":"Polygon","coordinates":[[[-99.4390293768082,35.6183837437502],[-99.4375293767952,35.6168837437372],[-99.4390293768082,35.6153837437241],[-99.4405293768212,35.6168837437372],[-99.4390293768082,35.6183837437502]]]}},{"type":"Feature","properties":{"county":"Roger Mills","legal":"06-12N-22W-IM","operator":"ENCINO OPERATING","lease_name":"THOMPSON 3","api_number":"3512923153","reservoir":"TONKAWA","first_production":"2007-05-01","last_production":"2026-02-01"},"geometry":{"type":"Polygon","coordinates":[[[-99.5669014134541,35.5463652994095],[-99.565401413441,35.5448652993964],[-99.5669014134541,35.5433652993834],[-99.5684014134671,35.5448652993964],[-99.5669014134541,35.5463652994095]]]}},{"type":"Feature","properties":{"county":"Roger Mills","legal":"25-13N-22W-IM","operator":"PRESIDIO","lease_name":"MORTON 7-25","api_number":"3512923203","reservoir":"CHEROKEE","first_production":"2007-05-01","last_production":"2026-02-01"},"geometry":{"type":"Polygon","coordinates":[[[-99.4919509268685,35.5750329920594],[-99.4904509268554,35.5735329920464],[-99.4919509268685,35.5720329920334],[-99.4934509268815,35.5735329920464],[-99.4919509268685,35.5750329920594]]]}},{"type":"Feature","properties":{"county":"Roger Mills","legal":"16-13N-21W-IM","operator":"PRESIDIO","lease_name":"A CROSS RANCH 6-16","api_number":"3512923186","reservoir":"DES MOINES","first_production":"2007-04-01","last_production":"2026-02-01"},"geometry":{"type":"Polygon","coordinates":[[[-99.4391411555863,35.6039563444042],[-99.4376411555732,35.6024563443911],[-99.4391411555863,35.6009563443781],[-99.4406411555993,35.6024563443911],[-99.4391411555863,35.6039563444042]]]}},{"type":"Feature","properties":{"county":"Roger Mills","legal":"10-12N-23W-IM","operator":"PRESIDIO","lease_name":"SCHOU 1-10","api_number":"3512923163","reservoir":"CHEROKEE","first_production":"2007-04-01","last_production":"2026-02-01"},"geometry":{"type":"Polygon","coordinates":[[[-99.6199777264314,35.5317623145237],[-99.6184777264183,35.5302623145107],[-99.6199777264314,35.5287623144977],[-99.6214777264444,35.5302623145107],[-99.6199777264314,35.5317623145237]]]}},{"type":"Feature","properties":{"county":"Roger Mills","legal":"22-13N-21W-IM","operator":"PRESIDIO","lease_name":"FRY 1-22","api_number":"3512923169","reservoir":"DES MOINES","first_production":"2007-03-01","last_production":"2026-02-01"},"geometry":{"type":"Polygon","coordinates":[[[-99.4214423472514,35.5894926414301],[-99.4199423472384,35.5879926414171],[-99.4214423472514,35.5864926414041],[-99.4229423472645,35.5879926414171],[-99.4214423472514,35.5894926414301]]]}},{"type":"Feature","properties":{"county":"Roger Mills","legal":"16-13N-21W-IM","operator":"PRESIDIO","lease_name":"A CROSS RANCH 5-16","api_number":"3512923170","reservoir":"DES MOINES","first_production":"2007-04-01","last_production":"2026-02-01"},"geometry":{"type":"Polygon","coordinates":[[[-99.4391411555863,35.6039563444042],[-99.4376411555732,35.6024563443911],[-99.4391411555863,35.6009563443781],[-99.4406411555993,35.6024563443911],[-99.4391411555863,35.6039563444042]]]}},{"type":"Feature","properties":{"county":"Roger Mills","legal":"11-13N-21W-IM","operator":"UNBRIDLED RESOURCES LLC","lease_name":"CLEMENTS 3-11","api_number":"3512923150","reservoir":"CHEROKEE","first_production":"2007-02-01","last_production":"2026-02-01"},"geometry":{"type":"Polygon","coordinates":[[[-99.4035734965964,35.6184949134893],[-99.4020734965833,35.6169949134762],[-99.4035734965964,35.6154949134632],[-99.4050734966094,35.6169949134762],[-99.4035734965964,35.6184949134893]]]}},{"type":"Feature","properties":{"county":"Roger Mills","legal":"02-13N-21W-IM","operator":"DIVERSIFIED PRODUCTION LLC","lease_name":"CHAMBERLAIN 5-2","api_number":"3512923159","reservoir":"CHEROKEE","first_production":"2007-02-01","last_production":"2026-02-01"},"geometry":{"type":"Polygon","coordinates":[[[-99.4036151728357,35.6329930774932],[-99.4021151728227,35.6314930774802],[-99.4036151728357,35.6299930774671],[-99.4051151728488,35.6314930774802],[-99.4036151728357,35.6329930774932]]]}},{"type":"Feature","properties":{"county":"Roger Mills","legal":"16-13N-21W-IM","operator":"PRESIDIO","lease_name":"DADDY BOB 1-16","api_number":"3512923151","reservoir":"DES MOINES","first_production":"2007-01-01","last_production":"2026-02-01"},"geometry":{"type":"Polygon","coordinates":[[[-99.4391411555863,35.6039563444042],[-99.4376411555732,35.6024563443911],[-99.4391411555863,35.6009563443781],[-99.4406411555993,35.6024563443911],[-99.4391411555863,35.6039563444042]]]}},{"type":"Feature","properties":{"county":"Roger Mills","legal":"31-13N-21W-IM","operator":"PRESIDIO","lease_name":"ROARK 9-31","api_number":"3512923027","reservoir":"DES MOINES","first_production":"2006-12-01","last_production":"2026-02-01"},"geometry":{"type":"Polygon","coordinates":[[[-99.4743257137076,35.5605863436533],[-99.4728257136945,35.5590863436402],[-99.4743257137076,35.5575863436272],[-99.4758257137206,35.5590863436402],[-99.4743257137076,35.5605863436533]]]}},{"type":"Feature","properties":{"county":"Roger Mills","legal":"04-13N-21W-IM","operator":"PRESIDIO","lease_name":"USA 4-4","api_number":"3512923123","reservoir":"CHEROKEE","first_production":"2007-01-01","last_production":"2026-02-01"},"geometry":{"type":"Polygon","coordinates":[[[-99.4389239090361,35.6329275562616],[-99.437423909023,35.6314275562486],[-99.4389239090361,35.6299275562355],[-99.4404239090491,35.6314275562486],[-99.4389239090361,35.6329275562616]]]}},{"type":"Feature","properties":{"county":"Roger Mills","legal":"03-13N-21W-IM","operator":"PRESIDIO","lease_name":"DRINNON 8-3","api_number":"3512923127","reservoir":"CHEROKEE","first_production":"2006-11-01","last_production":"2026-02-01"},"geometry":{"type":"Polygon","coordinates":[[[-99.4212171624366,35.6329190442586],[-99.4197171624236,35.6314190442455],[-99.4212171624366,35.6299190442325],[-99.4227171624497,35.6314190442455],[-99.4212171624366,35.6329190442586]]]}},{"type":"Feature","properties":{"county":"Roger Mills","legal":"21-13N-21W-IM","operator":"PRESIDIO","lease_name":"COTTON 3;6;5","api_number":"3512923285;3512923264;3512923129","reservoir":"DES MOINES","first_production":"2006-11-01","last_production":"2026-02-01"},"geometry":{"type":"Polygon","coordinates":[[[-99.4391794552797,35.5894468947049],[-99.4376794552666,35.5879468946919],[-99.4391794552797,35.5864468946788],[-99.4406794552927,35.5879468946919],[-99.4391794552797,35.5894468947049]]]}},{"type":"Feature","properties":{"county":"Roger Mills","legal":"11-13N-22W-IM","operator":"SKYCAP ENERGY","lease_name":"HOWLING FISH 1-11","api_number":"3512923122","reservoir":"RED FORK","first_production":"2006-11-01","last_production":"2026-02-01"},"geometry":{"type":"Polygon","coordinates":[[[-99.5093122987606,35.6186786024487],[-99.5078122987475,35.6171786024356],[-99.5093122987606,35.6156786024226],[-99.5108122987736,35.6171786024356],[-99.5093122987606,35.6186786024487]]]}},{"type":"Feature","properties":{"county":"Roger Mills","legal":"12-13N-22W-IM","operator":"DIVERSIFIED PRODUCTION LLC","lease_name":"WARNER 7-12","api_number":"3512923130","reservoir":"CHEROKEE,RED FORK","first_production":"2005-12-01","last_production":"2026-02-01"},"geometry":{"type":"Polygon","coordinates":[[[-99.4917990784985,35.61860799405],[-99.4902990784854,35.617107994037],[-99.4917990784985,35.615607994024],[-99.4932990785115,35.617107994037],[-99.4917990784985,35.61860799405]]]}},{"type":"Feature","properties":{"county":"Roger Mills","legal":"14-13N-22W-IM","operator":"UNBRIDLED RESOURCES LLC","lease_name":"DODSON 3-14","api_number":"3512923087","reservoir":"RED FORK","first_production":"2006-09-01","last_production":"2026-02-01"},"geometry":{"type":"Polygon","coordinates":[[[-99.5092754278782,35.6040922776977],[-99.5077754278652,35.6025922776846],[-99.5092754278782,35.6010922776716],[-99.5107754278913,35.6025922776846],[-99.5092754278782,35.6040922776977]]]}},{"type":"Feature","properties":{"county":"Roger Mills","legal":"15-13N-21W-IM","operator":"UNBRIDLED RESOURCES LLC","lease_name":"BRIGHT 1-15","api_number":"3512923097","reservoir":"CHEROKEE","first_production":"2006-09-01","last_production":"2026-02-01"},"geometry":{"type":"Polygon","coordinates":[[[-99.4213642264101,35.6040071203164],[-99.419864226397,35.6025071203034],[-99.4213642264101,35.6010071202903],[-99.4228642264231,35.6025071203034],[-99.4213642264101,35.6040071203164]]]}},{"type":"Feature","properties":{"county":"Roger Mills","legal":"16-13N-21W-IM","operator":"PRESIDIO","lease_name":"A CROSS RANCH 4-16","api_number":"3512923056","reservoir":"DES MOINES","first_production":"2006-07-01","last_production":"2026-02-01"},"geometry":{"type":"Polygon","coordinates":[[[-99.4391411555863,35.6039563444042],[-99.4376411555732,35.6024563443911],[-99.4391411555863,35.6009563443781],[-99.4406411555993,35.6024563443911],[-99.4391411555863,35.6039563444042]]]}},{"type":"Feature","properties":{"county":"Roger Mills","legal":"03-12N-23W-IM","operator":"PRESIDIO","lease_name":"SCHOU 6-3","api_number":"3512923012","reservoir":"CHEROKEE","first_production":"2006-07-01","last_production":"2026-02-01"},"geometry":{"type":"Polygon","coordinates":[[[-99.6200089641659,35.5461567738888],[-99.6185089641528,35.5446567738758],[-99.6200089641659,35.5431567738628],[-99.6215089641789,35.5446567738758],[-99.6200089641659,35.5461567738888]]]}},{"type":"Feature","properties":{"county":"Roger Mills","legal":"20-13N-21W-IM","operator":"FX ENERGY OPERATING, LLC","lease_name":"ALLEN 5-20","api_number":"3512923035","reservoir":"DES MOINES","first_production":"2006-06-01","last_production":"2026-02-01"},"geometry":{"type":"Polygon","coordinates":[[[-99.4568132592148,35.5894505034855],[-99.4553132592018,35.5879505034725],[-99.4568132592148,35.5864505034595],[-99.4583132592279,35.5879505034725],[-99.4568132592148,35.5894505034855]]]}},{"type":"Feature","properties":{"county":"Roger Mills","legal":"01-13N-22W-IM","operator":"BCE-MACH III LLC","lease_name":"MARTIN 5-1","api_number":"3512923022","reservoir":"DES MOINES","first_production":"2006-07-01","last_production":"2026-02-01"},"geometry":{"type":"Polygon","coordinates":[[[-99.4916323259678,35.6331437476682],[-99.4901323259548,35.6316437476552],[-99.4916323259678,35.6301437476421],[-99.4931323259809,35.6316437476552],[-99.4916323259678,35.6331437476682]]]}},{"type":"Feature","properties":{"county":"Roger Mills","legal":"02-13N-21W-IM","operator":"DIVERSIFIED PRODUCTION LLC","lease_name":"CREACH 4-2","api_number":"3512922995","reservoir":"MARMATON,CHEROKEE","first_production":"2006-05-01","last_production":"2026-02-01"},"geometry":{"type":"Polygon","coordinates":[[[-99.4036151728357,35.6329930774932],[-99.4021151728227,35.6314930774802],[-99.4036151728357,35.6299930774671],[-99.4051151728488,35.6314930774802],[-99.4036151728357,35.6329930774932]]]}},{"type":"Feature","properties":{"county":"Roger Mills","legal":"13-12N-21W-IM","operator":"MEWBOURNE","lease_name":"SEMINOLE \"13\" #1","api_number":"3512923037","reservoir":"CHEROKEE(DES MOINES)","first_production":"2006-07-01","last_production":"2026-02-01"},"geometry":{"type":"Polygon","coordinates":[[[-99.3729198154284,35.5175016749278],[-99.3714198154154,35.5160016749148],[-99.3729198154284,35.5145016749017],[-99.3744198154415,35.5160016749148],[-99.3729198154284,35.5175016749278]]]}},{"type":"Feature","properties":{"county":"Roger Mills","legal":"13-12N-21W-IM","operator":"MEWBOURNE","lease_name":"SEMINOLE \"13\" #1","api_number":"3512923037","reservoir":"DES MOINES","first_production":"2006-05-01","last_production":"2026-02-01"},"geometry":{"type":"Polygon","coordinates":[[[-99.3729198154284,35.5175016749278],[-99.3714198154154,35.5160016749148],[-99.3729198154284,35.5145016749017],[-99.3744198154415,35.5160016749148],[-99.3729198154284,35.5175016749278]]]}},{"type":"Feature","properties":{"county":"Roger Mills","legal":"23-13N-21W-IM","operator":"COTERRA ENERGY OPERATING CO","lease_name":"LINVILLE 2-23","api_number":"3512923009","reservoir":"CHEROKEE","first_production":"2006-04-01","last_production":"2026-02-01"},"geometry":{"type":"Polygon","coordinates":[[[-99.4036650340997,35.589455100863],[-99.4021650340866,35.58795510085],[-99.4036650340997,35.586455100837],[-99.4051650341127,35.58795510085],[-99.4036650340997,35.589455100863]]]}},{"type":"Feature","properties":{"county":"Roger Mills","legal":"16-13N-21W-IM","operator":"PRESIDIO","lease_name":"CRANE 7-16","api_number":"3512923000","reservoir":"DES MOINES","first_production":"2006-05-01","last_production":"2026-02-01"},"geometry":{"type":"Polygon","coordinates":[[[-99.4391411555863,35.6039563444042],[-99.4376411555732,35.6024563443911],[-99.4391411555863,35.6009563443781],[-99.4406411555993,35.6024563443911],[-99.4391411555863,35.6039563444042]]]}},{"type":"Feature","properties":{"county":"Roger Mills","legal":"33-13N-21W-IM","operator":"MEWBOURNE","lease_name":"SENECA \"33\" #1","api_number":"3512923010","reservoir":"DES MOINES","first_production":"2006-04-01","last_production":"2026-02-01"},"geometry":{"type":"Polygon","coordinates":[[[-99.4392519955622,35.5605511676341],[-99.4377519955491,35.559051167621],[-99.4392519955622,35.557551167608],[-99.4407519955752,35.559051167621],[-99.4392519955622,35.5605511676341]]]}},{"type":"Feature","properties":{"county":"Roger Mills","legal":"27-13N-23W-IM","operator":"PRESIDIO","lease_name":"SPROWLS 5-27","api_number":"3512922978","reservoir":"CHEROKEE","first_production":"2006-04-01","last_production":"2026-02-01"},"geometry":{"type":"Polygon","coordinates":[[[-99.6337574025898,35.5750049483535],[-99.6322574025768,35.5735049483404],[-99.6337574025898,35.5720049483274],[-99.6352574026029,35.5735049483404],[-99.6337574025898,35.5750049483535]]]}},{"type":"Feature","properties":{"county":"Roger Mills","legal":"12-12N-22W-IM","operator":"MEWBOURNE","lease_name":"ROARK \"12\" #1","api_number":"3512922984","reservoir":"CHEROKEE","first_production":"2006-01-01","last_production":"2026-02-01"},"geometry":{"type":"Polygon","coordinates":[[[-99.4787689963783,35.5320549506114],[-99.4772689963653,35.5305549505984],[-99.4787689963783,35.5290549505853],[-99.4802689963914,35.5305549505984],[-99.4787689963783,35.5320549506114]]]}},{"type":"Feature","properties":{"county":"Roger Mills","legal":"06-12N-21W-IM","operator":"PRESIDIO","lease_name":"JUHRETTA 2-6","api_number":"3512922932","reservoir":"BRWN DOLO,DGLS,HXBR,GRNT WSH,TNKWA","first_production":"2006-03-01","last_production":"2026-02-01"},"geometry":{"type":"Polygon","coordinates":[[[-99.4612135357288,35.5464136603213],[-99.4597135357157,35.5449136603082],[-99.4612135357288,35.5434136602952],[-99.4627135357418,35.5449136603082],[-99.4612135357288,35.5464136603213]]]}},{"type":"Feature","properties":{"county":"Roger Mills","legal":"23-13N-21W-IM","operator":"COTERRA ENERGY OPERATING CO","lease_name":"LINVILLE 1-23","api_number":"3512922944","reservoir":"CHEROKEE","first_production":"2006-02-01","last_production":"2026-02-01"},"geometry":{"type":"Polygon","coordinates":[[[-99.4036650340997,35.589455100863],[-99.4021650340866,35.58795510085],[-99.4036650340997,35.586455100837],[-99.4051650341127,35.58795510085],[-99.4036650340997,35.589455100863]]]}},{"type":"Feature","properties":{"county":"Roger Mills","legal":"25-13N-22W-IM","operator":"PRESIDIO","lease_name":"MORTON 4-25","api_number":"3512922955","reservoir":"CHEROKEE","first_production":"2006-02-01","last_production":"2026-02-01"},"geometry":{"type":"Polygon","coordinates":[[[-99.4919509268685,35.5750329920594],[-99.4904509268554,35.5735329920464],[-99.4919509268685,35.5720329920334],[-99.4934509268815,35.5735329920464],[-99.4919509268685,35.5750329920594]]]}},{"type":"Feature","properties":{"county":"Roger Mills","legal":"12-13N-22W-IM","operator":"DIVERSIFIED PRODUCTION LLC","lease_name":"A CROSS RANCH 6-12","api_number":"3512922969","reservoir":"REDFORK","first_production":"2006-03-01","last_production":"2026-02-01"},"geometry":{"type":"Polygon","coordinates":[[[-99.4917990784985,35.61860799405],[-99.4902990784854,35.617107994037],[-99.4917990784985,35.615607994024],[-99.4932990785115,35.617107994037],[-99.4917990784985,35.61860799405]]]}},{"type":"Feature","properties":{"county":"Roger Mills","legal":"02-13N-22W-IM","operator":"PRESIDIO","lease_name":"ALLEN 2-2","api_number":"3512922936","reservoir":"DES MOINES","first_production":"2006-02-01","last_production":"2026-02-01"},"geometry":{"type":"Polygon","coordinates":[[[-99.5092862152547,35.6332441542399],[-99.5077862152417,35.6317441542269],[-99.5092862152547,35.6302441542139],[-99.5107862152677,35.6317441542269],[-99.5092862152547,35.6332441542399]]]}},{"type":"Feature","properties":{"county":"Roger Mills","legal":"01-12N-22W-IM","operator":"PRESIDIO","lease_name":"WESNER 5-1","api_number":"3512922917","reservoir":"CHEROKEE","first_production":"2006-01-01","last_production":"2026-02-01"},"geometry":{"type":"Polygon","coordinates":[[[-99.4787101586726,35.5463292623089],[-99.4772101586596,35.5448292622959],[-99.4787101586726,35.5433292622828],[-99.4802101586857,35.5448292622959],[-99.4787101586726,35.5463292623089]]]}},{"type":"Feature","properties":{"county":"Roger Mills","legal":"01-13N-22W-IM","operator":"BCE-MACH III LLC","lease_name":"A-CROSS RANCH 3-1","api_number":"3512922905","reservoir":"DES MOINES","first_production":"2005-12-01","last_production":"2026-02-01"},"geometry":{"type":"Polygon","coordinates":[[[-99.4916323259678,35.6331437476682],[-99.4901323259548,35.6316437476552],[-99.4916323259678,35.6301437476421],[-99.4931323259809,35.6316437476552],[-99.4916323259678,35.6331437476682]]]}},{"type":"Feature","properties":{"county":"Roger Mills","legal":"15-11N-23W-IM","operator":"UNBRIDLED RESOURCES LLC","lease_name":"SMITH 1-15","api_number":"3512922834","reservoir":"DES MOINES","first_production":"2005-10-01","last_production":"2026-02-01"},"geometry":{"type":"Polygon","coordinates":[[[-99.6198295533371,35.430215895884],[-99.618329553324,35.428715895871],[-99.6198295533371,35.4272158958579],[-99.6213295533501,35.428715895871],[-99.6198295533371,35.430215895884]]]}},{"type":"Feature","properties":{"county":"Roger Mills","legal":"31-12N-23W-IM","operator":"JMA ENERGY","lease_name":"DOVELL 2-31","api_number":"3512922860","reservoir":"LOWER CHEROKEE","first_production":"2005-10-01","last_production":"2026-02-01"},"geometry":{"type":"Polygon","coordinates":[[[-99.6728912657864,35.4738773431262],[-99.6713912657733,35.4723773431131],[-99.6728912657864,35.4708773431001],[-99.6743912657994,35.4723773431131],[-99.6728912657864,35.4738773431262]]]}},{"type":"Feature","properties":{"county":"Roger Mills","legal":"11-11N-23W-IM","operator":"RIVIERA OPERATING","lease_name":"MILLINGTON 4-11","api_number":"3512922856","reservoir":"MARMATON,UPPER CHEROKEE","first_production":"2005-09-01","last_production":"2026-02-01"},"geometry":{"type":"Polygon","coordinates":[[[-99.602061476599,35.4446873702518],[-99.600561476586,35.4431873702388],[-99.602061476599,35.4416873702258],[-99.6035614766121,35.4431873702388],[-99.602061476599,35.4446873702518]]]}},{"type":"Feature","properties":{"county":"Roger Mills","legal":"01-13N-21W-IM","operator":"FX ENERGY OPERATING, LLC","lease_name":"TOWN OF HAMMON #6-1","api_number":"3512922811","reservoir":"CHEROKEE","first_production":"2005-09-01","last_production":"2026-02-01"},"geometry":{"type":"Polygon","coordinates":[[[-99.3857956692331,35.6330935417378],[-99.38429566922,35.6315935417247],[-99.3857956692331,35.6300935417117],[-99.3872956692461,35.6315935417247],[-99.3857956692331,35.6330935417378]]]}},{"type":"Feature","properties":{"county":"Roger Mills","legal":"03-13N-21W-IM","operator":"PRESIDIO","lease_name":"ELLIOTT 1-3","api_number":"3512922867","reservoir":"CHEROKEE","first_production":"2005-09-01","last_production":"2026-02-01"},"geometry":{"type":"Polygon","coordinates":[[[-99.4212171624366,35.6329190442586],[-99.4197171624236,35.6314190442455],[-99.4212171624366,35.6299190442325],[-99.4227171624497,35.6314190442455],[-99.4212171624366,35.6329190442586]]]}},{"type":"Feature","properties":{"county":"Roger Mills","legal":"12-13N-22W-IM","operator":"DIVERSIFIED PRODUCTION LLC","lease_name":"WALKER #5-12","api_number":"3512922872","reservoir":"RED FORK","first_production":"2005-10-01","last_production":"2026-02-01"},"geometry":{"type":"Polygon","coordinates":[[[-99.4917990784985,35.61860799405],[-99.4902990784854,35.617107994037],[-99.4917990784985,35.615607994024],[-99.4932990785115,35.617107994037],[-99.4917990784985,35.61860799405]]]}},{"type":"Feature","properties":{"county":"Roger Mills","legal":"25-13N-21W-IM","operator":"COTERRA ENERGY OPERATING CO","lease_name":"LINVILLE 1-25","api_number":"3512922854;3512921178","reservoir":"CHEROKEE","first_production":"2005-09-01","last_production":"2026-02-01"},"geometry":{"type":"Polygon","coordinates":[[[-99.3858674480424,35.5748875428393],[-99.3843674480294,35.5733875428262],[-99.3858674480424,35.5718875428132],[-99.3873674480555,35.5733875428262],[-99.3858674480424,35.5748875428393]]]}},{"type":"Feature","properties":{"county":"Roger Mills","legal":"03-13N-21W-IM","operator":"UNBRIDLED RESOURCES LLC","lease_name":"HOLLINGSWORTH 5-3","api_number":"3512922850","reservoir":"CHEROKEE","first_production":"2005-08-01","last_production":"2026-02-01"},"geometry":{"type":"Polygon","coordinates":[[[-99.4212171624366,35.6329190442586],[-99.4197171624236,35.6314190442455],[-99.4212171624366,35.6299190442325],[-99.4227171624497,35.6314190442455],[-99.4212171624366,35.6329190442586]]]}},{"type":"Feature","properties":{"county":"Roger Mills","legal":"16-13N-21W-IM","operator":"PRESIDIO","lease_name":"A CROSS RANCH 3-16","api_number":"3512922853","reservoir":"DES MOINES","first_production":"2005-08-01","last_production":"2026-02-01"},"geometry":{"type":"Polygon","coordinates":[[[-99.4391411555863,35.6039563444042],[-99.4376411555732,35.6024563443911],[-99.4391411555863,35.6009563443781],[-99.4406411555993,35.6024563443911],[-99.4391411555863,35.6039563444042]]]}},{"type":"Feature","properties":{"county":"Roger Mills","legal":"01-13N-22W-IM","operator":"COTERRA ENERGY OPERATING CO","lease_name":"A-CROSS RANCH 2-1","api_number":"3512922843","reservoir":"DES MOINES","first_production":"2005-08-01","last_production":"2026-02-01"},"geometry":{"type":"Polygon","coordinates":[[[-99.4916323259678,35.6331437476682],[-99.4901323259548,35.6316437476552],[-99.4916323259678,35.6301437476421],[-99.4931323259809,35.6316437476552],[-99.4916323259678,35.6331437476682]]]}},{"type":"Feature","properties":{"county":"Roger Mills","legal":"13-12N-24W-IM","operator":"SKYCAP ENERGY","lease_name":"MOAD #2-13","api_number":"3512922835","reservoir":"ATOKA","first_production":"2005-08-01","last_production":"2026-02-01"},"geometry":{"type":"Polygon","coordinates":[[[-99.6905853636804,35.5174280147446],[-99.6890853636673,35.5159280147316],[-99.6905853636804,35.5144280147186],[-99.6920853636934,35.5159280147316],[-99.6905853636804,35.5174280147446]]]}},{"type":"Feature","properties":{"county":"Roger Mills","legal":"31-13N-21W-IM","operator":"SANGUINE","lease_name":"JUHRETTA 8-31","api_number":"3512922825","reservoir":"DES MOINES","first_production":"2005-07-01","last_production":"2026-02-01"},"geometry":{"type":"Polygon","coordinates":[[[-99.4743257137076,35.5605863436533],[-99.4728257136945,35.5590863436402],[-99.4743257137076,35.5575863436272],[-99.4758257137206,35.5590863436402],[-99.4743257137076,35.5605863436533]]]}},{"type":"Feature","properties":{"county":"Roger Mills","legal":"14-13N-22W-IM","operator":"UNBRIDLED RESOURCES LLC","lease_name":"DODSON 2-14","api_number":"3512922838","reservoir":"RED FORK","first_production":"2005-07-01","last_production":"2026-02-01"},"geometry":{"type":"Polygon","coordinates":[[[-99.5092754278782,35.6040922776977],[-99.5077754278652,35.6025922776846],[-99.5092754278782,35.6010922776716],[-99.5107754278913,35.6025922776846],[-99.5092754278782,35.6040922776977]]]}},{"type":"Feature","properties":{"county":"Roger Mills","legal":"01-13N-21W-IM","operator":"FX ENERGY OPERATING, LLC","lease_name":"TOWN OF HAMMON #5-1","api_number":"3512922772","reservoir":"CHEROKEE","first_production":"2005-06-01","last_production":"2026-02-01"},"geometry":{"type":"Polygon","coordinates":[[[-99.3857956692331,35.6330935417378],[-99.38429566922,35.6315935417247],[-99.3857956692331,35.6300935417117],[-99.3872956692461,35.6315935417247],[-99.3857956692331,35.6330935417378]]]}},{"type":"Feature","properties":{"county":"Roger Mills","legal":"09-13N-21W-IM","operator":"PRESIDIO","lease_name":"ALLEE 5-9","api_number":"3512922824","reservoir":"DES MOINES","first_production":"2005-07-01","last_production":"2026-02-01"},"geometry":{"type":"Polygon","coordinates":[[[-99.4390293768082,35.6183837437502],[-99.4375293767952,35.6168837437372],[-99.4390293768082,35.6153837437241],[-99.4405293768212,35.6168837437372],[-99.4390293768082,35.6183837437502]]]}},{"type":"Feature","properties":{"county":"Roger Mills","legal":"05-12N-23W-IM","operator":"PRESIDIO","lease_name":"SPROWLS 6-5","api_number":"3512922829","reservoir":"CHEROKEE","first_production":"2005-07-01","last_production":"2026-02-01"},"geometry":{"type":"Polygon","coordinates":[[[-99.6553620928508,35.5461856396999],[-99.6538620928377,35.5446856396869],[-99.6553620928508,35.5431856396739],[-99.6568620928638,35.5446856396869],[-99.6553620928508,35.5461856396999]]]}},{"type":"Feature","properties":{"county":"Roger Mills","legal":"24-13N-21W-IM","operator":"UNBRIDLED RESOURCES LLC","lease_name":"GWARTNEY 1-24","api_number":"3512922781","reservoir":"CHEROKEE","first_production":"2005-05-01","last_production":"2026-02-01"},"geometry":{"type":"Polygon","coordinates":[[[-99.3858245827264,35.5893862239366],[-99.3843245827134,35.5878862239235],[-99.3858245827264,35.5863862239105],[-99.3873245827394,35.5878862239235],[-99.3858245827264,35.5893862239366]]]}},{"type":"Feature","properties":{"county":"Roger Mills","legal":"02-13N-21W-IM","operator":"DIVERSIFIED PRODUCTION LLC","lease_name":"CREACH #3-2","api_number":"3512922787","reservoir":"CHEROKEE","first_production":"2005-06-01","last_production":"2026-02-01"},"geometry":{"type":"Polygon","coordinates":[[[-99.4036151728357,35.6329930774932],[-99.4021151728227,35.6314930774802],[-99.4036151728357,35.6299930774671],[-99.4051151728488,35.6314930774802],[-99.4036151728357,35.6329930774932]]]}},{"type":"Feature","properties":{"county":"Roger Mills","legal":"18-13N-21W-IM","operator":"DIVERSIFIED PRODUCTION LLC","lease_name":"BROWN #5-18","api_number":"3512922795","reservoir":"DES MOINES","first_production":"2005-05-01","last_production":"2026-02-01"},"geometry":{"type":"Polygon","coordinates":[[[-99.474376723598,35.6039868185895],[-99.4728767235849,35.6024868185764],[-99.474376723598,35.6009868185634],[-99.475876723611,35.6024868185764],[-99.474376723598,35.6039868185895]]]}},{"type":"Feature","properties":{"county":"Roger Mills","legal":"18-11N-23W-IM","operator":"JMA ENERGY","lease_name":"HUTSON FARMS 4-18;5-18","api_number":"3512922757;3512922780","reservoir":"CHEROKEE","first_production":"2005-03-01","last_production":"2026-02-01"},"geometry":{"type":"Polygon","coordinates":[[[-99.6729361086018,35.4303737446636],[-99.6714361085888,35.4288737446506],[-99.6729361086018,35.4273737446376],[-99.6744361086149,35.4288737446506],[-99.6729361086018,35.4303737446636]]]}},{"type":"Feature","properties":{"county":"Roger Mills","legal":"33-13N-23W-IM","operator":"PRESIDIO","lease_name":"SPROWLS 10-33","api_number":"3512922782","reservoir":"CHEROKEE","first_production":"2005-05-01","last_production":"2026-02-01"},"geometry":{"type":"Polygon","coordinates":[[[-99.6517165881759,35.5605735267089],[-99.6502165881629,35.5590735266959],[-99.6517165881759,35.5575735266828],[-99.6532165881889,35.5590735266959],[-99.6517165881759,35.5605735267089]]]}},{"type":"Feature","properties":{"county":"Roger Mills","legal":"16-13N-21W-IM","operator":"COTERRA ENERGY OPERATING CO","lease_name":"CRANE 5-16","api_number":"3512922773","reservoir":"CLEVELAND,DES MOINES","first_production":"2005-04-01","last_production":"2026-02-01"},"geometry":{"type":"Polygon","coordinates":[[[-99.4391411555863,35.6039563444042],[-99.4376411555732,35.6024563443911],[-99.4391411555863,35.6009563443781],[-99.4406411555993,35.6024563443911],[-99.4391411555863,35.6039563444042]]]}},{"type":"Feature","properties":{"county":"Roger Mills","legal":"13-12N-21W-IM","operator":"COTERRA ENERGY OPERATING CO","lease_name":"BEUTLER 5-13","api_number":"3512922737","reservoir":"DES MOINES","first_production":"2005-03-01","last_production":"2026-02-01"},"geometry":{"type":"Polygon","coordinates":[[[-99.3729198154284,35.5175016749278],[-99.3714198154154,35.5160016749148],[-99.3729198154284,35.5145016749017],[-99.3744198154415,35.5160016749148],[-99.3729198154284,35.5175016749278]]]}},{"type":"Feature","properties":{"county":"Roger Mills","legal":"32-13N-23W-IM","operator":"PRESIDIO","lease_name":"DEAN CROSS 5-32","api_number":"3512922756","reservoir":"CHEROKEE","first_production":"2005-03-01","last_production":"2026-02-01"},"geometry":{"type":"Polygon","coordinates":[[[-99.6694876721967,35.5606522858284],[-99.6679876721836,35.5591522858154],[-99.6694876721967,35.5576522858023],[-99.6709876722097,35.5591522858154],[-99.6694876721967,35.5606522858284]]]}},{"type":"Feature","properties":{"county":"Roger Mills","legal":"23-13N-22W-IM","operator":"UNBRIDLED RESOURCES LLC","lease_name":"MORTON 5-23","api_number":"3512922682","reservoir":"RED FORK","first_production":"2005-03-01","last_production":"2026-02-01"},"geometry":{"type":"Polygon","coordinates":[[[-99.5093537539637,35.589647734886],[-99.5078537539506,35.5881477348729],[-99.5093537539637,35.5866477348599],[-99.5108537539767,35.5881477348729],[-99.5093537539637,35.589647734886]]]}},{"type":"Feature","properties":{"county":"Roger Mills","legal":"12-13N-22W-IM","operator":"DIVERSIFIED PRODUCTION LLC","lease_name":"A CROSS RANCH 4-12","api_number":"3512922689","reservoir":"RED FORK","first_production":"2005-01-01","last_production":"2026-02-01"},"geometry":{"type":"Polygon","coordinates":[[[-99.4917990784985,35.61860799405],[-99.4902990784854,35.617107994037],[-99.4917990784985,35.615607994024],[-99.4932990785115,35.617107994037],[-99.4917990784985,35.61860799405]]]}},{"type":"Feature","properties":{"county":"Roger Mills","legal":"20-13N-22W-IM","operator":"UNBRIDLED RESOURCES LLC","lease_name":"PUFFINBARGER 6-20","api_number":"3512922695","reservoir":"RED FORK","first_production":"2004-12-01","last_production":"2026-02-01"},"geometry":{"type":"Polygon","coordinates":[[[-99.5627338753607,35.5896712800973],[-99.5612338753476,35.5881712800843],[-99.5627338753607,35.5866712800712],[-99.5642338753737,35.5881712800843],[-99.5627338753607,35.5896712800973]]]}},{"type":"Feature","properties":{"county":"Roger Mills","legal":"07-11N-23W-IM","operator":"JMA ENERGY","lease_name":"EARL 1-7;ROARK 1-7","api_number":"3512922693;3512922718","reservoir":"CHEROKEE","first_production":"2004-11-01","last_production":"2026-02-01"},"geometry":{"type":"Polygon","coordinates":[[[-99.6729042585367,35.4448433287094],[-99.6714042585237,35.4433433286963],[-99.6729042585367,35.4418433286833],[-99.6744042585497,35.4433433286963],[-99.6729042585367,35.4448433287094]]]}},{"type":"Feature","properties":{"county":"Roger Mills","legal":"32-13N-23W-IM","operator":"CANVAS ENERGY LLC","lease_name":"DEAN CROSS 4-32","api_number":"3512922680","reservoir":"CHEROKEE","first_production":"2004-12-01","last_production":"2026-02-01"},"geometry":{"type":"Polygon","coordinates":[[[-99.6694876721967,35.5606522858284],[-99.6679876721836,35.5591522858154],[-99.6694876721967,35.5576522858023],[-99.6709876722097,35.5591522858154],[-99.6694876721967,35.5606522858284]]]}},{"type":"Feature","properties":{"county":"Roger Mills","legal":"20-13N-21W-IM","operator":"FX ENERGY OPERATING, LLC","lease_name":"ALLEN 4-20","api_number":"3512922659","reservoir":"DES MOINES","first_production":"2004-11-01","last_production":"2026-02-01"},"geometry":{"type":"Polygon","coordinates":[[[-99.4568132592148,35.5894505034855],[-99.4553132592018,35.5879505034725],[-99.4568132592148,35.5864505034595],[-99.4583132592279,35.5879505034725],[-99.4568132592148,35.5894505034855]]]}},{"type":"Feature","properties":{"county":"Roger Mills","legal":"07-13N-22W-IM","operator":"PRESIDIO","lease_name":"MAYE-COGBURN 2-7","api_number":"3512922662","reservoir":"UPPER CLEVELAND;LOWER CHEROKEE","first_production":"2004-10-01","last_production":"2026-02-01"},"geometry":{"type":"Polygon","coordinates":[[[-99.5801539609476,35.6186466888999],[-99.5786539609346,35.6171466888869],[-99.5801539609476,35.6156466888738],[-99.5816539609607,35.6171466888869],[-99.5801539609476,35.6186466888999]]]}},{"type":"Feature","properties":{"county":"Roger Mills","legal":"28-13N-23W-IM","operator":"UNBRIDLED RESOURCES LLC","lease_name":"SPROWLS 10-28","api_number":"3512922656","reservoir":"CHEROKEE","first_production":"2004-09-01","last_production":"2026-02-01"},"geometry":{"type":"Polygon","coordinates":[[[-99.6515262356878,35.5750200247921],[-99.6500262356747,35.5735200247791],[-99.6515262356878,35.5720200247661],[-99.6530262357008,35.5735200247791],[-99.6515262356878,35.5750200247921]]]}},{"type":"Feature","properties":{"county":"Roger Mills","legal":"32-13N-21W-IM","operator":"TEOCALLI EXPLORATION","lease_name":"LINVILLE 3-32","api_number":"3512922657","reservoir":"DES MOINES","first_production":"2004-10-01","last_production":"2026-02-01"},"geometry":{"type":"Polygon","coordinates":[[[-99.4568381857694,35.5606143500495],[-99.4553381857564,35.5591143500365],[-99.4568381857694,35.5576143500235],[-99.4583381857825,35.5591143500365],[-99.4568381857694,35.5606143500495]]]}},{"type":"Feature","properties":{"county":"Roger Mills","legal":"18-11N-23W-IM","operator":"JMA ENERGY","lease_name":"HUTSON FARMS 1;2;3;6;8-18","api_number":"3512922859;3512922719;3512922927;3512922637;3512922744","reservoir":"CHEROKEE","first_production":"2004-08-01","last_production":"2026-02-01"},"geometry":{"type":"Polygon","coordinates":[[[-99.6729361086018,35.4303737446636],[-99.6714361085888,35.4288737446506],[-99.6729361086018,35.4273737446376],[-99.6744361086149,35.4288737446506],[-99.6729361086018,35.4303737446636]]]}},{"type":"Feature","properties":{"county":"Roger Mills","legal":"10-11N-23W-IM","operator":"UNBRIDLED RESOURCES LLC","lease_name":"WRIGHT 1-10","api_number":"3512922625","reservoir":"UPPER CHEROKEE","first_production":"2004-09-01","last_production":"2026-02-01"},"geometry":{"type":"Polygon","coordinates":[[[-99.6198457210671,35.4447379301752],[-99.618345721054,35.4432379301621],[-99.6198457210671,35.4417379301491],[-99.6213457210801,35.4432379301621],[-99.6198457210671,35.4447379301752]]]}},{"type":"Feature","properties":{"county":"Roger Mills","legal":"12-12N-22W-IM","operator":"COTERRA ENERGY OPERATING CO","lease_name":"ROARK 7-12","api_number":"3512922643","reservoir":"CHEROKEE","first_production":"2004-09-01","last_production":"2026-02-01"},"geometry":{"type":"Polygon","coordinates":[[[-99.4787689963783,35.5320549506114],[-99.4772689963653,35.5305549505984],[-99.4787689963783,35.5290549505853],[-99.4802689963914,35.5305549505984],[-99.4787689963783,35.5320549506114]]]}},{"type":"Feature","properties":{"county":"Roger Mills","legal":"30-13N-22W-IM","operator":"PRESIDIO","lease_name":"CALVERT 3-30","api_number":"3512922460","reservoir":"RED FORK","first_production":"2004-08-01","last_production":"2026-02-01"},"geometry":{"type":"Polygon","coordinates":[[[-99.5805170363067,35.5751188580179],[-99.5790170362936,35.5736188580048],[-99.5805170363067,35.5721188579918],[-99.5820170363197,35.5736188580048],[-99.5805170363067,35.5751188580179]]]}},{"type":"Feature","properties":{"county":"Roger Mills","legal":"31-12N-23W-IM","operator":"JMA ENERGY","lease_name":"BLACK #1-31","api_number":"3512922607","reservoir":"CHEROKEE","first_production":"2004-07-01","last_production":"2026-02-01"},"geometry":{"type":"Polygon","coordinates":[[[-99.6728912657864,35.4738773431262],[-99.6713912657733,35.4723773431131],[-99.6728912657864,35.4708773431001],[-99.6743912657994,35.4723773431131],[-99.6728912657864,35.4738773431262]]]}},{"type":"Feature","properties":{"county":"Roger Mills","legal":"07-11N-23W-IM","operator":"JMA ENERGY","lease_name":"MACKEY 1-7","api_number":"3512922608","reservoir":"CHEROKEE","first_production":"2004-05-01","last_production":"2026-02-01"},"geometry":{"type":"Polygon","coordinates":[[[-99.6729042585367,35.4448433287094],[-99.6714042585237,35.4433433286963],[-99.6729042585367,35.4418433286833],[-99.6744042585497,35.4433433286963],[-99.6729042585367,35.4448433287094]]]}},{"type":"Feature","properties":{"county":"Roger Mills","legal":"02-12N-23W-IM","operator":"PRESIDIO","lease_name":"SCHOU 5-2","api_number":"3512922542;3512922586","reservoir":"RED FORK","first_production":"2004-05-01","last_production":"2026-02-01"},"geometry":{"type":"Polygon","coordinates":[[[-99.6022884528929,35.546122636577],[-99.6007884528798,35.544622636564],[-99.6022884528929,35.5431226365509],[-99.6037884529059,35.544622636564],[-99.6022884528929,35.546122636577]]]}},{"type":"Feature","properties":{"county":"Roger Mills","legal":"31-12N-23W-IM","operator":"JMA ENERGY","lease_name":"DOVELL 1-31","api_number":"3512922545","reservoir":"CHEROKEE,SKINNER WASH","first_production":"2004-03-01","last_production":"2026-02-01"},"geometry":{"type":"Polygon","coordinates":[[[-99.6728912657864,35.4738773431262],[-99.6713912657733,35.4723773431131],[-99.6728912657864,35.4708773431001],[-99.6743912657994,35.4723773431131],[-99.6728912657864,35.4738773431262]]]}},{"type":"Feature","properties":{"county":"Roger Mills","legal":"22-13N-23W-IM","operator":"PRESIDIO","lease_name":"SPROWLS 1-22A;SCHOU 3-22","api_number":"3512922648;3512923347;3512922547","reservoir":"CHEROKEE(REDFORK)","first_production":"2004-05-01","last_production":"2026-02-01"},"geometry":{"type":"Polygon","coordinates":[[[-99.6335776197358,35.5896848133158],[-99.6320776197228,35.5881848133027],[-99.6335776197358,35.5866848132897],[-99.6350776197489,35.5881848133027],[-99.6335776197358,35.5896848133158]]]}},{"type":"Feature","properties":{"county":"Roger Mills","legal":"33-13N-23W-IM","operator":"PRESIDIO","lease_name":"SPROWLS #9-33","api_number":"3512922554","reservoir":"CHEROKEE RED FORK","first_production":"2004-04-01","last_production":"2026-02-01"},"geometry":{"type":"Polygon","coordinates":[[[-99.6517165881759,35.5605735267089],[-99.6502165881629,35.5590735266959],[-99.6517165881759,35.5575735266828],[-99.6532165881889,35.5590735266959],[-99.6517165881759,35.5605735267089]]]}},{"type":"Feature","properties":{"county":"Roger Mills","legal":"01-12N-22W-IM","operator":"PRESIDIO","lease_name":"WESNER #2-1 ST","api_number":"3512921612","reservoir":"DES MOINES","first_production":"2004-02-01","last_production":"2026-02-01"},"geometry":{"type":"Polygon","coordinates":[[[-99.4787101586726,35.5463292623089],[-99.4772101586596,35.5448292622959],[-99.4787101586726,35.5433292622828],[-99.4802101586857,35.5448292622959],[-99.4787101586726,35.5463292623089]]]}},{"type":"Feature","properties":{"county":"Roger Mills","legal":"33-13N-23W-IM","lease_name":"SPROWLS #8-33","api_number":"3512922553","reservoir":"CHEROKEE (RED FORK)","first_production":"2004-03-01","last_production":"2026-02-01"},"geometry":{"type":"Polygon","coordinates":[[[-99.6517165881759,35.5605735267089],[-99.6502165881629,35.5590735266959],[-99.6517165881759,35.5575735266828],[-99.6532165881889,35.5590735266959],[-99.6517165881759,35.5605735267089]]]}},{"type":"Feature","properties":{"county":"Roger Mills","legal":"12-12N-22W-IM","operator":"KEY PRODUCTION","lease_name":"ROARK 6-12","api_number":"3512922578","reservoir":"CHEROKEE,DES MOINES","first_production":"2004-04-01","last_production":"2026-02-01"},"geometry":{"type":"Polygon","coordinates":[[[-99.4787689963783,35.5320549506114],[-99.4772689963653,35.5305549505984],[-99.4787689963783,35.5290549505853],[-99.4802689963914,35.5305549505984],[-99.4787689963783,35.5320549506114]]]}},{"type":"Feature","properties":{"county":"Roger Mills","legal":"11-13N-22W-IM","operator":"SKYCAP ENERGY","lease_name":"ALLEN 3-11","api_number":"3512922566","reservoir":"RED FORK","first_production":"2004-02-01","last_production":"2026-02-01"},"geometry":{"type":"Polygon","coordinates":[[[-99.5093122987606,35.6186786024487],[-99.5078122987475,35.6171786024356],[-99.5093122987606,35.6156786024226],[-99.5108122987736,35.6171786024356],[-99.5093122987606,35.6186786024487]]]}},{"type":"Feature","properties":{"county":"Roger Mills","legal":"31-13N-21W-IM","operator":"PRESIDIO","lease_name":"WESNER #7-31","api_number":"3512922530","reservoir":"DES MOINES(RED FORK)","first_production":"2004-01-01","last_production":"2026-02-01"},"geometry":{"type":"Polygon","coordinates":[[[-99.4743257137076,35.5605863436533],[-99.4728257136945,35.5590863436402],[-99.4743257137076,35.5575863436272],[-99.4758257137206,35.5590863436402],[-99.4743257137076,35.5605863436533]]]}},{"type":"Feature","properties":{"county":"Roger Mills","legal":"01-12N-23W-IM","operator":"COTERRA ENERGY OPERATING CO","lease_name":"TAYLOR 4-1","api_number":"3512922567","reservoir":"RED FORK","first_production":"2004-02-01","last_production":"2026-02-01"},"geometry":{"type":"Polygon","coordinates":[[[-99.58446368307,35.5462181993276],[-99.5829636830569,35.5447181993145],[-99.58446368307,35.5432181993015],[-99.585963683083,35.5447181993145],[-99.58446368307,35.5462181993276]]]}},{"type":"Feature","properties":{"county":"Roger Mills","legal":"02-11N-23W-IM","operator":"BCE-MACH II LLC","lease_name":"HALL #1-2","api_number":"3512922529","reservoir":"UPPER CHEROKEE","first_production":"2004-01-01","last_production":"2026-02-01"},"geometry":{"type":"Polygon","coordinates":[[[-99.6020771600282,35.4593210694597],[-99.6005771600151,35.4578210694466],[-99.6020771600282,35.4563210694336],[-99.6035771600412,35.4578210694466],[-99.6020771600282,35.4593210694597]]]}},{"type":"Feature","properties":{"county":"Roger Mills","legal":"31-13N-22W-IM","operator":"COTERRA ENERGY OPERATING CO","lease_name":"VICK 5-31","api_number":"3512922519","reservoir":"RED FORK, CHEROKEE","first_production":"2004-02-01","last_production":"2026-02-01"},"geometry":{"type":"Polygon","coordinates":[[[-99.5805870342887,35.5606144405604],[-99.5790870342756,35.5591144405473],[-99.5805870342887,35.5576144405343],[-99.5820870343017,35.5591144405473],[-99.5805870342887,35.5606144405604]]]}},{"type":"Feature","properties":{"county":"Roger Mills","legal":"06-11N-23W-IM","operator":"RED ROCKS O&G OPERATING","lease_name":"B & W JONES 5-6","api_number":"3512922501","reservoir":"CHEROKEE","first_production":"2003-09-01","last_production":"2026-02-01"},"geometry":{"type":"Polygon","coordinates":[[[-99.6729132268209,35.4594232487402],[-99.6714132268079,35.4579232487271],[-99.6729132268209,35.4564232487141],[-99.6744132268339,35.4579232487271],[-99.6729132268209,35.4594232487402]]]}},{"type":"Feature","properties":{"county":"Roger Mills","legal":"05-11N-23W-IM","operator":"UNBRIDLED RESOURCES LLC","lease_name":"JONES TRUST 1-5","api_number":"3512922503","reservoir":"CHEROKEE","first_production":"2003-09-01","last_production":"2026-02-01"},"geometry":{"type":"Polygon","coordinates":[[[-99.6552211222585,35.4593865410795],[-99.6537211222455,35.4578865410664],[-99.6552211222585,35.4563865410534],[-99.6567211222715,35.4578865410664],[-99.6552211222585,35.4593865410795]]]}},{"type":"Feature","properties":{"county":"Roger Mills","legal":"06-11N-23W-IM","operator":"RED ROCKS O&G OPERATING","lease_name":"B & W JONES 2-6","api_number":"3512922458","reservoir":"CHEROKEE","first_production":"2003-05-01","last_production":"2026-02-01"},"geometry":{"type":"Polygon","coordinates":[[[-99.6729132268209,35.4594232487402],[-99.6714132268079,35.4579232487271],[-99.6729132268209,35.4564232487141],[-99.6744132268339,35.4579232487271],[-99.6729132268209,35.4594232487402]]]}},{"type":"Feature","properties":{"county":"Roger Mills","legal":"06-12N-23W-IM","operator":"COTERRA ENERGY OPERATING CO","lease_name":"MESSIER 9-6","api_number":"3512922497","reservoir":"CHEROKEE","first_production":"2003-08-01","last_production":"2026-02-01"},"geometry":{"type":"Polygon","coordinates":[[[-99.6730604036025,35.5462853800455],[-99.6715604035894,35.5447853800324],[-99.6730604036025,35.5432853800194],[-99.6745604036155,35.5447853800324],[-99.6730604036025,35.5462853800455]]]}},{"type":"Feature","properties":{"county":"Roger Mills","legal":"03-12N-23W-IM","operator":"PRESIDIO","lease_name":"BOGGS #2-3","api_number":"3512922477","reservoir":"CHEROKEE (RED FORK)","first_production":"2003-06-01","last_production":"2026-02-01"},"geometry":{"type":"Polygon","coordinates":[[[-99.6200089641659,35.5461567738888],[-99.6185089641528,35.5446567738758],[-99.6200089641659,35.5431567738628],[-99.6215089641789,35.5446567738758],[-99.6200089641659,35.5461567738888]]]}},{"type":"Feature","properties":{"county":"Roger Mills","legal":"02-12N-23W-IM","operator":"COTERRA ENERGY OPERATING CO","lease_name":"SCHOU 4-2","api_number":"3512922470","reservoir":"CHEROKEE,TONKAWA,CLEVELAND,DOUGLAS","first_production":"2003-06-01","last_production":"2026-02-01"},"geometry":{"type":"Polygon","coordinates":[[[-99.6022884528929,35.546122636577],[-99.6007884528798,35.544622636564],[-99.6022884528929,35.5431226365509],[-99.6037884529059,35.544622636564],[-99.6022884528929,35.546122636577]]]}},{"type":"Feature","properties":{"county":"Roger Mills","legal":"01-12N-24W-IM","operator":"KEY PRODUCTION","lease_name":"ROBINSON 2-1","api_number":"3512922476","reservoir":"CHEROKEE","first_production":"2003-05-01","last_production":"2026-02-01"},"geometry":{"type":"Polygon","coordinates":[[[-99.6906778999077,35.5463538181598],[-99.6891778998947,35.5448538181468],[-99.6906778999077,35.5433538181337],[-99.6921778999207,35.5448538181468],[-99.6906778999077,35.5463538181598]]]}},{"type":"Feature","properties":{"county":"Roger Mills","legal":"05-13N-21W-IM","operator":"PRESIDIO","lease_name":"SWITZER 1-5","api_number":"3512922461","reservoir":"DES MOINES","first_production":"2003-04-01","last_production":"2026-02-01"},"geometry":{"type":"Polygon","coordinates":[[[-99.4566405454031,35.6329404058729],[-99.4551405453901,35.6314404058599],[-99.4566405454031,35.6299404058469],[-99.4581405454161,35.6314404058599],[-99.4566405454031,35.6329404058729]]]}},{"type":"Feature","properties":{"county":"Roger Mills","legal":"31-13N-21W-IM","operator":"PRESIDIO","lease_name":"WESNER 6-31","api_number":"3512922468","reservoir":"DES MOINES","first_production":"2003-04-01","last_production":"2026-02-01"},"geometry":{"type":"Polygon","coordinates":[[[-99.4743257137076,35.5605863436533],[-99.4728257136945,35.5590863436402],[-99.4743257137076,35.5575863436272],[-99.4758257137206,35.5590863436402],[-99.4743257137076,35.5605863436533]]]}},{"type":"Feature","properties":{"county":"Roger Mills","legal":"28-13N-23W-IM","operator":"UNBRIDLED RESOURCES LLC","lease_name":"SPROWLS 8-28","api_number":"3512922456","reservoir":"CHEROKEE","first_production":"2003-04-01","last_production":"2026-02-01"},"geometry":{"type":"Polygon","coordinates":[[[-99.6515262356878,35.5750200247921],[-99.6500262356747,35.5735200247791],[-99.6515262356878,35.5720200247661],[-99.6530262357008,35.5735200247791],[-99.6515262356878,35.5750200247921]]]}},{"type":"Feature","properties":{"county":"Roger Mills","legal":"17-13N-22W-IM","operator":"UNBRIDLED RESOURCES LLC","lease_name":"NISTLER 4-17","api_number":"3512922459","reservoir":"RED FORK","first_production":"2003-04-01","last_production":"2026-02-01"},"geometry":{"type":"Polygon","coordinates":[[[-99.5626865144293,35.604174391134],[-99.5611865144162,35.602674391121],[-99.5626865144293,35.6011743911079],[-99.5641865144423,35.602674391121],[-99.5626865144293,35.604174391134]]]}},{"type":"Feature","properties":{"county":"Roger Mills","legal":"33-13N-23W-IM","operator":"PRESIDIO","lease_name":"SPROWLS 7-33","api_number":"3512922430","reservoir":"CHEROKEE","first_production":"2003-02-01","last_production":"2026-02-01"},"geometry":{"type":"Polygon","coordinates":[[[-99.6517165881759,35.5605735267089],[-99.6502165881629,35.5590735266959],[-99.6517165881759,35.5575735266828],[-99.6532165881889,35.5590735266959],[-99.6517165881759,35.5605735267089]]]}},{"type":"Feature","properties":{"county":"Roger Mills","legal":"04-13N-21W-IM","operator":"PRESIDIO","lease_name":"USA 2-4","api_number":"3512922431","reservoir":"CHEROKEE","first_production":"2003-02-01","last_production":"2026-02-01"},"geometry":{"type":"Polygon","coordinates":[[[-99.4389239090361,35.6329275562616],[-99.437423909023,35.6314275562486],[-99.4389239090361,35.6299275562355],[-99.4404239090491,35.6314275562486],[-99.4389239090361,35.6329275562616]]]}},{"type":"Feature","properties":{"county":"Roger Mills","legal":"01-12N-22W-IM","operator":"PRESIDIO","lease_name":"WESNER #4-1","api_number":"3512922421","reservoir":"CHEROKEE","first_production":"2002-11-01","last_production":"2026-02-01"},"geometry":{"type":"Polygon","coordinates":[[[-99.4787101586726,35.5463292623089],[-99.4772101586596,35.5448292622959],[-99.4787101586726,35.5433292622828],[-99.4802101586857,35.5448292622959],[-99.4787101586726,35.5463292623089]]]}},{"type":"Feature","properties":{"county":"Roger Mills","legal":"31-12N-23W-IM","operator":"JMA ENERGY","lease_name":"WHITLEDGE #1-31","api_number":"3512922426","reservoir":"CHEROKEE(UPPER,LOWER)","first_production":"2002-12-01","last_production":"2026-02-01"},"geometry":{"type":"Polygon","coordinates":[[[-99.6728912657864,35.4738773431262],[-99.6713912657733,35.4723773431131],[-99.6728912657864,35.4708773431001],[-99.6743912657994,35.4723773431131],[-99.6728912657864,35.4738773431262]]]}},{"type":"Feature","properties":{"county":"Roger Mills","legal":"06-11N-23W-IM","operator":"JMA ENERGY","lease_name":"JONES #4-6","api_number":"3512922418","reservoir":"CHEROKEE","first_production":"2002-10-01","last_production":"2026-02-01"},"geometry":{"type":"Polygon","coordinates":[[[-99.6729132268209,35.4594232487402],[-99.6714132268079,35.4579232487271],[-99.6729132268209,35.4564232487141],[-99.6744132268339,35.4579232487271],[-99.6729132268209,35.4594232487402]]]}},{"type":"Feature","properties":{"county":"Roger Mills","legal":"16-13N-22W-IM","operator":"ENCINO OPERATING","lease_name":"MARIO 3-16","api_number":"3512922346","reservoir":"RED FORK","first_production":"2002-10-01","last_production":"2026-02-01"},"geometry":{"type":"Polygon","coordinates":[[[-99.5448663476214,35.6042238333709],[-99.5433663476083,35.6027238333579],[-99.5448663476214,35.6012238333448],[-99.5463663476344,35.6027238333579],[-99.5448663476214,35.6042238333709]]]}},{"type":"Feature","properties":{"county":"Roger Mills","legal":"31-13N-21W-IM","operator":"SANGUINE","lease_name":"WESNER 5-31","api_number":"3512922404","reservoir":"DES MOINES","first_production":"2002-09-01","last_production":"2026-02-01"},"geometry":{"type":"Polygon","coordinates":[[[-99.4743257137076,35.5605863436533],[-99.4728257136945,35.5590863436402],[-99.4743257137076,35.5575863436272],[-99.4758257137206,35.5590863436402],[-99.4743257137076,35.5605863436533]]]}},{"type":"Feature","properties":{"county":"Roger Mills","legal":"06-11N-23W-IM","operator":"JMA ENERGY","lease_name":"JONES 3-6","api_number":"3512922367;3512922418","reservoir":"CHEROKEE","first_production":"2002-03-01","last_production":"2026-02-01"},"geometry":{"type":"Polygon","coordinates":[[[-99.6729132268209,35.4594232487402],[-99.6714132268079,35.4579232487271],[-99.6729132268209,35.4564232487141],[-99.6744132268339,35.4579232487271],[-99.6729132268209,35.4594232487402]]]}},{"type":"Feature","properties":{"county":"Roger Mills","legal":"09-12N-23W-IM","operator":"PRESIDIO","lease_name":"BOGGS 1-9","api_number":"3512922349","reservoir":"CHEROKEE","first_production":"2002-02-01","last_production":"2026-02-01"},"geometry":{"type":"Polygon","coordinates":[[[-99.637547168048,35.5318695542475],[-99.6360471680349,35.5303695542344],[-99.637547168048,35.5288695542214],[-99.639047168061,35.5303695542344],[-99.637547168048,35.5318695542475]]]}},{"type":"Feature","properties":{"county":"Roger Mills","legal":"01-13N-21W-IM","operator":"FX ENERGY OPERATING, LLC","lease_name":"TOWN OF HAMMON #4-1","api_number":"3512922359","reservoir":"CHEROKEE","first_production":"2002-01-01","last_production":"2026-02-01"},"geometry":{"type":"Polygon","coordinates":[[[-99.3857956692331,35.6330935417378],[-99.38429566922,35.6315935417247],[-99.3857956692331,35.6300935417117],[-99.3872956692461,35.6315935417247],[-99.3857956692331,35.6330935417378]]]}},{"type":"Feature","properties":{"county":"Roger Mills","legal":"27-13N-21W-IM","operator":"TEOCALLI EXPLORATION","lease_name":"BURROWS TRUST 27-1","api_number":"3512922335","reservoir":"CHEROKEE","first_production":"2001-11-01","last_production":"2026-02-01"},"geometry":{"type":"Polygon","coordinates":[[[-99.4214478324636,35.5750004038127],[-99.4199478324506,35.5735004037997],[-99.4214478324636,35.5720004037866],[-99.4229478324767,35.5735004037997],[-99.4214478324636,35.5750004038127]]]}},{"type":"Feature","properties":{"county":"Roger Mills","legal":"31-12N-23W-IM","operator":"JMA ENERGY","lease_name":"REEVES 1-31","api_number":"3512922328","reservoir":"UPPER CHEROKEE,LOWER CHEROKEE","first_production":"2001-09-01","last_production":"2026-02-01"},"geometry":{"type":"Polygon","coordinates":[[[-99.6728912657864,35.4738773431262],[-99.6713912657733,35.4723773431131],[-99.6728912657864,35.4708773431001],[-99.6743912657994,35.4723773431131],[-99.6728912657864,35.4738773431262]]]}},{"type":"Feature","properties":{"county":"Roger Mills","legal":"27-13N-23W-IM","operator":"PRESIDIO","lease_name":"SPROWLS 4-27","api_number":"3512922302","reservoir":"CHEROKEE, RED FORK","first_production":"2001-08-01","last_production":"2026-02-01"},"geometry":{"type":"Polygon","coordinates":[[[-99.6337574025898,35.5750049483535],[-99.6322574025768,35.5735049483404],[-99.6337574025898,35.5720049483274],[-99.6352574026029,35.5735049483404],[-99.6337574025898,35.5750049483535]]]}},{"type":"Feature","properties":{"county":"Roger Mills","legal":"25-13N-23W-IM","operator":"MT ENERGY","lease_name":"SPROWLS #1A-25","api_number":"3512920308","reservoir":"RED FORK","first_production":"2002-07-01","last_production":"2026-02-01"},"geometry":{"type":"Polygon","coordinates":[[[-99.5982853725081,35.5750302996607],[-99.596785372495,35.5735302996477],[-99.5982853725081,35.5720302996347],[-99.5997853725211,35.5735302996477],[-99.5982853725081,35.5750302996607]]]}},{"type":"Feature","properties":{"county":"Roger Mills","legal":"32-12N-23W-IM","operator":"PRESIDIO","lease_name":"VIERS 2-32","api_number":"3512922283","reservoir":"UPPER CHEROKEE","first_production":"2000-07-01","last_production":"2026-02-01"},"geometry":{"type":"Polygon","coordinates":[[[-99.655181824295,35.4738883588086],[-99.653681824282,35.4723883587955],[-99.655181824295,35.4708883587825],[-99.6566818243081,35.4723883587955],[-99.655181824295,35.4738883588086]]]}},{"type":"Feature","properties":{"county":"Roger Mills","legal":"02-12N-23W-IM","operator":"KEY PRODUCTION","lease_name":"SCHOU 2-2","api_number":"3512922281","reservoir":"CHEROKEE","first_production":"2001-04-01","last_production":"2026-02-01"},"geometry":{"type":"Polygon","coordinates":[[[-99.5978568743897,35.5425355376132],[-99.5963568743767,35.5410355376001],[-99.5978568743897,35.5395355375871],[-99.5993568744028,35.5410355376001],[-99.5978568743897,35.5425355376132]]]}},{"type":"Feature","properties":{"county":"Roger Mills","legal":"04-13N-21W-IM","operator":"PRESIDIO","lease_name":"RED BIRD HEIRS 1-4","api_number":"3512922280","reservoir":"RED FORK","first_production":"2001-04-01","last_production":"2026-02-01"},"geometry":{"type":"Polygon","coordinates":[[[-99.4389239090361,35.6329275562616],[-99.437423909023,35.6314275562486],[-99.4389239090361,35.6299275562355],[-99.4404239090491,35.6314275562486],[-99.4389239090361,35.6329275562616]]]}},{"type":"Feature","properties":{"county":"Roger Mills","legal":"06-12N-23W-IM","operator":"KEY PRODUCTION","lease_name":"ROBINSON 7A-6","api_number":"3512922289","reservoir":"CHEROKEE","first_production":"2001-05-01","last_production":"2026-02-01"},"geometry":{"type":"Polygon","coordinates":[[[-99.6730604036025,35.5462853800455],[-99.6715604035894,35.5447853800324],[-99.6730604036025,35.5432853800194],[-99.6745604036155,35.5447853800324],[-99.6730604036025,35.5462853800455]]]}},{"type":"Feature","properties":{"county":"Roger Mills","legal":"30-13N-22W-IM","operator":"BCE-MACH III LLC","lease_name":"LOIS #4-30","api_number":"3512922260","reservoir":"REDFORK","first_production":"2001-01-01","last_production":"2026-02-01"},"geometry":{"type":"Polygon","coordinates":[[[-99.5805170363067,35.5751188580179],[-99.5790170362936,35.5736188580048],[-99.5805170363067,35.5721188579918],[-99.5820170363197,35.5736188580048],[-99.5805170363067,35.5751188580179]]]}},{"type":"Feature","properties":{"county":"Roger Mills","legal":"01-12N-22W-IM","operator":"PRESIDIO","lease_name":"WESNER 3-1","api_number":"3512922246","reservoir":"DES MOINES","first_production":"2000-12-01","last_production":"2026-02-01"},"geometry":{"type":"Polygon","coordinates":[[[-99.4787101586726,35.5463292623089],[-99.4772101586596,35.5448292622959],[-99.4787101586726,35.5433292622828],[-99.4802101586857,35.5448292622959],[-99.4787101586726,35.5463292623089]]]}},{"type":"Feature","properties":{"county":"Roger Mills","legal":"06-12N-23W-IM","operator":"KEY PRODUCTION","lease_name":"MESSIER #6-6","api_number":"3512922225","reservoir":"CHEROKEE","first_production":"2000-06-01","last_production":"2026-02-01"},"geometry":{"type":"Polygon","coordinates":[[[-99.6730604036025,35.5462853800455],[-99.6715604035894,35.5447853800324],[-99.6730604036025,35.5432853800194],[-99.6745604036155,35.5447853800324],[-99.6730604036025,35.5462853800455]]]}},{"type":"Feature","properties":{"county":"Roger Mills","legal":"05-12N-23W-IM","operator":"PRESIDIO","lease_name":"SMITH #1-5","api_number":"3512922204","reservoir":"CHEROKEE","first_production":"1999-10-01","last_production":"2026-02-01"},"geometry":{"type":"Polygon","coordinates":[[[-99.6553620928508,35.5461856396999],[-99.6538620928377,35.5446856396869],[-99.6553620928508,35.5431856396739],[-99.6568620928638,35.5446856396869],[-99.6553620928508,35.5461856396999]]]}},{"type":"Feature","properties":{"county":"Roger Mills","legal":"06-12N-23W-IM","operator":"KEY PRODUCTION","lease_name":"IRENE #5-6","api_number":"3512922194","reservoir":"CHEROKEE","first_production":"1999-06-01","last_production":"2026-02-01"},"geometry":{"type":"Polygon","coordinates":[[[-99.6730604036025,35.5462853800455],[-99.6715604035894,35.5447853800324],[-99.6730604036025,35.5432853800194],[-99.6745604036155,35.5447853800324],[-99.6730604036025,35.5462853800455]]]}},{"type":"Feature","properties":{"county":"Roger Mills","legal":"12-12N-22W-IM","operator":"BP AMERICA PRODUCTION","lease_name":"EDWARDS #4-12","api_number":"3512922187","reservoir":"RED FORK","first_production":"1999-04-01","last_production":"2026-02-01"},"geometry":{"type":"Polygon","coordinates":[[[-99.4787689963783,35.5320549506114],[-99.4772689963653,35.5305549505984],[-99.4787689963783,35.5290549505853],[-99.4802689963914,35.5305549505984],[-99.4787689963783,35.5320549506114]]]}},{"type":"Feature","properties":{"county":"Roger Mills","legal":"06-12N-23W-IM","operator":"KEY PRODUCTION","lease_name":"MESSIER #4-6","api_number":"3512922154","reservoir":"CHEROKEE","first_production":"1999-01-01","last_production":"2026-02-01"},"geometry":{"type":"Polygon","coordinates":[[[-99.6730604036025,35.5462853800455],[-99.6715604035894,35.5447853800324],[-99.6730604036025,35.5432853800194],[-99.6745604036155,35.5447853800324],[-99.6730604036025,35.5462853800455]]]}},{"type":"Feature","properties":{"county":"Roger Mills","legal":"03-12N-22W-IM","operator":"BCE-MACH II LLC","lease_name":"DODSON #4-3","api_number":"3512922181","reservoir":"DES MOINES GRANITE WASH","first_production":"1999-01-01","last_production":"2026-02-01"},"geometry":{"type":"Polygon","coordinates":[[[-99.5138625976043,35.5464622111702],[-99.5123625975913,35.5449622111572],[-99.5138625976043,35.5434622111441],[-99.5153625976174,35.5449622111572],[-99.5138625976043,35.5464622111702]]]}},{"type":"Feature","properties":{"county":"Roger Mills","legal":"04-12N-23W-IM","operator":"KEY PRODUCTION","lease_name":"BOGGS 5-4","api_number":"3512922166","reservoir":"CHEROKEE","first_production":"1998-11-01","last_production":"2026-02-01"},"geometry":{"type":"Polygon","coordinates":[[[-99.6377452473702,35.5461957643202],[-99.6362452473572,35.5446957643071],[-99.6377452473702,35.5431957642941],[-99.6392452473832,35.5446957643071],[-99.6377452473702,35.5461957643202]]]}},{"type":"Feature","properties":{"county":"Roger Mills","legal":"01-12N-23W-IM","operator":"PRESIDIO","lease_name":"TAYLOR #3-1","api_number":"3512922162","reservoir":"CHEROKEE (LOWER RED FORK)","first_production":"1998-11-01","last_production":"2026-02-01"},"geometry":{"type":"Polygon","coordinates":[[[-99.58446368307,35.5462181993276],[-99.5829636830569,35.5447181993145],[-99.58446368307,35.5432181993015],[-99.585963683083,35.5447181993145],[-99.58446368307,35.5462181993276]]]}},{"type":"Feature","properties":{"county":"Roger Mills","legal":"32-13N-21W-IM","operator":"UNBRIDLED RESOURCES LLC","lease_name":"LINVILLE 32-6","api_number":"3512922167","reservoir":"DES MOINES","first_production":"1998-12-01","last_production":"2026-02-01"},"geometry":{"type":"Polygon","coordinates":[[[-99.4568381857694,35.5606143500495],[-99.4553381857564,35.5591143500365],[-99.4568381857694,35.5576143500235],[-99.4583381857825,35.5591143500365],[-99.4568381857694,35.5606143500495]]]}},{"type":"Feature","properties":{"county":"Roger Mills","legal":"13-12N-22W-IM","operator":"UNBRIDLED RESOURCES LLC","lease_name":"PERRYMAN #13-1","api_number":"3512922158","reservoir":"DES MOINES","first_production":"1998-10-01","last_production":"2026-02-01"},"geometry":{"type":"Polygon","coordinates":[[[-99.4787811960165,35.5175324903927],[-99.4772811960035,35.5160324903796],[-99.4787811960165,35.5145324903666],[-99.4802811960295,35.5160324903796],[-99.4787811960165,35.5175324903927]]]}},{"type":"Feature","properties":{"county":"Roger Mills","legal":"03-12N-22W-IM","operator":"BCE-MACH II LLC","lease_name":"WESNER #3-3","api_number":"3512922143","reservoir":"DES MOINES","first_production":"1998-09-01","last_production":"2026-02-01"},"geometry":{"type":"Polygon","coordinates":[[[-99.5138625976043,35.5464622111702],[-99.5123625975913,35.5449622111572],[-99.5138625976043,35.5434622111441],[-99.5153625976174,35.5449622111572],[-99.5138625976043,35.5464622111702]]]}},{"type":"Feature","properties":{"county":"Roger Mills","legal":"32-13N-21W-IM","operator":"UNBRIDLED RESOURCES LLC","lease_name":"SULLIVAN 32-5","api_number":"3512922116","reservoir":"DES MOINES","first_production":"1998-04-01","last_production":"2026-02-01"},"geometry":{"type":"Polygon","coordinates":[[[-99.4568381857694,35.5606143500495],[-99.4553381857564,35.5591143500365],[-99.4568381857694,35.5576143500235],[-99.4583381857825,35.5591143500365],[-99.4568381857694,35.5606143500495]]]}},{"type":"Feature","properties":{"county":"Roger Mills","legal":"06-12N-23W-IM","operator":"KEY PRODUCTION","lease_name":"IRENE 3-6","api_number":"3512922096","reservoir":"CHEROKEE","first_production":"1998-02-01","last_production":"2026-02-01"},"geometry":{"type":"Polygon","coordinates":[[[-99.6730604036025,35.5462853800455],[-99.6715604035894,35.5447853800324],[-99.6730604036025,35.5432853800194],[-99.6745604036155,35.5447853800324],[-99.6730604036025,35.5462853800455]]]}},{"type":"Feature","properties":{"county":"Roger Mills","legal":"29-13N-23W-IM","operator":"PRESIDIO","lease_name":"MOORMAN #1-29","api_number":"3512922055","reservoir":"CHEROKEE","first_production":"1997-10-01","last_production":"2026-02-01"},"geometry":{"type":"Polygon","coordinates":[[[-99.6693297939959,35.5750694635942],[-99.6678297939829,35.5735694635812],[-99.6693297939959,35.5720694635682],[-99.670829794009,35.5735694635812],[-99.6693297939959,35.5750694635942]]]}},{"type":"Feature","properties":{"county":"Roger Mills","legal":"19-13N-22W-IM","operator":"TEOCALLI EXPLORATION","lease_name":"SMITH #19-3","api_number":"3512922053","reservoir":"RED FORK","first_production":"1997-05-01","last_production":"2026-02-01"},"geometry":{"type":"Polygon","coordinates":[[[-99.5804562963555,35.5895954622758],[-99.5789562963424,35.5880954622628],[-99.5804562963555,35.5865954622497],[-99.5819562963685,35.5880954622628],[-99.5804562963555,35.5895954622758]]]}},{"type":"Feature","properties":{"county":"Roger Mills","legal":"34-13N-23W-IM","operator":"PRESIDIO","lease_name":"SPROWLS 4-34","api_number":"3512922034","reservoir":"CHEROKEE","first_production":"1997-03-01","last_production":"2026-02-01"},"geometry":{"type":"Polygon","coordinates":[[[-99.6339541977505,35.5605784838096],[-99.6324541977375,35.5590784837965],[-99.6339541977505,35.5575784837835],[-99.6354541977636,35.5590784837965],[-99.6339541977505,35.5605784838096]]]}},{"type":"Feature","properties":{"county":"Roger Mills","legal":"19-13N-21W-IM","operator":"COTERRA ENERGY OPERATING CO","lease_name":"ALLEN 4-19","api_number":"3512922009","reservoir":"DES MOINES","first_production":"1996-12-01","last_production":"2026-02-01"},"geometry":{"type":"Polygon","coordinates":[[[-99.474375709382,35.5893988100462],[-99.4728757093689,35.5878988100332],[-99.474375709382,35.5863988100202],[-99.475875709395,35.5878988100332],[-99.474375709382,35.5893988100462]]]}},{"type":"Feature","properties":{"county":"Roger Mills","legal":"28-13N-23W-IM","operator":"UNBRIDLED RESOURCES LLC","lease_name":"SPROWLS #7-28","api_number":"3512921953","reservoir":"RED FORK","first_production":"1996-04-01","last_production":"2026-02-01"},"geometry":{"type":"Polygon","coordinates":[[[-99.6515262356878,35.5750200247921],[-99.6500262356747,35.5735200247791],[-99.6515262356878,35.5720200247661],[-99.6530262357008,35.5735200247791],[-99.6515262356878,35.5750200247921]]]}},{"type":"Feature","properties":{"county":"Roger Mills","legal":"06-11N-23W-IM","operator":"RED ROCKS O&G OPERATING","lease_name":"B & W JONES #1-6","api_number":"3512920919","reservoir":"UPPER MORROW","first_production":"1995-12-01","last_production":"2026-02-01"},"geometry":{"type":"Polygon","coordinates":[[[-99.6729132268209,35.4594232487402],[-99.6714132268079,35.4579232487271],[-99.6729132268209,35.4564232487141],[-99.6744132268339,35.4579232487271],[-99.6729132268209,35.4594232487402]]]}},{"type":"Feature","properties":{"county":"Roger Mills","legal":"30-13N-21W-IM","operator":"FX ENERGY OPERATING, LLC","lease_name":"ALLEE #1-30","api_number":"3512921914","reservoir":"DES MOINES","first_production":"1995-11-01","last_production":"2026-02-01"},"geometry":{"type":"Polygon","coordinates":[[[-99.4743719260645,35.5749777003533],[-99.4728719260515,35.5734777003402],[-99.4743719260645,35.5719777003272],[-99.4758719260776,35.5734777003402],[-99.4743719260645,35.5749777003533]]]}},{"type":"Feature","properties":{"county":"Roger Mills","legal":"33-12N-23W-IM","operator":"RICHLAND RESOURCES","lease_name":"MATTHEWS #1-33A","api_number":"3512921409","reservoir":"LOWER CHEROKEE","first_production":"1995-05-01","last_production":"2026-02-01"},"geometry":{"type":"Polygon","coordinates":[[[-99.6375354396641,35.4739146001771],[-99.6360354396511,35.472414600164],[-99.6375354396641,35.470914600151],[-99.6390354396772,35.472414600164],[-99.6375354396641,35.4739146001771]]]}},{"type":"Feature","properties":{"county":"Roger Mills","legal":"11-13N-21W-IM","operator":"UNBRIDLED RESOURCES LLC","lease_name":"LEE 11-2","api_number":"3512921901","reservoir":"CHEROKEE","first_production":"1995-03-01","last_production":"2026-02-01"},"geometry":{"type":"Polygon","coordinates":[[[-99.4035734965964,35.6184949134893],[-99.4020734965833,35.6169949134762],[-99.4035734965964,35.6154949134632],[-99.4050734966094,35.6169949134762],[-99.4035734965964,35.6184949134893]]]}},{"type":"Feature","properties":{"county":"Roger Mills","legal":"09-13N-22W-IM","operator":"UNIT","lease_name":"ALLIE 1-9","api_number":"3512921839","reservoir":"RED FORK","first_production":"1995-01-01","last_production":"2026-02-01"},"geometry":{"type":"Polygon","coordinates":[[[-99.5447831345382,35.6187671145692],[-99.5432831345252,35.6172671145561],[-99.5447831345382,35.6157671145431],[-99.5462831345513,35.6172671145561],[-99.5447831345382,35.6187671145692]]]}},{"type":"Feature","properties":{"county":"Roger Mills","legal":"09-12N-21W-IM","operator":"TEOCALLI EXPLORATION","lease_name":"CARPENTER #9-2","api_number":"3512921822","reservoir":"DES MOINES","first_production":"1995-01-01","last_production":"2026-02-01"},"geometry":{"type":"Polygon","coordinates":[[[-99.4261794741597,35.5322215624987],[-99.4246794741466,35.5307215624857],[-99.4261794741597,35.5292215624726],[-99.4276794741727,35.5307215624857],[-99.4261794741597,35.5322215624987]]]}},{"type":"Feature","properties":{"county":"Roger Mills","legal":"32-13N-21W-IM","operator":"PRESIDIO","lease_name":"LINVILLE #2-32","api_number":"3512921842","reservoir":"DES MOINES","first_production":"1995-01-01","last_production":"2026-02-01"},"geometry":{"type":"Polygon","coordinates":[[[-99.4568381857694,35.5606143500495],[-99.4553381857564,35.5591143500365],[-99.4568381857694,35.5576143500235],[-99.4583381857825,35.5591143500365],[-99.4568381857694,35.5606143500495]]]}},{"type":"Feature","properties":{"county":"Roger Mills","legal":"33-13N-23W-IM","operator":"PRESIDIO","lease_name":"SPROWLS 5-33","api_number":"3512921845","reservoir":"CHEROKEE","first_production":"1995-01-01","last_production":"2026-02-01"},"geometry":{"type":"Polygon","coordinates":[[[-99.6517165881759,35.5605735267089],[-99.6502165881629,35.5590735266959],[-99.6517165881759,35.5575735266828],[-99.6532165881889,35.5590735266959],[-99.6517165881759,35.5605735267089]]]}},{"type":"Feature","properties":{"county":"Roger Mills","legal":"31-13N-21W-IM","operator":"SANGUINE","lease_name":"WESNER #1-31","api_number":"3512921821","reservoir":"DES MOINES","first_production":"1995-01-01","last_production":"2026-02-01"},"geometry":{"type":"Polygon","coordinates":[[[-99.4743257137076,35.5605863436533],[-99.4728257136945,35.5590863436402],[-99.4743257137076,35.5575863436272],[-99.4758257137206,35.5590863436402],[-99.4743257137076,35.5605863436533]]]}},{"type":"Feature","properties":{"county":"Roger Mills","legal":"11-13N-22W-IM","operator":"PRESIDIO","lease_name":"JOE ALLEN #1-11","api_number":"3512921816","reservoir":"RED FORK","first_production":"1995-01-01","last_production":"2026-02-01"},"geometry":{"type":"Polygon","coordinates":[[[-99.5093122987606,35.6186786024487],[-99.5078122987475,35.6171786024356],[-99.5093122987606,35.6156786024226],[-99.5108122987736,35.6171786024356],[-99.5093122987606,35.6186786024487]]]}},{"type":"Feature","properties":{"county":"Roger Mills","legal":"18-13N-21W-IM","operator":"DIVERSIFIED PRODUCTION LLC","lease_name":"RATCLIFF 2-18","api_number":"3512921787","reservoir":"DES MOINES","first_production":"1995-01-01","last_production":"2026-02-01"},"geometry":{"type":"Polygon","coordinates":[[[-99.474376723598,35.6039868185895],[-99.4728767235849,35.6024868185764],[-99.474376723598,35.6009868185634],[-99.475876723611,35.6024868185764],[-99.474376723598,35.6039868185895]]]}},{"type":"Feature","properties":{"county":"Roger Mills","legal":"32-13N-21W-IM","operator":"UNBRIDLED RESOURCES LLC","lease_name":"ELLIOTT 32-1","api_number":"3512921748","reservoir":"DES MOINES","first_production":"1995-01-01","last_production":"2026-02-01"},"geometry":{"type":"Polygon","coordinates":[[[-99.4568381857694,35.5606143500495],[-99.4553381857564,35.5591143500365],[-99.4568381857694,35.5576143500235],[-99.4583381857825,35.5591143500365],[-99.4568381857694,35.5606143500495]]]}},{"type":"Feature","properties":{"county":"Roger Mills","legal":"21-13N-22W-IM","operator":"SKYCAP ENERGY","lease_name":"HUGUS #1-21","api_number":"3512921725","reservoir":"RED FORK","first_production":"1995-01-01","last_production":"2026-02-01"},"geometry":{"type":"Polygon","coordinates":[[[-99.5447973326065,35.5897214840453],[-99.5432973325934,35.5882214840322],[-99.5447973326065,35.5867214840192],[-99.5462973326195,35.5882214840322],[-99.5447973326065,35.5897214840453]]]}},{"type":"Feature","properties":{"county":"Roger Mills","legal":"29-13N-23W-IM","operator":"PRESIDIO","lease_name":"NELLIE ANN 3-29","api_number":"3512921712","reservoir":"CHEROKEE","first_production":"1995-01-01","last_production":"2026-02-01"},"geometry":{"type":"Polygon","coordinates":[[[-99.6693297939959,35.5750694635942],[-99.6678297939829,35.5735694635812],[-99.6693297939959,35.5720694635682],[-99.670829794009,35.5735694635812],[-99.6693297939959,35.5750694635942]]]}},{"type":"Feature","properties":{"county":"Roger Mills","legal":"01-13N-21W-IM","operator":"DIVERSIFIED PRODUCTION LLC","lease_name":"TOWN OF HAMMON 1 #2","api_number":"3512921709","reservoir":"CHEROKEE","first_production":"1995-01-01","last_production":"2026-02-01"},"geometry":{"type":"Polygon","coordinates":[[[-99.3857956692331,35.6330935417378],[-99.38429566922,35.6315935417247],[-99.3857956692331,35.6300935417117],[-99.3872956692461,35.6315935417247],[-99.3857956692331,35.6330935417378]]]}},{"type":"Feature","properties":{"county":"Roger Mills","legal":"12-13N-22W-IM","operator":"DIVERSIFIED PRODUCTION LLC","lease_name":"JOHNSON 12 #1","api_number":"3512921703","reservoir":"REDFORK","first_production":"1995-01-01","last_production":"2026-02-01"},"geometry":{"type":"Polygon","coordinates":[[[-99.4917990784985,35.61860799405],[-99.4902990784854,35.617107994037],[-99.4917990784985,35.615607994024],[-99.4932990785115,35.617107994037],[-99.4917990784985,35.61860799405]]]}},{"type":"Feature","properties":{"county":"Roger Mills","legal":"02-13N-21W-IM","operator":"DIVERSIFIED PRODUCTION LLC","lease_name":"CREACH 1-2","api_number":"3512921665","reservoir":"CHEROKEE(REDFORK)","first_production":"1995-01-01","last_production":"2026-02-01"},"geometry":{"type":"Polygon","coordinates":[[[-99.4036151728357,35.6329930774932],[-99.4021151728227,35.6314930774802],[-99.4036151728357,35.6299930774671],[-99.4051151728488,35.6314930774802],[-99.4036151728357,35.6329930774932]]]}},{"type":"Feature","properties":{"county":"Roger Mills","legal":"04-13N-21W-IM","operator":"PRESIDIO","lease_name":"DRINNON #1-4","api_number":"3512921678","reservoir":"CHEROKEE","first_production":"1995-01-01","last_production":"2026-02-01"},"geometry":{"type":"Polygon","coordinates":[[[-99.4389239090361,35.6329275562616],[-99.437423909023,35.6314275562486],[-99.4389239090361,35.6299275562355],[-99.4404239090491,35.6314275562486],[-99.4389239090361,35.6329275562616]]]}},{"type":"Feature","properties":{"county":"Roger Mills","legal":"11-13N-21W-IM","operator":"UNBRIDLED RESOURCES LLC","lease_name":"CLEMENTS 11-2","api_number":"3512921674","reservoir":"REDFORK","first_production":"1995-01-01","last_production":"2026-02-01"},"geometry":{"type":"Polygon","coordinates":[[[-99.4035734965964,35.6184949134893],[-99.4020734965833,35.6169949134762],[-99.4035734965964,35.6154949134632],[-99.4050734966094,35.6169949134762],[-99.4035734965964,35.6184949134893]]]}},{"type":"Feature","properties":{"county":"Roger Mills","legal":"26-13N-22W-IM","operator":"UNBRIDLED RESOURCES LLC","lease_name":"ANNA 1-26","api_number":"3512921650","reservoir":"REDFORK","first_production":"1995-01-01","last_production":"2026-02-01"},"geometry":{"type":"Polygon","coordinates":[[[-99.509534860326,35.5750957813439],[-99.5080348603129,35.5735957813309],[-99.509534860326,35.5720957813179],[-99.511034860339,35.5735957813309],[-99.509534860326,35.5750957813439]]]}},{"type":"Feature","properties":{"county":"Roger Mills","legal":"06-12N-21W-IM","operator":"PRESIDIO","lease_name":"WESNER #3-6","api_number":"3512921634","reservoir":"DES MOINES","first_production":"1995-01-01","last_production":"2026-02-01"},"geometry":{"type":"Polygon","coordinates":[[[-99.4612135357288,35.5464136603213],[-99.4597135357157,35.5449136603082],[-99.4612135357288,35.5434136602952],[-99.4627135357418,35.5449136603082],[-99.4612135357288,35.5464136603213]]]}},{"type":"Feature","properties":{"county":"Roger Mills","legal":"20-13N-22W-IM","operator":"UNBRIDLED RESOURCES LLC","lease_name":"PUFFINBARGER 3-20","api_number":"3512921621","reservoir":"REDFORK","first_production":"1995-01-01","last_production":"2026-02-01"},"geometry":{"type":"Polygon","coordinates":[[[-99.5627338753607,35.5896712800973],[-99.5612338753476,35.5881712800843],[-99.5627338753607,35.5866712800712],[-99.5642338753737,35.5881712800843],[-99.5627338753607,35.5896712800973]]]}},{"type":"Feature","properties":{"county":"Roger Mills","legal":"04-13N-21W-IM","operator":"PRESIDIO","lease_name":"U.S.A. #1-4","api_number":"3512921611","reservoir":"CHEROKEE","first_production":"1995-01-01","last_production":"2026-02-01"},"geometry":{"type":"Polygon","coordinates":[[[-99.4389239090361,35.6329275562616],[-99.437423909023,35.6314275562486],[-99.4389239090361,35.6299275562355],[-99.4404239090491,35.6314275562486],[-99.4389239090361,35.6329275562616]]]}},{"type":"Feature","properties":{"county":"Roger Mills","legal":"08-13N-21W-IM","operator":"CANVAS ENERGY LLC","lease_name":"ALLEN 8#1","api_number":"3512921581","reservoir":"CHEROKEE","first_production":"1995-01-01","last_production":"2026-02-01"},"geometry":{"type":"Polygon","coordinates":[[[-99.4567515321453,35.6184464700958],[-99.4552515321323,35.6169464700827],[-99.4567515321453,35.6154464700697],[-99.4582515321584,35.6169464700827],[-99.4567515321453,35.6184464700958]]]}},{"type":"Feature","properties":{"county":"Roger Mills","legal":"12-13N-21W-IM","operator":"BP AMERICA PRODUCTION","lease_name":"RAY A. CLARK #1-12","api_number":"3512921565","reservoir":"CHEROKEE","first_production":"1995-01-01","last_production":"2026-02-01"},"geometry":{"type":"Polygon","coordinates":[[[-99.3858181793284,35.6185255984057],[-99.3843181793154,35.6170255983927],[-99.3858181793284,35.6155255983797],[-99.3873181793415,35.6170255983927],[-99.3858181793284,35.6185255984057]]]}},{"type":"Feature","properties":{"county":"Roger Mills","legal":"32-12N-23W-IM","operator":"PRESIDIO","lease_name":"VIERS #1-32","api_number":"3512921278","reservoir":"CHEROKEE","first_production":"1995-01-01","last_production":"2026-02-01"},"geometry":{"type":"Polygon","coordinates":[[[-99.655181824295,35.4738883588086],[-99.653681824282,35.4723883587955],[-99.655181824295,35.4708883587825],[-99.6566818243081,35.4723883587955],[-99.655181824295,35.4738883588086]]]}},{"type":"Feature","properties":{"county":"Roger Mills","legal":"05-12N-23W-IM","operator":"CANVAS ENERGY LLC","lease_name":"FORD #2-5","api_number":"3512921076","reservoir":"RED FORK","first_production":"1995-01-01","last_production":"2026-02-01"},"geometry":{"type":"Polygon","coordinates":[[[-99.6553620928508,35.5461856396999],[-99.6538620928377,35.5446856396869],[-99.6553620928508,35.5431856396739],[-99.6568620928638,35.5446856396869],[-99.6553620928508,35.5461856396999]]]}},{"type":"Feature","properties":{"county":"Roger Mills","legal":"28-13N-21W-IM","operator":"UNBRIDLED RESOURCES LLC","lease_name":"BURROWS 1-28","api_number":"3512921564","reservoir":"DES MOINES","first_production":"1995-01-01","last_production":"2026-02-01"},"geometry":{"type":"Polygon","coordinates":[[[-99.4392306487561,35.5749822478809],[-99.4377306487431,35.5734822478679],[-99.4392306487561,35.5719822478548],[-99.4407306487692,35.5734822478679],[-99.4392306487561,35.5749822478809]]]}},{"type":"Feature","properties":{"county":"Roger Mills","legal":"03-11N-23W-IM","operator":"PRESIDIO","lease_name":"GOODWIN 1-3","api_number":"3512921531","reservoir":"GRANITE WASH","first_production":"1995-01-01","last_production":"2026-02-01"},"geometry":{"type":"Polygon","coordinates":[[[-99.6198531670116,35.4593210499655],[-99.6183531669985,35.4578210499524],[-99.6198531670116,35.4563210499394],[-99.6213531670246,35.4578210499524],[-99.6198531670116,35.4593210499655]]]}},{"type":"Feature","properties":{"county":"Roger Mills","legal":"18-12N-21W-IM","operator":"RIVIERA OPERATING","lease_name":"MARSHALL #1","api_number":"3512921519","reservoir":"RED FORK","first_production":"1995-01-01","last_production":"2026-02-01"},"geometry":{"type":"Polygon","coordinates":[[[-99.4612188709957,35.5176441228046],[-99.4597188709826,35.5161441227916],[-99.4612188709957,35.5146441227786],[-99.4627188710087,35.5161441227916],[-99.4612188709957,35.5176441228046]]]}},{"type":"Feature","properties":{"county":"Roger Mills","legal":"12-13N-22W-IM","operator":"DIVERSIFIED PRODUCTION LLC","lease_name":"RATCLIFF 1-12","api_number":"3512921503","reservoir":"RED FORK","first_production":"1995-01-01","last_production":"2026-02-01"},"geometry":{"type":"Polygon","coordinates":[[[-99.4917990784985,35.61860799405],[-99.4902990784854,35.617107994037],[-99.4917990784985,35.615607994024],[-99.4932990785115,35.617107994037],[-99.4917990784985,35.61860799405]]]}},{"type":"Feature","properties":{"county":"Roger Mills","legal":"13-13N-21W-IM","operator":"UNBRIDLED RESOURCES LLC","lease_name":"JANET 1-13; 13-2","api_number":"3512921521;3512922068","reservoir":"CHEROKEE","first_production":"1995-01-01","last_production":"2026-02-01"},"geometry":{"type":"Polygon","coordinates":[[[-99.3858284018491,35.6039210933204],[-99.3843284018361,35.6024210933074],[-99.3858284018491,35.6009210932944],[-99.3873284018622,35.6024210933074],[-99.3858284018491,35.6039210933204]]]}},{"type":"Feature","properties":{"county":"Roger Mills","legal":"11-13N-21W-IM","operator":"BP AMERICA PRODUCTION","lease_name":"CLEMENTS 11-1","api_number":"3512921509;3512921700","reservoir":"CHEROKEE","first_production":"1995-01-01","last_production":"2026-02-01"},"geometry":{"type":"Polygon","coordinates":[[[-99.4035734965964,35.6184949134893],[-99.4020734965833,35.6169949134762],[-99.4035734965964,35.6154949134632],[-99.4050734966094,35.6169949134762],[-99.4035734965964,35.6184949134893]]]}},{"type":"Feature","properties":{"county":"Roger Mills","legal":"31-12N-23W-IM","operator":"JMA ENERGY","lease_name":"MARSHALL LAKE 1-31 A","api_number":"3512921441","reservoir":"LOWER CHEROKEE","first_production":"1995-01-01","last_production":"2026-02-01"},"geometry":{"type":"Polygon","coordinates":[[[-99.6728912657864,35.4738773431262],[-99.6713912657733,35.4723773431131],[-99.6728912657864,35.4708773431001],[-99.6743912657994,35.4723773431131],[-99.6728912657864,35.4738773431262]]]}},{"type":"Feature","properties":{"county":"Roger Mills","legal":"09-12N-21W-IM","operator":"TEOCALLI EXPLORATION","lease_name":"CARPENTER #1-9","api_number":"3512921431","reservoir":"DES MOINES","first_production":"1995-01-01","last_production":"2026-02-01"},"geometry":{"type":"Polygon","coordinates":[[[-99.4261794741597,35.5322215624987],[-99.4246794741466,35.5307215624857],[-99.4261794741597,35.5292215624726],[-99.4276794741727,35.5307215624857],[-99.4261794741597,35.5322215624987]]]}},{"type":"Feature","properties":{"county":"Roger Mills","legal":"15-13N-21W-IM","operator":"BP AMERICA PRODUCTION","lease_name":"HEATHER 15-1","api_number":"3512921370","reservoir":"REDFORK","first_production":"1995-01-01","last_production":"2026-02-01"},"geometry":{"type":"Polygon","coordinates":[[[-99.4213642264101,35.6040071203164],[-99.419864226397,35.6025071203034],[-99.4213642264101,35.6010071202903],[-99.4228642264231,35.6025071203034],[-99.4213642264101,35.6040071203164]]]}},{"type":"Feature","properties":{"county":"Roger Mills","legal":"14-13N-21W-IM","operator":"BP AMERICA PRODUCTION","lease_name":"HEATHER 14-1","api_number":"3512921412","reservoir":"RED FORK","first_production":"1995-01-01","last_production":"2026-02-01"},"geometry":{"type":"Polygon","coordinates":[[[-99.4036478476669,35.6039916425996],[-99.4021478476539,35.6024916425865],[-99.4036478476669,35.6009916425735],[-99.40514784768,35.6024916425865],[-99.4036478476669,35.6039916425996]]]}},{"type":"Feature","properties":{"county":"Roger Mills","legal":"18-12N-23W-IM","operator":"FX ENERGY OPERATING, LLC","lease_name":"JENCKS #1-18","api_number":"3512920879","reservoir":"CHEROKEE","first_production":"1995-01-01","last_production":"2026-02-01"},"geometry":{"type":"Polygon","coordinates":[[[-99.6728078488244,35.5173144678184],[-99.6713078488113,35.5158144678054],[-99.6728078488244,35.5143144677923],[-99.6743078488374,35.5158144678054],[-99.6728078488244,35.5173144678184]]]}},{"type":"Feature","properties":{"county":"Roger Mills","legal":"36-12N-23W-IM","operator":"SKYCAP ENERGY","lease_name":"SIMMONS 1-36","api_number":"3512921300","reservoir":"UPPER MORROW","first_production":"1995-01-01","last_production":"2026-02-01"},"geometry":{"type":"Polygon","coordinates":[[[-99.5845140602284,35.4739849650079],[-99.5830140602153,35.4724849649949],[-99.5845140602284,35.4709849649819],[-99.5860140602414,35.4724849649949],[-99.5845140602284,35.4739849650079]]]}},{"type":"Feature","properties":{"county":"Roger Mills","legal":"30-12N-23W-IM","operator":"SKYCAP ENERGY","lease_name":"VIERS #1-30","api_number":"3512921414","reservoir":"CHEROKEE","first_production":"1995-01-01","last_production":"2026-02-01"},"geometry":{"type":"Polygon","coordinates":[[[-99.672739444117,35.4883278029414],[-99.671239444104,35.4868278029284],[-99.672739444117,35.4853278029153],[-99.6742394441301,35.4868278029284],[-99.672739444117,35.4883278029414]]]}},{"type":"Feature","properties":{"county":"Roger Mills","legal":"08-12N-23W-IM","operator":"RIVIERA OPERATING","lease_name":"GREEN GONZALES;DEBBIE1-8;*","api_number":"3512921096;3512921080;3512921487;3512921440;3512921571","reservoir":"MORROW SD,HOLLIS(U MORROW),REDFORK","first_production":"1995-01-01","last_production":"2026-02-01"},"geometry":{"type":"Polygon","coordinates":[[[-99.6552281974239,35.5318524975637],[-99.6537281974109,35.5303524975507],[-99.6552281974239,35.5288524975376],[-99.656728197437,35.5303524975507],[-99.6552281974239,35.5318524975637]]]}},{"type":"Feature","properties":{"county":"Roger Mills","legal":"28-12N-23W-IM","operator":"GLACIER PETROLEUM CO OKLAHOMA INC.","lease_name":"BAKER #2-28","api_number":"3512921274","reservoir":"CHEROKEE","first_production":"1995-01-01","last_production":"2026-02-01"},"geometry":{"type":"Polygon","coordinates":[[[-99.6374248549374,35.4884407179541],[-99.6359248549244,35.486940717941],[-99.6374248549374,35.485440717928],[-99.6389248549505,35.486940717941],[-99.6374248549374,35.4884407179541]]]}},{"type":"Feature","properties":{"county":"Roger Mills","legal":"22-12N-23W-IM","operator":"PRESIDIO","lease_name":"TAYLOR #1-22;2-22","api_number":"3512921154;3512921529","reservoir":"MORROW","first_production":"1995-01-01","last_production":"2026-02-01"},"geometry":{"type":"Polygon","coordinates":[[[-99.6198041401019,35.5028545534239],[-99.6183041400889,35.5013545534108],[-99.6198041401019,35.4998545533978],[-99.621304140115,35.5013545534108],[-99.6198041401019,35.5028545534239]]]}},{"type":"Feature","properties":{"county":"Roger Mills","legal":"25-12N-23W-IM","operator":"DIVERSIFIED PRODUCTION LLC","lease_name":"JOY W TAYLOR #1-25;2-25","api_number":"3512921996;3512921088","reservoir":"UPPER MORROW,MORROW","first_production":"1995-01-01","last_production":"2026-02-01"},"geometry":{"type":"Polygon","coordinates":[[[-99.5845336412503,35.4884329458277],[-99.5830336412372,35.4869329458147],[-99.5845336412503,35.4854329458016],[-99.5860336412633,35.4869329458147],[-99.5845336412503,35.4884329458277]]]}},{"type":"Feature","properties":{"county":"Roger Mills","legal":"09-12N-23W-IM","operator":"PRESIDIO","lease_name":"GREEN 1-9","api_number":"3512921034","reservoir":"MORROW","first_production":"1995-01-01","last_production":"2026-02-01"},"geometry":{"type":"Polygon","coordinates":[[[-99.637547168048,35.5318695542475],[-99.6360471680349,35.5303695542344],[-99.637547168048,35.5288695542214],[-99.639047168061,35.5303695542344],[-99.637547168048,35.5318695542475]]]}},{"type":"Feature","properties":{"county":"Roger Mills","legal":"24-13N-21W-IM","operator":"UNBRIDLED RESOURCES LLC","lease_name":"TRENT 1","api_number":"3512921071","reservoir":"RED FORK","first_production":"1995-01-01","last_production":"2026-02-01"},"geometry":{"type":"Polygon","coordinates":[[[-99.3858245827264,35.5893862239366],[-99.3843245827134,35.5878862239235],[-99.3858245827264,35.5863862239105],[-99.3873245827394,35.5878862239235],[-99.3858245827264,35.5893862239366]]]}},{"type":"Feature","properties":{"county":"Roger Mills","legal":"03-12N-23W-IM","operator":"PRESIDIO","lease_name":"SCHOU#2-3","api_number":"3512921524","reservoir":"RED FORK","first_production":"1995-01-01","last_production":"2026-02-01"},"geometry":{"type":"Polygon","coordinates":[[[-99.6200089641659,35.5461567738888],[-99.6185089641528,35.5446567738758],[-99.6200089641659,35.5431567738628],[-99.6215089641789,35.5446567738758],[-99.6200089641659,35.5461567738888]]]}},{"type":"Feature","properties":{"county":"Roger Mills","legal":"03-12N-23W-IM","operator":"PRESIDIO","lease_name":"BOGGS #1-3X","api_number":"3512920939","reservoir":"REDFORK","first_production":"1995-01-01","last_production":"2026-02-01"},"geometry":{"type":"Polygon","coordinates":[[[-99.6200089641659,35.5461567738888],[-99.6185089641528,35.5446567738758],[-99.6200089641659,35.5431567738628],[-99.6215089641789,35.5446567738758],[-99.6200089641659,35.5461567738888]]]}},{"type":"Feature","properties":{"county":"Roger Mills","legal":"18-12N-21W-IM","operator":"SANGUINE","lease_name":"THORNTON#1;A.J.#1-18","api_number":"3512922094;3512921005","reservoir":"REDFORK,DES MOINES","first_production":"1995-01-01","last_production":"2026-02-01"},"geometry":{"type":"Polygon","coordinates":[[[-99.4612188709957,35.5176441228046],[-99.4597188709826,35.5161441227916],[-99.4612188709957,35.5146441227786],[-99.4627188710087,35.5161441227916],[-99.4612188709957,35.5176441228046]]]}},{"type":"Feature","properties":{"county":"Roger Mills","legal":"27-13N-23W-IM","operator":"PRESIDIO","lease_name":"SPROWLS #2-27","api_number":"3512921244","reservoir":"CHEROKEE","first_production":"1995-01-01","last_production":"2026-02-01"},"geometry":{"type":"Polygon","coordinates":[[[-99.6337574025898,35.5750049483535],[-99.6322574025768,35.5735049483404],[-99.6337574025898,35.5720049483274],[-99.6352574026029,35.5735049483404],[-99.6337574025898,35.5750049483535]]]}},{"type":"Feature","properties":{"county":"Roger Mills","legal":"27-13N-23W-IM","operator":"PRESIDIO","lease_name":"SPROWLS #1-27","api_number":"3512920727","reservoir":"REDFORK","first_production":"1995-01-01","last_production":"2026-02-01"},"geometry":{"type":"Polygon","coordinates":[[[-99.6337574025898,35.5750049483535],[-99.6322574025768,35.5735049483404],[-99.6337574025898,35.5720049483274],[-99.6352574026029,35.5735049483404],[-99.6337574025898,35.5750049483535]]]}},{"type":"Feature","properties":{"county":"Roger Mills","legal":"21-13N-23W-IM","operator":"PRESIDIO","lease_name":"SCHOU #1-21","api_number":"3512920724","reservoir":"REDFORK","first_production":"1995-01-01","last_production":"2026-02-01"},"geometry":{"type":"Polygon","coordinates":[[[-99.651257658782,35.5896771145458],[-99.6497576587689,35.5881771145328],[-99.651257658782,35.5866771145197],[-99.652757658795,35.5881771145328],[-99.651257658782,35.5896771145458]]]}},{"type":"Feature","properties":{"county":"Roger Mills","legal":"29-13N-23W-IM","operator":"PRESIDIO","lease_name":"NELLIE ANN 2-29","api_number":"3512921382","reservoir":"CHEROKEE","first_production":"1995-01-01","last_production":"2026-02-01"},"geometry":{"type":"Polygon","coordinates":[[[-99.6693297939959,35.5750694635942],[-99.6678297939829,35.5735694635812],[-99.6693297939959,35.5720694635682],[-99.670829794009,35.5735694635812],[-99.6693297939959,35.5750694635942]]]}},{"type":"Feature","properties":{"county":"Roger Mills","legal":"21-13N-21W-IM","operator":"MEWBOURNE","lease_name":"COTTON #1","api_number":"3512921027","reservoir":"RED FORK","first_production":"1995-01-01","last_production":"2026-02-01"},"geometry":{"type":"Polygon","coordinates":[[[-99.4391794552797,35.5894468947049],[-99.4376794552666,35.5879468946919],[-99.4391794552797,35.5864468946788],[-99.4406794552927,35.5879468946919],[-99.4391794552797,35.5894468947049]]]}},{"type":"Feature","properties":{"county":"Roger Mills","legal":"16-12N-21W-IM","operator":"WHITE STAR","lease_name":"K.C. CATTLE #2-16","api_number":"3512920844","reservoir":"REDFORK","first_production":"1995-01-01","last_production":"2026-02-01"},"geometry":{"type":"Polygon","coordinates":[[[-99.4261041218944,35.5176659081058],[-99.4246041218813,35.5161659080928],[-99.4261041218944,35.5146659080797],[-99.4276041219074,35.5161659080928],[-99.4261041218944,35.5176659081058]]]}},{"type":"Feature","properties":{"county":"Roger Mills","legal":"03-13N-21W-IM","operator":"PRESIDIO","lease_name":"DRINNON #2-3","api_number":"3512921463","reservoir":"CHEROKEE","first_production":"1995-01-01","last_production":"2026-02-01"},"geometry":{"type":"Polygon","coordinates":[[[-99.4212171624366,35.6329190442586],[-99.4197171624236,35.6314190442455],[-99.4212171624366,35.6299190442325],[-99.4227171624497,35.6314190442455],[-99.4212171624366,35.6329190442586]]]}},{"type":"Feature","properties":{"county":"Roger Mills","legal":"03-13N-21W-IM","operator":"APACHE","lease_name":"BONNIE #1","api_number":"3512920914","reservoir":"RED FORK","first_production":"1995-01-01","last_production":"2026-02-01"},"geometry":{"type":"Polygon","coordinates":[[[-99.4212171624366,35.6329190442586],[-99.4197171624236,35.6314190442455],[-99.4212171624366,35.6299190442325],[-99.4227171624497,35.6314190442455],[-99.4212171624366,35.6329190442586]]]}},{"type":"Feature","properties":{"county":"Roger Mills","legal":"13-12N-22W-IM","operator":"UNBRIDLED RESOURCES LLC","lease_name":"THORNTON \"A\" #1-13","api_number":"3512920777","reservoir":"REDFORK","first_production":"1995-01-01","last_production":"2026-02-01"},"geometry":{"type":"Polygon","coordinates":[[[-99.4787811960165,35.5175324903927],[-99.4772811960035,35.5160324903796],[-99.4787811960165,35.5145324903666],[-99.4802811960295,35.5160324903796],[-99.4787811960165,35.5175324903927]]]}},{"type":"Feature","properties":{"county":"Roger Mills","legal":"31-13N-23W-IM","operator":"DIVERSIFIED PRODUCTION LLC","lease_name":"JENCKS #1","api_number":"3512920759","reservoir":"CHEROKEE SANDS","first_production":"1995-01-01","last_production":"2026-02-01"},"geometry":{"type":"Polygon","coordinates":[[[-99.6871930734812,35.5607065178926],[-99.6856930734682,35.5592065178796],[-99.6871930734812,35.5577065178665],[-99.6886930734942,35.5592065178796],[-99.6871930734812,35.5607065178926]]]}},{"type":"Feature","properties":{"county":"Roger Mills","legal":"22-13N-22W-IM","operator":"COTERRA ENERGY OPERATING CO","lease_name":"CHAPMAN 1-22","api_number":"3512921360","reservoir":"RED FORK","first_production":"1995-01-01","last_production":"2026-02-01"},"geometry":{"type":"Polygon","coordinates":[[[-99.5269985644752,35.5896993100979],[-99.5254985644622,35.5881993100848],[-99.5269985644752,35.5866993100718],[-99.5284985644883,35.5881993100848],[-99.5269985644752,35.5896993100979]]]}},{"type":"Feature","properties":{"county":"Roger Mills","legal":"22-13N-22W-IM","operator":"COTERRA ENERGY OPERATING CO","lease_name":"GREGORY 1-22","api_number":"3512921587","reservoir":"REDFORK","first_production":"1995-01-01","last_production":"2026-02-01"},"geometry":{"type":"Polygon","coordinates":[[[-99.5269985644752,35.5896993100979],[-99.5254985644622,35.5881993100848],[-99.5269985644752,35.5866993100718],[-99.5284985644883,35.5881993100848],[-99.5269985644752,35.5896993100979]]]}},{"type":"Feature","properties":{"county":"Roger Mills","legal":"04-13N-21W-IM","operator":"PRESIDIO","lease_name":"ALLEE #1","api_number":"3512920821","reservoir":"RED FORK","first_production":"1995-01-01","last_production":"2026-02-01"},"geometry":{"type":"Polygon","coordinates":[[[-99.4389239090361,35.6329275562616],[-99.437423909023,35.6314275562486],[-99.4389239090361,35.6299275562355],[-99.4404239090491,35.6314275562486],[-99.4389239090361,35.6329275562616]]]}},{"type":"Feature","properties":{"county":"Roger Mills","legal":"04-13N-21W-IM","operator":"PRESIDIO","lease_name":"ALLEE #1","api_number":"3512920821;3512923123","reservoir":"RED FORK","first_production":"1995-01-01","last_production":"2026-02-01"},"geometry":{"type":"Polygon","coordinates":[[[-99.4389239090361,35.6329275562616],[-99.437423909023,35.6314275562486],[-99.4389239090361,35.6299275562355],[-99.4404239090491,35.6314275562486],[-99.4389239090361,35.6329275562616]]]}},{"type":"Feature","properties":{"county":"Roger Mills","legal":"28-13N-23W-IM","operator":"UNBRIDLED RESOURCES LLC","lease_name":"SPROWLS #3-28","api_number":"3512921215","reservoir":"RED FORK","first_production":"1995-01-01","last_production":"2026-02-01"},"geometry":{"type":"Polygon","coordinates":[[[-99.6515262356878,35.5750200247921],[-99.6500262356747,35.5735200247791],[-99.6515262356878,35.5720200247661],[-99.6530262357008,35.5735200247791],[-99.6515262356878,35.5750200247921]]]}},{"type":"Feature","properties":{"county":"Roger Mills","legal":"20-13N-22W-IM","operator":"UNBRIDLED RESOURCES LLC","lease_name":"PUFFINBARGER 2-20","api_number":"3512921262","reservoir":"RED FORK","first_production":"1995-01-01","last_production":"2026-02-01"},"geometry":{"type":"Polygon","coordinates":[[[-99.5627338753607,35.5896712800973],[-99.5612338753476,35.5881712800843],[-99.5627338753607,35.5866712800712],[-99.5642338753737,35.5881712800843],[-99.5627338753607,35.5896712800973]]]}},{"type":"Feature","properties":{"county":"Roger Mills","legal":"05-12N-23W-IM","operator":"PRESIDIO","lease_name":"SPROWLS #2-5","api_number":"3512921491","reservoir":"CHEROKEE (RED FORK)","first_production":"1995-01-01","last_production":"2026-02-01"},"geometry":{"type":"Polygon","coordinates":[[[-99.6553620928508,35.5461856396999],[-99.6538620928377,35.5446856396869],[-99.6553620928508,35.5431856396739],[-99.6568620928638,35.5446856396869],[-99.6553620928508,35.5461856396999]]]}},{"type":"Feature","properties":{"county":"Roger Mills","legal":"02-12N-23W-IM","operator":"PRESIDIO","lease_name":"TAYLOR #1-2","api_number":"3512920658","reservoir":"RED FORK","first_production":"1995-01-01","last_production":"2026-02-01"},"geometry":{"type":"Polygon","coordinates":[[[-99.6022884528929,35.546122636577],[-99.6007884528798,35.544622636564],[-99.6022884528929,35.5431226365509],[-99.6037884529059,35.544622636564],[-99.6022884528929,35.546122636577]]]}},{"type":"Feature","properties":{"county":"Roger Mills","legal":"23-13N-22W-IM","operator":"COTERRA ENERGY OPERATING CO","lease_name":"MORTON 1-23","api_number":"3512921464","reservoir":"RED FORK","first_production":"1995-01-01","last_production":"2026-02-01"},"geometry":{"type":"Polygon","coordinates":[[[-99.5093537539637,35.589647734886],[-99.5078537539506,35.5881477348729],[-99.5093537539637,35.5866477348599],[-99.5108537539767,35.5881477348729],[-99.5093537539637,35.589647734886]]]}},{"type":"Feature","properties":{"county":"Roger Mills","legal":"23-13N-22W-IM","operator":"CANVAS ENERGY LLC","lease_name":"CALVERT 1-23","api_number":"3512920564","reservoir":"RED FORK","first_production":"1995-01-01","last_production":"2026-02-01"},"geometry":{"type":"Polygon","coordinates":[[[-99.5093537539637,35.589647734886],[-99.5078537539506,35.5881477348729],[-99.5093537539637,35.5866477348599],[-99.5108537539767,35.5881477348729],[-99.5093537539637,35.589647734886]]]}},{"type":"Feature","properties":{"county":"Roger Mills","legal":"33-13N-23W-IM","operator":"PRESIDIO","lease_name":"SPROWLS #3-33","api_number":"3512921517","reservoir":"CHEROKEE","first_production":"1995-01-01","last_production":"2026-02-01"},"geometry":{"type":"Polygon","coordinates":[[[-99.6517165881759,35.5605735267089],[-99.6502165881629,35.5590735266959],[-99.6517165881759,35.5575735266828],[-99.6532165881889,35.5590735266959],[-99.6517165881759,35.5605735267089]]]}},{"type":"Feature","properties":{"county":"Roger Mills","legal":"33-13N-23W-IM","operator":"PRESIDIO","lease_name":"SPROWLS #2-33","api_number":"3512921457","reservoir":"CHEROKEE","first_production":"1995-01-01","last_production":"2026-02-01"},"geometry":{"type":"Polygon","coordinates":[[[-99.6517165881759,35.5605735267089],[-99.6502165881629,35.5590735266959],[-99.6517165881759,35.5575735266828],[-99.6532165881889,35.5590735266959],[-99.6517165881759,35.5605735267089]]]}},{"type":"Feature","properties":{"county":"Roger Mills","legal":"33-13N-23W-IM","operator":"PRESIDIO","lease_name":"SPROWLS #1-33","api_number":"3512920659","reservoir":"RED FORK","first_production":"1995-01-01","last_production":"2026-02-01"},"geometry":{"type":"Polygon","coordinates":[[[-99.6517165881759,35.5605735267089],[-99.6502165881629,35.5590735266959],[-99.6517165881759,35.5575735266828],[-99.6532165881889,35.5590735266959],[-99.6517165881759,35.5605735267089]]]}},{"type":"Feature","properties":{"county":"Roger Mills","legal":"35-13N-22W-IM","operator":"SANGUINE","lease_name":"LACKEY-ALLEN #1-35","api_number":"3512920606","reservoir":"RED FORK","first_production":"1995-01-01","last_production":"2026-02-01"},"geometry":{"type":"Polygon","coordinates":[[[-99.5097626769107,35.5605887188463],[-99.5082626768977,35.5590887188333],[-99.5097626769107,35.5575887188203],[-99.5112626769237,35.5590887188333],[-99.5097626769107,35.5605887188463]]]}},{"type":"Feature","properties":{"county":"Roger Mills","legal":"11-11N-23W-IM","operator":"DIVERSIFIED PRODUCTION LLC","lease_name":"GOODWIN #1","api_number":"3512920567","reservoir":"MARMATON","first_production":"1995-01-01","last_production":"2026-02-01"},"geometry":{"type":"Polygon","coordinates":[[[-99.602061476599,35.4446873702518],[-99.600561476586,35.4431873702388],[-99.602061476599,35.4416873702258],[-99.6035614766121,35.4431873702388],[-99.602061476599,35.4446873702518]]]}},{"type":"Feature","properties":{"county":"Roger Mills","legal":"15-12N-23W-IM","operator":"CHACO ENERGY","lease_name":"TAYLOR #1-15","api_number":"3512920547","reservoir":"RED FORK","first_production":"1995-01-01","last_production":"2026-02-01"},"geometry":{"type":"Polygon","coordinates":[[[-99.619965680926,35.5172886235914],[-99.618465680913,35.5157886235784],[-99.619965680926,35.5142886235653],[-99.6214656809391,35.5157886235784],[-99.619965680926,35.5172886235914]]]}},{"type":"Feature","properties":{"county":"Roger Mills","legal":"20-13N-21W-IM","operator":"FX ENERGY OPERATING, LLC","lease_name":"ALLEN #1-20","api_number":"3512921271;3512920613","reservoir":"REDFORK","first_production":"1995-01-01","last_production":"2026-02-01"},"geometry":{"type":"Polygon","coordinates":[[[-99.4568132592148,35.5894505034855],[-99.4553132592018,35.5879505034725],[-99.4568132592148,35.5864505034595],[-99.4583132592279,35.5879505034725],[-99.4568132592148,35.5894505034855]]]}},{"type":"Feature","properties":{"county":"Roger Mills","legal":"17-13N-22W-IM","operator":"UNBRIDLED RESOURCES LLC","lease_name":"NISTLER #2-17","api_number":"3512920679","reservoir":"CHEROKEE","first_production":"1995-01-01","last_production":"2026-02-01"},"geometry":{"type":"Polygon","coordinates":[[[-99.5626865144293,35.604174391134],[-99.5611865144162,35.602674391121],[-99.5626865144293,35.6011743911079],[-99.5641865144423,35.602674391121],[-99.5626865144293,35.604174391134]]]}},{"type":"Feature","properties":{"county":"Roger Mills","legal":"07-12N-21W-IM","operator":"UNBRIDLED RESOURCES LLC","lease_name":"MERRICK 7-C","api_number":"3512921526","reservoir":"DES MOINES","first_production":"1995-01-01","last_production":"2026-02-01"},"geometry":{"type":"Polygon","coordinates":[[[-99.4612451044874,35.5321144175688],[-99.4597451044744,35.5306144175558],[-99.4612451044874,35.5291144175427],[-99.4627451045005,35.5306144175558],[-99.4612451044874,35.5321144175688]]]}},{"type":"Feature","properties":{"county":"Roger Mills","legal":"14-12N-21W-IM","operator":"PRESIDIO","lease_name":"DEAL #1-14","api_number":"3512920484","reservoir":"REDFORK","first_production":"1995-01-01","last_production":"2026-02-01"},"geometry":{"type":"Polygon","coordinates":[[[-99.3906607839772,35.5174846486159],[-99.3891607839642,35.5159846486029],[-99.3906607839772,35.5144846485898],[-99.3921607839903,35.5159846486029],[-99.3906607839772,35.5174846486159]]]}},{"type":"Feature","properties":{"county":"Roger Mills","legal":"06-12N-21W-IM","operator":"PRESIDIO","lease_name":"MERRICK #5-6","api_number":"3512920476","reservoir":"REDFORK","first_production":"1995-01-01","last_production":"2026-02-01"},"geometry":{"type":"Polygon","coordinates":[[[-99.4612135357288,35.5464136603213],[-99.4597135357157,35.5449136603082],[-99.4612135357288,35.5434136602952],[-99.4627135357418,35.5449136603082],[-99.4612135357288,35.5464136603213]]]}},{"type":"Feature","properties":{"county":"Roger Mills","legal":"08-12N-21W-IM","operator":"UNBRIDLED RESOURCES LLC","lease_name":"TRIPLE T #8-B","api_number":"3512921596","reservoir":"DES MOINES","first_production":"1995-01-01","last_production":"2026-02-01"},"geometry":{"type":"Polygon","coordinates":[[[-99.4438379985774,35.532142449825],[-99.4423379985644,35.5306424498119],[-99.4438379985774,35.5291424497989],[-99.4453379985905,35.5306424498119],[-99.4438379985774,35.532142449825]]]}},{"type":"Feature","properties":{"county":"Roger Mills","legal":"08-12N-21W-IM","operator":"UNBRIDLED RESOURCES LLC","lease_name":"TRIPLE T","api_number":"3512920483","reservoir":"RED FORK","first_production":"1995-01-01","last_production":"2026-02-01"},"geometry":{"type":"Polygon","coordinates":[[[-99.4438379985774,35.532142449825],[-99.4423379985644,35.5306424498119],[-99.4438379985774,35.5291424497989],[-99.4453379985905,35.5306424498119],[-99.4438379985774,35.532142449825]]]}},{"type":"Feature","properties":{"county":"Roger Mills","legal":"11-12N-23W-IM","operator":"PRESIDIO","lease_name":"J TAYLOR #1-11","api_number":"3512920443","reservoir":"RED FORK","first_production":"1995-01-01","last_production":"2026-02-01"},"geometry":{"type":"Polygon","coordinates":[[[-99.6023218615316,35.53167689374],[-99.6008218615186,35.5301768937269],[-99.6023218615316,35.5286768937139],[-99.6038218615446,35.5301768937269],[-99.6023218615316,35.53167689374]]]}},{"type":"Feature","properties":{"county":"Roger Mills","legal":"36-13N-22W-IM","operator":"PRESIDIO","lease_name":"A CROSS RANCH 2-36","api_number":"3512921789","reservoir":"DES MOINES","first_production":"1995-01-01","last_production":"2026-02-01"},"geometry":{"type":"Polygon","coordinates":[[[-99.4920241643582,35.5605166786163],[-99.4905241643452,35.5590166786033],[-99.4920241643582,35.5575166785902],[-99.4935241643713,35.5590166786033],[-99.4920241643582,35.5605166786163]]]}},{"type":"Feature","properties":{"county":"Roger Mills","legal":"32-13N-21W-IM","operator":"PRESIDIO","lease_name":"LINVILLE #1-32","api_number":"3512920459","reservoir":"ATOKA","first_production":"1995-01-01","last_production":"2026-02-01"},"geometry":{"type":"Polygon","coordinates":[[[-99.4568381857694,35.5606143500495],[-99.4553381857564,35.5591143500365],[-99.4568381857694,35.5576143500235],[-99.4583381857825,35.5591143500365],[-99.4568381857694,35.5606143500495]]]}},{"type":"Feature","properties":{"county":"Roger Mills","legal":"01-12N-22W-IM","operator":"PRESIDIO","lease_name":"MERRICK #3-1","api_number":"3512920413","reservoir":"RED FORK","first_production":"1995-01-01","last_production":"2026-02-01"},"geometry":{"type":"Polygon","coordinates":[[[-99.4787101586726,35.5463292623089],[-99.4772101586596,35.5448292622959],[-99.4787101586726,35.5433292622828],[-99.4802101586857,35.5448292622959],[-99.4787101586726,35.5463292623089]]]}},{"type":"Feature","properties":{"county":"Roger Mills","legal":"29-13N-21W-IM","operator":"PRESIDIO","lease_name":"BURROWS #1-29","api_number":"3512920392","reservoir":"REDFORK","first_production":"1995-01-01","last_production":"2026-02-01"},"geometry":{"type":"Polygon","coordinates":[[[-99.4568126194054,35.575016534293],[-99.4553126193924,35.57351653428],[-99.4568126194054,35.5720165342669],[-99.4583126194185,35.57351653428],[-99.4568126194054,35.575016534293]]]}},{"type":"Feature","properties":{"county":"Roger Mills","legal":"17-12N-21W-IM","operator":"PRESIDIO","lease_name":"THORTON #2-17","api_number":"3512921366","reservoir":"DES MOINES","first_production":"1995-01-01","last_production":"2026-02-01"},"geometry":{"type":"Polygon","coordinates":[[[-99.4437417742759,35.5176436289134],[-99.4422417742629,35.5161436289003],[-99.4437417742759,35.5146436288873],[-99.445241774289,35.5161436289003],[-99.4437417742759,35.5176436289134]]]}},{"type":"Feature","properties":{"county":"Roger Mills","legal":"16-12N-22W-IM","operator":"PRESIDIO","lease_name":"KENNEDY 1-16","api_number":"3512920326","reservoir":"RED FORK","first_production":"1995-01-01","last_production":"2026-02-01"},"geometry":{"type":"Polygon","coordinates":[[[-99.5314034908207,35.5177502926873],[-99.5299034908076,35.5162502926743],[-99.5314034908207,35.5147502926613],[-99.5329034908337,35.5162502926743],[-99.5314034908207,35.5177502926873]]]}},{"type":"Feature","properties":{"county":"Roger Mills","legal":"01-12N-23W-IM","operator":"PRESIDIO","lease_name":"TAYLOR #1-1;#2-1","api_number":"3512921471;3512920373","reservoir":"RED FORK","first_production":"1995-01-01","last_production":"2026-02-01"},"geometry":{"type":"Polygon","coordinates":[[[-99.58446368307,35.5462181993276],[-99.5829636830569,35.5447181993145],[-99.58446368307,35.5432181993015],[-99.585963683083,35.5447181993145],[-99.58446368307,35.5462181993276]]]}},{"type":"Feature","properties":{"county":"Roger Mills","legal":"02-12N-22W-IM","operator":"PRESIDIO","lease_name":"WESNER #1-2","api_number":"3512921530","reservoir":"RED FORK","first_production":"1995-01-01","last_production":"2026-02-01"},"geometry":{"type":"Polygon","coordinates":[[[-99.4962415751397,35.5464373366034],[-99.4947415751267,35.5449373365904],[-99.4962415751397,35.5434373365773],[-99.4977415751528,35.5449373365904],[-99.4962415751397,35.5464373366034]]]}},{"type":"Feature","properties":{"county":"Roger Mills","legal":"02-12N-22W-IM","operator":"PRESIDIO","lease_name":"MERRICK #2-2","api_number":"3512921338","reservoir":"RED FORK","first_production":"1995-01-01","last_production":"2026-02-01"},"geometry":{"type":"Polygon","coordinates":[[[-99.4962415751397,35.5464373366034],[-99.4947415751267,35.5449373365904],[-99.4962415751397,35.5434373365773],[-99.4977415751528,35.5449373365904],[-99.4962415751397,35.5464373366034]]]}},{"type":"Feature","properties":{"county":"Roger Mills","legal":"32-13N-22W-IM","operator":"PRESIDIO","lease_name":"STATE 1-32","api_number":"3512920317","reservoir":"RED FORK","first_production":"1995-01-01","last_production":"2026-02-01"},"geometry":{"type":"Polygon","coordinates":[[[-99.5627725217295,35.5606846261568],[-99.5612725217165,35.5591846261438],[-99.5627725217295,35.5576846261307],[-99.5642725217426,35.5591846261438],[-99.5627725217295,35.5606846261568]]]}},{"type":"Feature","properties":{"county":"Roger Mills","legal":"17-12N-22W-IM","operator":"PRESIDIO","lease_name":"SIMMONS #1A-17","api_number":"3512920304","reservoir":"MORROW","first_production":"1995-01-01","last_production":"2026-02-01"},"geometry":{"type":"Polygon","coordinates":[[[-99.544631,35.514016500013],[-99.543130999987,35.5125165],[-99.544631,35.511016499987],[-99.546131000013,35.5125165],[-99.544631,35.514016500013]]]}},{"type":"Feature","properties":{"county":"Roger Mills","legal":"30-13N-22W-IM","operator":"PRESIDIO","lease_name":"EVANS #1-30","api_number":"3512920262","reservoir":"RED FORK","first_production":"1995-01-01","last_production":"2026-02-01"},"geometry":{"type":"Polygon","coordinates":[[[-99.5805170363067,35.5751188580179],[-99.5790170362936,35.5736188580048],[-99.5805170363067,35.5721188579918],[-99.5820170363197,35.5736188580048],[-99.5805170363067,35.5751188580179]]]}},{"type":"Feature","properties":{"county":"Roger Mills","legal":"31-13N-22W-IM","operator":"PRESIDIO","lease_name":"VICK #1-31;2-31","api_number":"3512921196;3512920294","reservoir":"RED FORK","first_production":"1995-01-01","last_production":"2026-02-01"},"geometry":{"type":"Polygon","coordinates":[[[-99.5805870342887,35.5606144405604],[-99.5790870342756,35.5591144405473],[-99.5805870342887,35.5576144405343],[-99.5820870343017,35.5591144405473],[-99.5805870342887,35.5606144405604]]]}},{"type":"Feature","properties":{"county":"Custer","legal":"17-15N-20W-IM","operator":"MEWBOURNE","lease_name":"UNRUH 17/8 PA","api_number":"3503922683","reservoir":"CHEROKEE","first_production":"2025-12-01","last_production":"2026-02-01"},"geometry":{"type":"Polygon","coordinates":[[[-99.349701437541,35.7775244830875],[-99.348201437528,35.7760244830745],[-99.349701437541,35.7745244830614],[-99.351201437554,35.7760244830745],[-99.349701437541,35.7775244830875]]]}},{"type":"Feature","properties":{"county":"Custer","legal":"11-13N-14W-IM","operator":"VALIDUS ENERGY II MIDCON LLC","api_number":"3503922653","reservoir":"50","first_production":"2025-12-01","last_production":"2026-02-01"},"geometry":{"type":"Polygon","coordinates":[[[-98.6588002940356,35.6182753457698],[-98.6573002940226,35.6167753457568],[-98.6588002940356,35.6152753457438],[-98.6603002940487,35.6167753457568],[-98.6588002940356,35.6182753457698]]]}},{"type":"Feature","properties":{"county":"Custer","legal":"12-13N-14W-IM","operator":"VALIDUS ENERGY II MIDCON LLC","api_number":"3503922652","reservoir":"50","first_production":"2025-11-01","last_production":"2026-02-01"},"geometry":{"type":"Polygon","coordinates":[[[-98.6410926579618,35.6182611355713],[-98.6395926579488,35.6167611355582],[-98.6410926579618,35.6152611355452],[-98.6425926579749,35.6167611355582],[-98.6410926579618,35.6182611355713]]]}},{"type":"Feature","properties":{"county":"Custer","legal":"34-13N-20W-IM","operator":"DEVON ENERGY","lease_name":"GADWALL 27_34-13N-20W 2HX","api_number":"3503922649","reservoir":"LOWER DES MOINES","first_production":"2025-07-01","last_production":"2026-02-01"},"geometry":{"type":"Polygon","coordinates":[[[-99.3150074475149,35.5604748823948],[-99.3135074475018,35.5589748823818],[-99.3150074475149,35.5574748823687],[-99.3165074475279,35.5589748823818],[-99.3150074475149,35.5604748823948]]]}},{"type":"Feature","properties":{"county":"Custer","legal":"09-15N-20W-IM","operator":"MEWBOURNE","lease_name":"OMMEN 16/9 MD","api_number":"3503922682","reservoir":"CHEROKEE","first_production":"2025-12-01","last_production":"2026-02-01"},"geometry":{"type":"Polygon","coordinates":[[[-99.3319260613823,35.7920477014698],[-99.3304260613693,35.7905477014568],[-99.3319260613823,35.7890477014437],[-99.3334260613954,35.7905477014568],[-99.3319260613823,35.7920477014698]]]}},{"type":"Feature","properties":{"county":"Custer","legal":"18-15N-19W-IM","operator":"MEWBOURNE","lease_name":"1H","api_number":"3503922685","reservoir":"CHEROKEE","first_production":"2025-11-01","last_production":"2026-02-01"},"geometry":{"type":"Polygon","coordinates":[[[-99.2610351592208,35.7775362272655],[-99.2595351592078,35.7760362272525],[-99.2610351592208,35.7745362272395],[-99.2625351592338,35.7760362272525],[-99.2610351592208,35.7775362272655]]]}},{"type":"Feature","properties":{"county":"Custer","legal":"03-13N-17W-IM","operator":"MEWBOURNE","lease_name":"1H","api_number":"3503922674","reservoir":"RED FORK","first_production":"2025-09-01","last_production":"2026-02-01"},"geometry":{"type":"Polygon","coordinates":[[[-98.995709539915,35.6327236289101],[-98.9942095399019,35.6312236288971],[-98.995709539915,35.629723628884],[-98.997209539928,35.6312236288971],[-98.995709539915,35.6327236289101]]]}},{"type":"Feature","properties":{"county":"Custer","legal":"10-14N-20W-IM","operator":"MEWBOURNE","lease_name":"1H","api_number":"3503922670","reservoir":"CHEROKEE","first_production":"2025-08-01","last_production":"2026-02-01"},"geometry":{"type":"Polygon","coordinates":[[[-99.3145325052515,35.7054606971697],[-99.3130325052385,35.7039606971566],[-99.3145325052515,35.7024606971436],[-99.3160325052645,35.7039606971566],[-99.3145325052515,35.7054606971697]]]}},{"type":"Feature","properties":{"county":"Custer","legal":"31-15N-20W-IM","operator":"MEWBOURNE","lease_name":"STRICKLAN 31/6 AP","api_number":"3503922645","reservoir":"CHEROKEE","first_production":"2025-04-01","last_production":"2026-02-01"},"geometry":{"type":"Polygon","coordinates":[[[-99.3677298851121,35.7342697896897],[-99.3662298850991,35.7327697896767],[-99.3677298851121,35.7312697896636],[-99.3692298851252,35.7327697896767],[-99.3677298851121,35.7342697896897]]]}},{"type":"Feature","properties":{"county":"Custer","legal":"22-13N-16W-IM","operator":"ARNOLD OIL PROPERTIES","api_number":"3503900004","reservoir":"50","first_production":"2025-12-01","last_production":"2026-02-01"},"geometry":{"type":"Polygon","coordinates":[[[-98.8893659057759,35.5891331971652],[-98.8878659057628,35.5876331971521],[-98.8893659057759,35.5861331971391],[-98.8908659057889,35.5876331971521],[-98.8893659057759,35.5891331971652]]]}},{"type":"Feature","properties":{"county":"Custer","legal":"34-13N-20W-IM","operator":"DEVON ENERGY","lease_name":"GADWALL 27_34-13N-20W 1HX","api_number":"3503922647","reservoir":"DES MOINES LOW","first_production":"2025-07-01","last_production":"2026-02-01"},"geometry":{"type":"Polygon","coordinates":[[[-99.3150074475149,35.5604748823948],[-99.3135074475018,35.5589748823818],[-99.3150074475149,35.5574748823687],[-99.3165074475279,35.5589748823818],[-99.3150074475149,35.5604748823948]]]}},{"type":"Feature","properties":{"county":"Custer","legal":"02-15N-20W-IM","operator":"MEWBOURNE","lease_name":"MOORE 35/2 AP","api_number":"3503922642","first_production":"2025-02-01","last_production":"2026-02-01"},"geometry":{"type":"Polygon","coordinates":[[[-99.2964171772437,35.8064385487107],[-99.2949171772306,35.8049385486977],[-99.2964171772437,35.8034385486846],[-99.2979171772567,35.8049385486977],[-99.2964171772437,35.8064385487107]]]}},{"type":"Feature","properties":{"county":"Custer","legal":"20-15N-20W-IM","operator":"MEWBOURNE","api_number":"3503922684","reservoir":"50","first_production":"2025-12-01","last_production":"2026-02-01"},"geometry":{"type":"Polygon","coordinates":[[[-99.3498794036875,35.7630786487187],[-99.3483794036745,35.7615786487056],[-99.3498794036875,35.7600786486926],[-99.3513794037006,35.7615786487056],[-99.3498794036875,35.7630786487187]]]}},{"type":"Feature","properties":{"county":"Custer","legal":"26-13N-16W-IM","operator":"ARNOLD OIL PROPERTIES","api_number":"3503900005","reservoir":"50","first_production":"2025-12-01","last_production":"2026-02-01"},"geometry":{"type":"Polygon","coordinates":[[[-98.871492299993,35.5746986574052],[-98.86999229998,35.5731986573922],[-98.871492299993,35.5716986573791],[-98.872992300006,35.5731986573922],[-98.871492299993,35.5746986574052]]]}},{"type":"Feature","properties":{"county":"Custer","legal":"28-15N-20W-IM","operator":"MEWBOURNE","lease_name":"1H","api_number":"3503922668","reservoir":"CHEROKEE","first_production":"2025-08-01","last_production":"2026-02-01"},"geometry":{"type":"Polygon","coordinates":[[[-99.3322558556317,35.7486556808926],[-99.3307558556187,35.7471556808796],[-99.3322558556317,35.7456556808666],[-99.3337558556448,35.7471556808796],[-99.3322558556317,35.7486556808926]]]}},{"type":"Feature","properties":{"county":"Custer","legal":"09-13N-17W-IM","operator":"MEWBOURNE","lease_name":"1H","api_number":"3503922673","reservoir":"RED FORK","first_production":"2025-11-01","last_production":"2026-02-01"},"geometry":{"type":"Polygon","coordinates":[[[-99.0135666595225,35.6182446790245],[-99.0120666595095,35.6167446790115],[-99.0135666595225,35.6152446789984],[-99.0150666595356,35.6167446790115],[-99.0135666595225,35.6182446790245]]]}},{"type":"Feature","properties":{"county":"Custer","legal":"30-15N-20W-IM","operator":"MEWBOURNE","lease_name":"MOOREWOOD 30/19 PA","api_number":"3503922644","reservoir":"CHEROKEE","first_production":"2025-04-01","last_production":"2026-02-01"},"geometry":{"type":"Polygon","coordinates":[[[-99.3676790177011,35.7486069043788],[-99.3661790176881,35.7471069043658],[-99.3676790177011,35.7456069043527],[-99.3691790177142,35.7471069043658],[-99.3676790177011,35.7486069043788]]]}},{"type":"Feature","properties":{"county":"Custer","legal":"27-15N-20W-IM","operator":"MEWBOURNE","lease_name":"1H","api_number":"3503922667","reservoir":"CHEROKEE","first_production":"2025-08-01","last_production":"2026-02-01"},"geometry":{"type":"Polygon","coordinates":[[[-99.3145179017909,35.7486589134593],[-99.3130179017779,35.7471589134463],[-99.3145179017909,35.7456589134332],[-99.3160179018039,35.7471589134463],[-99.3145179017909,35.7486589134593]]]}},{"type":"Feature","properties":{"county":"Custer","legal":"12-13N-14W-IM","operator":"VALIDUS ENERGY II MIDCON LLC","api_number":"3503922651","reservoir":"50","first_production":"2025-11-01","last_production":"2026-02-01"},"geometry":{"type":"Polygon","coordinates":[[[-98.6410926579618,35.6182611355713],[-98.6395926579488,35.6167611355582],[-98.6410926579618,35.6152611355452],[-98.6425926579749,35.6167611355582],[-98.6410926579618,35.6182611355713]]]}},{"type":"Feature","properties":{"county":"Custer","legal":"10-15N-19W-IM","operator":"DUNCAN OIL PROPERTIES","lease_name":"KR","api_number":"3503922634","first_production":"2024-08-01","last_production":"2026-02-01"},"geometry":{"type":"Polygon","coordinates":[[[-99.2081656675179,35.7922118793614],[-99.2066656675049,35.7907118793484],[-99.2081656675179,35.7892118793354],[-99.209665667531,35.7907118793484],[-99.2081656675179,35.7922118793614]]]}},{"type":"Feature","properties":{"county":"Custer","legal":"04-13N-17W-IM","operator":"MEWBOURNE","lease_name":"TRIGGER 4 MD","api_number":"3503922635","first_production":"2024-07-01","last_production":"2026-02-01"},"geometry":{"type":"Polygon","coordinates":[[[-99.0134534714311,35.6327887860117],[-99.011953471418,35.6312887859986],[-99.0134534714311,35.6297887859856],[-99.0149534714441,35.6312887859986],[-99.0134534714311,35.6327887860117]]]}},{"type":"Feature","properties":{"county":"Custer","legal":"26-14N-20W-IM","operator":"DEVON ENERGY","lease_name":"MALLARD","api_number":"3503922628","first_production":"2024-05-01","last_production":"2026-02-01"},"geometry":{"type":"Polygon","coordinates":[[[-99.2969523425906,35.6620162936622],[-99.2954523425776,35.6605162936492],[-99.2969523425906,35.6590162936361],[-99.2984523426037,35.6605162936492],[-99.2969523425906,35.6620162936622]]]}},{"type":"Feature","properties":{"county":"Custer","legal":"23-13N-14W-IM","operator":"VALIDUS ENERGY II MIDCON LLC","api_number":"3503922654","reservoir":"50","first_production":"2025-12-01","last_production":"2026-02-01"},"geometry":{"type":"Polygon","coordinates":[[[-98.6587543619426,35.5892847771058],[-98.6572543619295,35.5877847770928],[-98.6587543619426,35.5862847770797],[-98.6602543619556,35.5877847770928],[-98.6587543619426,35.5892847771058]]]}},{"type":"Feature","properties":{"county":"Custer","legal":"34-13N-20W-IM","operator":"DEVON ENERGY","lease_name":"GADWALL 27_34-13N-20W 3HX","api_number":"3503922648","reservoir":"LOWER DES MOINES","first_production":"2025-07-01","last_production":"2026-02-01"},"geometry":{"type":"Polygon","coordinates":[[[-99.3150074475149,35.5604748823948],[-99.3135074475018,35.5589748823818],[-99.3150074475149,35.5574748823687],[-99.3165074475279,35.5589748823818],[-99.3150074475149,35.5604748823948]]]}},{"type":"Feature","properties":{"county":"Custer","legal":"31-15N-19W-IM","operator":"MEWBOURNE","lease_name":"1H","api_number":"3503922686","reservoir":"CHEROKEE","first_production":"2025-11-01","last_production":"2026-02-01"},"geometry":{"type":"Polygon","coordinates":[[[-99.2615107779722,35.7343517464393],[-99.2600107779592,35.7328517464262],[-99.2615107779722,35.7313517464132],[-99.2630107779852,35.7328517464262],[-99.2615107779722,35.7343517464393]]]}},{"type":"Feature","properties":{"county":"Custer","legal":"05-14N-20W-IM","operator":"MEWBOURNE","lease_name":"SAGE DRAGON 32/5 AP","api_number":"3503922627","reservoir":"CHEROKEE","first_production":"2023-12-01","last_production":"2026-02-01"},"geometry":{"type":"Polygon","coordinates":[[[-99.3501190226526,35.7198760130164],[-99.3486190226396,35.7183760130033],[-99.3501190226526,35.7168760129903],[-99.3516190226657,35.7183760130033],[-99.3501190226526,35.7198760130164]]]}},{"type":"Feature","properties":{"county":"Custer","legal":"01-13N-17W-IM","operator":"MEWBOURNE","lease_name":"ABERNATHY 1/12 CN","api_number":"3503922632","reservoir":"CHEROKEE","first_production":"2024-05-01","last_production":"2026-02-01"},"geometry":{"type":"Polygon","coordinates":[[[-98.9601727522516,35.6327178987906],[-98.9586727522385,35.6312178987776],[-98.9601727522516,35.6297178987645],[-98.9616727522646,35.6312178987776],[-98.9601727522516,35.6327178987906]]]}},{"type":"Feature","properties":{"county":"Custer","legal":"28-15N-20W-IM","operator":"MEWBOURNE","lease_name":"1H","api_number":"3503922669","reservoir":"CHEROKEE","first_production":"2025-08-01","last_production":"2026-02-01"},"geometry":{"type":"Polygon","coordinates":[[[-99.3322558556317,35.7486556808926],[-99.3307558556187,35.7471556808796],[-99.3322558556317,35.7456556808666],[-99.3337558556448,35.7471556808796],[-99.3322558556317,35.7486556808926]]]}},{"type":"Feature","properties":{"county":"Custer","legal":"36-15N-20W-IM","operator":"MEWBOURNE","lease_name":"LEROY 36/1 DM","api_number":"3503922641","first_production":"2025-02-01","last_production":"2026-02-01"},"geometry":{"type":"Polygon","coordinates":[[[-99.2791561256351,35.7342687477142],[-99.2776561256221,35.7327687477012],[-99.2791561256351,35.7312687476882],[-99.2806561256482,35.7327687477012],[-99.2791561256351,35.7342687477142]]]}},{"type":"Feature","properties":{"county":"Custer","legal":"08-13N-16W-IM","operator":"MEWBOURNE","lease_name":"HUGHES 17/8 ML","api_number":"3503922631","first_production":"2024-07-01","last_production":"2026-02-01"},"geometry":{"type":"Polygon","coordinates":[[[-98.924904224988,35.6181212035218],[-98.923404224975,35.6166212035088],[-98.924904224988,35.6151212034958],[-98.926404225001,35.6166212035088],[-98.924904224988,35.6181212035218]]]}},{"type":"Feature","properties":{"county":"Custer","legal":"10-12N-16W-IM","operator":"ARNOLD OIL PROPERTIES","lease_name":"NEWCOMB #2-10","api_number":"3503922611","first_production":"2023-02-01","last_production":"2026-02-01"},"geometry":{"type":"Polygon","coordinates":[[[-98.8790303902727,35.53171766422],[-98.8775303902596,35.5302176642069],[-98.8790303902727,35.5287176641939],[-98.8805303902857,35.5302176642069],[-98.8790303902727,35.53171766422]]]}},{"type":"Feature","properties":{"county":"Custer","legal":"01-13N-17W-IM","operator":"MEWBOURNE","lease_name":"ABERNATHY 1 AP 1H","api_number":"3503922601","reservoir":"CHEROKEE","first_production":"2022-06-01","last_production":"2026-02-01"},"geometry":{"type":"Polygon","coordinates":[[[-98.9601727522516,35.6327178987906],[-98.9586727522385,35.6312178987776],[-98.9601727522516,35.6297178987645],[-98.9616727522646,35.6312178987776],[-98.9601727522516,35.6327178987906]]]}},{"type":"Feature","properties":{"county":"Custer","legal":"05-13N-16W-IM","operator":"SANGUINE","lease_name":"MUNO 5-13-16 1H","api_number":"3503922600","reservoir":"CHEROKEE (404CHRK)","first_production":"2022-03-01","last_production":"2026-02-01"},"geometry":{"type":"Polygon","coordinates":[[[-98.9247733147749,35.6326761273809],[-98.9232733147619,35.6311761273679],[-98.9247733147749,35.6296761273548],[-98.9262733147879,35.6311761273679],[-98.9247733147749,35.6326761273809]]]}},{"type":"Feature","properties":{"county":"Custer","legal":"02-13N-14W-IM;35-14N-14W-IM","operator":"CONTINENTAL RESOURCES","lease_name":"TRUMAN 1-35-2XHM","api_number":"3503922585","reservoir":"MISSISSIPPIAN","first_production":"2020-10-01","last_production":"2026-02-01"},"geometry":{"type":"Polygon","coordinates":[[[-98.6587409298973,35.6400342937621],[-98.6572409298842,35.6385342937491],[-98.6587409298973,35.6370342937361],[-98.6602409299103,35.6385342937491],[-98.6587409298973,35.6400342937621]]]}},{"type":"Feature","properties":{"county":"Custer","legal":"01-13N-14W-IM;36-14N-14W-IM","operator":"CONTINENTAL RESOURCES","lease_name":"SWITZER 1-36-1XHM","api_number":"3503922586","reservoir":"MISSISSIPPIAN","first_production":"2020-10-01","last_production":"2026-02-01"},"geometry":{"type":"Polygon","coordinates":[[[-98.6410013861617,35.6400414715318],[-98.6395013861487,35.6385414715187],[-98.6410013861617,35.6370414715057],[-98.6425013861748,35.6385414715187],[-98.6410013861617,35.6400414715318]]]}},{"type":"Feature","properties":{"county":"Custer","legal":"05-13N-14W-IM;08-13N-14W-IM","operator":"VALIDUS ENERGY II MIDCON LLC","lease_name":"WL 2H-8-5","api_number":"3503922588","reservoir":"MISSISSIPPIAN","first_production":"2020-10-01","last_production":"2026-02-01"},"geometry":{"type":"Polygon","coordinates":[[[-98.7119937628512,35.6254357775838],[-98.7104937628382,35.6239357775708],[-98.7119937628512,35.6224357775577],[-98.7134937628642,35.6239357775708],[-98.7119937628512,35.6254357775838]]]}},{"type":"Feature","properties":{"county":"Custer","legal":"08-13N-14W-IM;17-13N-14W-IM","operator":"VALIDUS ENERGY II MIDCON LLC","lease_name":"WL 1H-8-17","api_number":"3503922587","reservoir":"MISSISSIPPIAN","first_production":"2020-10-01","last_production":"2026-02-01"},"geometry":{"type":"Polygon","coordinates":[[[-98.7119824197078,35.6109470645474],[-98.7104824196947,35.6094470645344],[-98.7119824197078,35.6079470645214],[-98.7134824197208,35.6094470645344],[-98.7119824197078,35.6109470645474]]]}},{"type":"Feature","properties":{"county":"Custer","legal":"07-12N-18W-IM","operator":"MEWBOURNE","lease_name":"VERNETTE 7 OB 1H","api_number":"3503922578","reservoir":"CHEROKEE","first_production":"2019-10-01","last_production":"2026-02-01"},"geometry":{"type":"Polygon","coordinates":[[[-99.1436246713996,35.5319760972793],[-99.1421246713866,35.5304760972662],[-99.1436246713996,35.5289760972532],[-99.1451246714126,35.5304760972662],[-99.1436246713996,35.5319760972793]]]}},{"type":"Feature","properties":{"county":"Custer","legal":"08-13N-20W-IM;17-13N-20W-IM","operator":"VALIDUS ENERGY II MIDCON LLC","lease_name":"FRANSEN 1H-8-17","api_number":"3503922556","reservoir":"CHEROKEE","first_production":"2019-02-01","last_production":"2026-02-01"},"geometry":{"type":"Polygon","coordinates":[[[-99.3504810486772,35.61122572491],[-99.3489810486641,35.6097257248969],[-99.3504810486772,35.6082257248839],[-99.3519810486902,35.6097257248969],[-99.3504810486772,35.61122572491]]]}},{"type":"Feature","properties":{"county":"Custer","legal":"03-13N-15W-IM;34-14N-15W-IM","operator":"VALIDUS ENERGY II MIDCON LLC","lease_name":"HAMPTON 1H-34-3","api_number":"3503922541","reservoir":"MISSISSIPPIAN, WOODFORD","first_production":"2019-01-01","last_production":"2026-02-01"},"geometry":{"type":"Polygon","coordinates":[[[-98.782832459233,35.6399542450585],[-98.78133245922,35.6384542450455],[-98.782832459233,35.6369542450325],[-98.784332459246,35.6384542450455],[-98.782832459233,35.6399542450585]]]}},{"type":"Feature","properties":{"county":"Custer","legal":"21-13N-14W-IM;28-13N-14W-IM","operator":"VALIDUS ENERGY II MIDCON LLC","lease_name":"SMOOT 2H-21-28","api_number":"3503922530","reservoir":"MISSISSIPPIAN, WOODARD","first_production":"2018-10-01","last_production":"2026-02-01"},"geometry":{"type":"Polygon","coordinates":[[[-98.6942232634093,35.5819679952546],[-98.6927232633963,35.5804679952415],[-98.6942232634093,35.5789679952285],[-98.6957232634224,35.5804679952415],[-98.6942232634093,35.5819679952546]]]}},{"type":"Feature","properties":{"county":"Custer","legal":"16-13N-14W-IM;21-13N-14W-IM","operator":"VALIDUS ENERGY II MIDCON LLC","lease_name":"SMOOT 1H-21-16","api_number":"3503922531","reservoir":"MISSISSIPPIAN, WOODARD","first_production":"2018-11-01","last_production":"2026-02-01"},"geometry":{"type":"Polygon","coordinates":[[[-98.6942526277142,35.5964921812586],[-98.6927526277012,35.5949921812456],[-98.6942526277142,35.5934921812326],[-98.6957526277272,35.5949921812456],[-98.6942526277142,35.5964921812586]]]}},{"type":"Feature","properties":{"county":"Custer","legal":"03-13N-14W-IM;10-13N-14W-IM","operator":"VALIDUS ENERGY II MIDCON LLC","lease_name":"RLP 2H-3-10","api_number":"3503922501","reservoir":"MISSISSIPPIAN, WOODFORD","first_production":"2018-04-01","last_production":"2026-02-01"},"geometry":{"type":"Polygon","coordinates":[[[-98.6765149429663,35.6255037784809],[-98.6750149429533,35.6240037784678],[-98.6765149429663,35.6225037784548],[-98.6780149429794,35.6240037784678],[-98.6765149429663,35.6255037784809]]]}},{"type":"Feature","properties":{"county":"Custer","legal":"03-13N-14W-IM;34-14N-14W-IM","operator":"VALIDUS ENERGY II MIDCON LLC","lease_name":"RLP 1H-3-34","api_number":"3503922499","reservoir":"WOODFORD","first_production":"2018-04-01","last_production":"2026-02-01"},"geometry":{"type":"Polygon","coordinates":[[[-98.6764710396952,35.6400066566415],[-98.6749710396822,35.6385066566285],[-98.6764710396952,35.6370066566154],[-98.6779710397082,35.6385066566285],[-98.6764710396952,35.6400066566415]]]}},{"type":"Feature","properties":{"county":"Custer","legal":"04-13N-14W-IM;09-13N-14W-IM","operator":"VALIDUS ENERGY II MIDCON LLC","lease_name":"MILLER 2H-4-9","api_number":"3503922520","reservoir":"MISSISSIPPIAN, WOODFORD","first_production":"2018-05-01","last_production":"2026-02-01"},"geometry":{"type":"Polygon","coordinates":[[[-98.6942795437227,35.6254635757442],[-98.6927795437096,35.6239635757312],[-98.6942795437227,35.6224635757182],[-98.6957795437357,35.6239635757312],[-98.6942795437227,35.6254635757442]]]}},{"type":"Feature","properties":{"county":"Custer","legal":"04-13N-14W-IM;33-14N-14W-IM","operator":"VALIDUS ENERGY II MIDCON LLC","lease_name":"MILLER 1H-4-33","api_number":"3503922519","reservoir":"MISSISSIPPIAN, WOODFORD","first_production":"2018-05-01","last_production":"2026-02-01"},"geometry":{"type":"Polygon","coordinates":[[[-98.6942429943427,35.6399866599637],[-98.6927429943297,35.6384866599507],[-98.6942429943427,35.6369866599377],[-98.6957429943557,35.6384866599507],[-98.6942429943427,35.6399866599637]]]}},{"type":"Feature","properties":{"county":"Custer","legal":"32-15N-19W-IM","operator":"DUNCAN OIL PROPERTIES","lease_name":"MEYER 5-32HLC","api_number":"3503922527","reservoir":"CLEVELAND","first_production":"2018-05-01","last_production":"2026-02-01"},"geometry":{"type":"Polygon","coordinates":[[[-99.2438806186309,35.7343639645175],[-99.2423806186179,35.7328639645044],[-99.2438806186309,35.7313639644914],[-99.2453806186439,35.7328639645044],[-99.2438806186309,35.7343639645175]]]}},{"type":"Feature","properties":{"county":"Custer","legal":"10-13N-15W-IM;15-13N-15W-IM","operator":"CONTINENTAL RESOURCES","lease_name":"EAGLE 1R-15-10XH","api_number":"3503922516","reservoir":"MISSISSIPPIAN","first_production":"2018-03-01","last_production":"2026-02-01"},"geometry":{"type":"Polygon","coordinates":[[[-98.7829756033976,35.6109501097949],[-98.7814756033845,35.6094501097819],[-98.7829756033976,35.6079501097689],[-98.7844756034106,35.6094501097819],[-98.7829756033976,35.6109501097949]]]}},{"type":"Feature","properties":{"county":"Custer","legal":"34-12N-20W-IM","operator":"APACHE","lease_name":"RYAN ELLIOT 34-12-20 5H","api_number":"3503922444","reservoir":"HOXBAR","first_production":"2015-01-01","last_production":"2026-02-01"},"geometry":{"type":"Polygon","coordinates":[[[-99.3024238003544,35.4739378420741],[-99.3009238003414,35.4724378420611],[-99.3024238003544,35.4709378420481],[-99.3039238003674,35.4724378420611],[-99.3024238003544,35.4739378420741]]]}},{"type":"Feature","properties":{"county":"Custer","legal":"10-12N-20W-IM","operator":"PRESIDIO","lease_name":"JOYCE TRUST 10-12-20 1H","api_number":"3503922443","reservoir":"HOXBAR","first_production":"2014-11-01","last_production":"2026-02-01"},"geometry":{"type":"Polygon","coordinates":[[[-99.3025030703129,35.5324005915691],[-99.3010030702999,35.530900591556],[-99.3025030703129,35.529400591543],[-99.3040030703259,35.530900591556],[-99.3025030703129,35.5324005915691]]]}},{"type":"Feature","properties":{"county":"Custer","legal":"31-12N-20W-IM","operator":"PRESIDIO","lease_name":"SIMON 31-12-20 1H","api_number":"3503922429","reservoir":"HOXBAR","first_production":"2014-11-01","last_production":"2026-02-01"},"geometry":{"type":"Polygon","coordinates":[[[-99.3552403823744,35.4738015970025],[-99.3537403823614,35.4723015969895],[-99.3552403823744,35.4708015969765],[-99.3567403823874,35.4723015969895],[-99.3552403823744,35.4738015970025]]]}},{"type":"Feature","properties":{"county":"Custer","legal":"03-15N-20W-IM","operator":"DIVERSIFIED PRODUCTION LLC","lease_name":"RISCH 3-15-20 1H","api_number":"3503922407","reservoir":"CLEVELAND","first_production":"2012-09-01","last_production":"2026-02-01"},"geometry":{"type":"Polygon","coordinates":[[[-99.3142175506777,35.8064447835242],[-99.3127175506647,35.8049447835112],[-99.3142175506777,35.8034447834982],[-99.3157175506908,35.8049447835112],[-99.3142175506777,35.8064447835242]]]}},{"type":"Feature","properties":{"county":"Custer","legal":"02-15N-19W-IM","operator":"JMA ENERGY","lease_name":"DOYLE BRAY 1-2R 1-2R","api_number":"3503920024","reservoir":"CLEVELAND/CHEROKEE","first_production":"2012-07-01","last_production":"2026-02-01"},"geometry":{"type":"Polygon","coordinates":[[[-99.1903928652316,35.8065994035977],[-99.1888928652185,35.8050994035847],[-99.1903928652316,35.8035994035716],[-99.1918928652446,35.8050994035847],[-99.1903928652316,35.8065994035977]]]}},{"type":"Feature","properties":{"county":"Custer","legal":"02-15N-20W-IM","operator":"DIVERSIFIED PRODUCTION LLC","lease_name":"KAUK 1-2H","api_number":"3503922381","reservoir":"CLEVELAND","first_production":"2011-05-01","last_production":"2026-02-01"},"geometry":{"type":"Polygon","coordinates":[[[-99.2964171772437,35.8064385487107],[-99.2949171772306,35.8049385486977],[-99.2964171772437,35.8034385486846],[-99.2979171772567,35.8049385486977],[-99.2964171772437,35.8064385487107]]]}},{"type":"Feature","properties":{"county":"Washita","legal":"04-11N-20W-IM","operator":"COTERRA ENERGY OPERATING CO","lease_name":"KEPHART 1-4H","api_number":"3503922376","reservoir":"HOXBAR","first_production":"2011-03-01","last_production":"2026-02-01"},"geometry":{"type":"Polygon","coordinates":[[[-99.3200077858803,35.4593490981189],[-99.3185077858672,35.4578490981059],[-99.3200077858803,35.4563490980928],[-99.3215077858933,35.4578490981059],[-99.3200077858803,35.4593490981189]]]}},{"type":"Feature","properties":{"county":"Custer","legal":"25-14N-19W-IM","operator":"PRESIDIO","lease_name":"KLEIN 2-25","api_number":"3503922368","reservoir":"DES MOINES","first_production":"2010-10-01","last_production":"2026-02-01"},"geometry":{"type":"Polygon","coordinates":[[[-99.1730833013346,35.6618384634887],[-99.1715833013216,35.6603384634757],[-99.1730833013346,35.6588384634626],[-99.1745833013476,35.6603384634757],[-99.1730833013346,35.6618384634887]]]}},{"type":"Feature","properties":{"county":"Custer","legal":"05-15N-20W-IM","operator":"DIVERSIFIED PRODUCTION LLC","lease_name":"HARREL LOMAS 1-5H","api_number":"3503922366","reservoir":"CLEVELAND","first_production":"2010-08-01","last_production":"2026-02-01"},"geometry":{"type":"Polygon","coordinates":[[[-99.3497526754816,35.8063732339605],[-99.3482526754686,35.8048732339475],[-99.3497526754816,35.8033732339345],[-99.3512526754947,35.8048732339475],[-99.3497526754816,35.8063732339605]]]}},{"type":"Feature","properties":{"county":"Custer","legal":"07-15N-19W-IM","operator":"DIVERSIFIED PRODUCTION LLC","lease_name":"CARTER TRUST 1-7H","api_number":"3503922362","reservoir":"CLEVELAND","first_production":"2010-05-01","last_production":"2026-02-01"},"geometry":{"type":"Polygon","coordinates":[[[-99.2610884265321,35.7920158615806],[-99.2595884265191,35.7905158615676],[-99.2610884265321,35.7890158615546],[-99.2625884265452,35.7905158615676],[-99.2610884265321,35.7920158615806]]]}},{"type":"Feature","properties":{"county":"Custer","legal":"01-15N-20W-IM","operator":"DIVERSIFIED PRODUCTION LLC","lease_name":"WHITTINGTON 1-1H","api_number":"3503922358","reservoir":"CLEVELAND","first_production":"2010-05-01","last_production":"2026-02-01"},"geometry":{"type":"Polygon","coordinates":[[[-99.2787790468734,35.8065239368624],[-99.2772790468603,35.8050239368493],[-99.2787790468734,35.8035239368363],[-99.2802790468864,35.8050239368493],[-99.2787790468734,35.8065239368624]]]}},{"type":"Feature","properties":{"county":"Custer","legal":"35-13N-16W-IM","operator":"ARNOLD OIL PROPERTIES","lease_name":"HOFFMAN 1-35","api_number":"3503922345","reservoir":"MORROW","first_production":"2009-04-01","last_production":"2026-02-01"},"geometry":{"type":"Polygon","coordinates":[[[-98.871464897758,35.5601821046728],[-98.869964897745,35.5586821046598],[-98.871464897758,35.5571821046467],[-98.8729648977711,35.5586821046598],[-98.871464897758,35.5601821046728]]]}},{"type":"Feature","properties":{"county":"Custer","legal":"12-12N-18W-IM","operator":"CHACO ENERGY","lease_name":"HAMAR #1-12 RE","api_number":"3503921235","reservoir":"ATOKA","first_production":"2009-09-01","last_production":"2026-02-01"},"geometry":{"type":"Polygon","coordinates":[[[-99.0549669654888,35.5318145580731],[-99.0534669654758,35.53031455806],[-99.0549669654888,35.528814558047],[-99.0564669655019,35.53031455806],[-99.0549669654888,35.5318145580731]]]}},{"type":"Feature","properties":{"county":"Custer","legal":"22-12N-18W-IM","operator":"BCE-MACH II LLC","lease_name":"ASA 1-22","api_number":"3503922341","reservoir":"UPPER MORROW","first_production":"2009-04-01","last_production":"2026-02-01"},"geometry":{"type":"Polygon","coordinates":[[[-99.0905396663057,35.5029247530655],[-99.0890396662926,35.5014247530524],[-99.0905396663057,35.4999247530394],[-99.0920396663187,35.5014247530524],[-99.0905396663057,35.5029247530655]]]}},{"type":"Feature","properties":{"county":"Custer","legal":"33-12N-20W-IM","operator":"KEY PRODUCTION","lease_name":"KEPHART 5-33","api_number":"3503922340","reservoir":"BROWN DOLO, PERMIAN GRANITE WASH,*","first_production":"2009-08-01","last_production":"2026-02-01"},"geometry":{"type":"Polygon","coordinates":[[[-99.3200475122603,35.4738584357849],[-99.3185475122473,35.4723584357718],[-99.3200475122603,35.4708584357588],[-99.3215475122733,35.4723584357718],[-99.3200475122603,35.4738584357849]]]}},{"type":"Feature","properties":{"county":"Custer","legal":"26-13N-16W-IM","operator":"ARNOLD OIL PROPERTIES","lease_name":"COUNTS 26-1","api_number":"3503922322","reservoir":"SPRINGER","first_production":"2008-12-01","last_production":"2026-02-01"},"geometry":{"type":"Polygon","coordinates":[[[-98.871492299993,35.5746986574052],[-98.86999229998,35.5731986573922],[-98.871492299993,35.5716986573791],[-98.872992300006,35.5731986573922],[-98.871492299993,35.5746986574052]]]}},{"type":"Feature","properties":{"county":"Custer","legal":"27-13N-16W-IM","operator":"ARNOLD OIL PROPERTIES","lease_name":"LACY 2-27","api_number":"3503922321","reservoir":"ATOKA","first_production":"2008-11-01","last_production":"2026-02-01"},"geometry":{"type":"Polygon","coordinates":[[[-98.8892266667776,35.5745859240632],[-98.8877266667646,35.5730859240501],[-98.8892266667776,35.5715859240371],[-98.8907266667907,35.5730859240501],[-98.8892266667776,35.5745859240632]]]}},{"type":"Feature","properties":{"county":"Custer","legal":"29-13N-14W-IM","operator":"UNIT","lease_name":"ASHBY E  12-29","api_number":"3503922329","reservoir":"CHEROKEE","first_production":"2008-09-01","last_production":"2026-02-01"},"geometry":{"type":"Polygon","coordinates":[[[-98.7119102028217,35.5746949240269],[-98.7104102028087,35.5731949240139],[-98.7119102028217,35.5716949240008],[-98.7134102028348,35.5731949240139],[-98.7119102028217,35.5746949240269]]]}},{"type":"Feature","properties":{"county":"Custer","legal":"30-13N-14W-IM","operator":"UNIT","lease_name":"HUNNICUTT 3-30","api_number":"3503922317","reservoir":"SKINNER","first_production":"2008-08-01","last_production":"2026-02-01"},"geometry":{"type":"Polygon","coordinates":[[[-98.7297045793248,35.5747137016663],[-98.7282045793118,35.5732137016533],[-98.7297045793248,35.5717137016402],[-98.7312045793378,35.5732137016533],[-98.7297045793248,35.5747137016663]]]}},{"type":"Feature","properties":{"county":"Custer","legal":"34-14N-20W-IM","operator":"BCE-MACH III LLC","lease_name":"HASH FEDERAL 1-34","api_number":"3503922308","reservoir":"CLEVELAND,MARMATON,CHEROKEE,ATOKA","first_production":"2008-08-01","last_production":"2026-02-01"},"geometry":{"type":"Polygon","coordinates":[[[-99.3148199868744,35.6474528108467],[-99.3133199868614,35.6459528108336],[-99.3148199868744,35.6444528108206],[-99.3163199868875,35.6459528108336],[-99.3148199868744,35.6474528108467]]]}},{"type":"Feature","properties":{"county":"Custer","legal":"22-12N-20W-IM","operator":"PRESIDIO","lease_name":"KEPHART 4-22","api_number":"3503922313","reservoir":"DES MOINES LOW","first_production":"2008-08-01","last_production":"2026-02-01"},"geometry":{"type":"Polygon","coordinates":[[[-99.3024990730792,35.5030984846218],[-99.3009990730661,35.5015984846088],[-99.3024990730792,35.5000984845957],[-99.3039990730922,35.5015984846088],[-99.3024990730792,35.5030984846218]]]}},{"type":"Feature","properties":{"county":"Custer","legal":"27-12N-20W-IM","operator":"PRESIDIO","lease_name":"JUANITA 5-27","api_number":"3503922312","reservoir":"DESMOINES UP,DESMOINES LW,ATOKA U,*","first_production":"2008-07-01","last_production":"2026-02-01"},"geometry":{"type":"Polygon","coordinates":[[[-99.3024671801161,35.4884864047968],[-99.3009671801031,35.4869864047838],[-99.3024671801161,35.4854864047707],[-99.3039671801291,35.4869864047838],[-99.3024671801161,35.4884864047968]]]}},{"type":"Feature","properties":{"county":"Custer","legal":"16-14N-19W-IM","operator":"DIVERSIFIED PRODUCTION LLC","lease_name":"WIENS 2-16","api_number":"3503922301","reservoir":"MORROW","first_production":"2008-06-01","last_production":"2026-02-01"},"geometry":{"type":"Polygon","coordinates":[[[-99.2263366597258,35.6909716751056],[-99.2248366597127,35.6894716750925],[-99.2263366597258,35.6879716750795],[-99.2278366597388,35.6894716750925],[-99.2263366597258,35.6909716751056]]]}},{"type":"Feature","properties":{"county":"Custer","legal":"30-13N-14W-IM","operator":"UNIT","lease_name":"HUNNICUTT 4-30","api_number":"3503922314","reservoir":"SKINNER","first_production":"2008-06-01","last_production":"2026-02-01"},"geometry":{"type":"Polygon","coordinates":[[[-98.7297045793248,35.5747137016663],[-98.7282045793118,35.5732137016533],[-98.7297045793248,35.5717137016402],[-98.7312045793378,35.5732137016533],[-98.7297045793248,35.5747137016663]]]}},{"type":"Feature","properties":{"county":"Custer","legal":"10-14N-19W-IM","operator":"DIVERSIFIED PRODUCTION LLC","lease_name":"STRIBLING 1-10","api_number":"3503922304","reservoir":"DES MOINES","first_production":"2008-05-01","last_production":"2026-02-01"},"geometry":{"type":"Polygon","coordinates":[[[-99.2085362425872,35.705442354867],[-99.2070362425742,35.703942354854],[-99.2085362425872,35.7024423548409],[-99.2100362426003,35.703942354854],[-99.2085362425872,35.705442354867]]]}},{"type":"Feature","properties":{"county":"Custer","legal":"36-14N-19W-IM","operator":"PRESIDIO","lease_name":"WALKER 3;4-36","api_number":"3503922300;3503922336","reservoir":"DES MOINES","first_production":"2008-05-01","last_production":"2026-02-01"},"geometry":{"type":"Polygon","coordinates":[[[-99.1731450136346,35.6473425066553],[-99.1716450136215,35.6458425066422],[-99.1731450136346,35.6443425066292],[-99.1746450136476,35.6458425066422],[-99.1731450136346,35.6473425066553]]]}},{"type":"Feature","properties":{"county":"Custer","legal":"30-13N-14W-IM","operator":"UNIT","lease_name":"WINDY 1-30","api_number":"3503922302","reservoir":"CHEROKEE SKINNER","first_production":"2008-04-01","last_production":"2026-02-01"},"geometry":{"type":"Polygon","coordinates":[[[-98.7297045793248,35.5747137016663],[-98.7282045793118,35.5732137016533],[-98.7297045793248,35.5717137016402],[-98.7312045793378,35.5732137016533],[-98.7297045793248,35.5747137016663]]]}},{"type":"Feature","properties":{"county":"Custer","legal":"34-12N-20W-IM","operator":"PRESIDIO","lease_name":"ELLIOTT 4-34","api_number":"3503922291","reservoir":"DES MOINES UP,LOW, ATOKA UP,LOW, *","first_production":"2008-04-01","last_production":"2026-02-01"},"geometry":{"type":"Polygon","coordinates":[[[-99.3024238003544,35.4739378420741],[-99.3009238003414,35.4724378420611],[-99.3024238003544,35.4709378420481],[-99.3039238003674,35.4724378420611],[-99.3024238003544,35.4739378420741]]]}},{"type":"Feature","properties":{"county":"Custer","legal":"29-13N-14W-IM","operator":"UNIT","lease_name":"ASHBY E 13-29","api_number":"3503922298","reservoir":"CHEROKEE","first_production":"2008-04-01","last_production":"2026-02-01"},"geometry":{"type":"Polygon","coordinates":[[[-98.7119102028217,35.5746949240269],[-98.7104102028087,35.5731949240139],[-98.7119102028217,35.5716949240008],[-98.7134102028348,35.5731949240139],[-98.7119102028217,35.5746949240269]]]}},{"type":"Feature","properties":{"county":"Custer","legal":"22-12N-20W-IM","operator":"PRESIDIO","lease_name":"KEPHART 3-22","api_number":"3503922286","reservoir":"UPPER & LOWER ATOKA,CLINTON LAKE","first_production":"2008-02-01","last_production":"2026-02-01"},"geometry":{"type":"Polygon","coordinates":[[[-99.3024990730792,35.5030984846218],[-99.3009990730661,35.5015984846088],[-99.3024990730792,35.5000984845957],[-99.3039990730922,35.5015984846088],[-99.3024990730792,35.5030984846218]]]}},{"type":"Feature","properties":{"county":"Custer","legal":"36-12N-18W-IM","operator":"DIVERSIFIED PRODUCTION LLC","lease_name":"KAMITCHIS 1-36H","api_number":"3503922283","reservoir":"CHEROKEE","first_production":"2008-02-01","last_production":"2026-02-01"},"geometry":{"type":"Polygon","coordinates":[[[-99.0550528610007,35.4738918533626],[-99.0535528609876,35.4723918533496],[-99.0550528610007,35.4708918533365],[-99.0565528610137,35.4723918533496],[-99.0550528610007,35.4738918533626]]]}},{"type":"Feature","properties":{"county":"Custer","legal":"35-12N-18W-IM","operator":"DIVERSIFIED PRODUCTION LLC","lease_name":"FAWVER 1-35H","api_number":"3503922275","reservoir":"CHEROKEE","first_production":"2007-10-01","last_production":"2026-02-01"},"geometry":{"type":"Polygon","coordinates":[[[-99.0727741766102,35.4739369551105],[-99.0712741765972,35.4724369550975],[-99.0727741766102,35.4709369550844],[-99.0742741766232,35.4724369550975],[-99.0727741766102,35.4739369551105]]]}},{"type":"Feature","properties":{"county":"Custer","legal":"28-13N-14W-IM","operator":"SKYCAP ENERGY","lease_name":"HORTON 4-28","api_number":"3503922282","reservoir":"SKINNER","first_production":"2007-12-01","last_production":"2026-02-01"},"geometry":{"type":"Polygon","coordinates":[[[-98.6942325328977,35.5747206402166],[-98.6927325328847,35.5732206402036],[-98.6942325328977,35.5717206401905],[-98.6957325329108,35.5732206402036],[-98.6942325328977,35.5747206402166]]]}},{"type":"Feature","properties":{"county":"Custer","legal":"34-12N-18W-IM","operator":"DIVERSIFIED PRODUCTION LLC","lease_name":"SPITZ 1-34H","api_number":"3503922273","reservoir":"DES MOINES","first_production":"2007-11-01","last_production":"2026-02-01"},"geometry":{"type":"Polygon","coordinates":[[[-99.0904761542336,35.4739282870394],[-99.0889761542205,35.4724282870264],[-99.0904761542336,35.4709282870134],[-99.0919761542466,35.4724282870264],[-99.0904761542336,35.4739282870394]]]}},{"type":"Feature","properties":{"county":"Custer","legal":"28-13N-14W-IM","operator":"SKYCAP ENERGY","lease_name":"HORTON 3-28","api_number":"3503922278","reservoir":"SKINNER","first_production":"2007-11-01","last_production":"2026-02-01"},"geometry":{"type":"Polygon","coordinates":[[[-98.6942325328977,35.5747206402166],[-98.6927325328847,35.5732206402036],[-98.6942325328977,35.5717206401905],[-98.6957325329108,35.5732206402036],[-98.6942325328977,35.5747206402166]]]}},{"type":"Feature","properties":{"county":"Custer","legal":"22-14N-20W-IM","operator":"COTERRA ENERGY OPERATING CO","lease_name":"MOSELEY 3-22","api_number":"3503922267","reservoir":"CHEROKEE","first_production":"2007-11-01","last_production":"2026-02-01"},"geometry":{"type":"Polygon","coordinates":[[[-99.3145277433809,35.676511938935],[-99.3130277433679,35.675011938922],[-99.3145277433809,35.6735119389089],[-99.3160277433939,35.675011938922],[-99.3145277433809,35.676511938935]]]}},{"type":"Feature","properties":{"county":"Custer","legal":"32-12N-18W-IM","operator":"DIVERSIFIED PRODUCTION LLC","lease_name":"BTU 1-32H","api_number":"3503922260","reservoir":"DES MOINES","first_production":"2007-10-01","last_production":"2026-02-01"},"geometry":{"type":"Polygon","coordinates":[[[-99.1259856424954,35.4739924095012],[-99.1244856424824,35.4724924094882],[-99.1259856424954,35.4709924094751],[-99.1274856425084,35.4724924094882],[-99.1259856424954,35.4739924095012]]]}},{"type":"Feature","properties":{"county":"Custer","legal":"29-13N-14W-IM","operator":"UNIT","lease_name":"EVA ASHBY 8-29","api_number":"3503922270","reservoir":"CHEROKEE","first_production":"2007-09-01","last_production":"2026-02-01"},"geometry":{"type":"Polygon","coordinates":[[[-98.7119102028217,35.5746949240269],[-98.7104102028087,35.5731949240139],[-98.7119102028217,35.5716949240008],[-98.7134102028348,35.5731949240139],[-98.7119102028217,35.5746949240269]]]}},{"type":"Feature","properties":{"county":"Custer","legal":"15-14N-19W-IM","operator":"MEWBOURNE","lease_name":"BIBB TRUST \"15\" #1","api_number":"3503922271","reservoir":"DES MOINES","first_production":"2006-11-01","last_production":"2026-02-01"},"geometry":{"type":"Polygon","coordinates":[[[-99.2085409048722,35.6908876428161],[-99.2070409048592,35.6893876428031],[-99.2085409048722,35.68788764279],[-99.2100409048852,35.6893876428031],[-99.2085409048722,35.6908876428161]]]}},{"type":"Feature","properties":{"county":"Custer","legal":"30-12N-20W-IM","operator":"PRESIDIO","lease_name":"DEAL 2;3-30","api_number":"3503922266;3503922240","reservoir":"DES MOINES,DES MOINES LOW","first_production":"2007-08-01","last_production":"2026-02-01"},"geometry":{"type":"Polygon","coordinates":[[[-99.3552606467193,35.4883243311972],[-99.3537606467062,35.4868243311842],[-99.3552606467193,35.4853243311711],[-99.3567606467323,35.4868243311842],[-99.3552606467193,35.4883243311972]]]}},{"type":"Feature","properties":{"county":"Custer","legal":"10-13N-19W-IM","operator":"FX ENERGY OPERATING, LLC","lease_name":"BAKER #3-10","api_number":"3503922246","reservoir":"DES MOINES","first_production":"2007-06-01","last_production":"2026-02-01"},"geometry":{"type":"Polygon","coordinates":[[[-99.2086473689515,35.618544618814],[-99.2071473689385,35.617044618801],[-99.2086473689515,35.6155446187879],[-99.2101473689646,35.617044618801],[-99.2086473689515,35.618544618814]]]}},{"type":"Feature","properties":{"county":"Custer","legal":"21-12N-20W-IM","operator":"DIVERSIFIED PRODUCTION LLC","lease_name":"PECK 4-21","api_number":"3503922243","reservoir":"CLINTON LAKE","first_production":"2007-06-01","last_production":"2026-02-01"},"geometry":{"type":"Polygon","coordinates":[[[-99.3202023700387,35.5030336852133],[-99.3187023700256,35.5015336852002],[-99.3202023700387,35.5000336851872],[-99.3217023700517,35.5015336852002],[-99.3202023700387,35.5030336852133]]]}},{"type":"Feature","properties":{"county":"Custer","legal":"19-12N-20W-IM","operator":"PRESIDIO","lease_name":"D&M 2;4;3-19","api_number":"3503922293;3503922327;3503922222","reservoir":"DES MOINES LOW","first_production":"2007-05-01","last_production":"2026-02-01"},"geometry":{"type":"Polygon","coordinates":[[[-99.3553371586055,35.5029594897034],[-99.3538371585924,35.5014594896904],[-99.3553371586055,35.4999594896773],[-99.3568371586185,35.5014594896904],[-99.3553371586055,35.5029594897034]]]}},{"type":"Feature","properties":{"county":"Custer","legal":"14-14N-19W-IM","operator":"MEWBOURNE","lease_name":"PATRICE \"14\" #1","api_number":"3503922255","reservoir":"CHEROKEE","first_production":"2007-06-01","last_production":"2026-02-01"},"geometry":{"type":"Polygon","coordinates":[[[-99.1907653970412,35.6908376296135],[-99.1892653970281,35.6893376296005],[-99.1907653970412,35.6878376295875],[-99.1922653970542,35.6893376296005],[-99.1907653970412,35.6908376296135]]]}},{"type":"Feature","properties":{"county":"Custer","legal":"33-13N-14W-IM","operator":"SKYCAP ENERGY","lease_name":"CRALL #4","api_number":"3503922252","reservoir":"SKINNER","first_production":"2007-05-01","last_production":"2026-02-01"},"geometry":{"type":"Polygon","coordinates":[[[-98.6942006706413,35.5601818531377],[-98.6927006706283,35.5586818531246],[-98.6942006706413,35.5571818531116],[-98.6957006706543,35.5586818531246],[-98.6942006706413,35.5601818531377]]]}},{"type":"Feature","properties":{"county":"Custer","legal":"28-13N-14W-IM","operator":"SKYCAP ENERGY","lease_name":"HORTON 2-28","api_number":"3503922247","reservoir":"SKINNER","first_production":"2007-04-01","last_production":"2026-02-01"},"geometry":{"type":"Polygon","coordinates":[[[-98.6942325328977,35.5747206402166],[-98.6927325328847,35.5732206402036],[-98.6942325328977,35.5717206401905],[-98.6957325329108,35.5732206402036],[-98.6942325328977,35.5747206402166]]]}},{"type":"Feature","properties":{"county":"Custer","legal":"31-13N-15W-IM","operator":"DIVERSIFIED PRODUCTION LLC","lease_name":"FRIESEN 1-31","api_number":"3503922229","reservoir":"SKINNER","first_production":"2006-11-01","last_production":"2026-02-01"},"geometry":{"type":"Polygon","coordinates":[[[-98.836013520634,35.5601980824504],[-98.8345135206209,35.5586980824373],[-98.836013520634,35.5571980824243],[-98.837513520647,35.5586980824373],[-98.836013520634,35.5601980824504]]]}},{"type":"Feature","properties":{"county":"Custer","legal":"32-14N-19W-IM","operator":"DIVERSIFIED PRODUCTION LLC","lease_name":"RUTHER 2-32","api_number":"3503922231","reservoir":"DES MOINES","first_production":"2006-11-01","last_production":"2026-02-01"},"geometry":{"type":"Polygon","coordinates":[[[-99.2441158687476,35.6474548594956],[-99.2426158687346,35.6459548594826],[-99.2441158687476,35.6444548594695],[-99.2456158687607,35.6459548594826],[-99.2441158687476,35.6474548594956]]]}},{"type":"Feature","properties":{"county":"Custer","legal":"04-13N-19W-IM","operator":"DIVERSIFIED PRODUCTION LLC","lease_name":"STONE 1-4","api_number":"3503922217","reservoir":"DES MOINES","first_production":"2006-09-01","last_production":"2026-02-01"},"geometry":{"type":"Polygon","coordinates":[[[-99.226408488818,35.6329442408712],[-99.2249084888049,35.6314442408582],[-99.226408488818,35.6299442408451],[-99.227908488831,35.6314442408582],[-99.226408488818,35.6329442408712]]]}},{"type":"Feature","properties":{"county":"Custer","legal":"19-13N-20W-IM","operator":"COTERRA ENERGY OPERATING CO","lease_name":"ED COVEY 1-19","api_number":"3503922215","reservoir":"DES MOINES LOW","first_production":"2006-07-01","last_production":"2026-02-01"},"geometry":{"type":"Polygon","coordinates":[[[-99.3681030510288,35.5893919261954],[-99.3666030510157,35.5878919261823],[-99.3681030510288,35.5863919261693],[-99.3696030510418,35.5878919261823],[-99.3681030510288,35.5893919261954]]]}},{"type":"Feature","properties":{"county":"Custer","legal":"18-12N-20W-IM","operator":"MEWBOURNE","lease_name":"QUAPAW \"18\" #1","api_number":"3503922214","reservoir":"DES MOINES LOW","first_production":"2006-01-01","last_production":"2026-02-01"},"geometry":{"type":"Polygon","coordinates":[[[-99.3553967407844,35.5176010867656],[-99.3538967407713,35.5161010867526],[-99.3553967407844,35.5146010867395],[-99.3568967407974,35.5161010867526],[-99.3553967407844,35.5176010867656]]]}},{"type":"Feature","properties":{"county":"Custer","legal":"13-12N-20W-IM","operator":"DIVERSIFIED PRODUCTION LLC","lease_name":"DONNA DEAN 1-13","api_number":"3503922191","reservoir":"CLINTON LAKE","first_production":"2006-04-01","last_production":"2026-02-01"},"geometry":{"type":"Polygon","coordinates":[[[-99.2668281833496,35.5179051638256],[-99.2653281833366,35.5164051638126],[-99.2668281833496,35.5149051637995],[-99.2683281833627,35.5164051638126],[-99.2668281833496,35.5179051638256]]]}},{"type":"Feature","properties":{"county":"Custer","legal":"30-12N-20W-IM","operator":"PRESIDIO","lease_name":"DEAL 1-30","api_number":"3503922202","reservoir":"UPPER DES MOINES,LOWER DES MOINES","first_production":"2006-05-01","last_production":"2026-02-01"},"geometry":{"type":"Polygon","coordinates":[[[-99.3552606467193,35.4883243311972],[-99.3537606467062,35.4868243311842],[-99.3552606467193,35.4853243311711],[-99.3567606467323,35.4868243311842],[-99.3552606467193,35.4883243311972]]]}},{"type":"Feature","properties":{"county":"Custer","legal":"26-12N-20W-IM","operator":"KEY PRODUCTION","lease_name":"SULLAVAN 11-26","api_number":"3503922199","reservoir":"LOWER DES MOINES","first_production":"2006-03-01","last_production":"2026-02-01"},"geometry":{"type":"Polygon","coordinates":[[[-99.2847941449651,35.4884970890188],[-99.2832941449521,35.4869970890057],[-99.2847941449651,35.4854970889927],[-99.2862941449782,35.4869970890057],[-99.2847941449651,35.4884970890188]]]}},{"type":"Feature","properties":{"county":"Custer","legal":"30-13N-20W-IM","operator":"CRAWLEY PETROLEUM","lease_name":"K C CATTLE 2-30","api_number":"3503922164","reservoir":"UPPER & LOWER DES MOINES","first_production":"2005-11-01","last_production":"2026-02-01"},"geometry":{"type":"Polygon","coordinates":[[[-99.3680642431843,35.5749052588873],[-99.3665642431712,35.5734052588742],[-99.3680642431843,35.5719052588612],[-99.3695642431973,35.5734052588742],[-99.3680642431843,35.5749052588873]]]}},{"type":"Feature","properties":{"county":"Custer","legal":"36-12N-14W-IM","operator":"COTERRA ENERGY OPERATING CO","lease_name":"CARTWRIGHT 1","api_number":"3503922181","reservoir":"MORROW","first_production":"2005-12-01","last_production":"2026-02-01"},"geometry":{"type":"Polygon","coordinates":[[[-98.6320794121189,35.4731218620143],[-98.6305794121059,35.4716218620013],[-98.6320794121189,35.4701218619883],[-98.6335794121319,35.4716218620013],[-98.6320794121189,35.4731218620143]]]}},{"type":"Feature","properties":{"county":"Custer","legal":"29-12N-20W-IM","operator":"COTERRA ENERGY OPERATING CO","lease_name":"HALL 2-29","api_number":"3503922182","reservoir":"CLINTON LAKE","first_production":"2005-11-01","last_production":"2026-02-01"},"geometry":{"type":"Polygon","coordinates":[[[-99.3378250725631,35.4883503099138],[-99.3363250725501,35.4868503099008],[-99.3378250725631,35.4853503098877],[-99.3393250725762,35.4868503099008],[-99.3378250725631,35.4883503099138]]]}},{"type":"Feature","properties":{"county":"Custer","legal":"27-14N-19W-IM","operator":"UNBRIDLED RESOURCES LLC","lease_name":"WALKER #1-27","api_number":"3503922176","reservoir":"DES MOINES","first_production":"2005-10-01","last_production":"2026-02-01"},"geometry":{"type":"Polygon","coordinates":[[[-99.2086068134065,35.6619135254759],[-99.2071068133935,35.6604135254629],[-99.2086068134065,35.6589135254499],[-99.2101068134196,35.6604135254629],[-99.2086068134065,35.6619135254759]]]}},{"type":"Feature","properties":{"county":"Custer","legal":"19-12N-20W-IM","operator":"PRESIDIO","lease_name":"D&M 1-19","api_number":"3503922180","reservoir":"DES MOINES","first_production":"2005-10-01","last_production":"2026-02-01"},"geometry":{"type":"Polygon","coordinates":[[[-99.3553371586055,35.5029594897034],[-99.3538371585924,35.5014594896904],[-99.3553371586055,35.4999594896773],[-99.3568371586185,35.5014594896904],[-99.3553371586055,35.5029594897034]]]}},{"type":"Feature","properties":{"county":"Custer","legal":"26-12N-20W-IM","operator":"BCE-MACH III LLC","lease_name":"SHERRY BETH 6-26","api_number":"3503922163","reservoir":"DES MOINES LOW","first_production":"2005-09-01","last_production":"2026-02-01"},"geometry":{"type":"Polygon","coordinates":[[[-99.2847941449651,35.4884970890188],[-99.2832941449521,35.4869970890057],[-99.2847941449651,35.4854970889927],[-99.2862941449782,35.4869970890057],[-99.2847941449651,35.4884970890188]]]}},{"type":"Feature","properties":{"county":"Custer","legal":"09-12N-20W-IM","operator":"COTERRA ENERGY OPERATING CO","lease_name":"PHILLIPS 5-9","api_number":"3503922166","reservoir":"DES MOINES UP, DES MOINES LWR","first_production":"2005-08-01","last_production":"2026-02-01"},"geometry":{"type":"Polygon","coordinates":[[[-99.320272099291,35.5323237453273],[-99.3187720992779,35.5308237453143],[-99.320272099291,35.5293237453012],[-99.321772099304,35.5308237453143],[-99.320272099291,35.5323237453273]]]}},{"type":"Feature","properties":{"county":"Custer","legal":"31-12N-18W-IM","operator":"DIVERSIFIED PRODUCTION LLC","lease_name":"GEER 1-31","api_number":"3503922159","reservoir":"ATOKA","first_production":"2005-07-01","last_production":"2026-02-01"},"geometry":{"type":"Polygon","coordinates":[[[-99.1436763453335,35.474005532921],[-99.1421763453204,35.472505532908],[-99.1436763453335,35.471005532895],[-99.1451763453465,35.472505532908],[-99.1436763453335,35.474005532921]]]}},{"type":"Feature","properties":{"county":"Custer","legal":"26-12N-16W-IM","operator":"DIVERSIFIED PRODUCTION LLC","lease_name":"FRANSEN FARMS 1-26","api_number":"3503922165","reservoir":"DES MOINESIAN","first_production":"2005-07-01","last_production":"2026-02-01"},"geometry":{"type":"Polygon","coordinates":[[[-98.8615154689863,35.4882628161299],[-98.8600154689732,35.4867628161168],[-98.8615154689863,35.4852628161038],[-98.8630154689993,35.4867628161168],[-98.8615154689863,35.4882628161299]]]}},{"type":"Feature","properties":{"county":"Custer","legal":"33-12N-20W-IM","operator":"KEY PRODUCTION","lease_name":"KEPHART 4-33","api_number":"3503922160","reservoir":"CLINTON LAKE","first_production":"2002-08-01","last_production":"2026-02-01"},"geometry":{"type":"Polygon","coordinates":[[[-99.3200475122603,35.4738584357849],[-99.3185475122473,35.4723584357718],[-99.3200475122603,35.4708584357588],[-99.3215475122733,35.4723584357718],[-99.3200475122603,35.4738584357849]]]}},{"type":"Feature","properties":{"county":"Custer","legal":"26-12N-20W-IM","operator":"KEY PRODUCTION","lease_name":"SHERRY BETH 8-26","api_number":"3503922155","reservoir":"CLINTON LAKE, ATOKA UPPER","first_production":"2005-06-01","last_production":"2026-02-01"},"geometry":{"type":"Polygon","coordinates":[[[-99.2847941449651,35.4884970890188],[-99.2832941449521,35.4869970890057],[-99.2847941449651,35.4854970889927],[-99.2862941449782,35.4869970890057],[-99.2847941449651,35.4884970890188]]]}},{"type":"Feature","properties":{"county":"Custer","legal":"14-12N-20W-IM","operator":"COTERRA ENERGY OPERATING CO","lease_name":"DEAN 4-14","api_number":"3503922146","reservoir":"CLINTON LAKE","first_production":"2005-03-01","last_production":"2026-02-01"},"geometry":{"type":"Polygon","coordinates":[[[-99.2846141674064,35.5178162971303],[-99.2831141673933,35.5163162971172],[-99.2846141674064,35.5148162971042],[-99.2861141674194,35.5163162971172],[-99.2846141674064,35.5178162971303]]]}},{"type":"Feature","properties":{"county":"Custer","legal":"27-12N-20W-IM","operator":"PRESIDIO","lease_name":"NELLIE MCCONNELL 4-27","api_number":"3503922149","reservoir":"ATOKA","first_production":"2005-04-01","last_production":"2026-02-01"},"geometry":{"type":"Polygon","coordinates":[[[-99.3024671801161,35.4884864047968],[-99.3009671801031,35.4869864047838],[-99.3024671801161,35.4854864047707],[-99.3039671801291,35.4869864047838],[-99.3024671801161,35.4884864047968]]]}},{"type":"Feature","properties":{"county":"Custer","legal":"01-13N-19W-IM","operator":"CRAWLEY PETROLEUM","lease_name":"JIMMIE LEE 1-1","api_number":"3503922131","reservoir":"DES MOINES","first_production":"2004-12-01","last_production":"2026-02-01"},"geometry":{"type":"Polygon","coordinates":[[[-99.1732162218938,35.6329014616246],[-99.1717162218808,35.6314014616116],[-99.1732162218938,35.6299014615985],[-99.1747162219068,35.6314014616116],[-99.1732162218938,35.6329014616246]]]}},{"type":"Feature","properties":{"county":"Custer","legal":"20-12N-20W-IM","operator":"COTERRA ENERGY OPERATING CO","lease_name":"BEUTLER 6-20","api_number":"3503922135","reservoir":"CLINTON LAKE","first_production":"2005-01-01","last_production":"2026-02-01"},"geometry":{"type":"Polygon","coordinates":[[[-99.3378867757974,35.5029783228885],[-99.3363867757843,35.5014783228755],[-99.3378867757974,35.4999783228624],[-99.3393867758104,35.5014783228755],[-99.3378867757974,35.5029783228885]]]}},{"type":"Feature","properties":{"county":"Custer","legal":"23-12N-20W-IM","operator":"COTERRA ENERGY OPERATING CO","lease_name":"MCCONNELL 6-23","api_number":"3503922138","reservoir":"DES MOINES UPPER,DES MOINES LOWER","first_production":"2004-12-01","last_production":"2026-02-01"},"geometry":{"type":"Polygon","coordinates":[[[-99.2846997637961,35.50312927397],[-99.2831997637831,35.501629273957],[-99.2846997637961,35.5001292739439],[-99.2861997638092,35.501629273957],[-99.2846997637961,35.50312927397]]]}},{"type":"Feature","properties":{"county":"Custer","legal":"26-13N-17W-IM","operator":"PRESIDIO","lease_name":"COULSON 1-26","api_number":"3503922137","reservoir":"CHEROKEE(SKINNER SAND)","first_production":"2004-12-01","last_production":"2026-02-01"},"geometry":{"type":"Polygon","coordinates":[[[-98.9779805336825,35.574666492674],[-98.9764805336695,35.5731664926609],[-98.9779805336825,35.5716664926479],[-98.9794805336956,35.5731664926609],[-98.9779805336825,35.574666492674]]]}},{"type":"Feature","properties":{"county":"Custer","legal":"26-12N-20W-IM","operator":"KEY PRODUCTION","lease_name":"SHERRY BETH 7-26","api_number":"3503922130","reservoir":"CLINTON LAKE","first_production":"2004-10-01","last_production":"2026-02-01"},"geometry":{"type":"Polygon","coordinates":[[[-99.2847941449651,35.4884970890188],[-99.2832941449521,35.4869970890057],[-99.2847941449651,35.4854970889927],[-99.2862941449782,35.4869970890057],[-99.2847941449651,35.4884970890188]]]}},{"type":"Feature","properties":{"county":"Custer","legal":"19-12N-20W-IM","operator":"PRESIDIO","lease_name":"KENNER HALL 1-19ST","api_number":"3503920823","reservoir":"UPPER DES MOINES","first_production":"2004-11-01","last_production":"2026-02-01"},"geometry":{"type":"Polygon","coordinates":[[[-99.3553371586055,35.5029594897034],[-99.3538371585924,35.5014594896904],[-99.3553371586055,35.4999594896773],[-99.3568371586185,35.5014594896904],[-99.3553371586055,35.5029594897034]]]}},{"type":"Feature","properties":{"county":"Custer","legal":"07-14N-19W-IM","operator":"LARKSPUR OPERATING LLC","lease_name":"BROADBENT #1-7","api_number":"3503922122","reservoir":"RED FORK","first_production":"2004-01-01","last_production":"2026-02-01"},"geometry":{"type":"Polygon","coordinates":[[[-99.2615151648278,35.7055126518813],[-99.2600151648147,35.7040126518682],[-99.2615151648278,35.7025126518552],[-99.2630151648408,35.7040126518682],[-99.2615151648278,35.7055126518813]]]}},{"type":"Feature","properties":{"county":"Custer","legal":"33-12N-20W-IM","operator":"KEY PRODUCTION","lease_name":"KEPHART 3-33","api_number":"3503922127","reservoir":"CLINTON LAKE,LR ATOKA,UP ATOKA","first_production":"2004-11-01","last_production":"2026-02-01"},"geometry":{"type":"Polygon","coordinates":[[[-99.3200475122603,35.4738584357849],[-99.3185475122473,35.4723584357718],[-99.3200475122603,35.4708584357588],[-99.3215475122733,35.4723584357718],[-99.3200475122603,35.4738584357849]]]}},{"type":"Feature","properties":{"county":"Custer","legal":"29-12N-19W-IM","operator":"DIVERSIFIED PRODUCTION LLC","lease_name":"FRIESEN 6-29","api_number":"3503922121","reservoir":"LOWER DES MOINES","first_production":"2004-09-01","last_production":"2026-02-01"},"geometry":{"type":"Polygon","coordinates":[[[-99.2321806894718,35.4885758868987],[-99.2306806894587,35.4870758868856],[-99.2321806894718,35.4855758868726],[-99.2336806894848,35.4870758868856],[-99.2321806894718,35.4885758868987]]]}},{"type":"Feature","properties":{"county":"Custer","legal":"26-12N-20W-IM","operator":"KEY PRODUCTION","lease_name":"SHERRY BETH 9-26","api_number":"3503922124","reservoir":"CLINTON LAKE","first_production":"2004-09-01","last_production":"2026-02-01"},"geometry":{"type":"Polygon","coordinates":[[[-99.2847941449651,35.4884970890188],[-99.2832941449521,35.4869970890057],[-99.2847941449651,35.4854970889927],[-99.2862941449782,35.4869970890057],[-99.2847941449651,35.4884970890188]]]}},{"type":"Feature","properties":{"county":"Custer","legal":"26-13N-17W-IM","operator":"PRESIDIO","lease_name":"PARKHURST #1-26","api_number":"3503922119","reservoir":"CHEROKEE(SKINNER)","first_production":"2004-09-01","last_production":"2026-02-01"},"geometry":{"type":"Polygon","coordinates":[[[-98.9779805336825,35.574666492674],[-98.9764805336695,35.5731664926609],[-98.9779805336825,35.5716664926479],[-98.9794805336956,35.5731664926609],[-98.9779805336825,35.574666492674]]]}},{"type":"Feature","properties":{"county":"Custer","legal":"18-14N-19W-IM","operator":"CANVAS ENERGY LLC","lease_name":"NEWCOMB #5-18","api_number":"3503922097","reservoir":"DES MOINES","first_production":"2004-07-01","last_production":"2026-02-01"},"geometry":{"type":"Polygon","coordinates":[[[-99.2614769140581,35.6909970396315],[-99.2599769140451,35.6894970396185],[-99.2614769140581,35.6879970396054],[-99.2629769140712,35.6894970396185],[-99.2614769140581,35.6909970396315]]]}},{"type":"Feature","properties":{"county":"Custer","legal":"23-13N-17W-IM","operator":"PRESIDIO","lease_name":"WEIDNER #2-23","api_number":"3503922095","reservoir":"CHEROKEE(SKINNER)","first_production":"2004-08-01","last_production":"2026-02-01"},"geometry":{"type":"Polygon","coordinates":[[[-98.978009651896,35.5891601329383],[-98.9765096518829,35.5876601329252],[-98.978009651896,35.5861601329122],[-98.979509651909,35.5876601329252],[-98.978009651896,35.5891601329383]]]}},{"type":"Feature","properties":{"county":"Custer","legal":"10-13N-19W-IM","operator":"NADEL & GUSSMAN","lease_name":"BAKER #2-10","api_number":"3503922082","reservoir":"DES MOINES","first_production":"2004-07-01","last_production":"2026-02-01"},"geometry":{"type":"Polygon","coordinates":[[[-99.2086473689515,35.618544618814],[-99.2071473689385,35.617044618801],[-99.2086473689515,35.6155446187879],[-99.2101473689646,35.617044618801],[-99.2086473689515,35.618544618814]]]}},{"type":"Feature","properties":{"county":"Custer","legal":"15-12N-20W-IM","operator":"KEY PRODUCTION","lease_name":"HUTSON 5-15","api_number":"3503922112","reservoir":"LWR DES MOINES,CLINTON LAKE","first_production":"2004-08-01","last_production":"2026-02-01"},"geometry":{"type":"Polygon","coordinates":[[[-99.3025163784081,35.5177968021726],[-99.301016378395,35.5162968021596],[-99.3025163784081,35.5147968021465],[-99.3040163784211,35.5162968021596],[-99.3025163784081,35.5177968021726]]]}},{"type":"Feature","properties":{"county":"Custer","legal":"09-12N-20W-IM","operator":"PRESIDIO","lease_name":"PHILLIPS 4-9","api_number":"3503922100","reservoir":"DES MOINES (RED FORK)","first_production":"2004-07-01","last_production":"2026-02-01"},"geometry":{"type":"Polygon","coordinates":[[[-99.320272099291,35.5323237453273],[-99.3187720992779,35.5308237453143],[-99.320272099291,35.5293237453012],[-99.321772099304,35.5308237453143],[-99.320272099291,35.5323237453273]]]}},{"type":"Feature","properties":{"county":"Custer","legal":"17-14N-20W-IM","operator":"COTERRA ENERGY OPERATING CO","lease_name":"LEE 13-17","api_number":"3503922113","reservoir":"CHEROKEE","first_production":"2004-07-01","last_production":"2026-02-01"},"geometry":{"type":"Polygon","coordinates":[[[-99.3502099330433,35.6909631058859],[-99.3487099330303,35.6894631058728],[-99.3502099330433,35.6879631058598],[-99.3517099330564,35.6894631058728],[-99.3502099330433,35.6909631058859]]]}},{"type":"Feature","properties":{"county":"Custer","legal":"08-14N-20W-IM","operator":"COTERRA ENERGY OPERATING CO","lease_name":"MOSELEY 2-8","api_number":"3503922108","reservoir":"REDFORK","first_production":"2004-05-01","last_production":"2026-02-01"},"geometry":{"type":"Polygon","coordinates":[[[-99.3502272970398,35.7055033641429],[-99.3487272970267,35.7040033641299],[-99.3502272970398,35.7025033641168],[-99.3517272970528,35.7040033641299],[-99.3502272970398,35.7055033641429]]]}},{"type":"Feature","properties":{"county":"Custer","legal":"15-14N-20W-IM","operator":"DIVERSIFIED PRODUCTION LLC","lease_name":"LORENE 2-15","api_number":"3503922092","reservoir":"CHEROKEE","first_production":"2004-04-01","last_production":"2026-02-01"},"geometry":{"type":"Polygon","coordinates":[[[-99.3144682450969,35.6909260768801],[-99.3129682450839,35.689426076867],[-99.3144682450969,35.687926076854],[-99.31596824511,35.689426076867],[-99.3144682450969,35.6909260768801]]]}},{"type":"Feature","properties":{"county":"Custer","legal":"27-13N-17W-IM","operator":"PRESIDIO","lease_name":"HAGGARD #1-27","api_number":"3503922091","reservoir":"CHEROKEE","first_production":"2004-03-01","last_production":"2026-02-01"},"geometry":{"type":"Polygon","coordinates":[[[-98.9956178705846,35.5746260302858],[-98.9941178705716,35.5731260302728],[-98.9956178705846,35.5716260302597],[-98.9971178705977,35.5731260302728],[-98.9956178705846,35.5746260302858]]]}},{"type":"Feature","properties":{"county":"Custer","legal":"16-12N-20W-IM","operator":"KEY PRODUCTION","lease_name":"ELLIOTT 5-16","api_number":"3503922093","reservoir":"BROWN DOLO,PERM GRN WASH,DOUGL,HOX*","first_production":"2004-04-01","last_production":"2026-02-01"},"geometry":{"type":"Polygon","coordinates":[[[-99.3201977541676,35.5177605487515],[-99.3186977541546,35.5162605487384],[-99.3201977541676,35.5147605487254],[-99.3216977541806,35.5162605487384],[-99.3201977541676,35.5177605487515]]]}},{"type":"Feature","properties":{"county":"Custer","legal":"17-14N-20W-IM","operator":"COTERRA ENERGY OPERATING CO","lease_name":"LEE 11-17","api_number":"3503922085","reservoir":"CHEROKEE, MARMATON","first_production":"2004-02-01","last_production":"2026-02-01"},"geometry":{"type":"Polygon","coordinates":[[[-99.3502099330433,35.6909631058859],[-99.3487099330303,35.6894631058728],[-99.3502099330433,35.6879631058598],[-99.3517099330564,35.6894631058728],[-99.3502099330433,35.6909631058859]]]}},{"type":"Feature","properties":{"county":"Custer","legal":"24-12N-20W-IM","operator":"KEY PRODUCTION","lease_name":"KC CATTLE 3-24","api_number":"3503922074","reservoir":"DES MOINES LOW","first_production":"2004-01-01","last_production":"2026-02-01"},"geometry":{"type":"Polygon","coordinates":[[[-99.2668915344262,35.5031890517855],[-99.2653915344132,35.5016890517724],[-99.2668915344262,35.5001890517594],[-99.2683915344392,35.5016890517724],[-99.2668915344262,35.5031890517855]]]}},{"type":"Feature","properties":{"county":"Custer","legal":"18-12N-20W-IM","operator":"KEY PRODUCTION","lease_name":"KOYM 2-18","api_number":"3503922065","reservoir":"DES MOINES UP,DES MOINES LOW","first_production":"2004-01-01","last_production":"2026-02-01"},"geometry":{"type":"Polygon","coordinates":[[[-99.3553967407844,35.5176010867656],[-99.3538967407713,35.5161010867526],[-99.3553967407844,35.5146010867395],[-99.3568967407974,35.5161010867526],[-99.3553967407844,35.5176010867656]]]}},{"type":"Feature","properties":{"county":"Custer","legal":"25-14N-20W-IM","operator":"DIVERSIFIED PRODUCTION LLC","lease_name":"JOHNSON 3-25","api_number":"3503922072","reservoir":"LOWER CHEROKEE (REDFORK)","first_production":"2003-12-01","last_production":"2026-02-01"},"geometry":{"type":"Polygon","coordinates":[[[-99.2791539719043,35.6620142794552],[-99.2776539718913,35.6605142794421],[-99.2791539719043,35.6590142794291],[-99.2806539719174,35.6605142794421],[-99.2791539719043,35.6620142794552]]]}},{"type":"Feature","properties":{"county":"Custer","legal":"35-14N-19W-IM","operator":"DIVERSIFIED PRODUCTION LLC","lease_name":"WALKER 4-35","api_number":"3503922044","reservoir":"DES MOINES","first_production":"2003-11-01","last_production":"2026-02-01"},"geometry":{"type":"Polygon","coordinates":[[[-99.1908464354238,35.6473710460823],[-99.1893464354108,35.6458710460692],[-99.1908464354238,35.6443710460562],[-99.1923464354369,35.6458710460692],[-99.1908464354238,35.6473710460823]]]}},{"type":"Feature","properties":{"county":"Custer","legal":"16-14N-20W-IM","operator":"DIVERSIFIED PRODUCTION LLC","lease_name":"CLARK 1-16","api_number":"3503922068","reservoir":"CHEROKEE","first_production":"2003-11-01","last_production":"2026-02-01"},"geometry":{"type":"Polygon","coordinates":[[[-99.332348866604,35.6910068470299],[-99.330848866591,35.6895068470169],[-99.332348866604,35.6880068470038],[-99.3338488666171,35.6895068470169],[-99.332348866604,35.6910068470299]]]}},{"type":"Feature","properties":{"county":"Custer","legal":"18-14N-19W-IM","operator":"CANVAS ENERGY LLC","lease_name":"NEWCOMB #4-18","api_number":"3502922060;3503922060","reservoir":"DES MOINES","first_production":"2003-10-01","last_production":"2026-02-01"},"geometry":{"type":"Polygon","coordinates":[[[-99.2614769140581,35.6909970396315],[-99.2599769140451,35.6894970396185],[-99.2614769140581,35.6879970396054],[-99.2629769140712,35.6894970396185],[-99.2614769140581,35.6909970396315]]]}},{"type":"Feature","properties":{"county":"Custer","legal":"22-13N-17W-IM","operator":"PRESIDIO","lease_name":"MEACHAM #2-22;3-22","api_number":"3503922088;3503921329;3503922055","reservoir":"CHEROKEE","first_production":"2003-01-01","last_production":"2026-02-01"},"geometry":{"type":"Polygon","coordinates":[[[-98.9957028523838,35.589142251131],[-98.9942028523708,35.5876422511179],[-98.9957028523838,35.5861422511049],[-98.9972028523969,35.5876422511179],[-98.9957028523838,35.589142251131]]]}},{"type":"Feature","properties":{"county":"Custer","legal":"26-13N-17W-IM","operator":"PRESIDIO","lease_name":"CUSTER #7-26;8-26","api_number":"3503922096;3503922043","reservoir":"CHEROKEE(7-26),SKINNER(8-26)","first_production":"2003-10-01","last_production":"2026-02-01"},"geometry":{"type":"Polygon","coordinates":[[[-98.9779805336825,35.574666492674],[-98.9764805336695,35.5731664926609],[-98.9779805336825,35.5716664926479],[-98.9794805336956,35.5731664926609],[-98.9779805336825,35.574666492674]]]}},{"type":"Feature","properties":{"county":"Custer","legal":"15-13N-19W-IM","operator":"ZENERGY","lease_name":"FALCONER #1;BAKER 1-15","api_number":"3503922076;3503922028","reservoir":"MIDDLE REDFORK(CHEROKEE)","first_production":"2003-07-01","last_production":"2026-02-01"},"geometry":{"type":"Polygon","coordinates":[[[-99.2086288360397,35.6039740199668],[-99.2071288360266,35.6024740199537],[-99.2086288360397,35.6009740199407],[-99.2101288360527,35.6024740199537],[-99.2086288360397,35.6039740199668]]]}},{"type":"Feature","properties":{"county":"Custer","legal":"12-14N-20W-IM","operator":"DIVERSIFIED PRODUCTION LLC","lease_name":"CLIFT 5-12","api_number":"3503922051","reservoir":"CHEROKEE","first_production":"2003-08-01","last_production":"2026-02-01"},"geometry":{"type":"Polygon","coordinates":[[[-99.2791478703642,35.7054747716049],[-99.2776478703511,35.7039747715918],[-99.2791478703642,35.7024747715788],[-99.2806478703772,35.7039747715918],[-99.2791478703642,35.7054747716049]]]}},{"type":"Feature","properties":{"county":"Custer","legal":"20-14N-19W-IM","operator":"DIVERSIFIED PRODUCTION LLC","lease_name":"NOBLE 4-20","api_number":"3503922045","reservoir":"DES MOINES","first_production":"2003-07-01","last_production":"2026-02-01"},"geometry":{"type":"Polygon","coordinates":[[[-99.2439984558288,35.6764867809821],[-99.2424984558158,35.6749867809691],[-99.2439984558288,35.673486780956],[-99.2454984558419,35.6749867809691],[-99.2439984558288,35.6764867809821]]]}},{"type":"Feature","properties":{"county":"Custer","legal":"20-14N-20W-IM","operator":"DIVERSIFIED PRODUCTION LLC","lease_name":"MOSELEY 10-20","api_number":"3503922039","reservoir":"CHEROKEE","first_production":"2003-06-01","last_production":"2026-02-01"},"geometry":{"type":"Polygon","coordinates":[[[-99.3502982146757,35.676463484289],[-99.3487982146627,35.674963484276],[-99.3502982146757,35.6734634842629],[-99.3517982146888,35.674963484276],[-99.3502982146757,35.676463484289]]]}},{"type":"Feature","properties":{"county":"Custer","legal":"17-14N-20W-IM","operator":"COTERRA ENERGY OPERATING CO","lease_name":"LEE 9-17","api_number":"3503922047","reservoir":"CHEROKEE","first_production":"2003-07-01","last_production":"2026-02-01"},"geometry":{"type":"Polygon","coordinates":[[[-99.3502099330433,35.6909631058859],[-99.3487099330303,35.6894631058728],[-99.3502099330433,35.6879631058598],[-99.3517099330564,35.6894631058728],[-99.3502099330433,35.6909631058859]]]}},{"type":"Feature","properties":{"county":"Custer","legal":"16-14N-20W-IM","operator":"TEOCALLI EXPLORATION","lease_name":"TIPPENS 3-16","api_number":"3503922040","reservoir":"CHEROKEE","first_production":"2003-06-01","last_production":"2026-02-01"},"geometry":{"type":"Polygon","coordinates":[[[-99.332348866604,35.6910068470299],[-99.330848866591,35.6895068470169],[-99.332348866604,35.6880068470038],[-99.3338488666171,35.6895068470169],[-99.332348866604,35.6910068470299]]]}},{"type":"Feature","properties":{"county":"Custer","legal":"16-14N-20W-IM","operator":"DIVERSIFIED PRODUCTION LLC","lease_name":"SMALLWOOD 1-16","api_number":"3503922034","reservoir":"CHEROKEE","first_production":"2003-05-01","last_production":"2026-02-01"},"geometry":{"type":"Polygon","coordinates":[[[-99.332348866604,35.6910068470299],[-99.330848866591,35.6895068470169],[-99.332348866604,35.6880068470038],[-99.3338488666171,35.6895068470169],[-99.332348866604,35.6910068470299]]]}},{"type":"Feature","properties":{"county":"Custer","legal":"11-14N-20W-IM","operator":"DIVERSIFIED PRODUCTION LLC","lease_name":"EARL 1-11","api_number":"3503922030","reservoir":"CHEROKEE","first_production":"2003-05-01","last_production":"2026-02-01"},"geometry":{"type":"Polygon","coordinates":[[[-99.2968491783419,35.7054397669348],[-99.2953491783288,35.7039397669217],[-99.2968491783419,35.7024397669087],[-99.2983491783549,35.7039397669217],[-99.2968491783419,35.7054397669348]]]}},{"type":"Feature","properties":{"county":"Custer","legal":"15-14N-20W-IM","operator":"DIVERSIFIED PRODUCTION LLC","lease_name":"SMALLWOOD 15-4","api_number":"3503922022","reservoir":"CHEROKEE","first_production":"2003-05-01","last_production":"2026-02-01"},"geometry":{"type":"Polygon","coordinates":[[[-99.3144682450969,35.6909260768801],[-99.3129682450839,35.689426076867],[-99.3144682450969,35.687926076854],[-99.31596824511,35.689426076867],[-99.3144682450969,35.6909260768801]]]}},{"type":"Feature","properties":{"county":"Custer","legal":"29-14N-20W-IM","operator":"DIVERSIFIED PRODUCTION LLC","lease_name":"HUGHES 6-29","api_number":"3503922027","reservoir":"CHEROKEE","first_production":"2003-04-01","last_production":"2026-02-01"},"geometry":{"type":"Polygon","coordinates":[[[-99.350347618094,35.6619790313643],[-99.348847618081,35.6604790313512],[-99.350347618094,35.6589790313382],[-99.3518476181071,35.6604790313512],[-99.350347618094,35.6619790313643]]]}},{"type":"Feature","properties":{"county":"Custer","legal":"33-14N-20W-IM","operator":"CRAWLEY PETROLEUM","lease_name":"V J FLYNT 2-33","api_number":"3503922007","reservoir":"CHEROKEE","first_production":"2003-03-01","last_production":"2026-02-01"},"geometry":{"type":"Polygon","coordinates":[[[-99.3325655410901,35.6474546263311],[-99.3310655410771,35.645954626318],[-99.3325655410901,35.644454626305],[-99.3340655411031,35.645954626318],[-99.3325655410901,35.6474546263311]]]}},{"type":"Feature","properties":{"county":"Custer","legal":"19-14N-20W-IM","operator":"DIVERSIFIED PRODUCTION LLC","lease_name":"WHITESHIELD 19-3","api_number":"3503922014","reservoir":"RED FORK","first_production":"2003-02-01","last_production":"2026-02-01"},"geometry":{"type":"Polygon","coordinates":[[[-99.3680537501016,35.6764551851837],[-99.3665537500886,35.6749551851707],[-99.3680537501016,35.6734551851576],[-99.3695537501147,35.6749551851707],[-99.3680537501016,35.6764551851837]]]}},{"type":"Feature","properties":{"county":"Custer","legal":"15-14N-20W-IM","operator":"DIVERSIFIED PRODUCTION LLC","lease_name":"SMALLWOOD 15-5","api_number":"3503922016","reservoir":"RED FORK","first_production":"2003-02-01","last_production":"2026-02-01"},"geometry":{"type":"Polygon","coordinates":[[[-99.3144682450969,35.6909260768801],[-99.3129682450839,35.689426076867],[-99.3144682450969,35.687926076854],[-99.31596824511,35.689426076867],[-99.3144682450969,35.6909260768801]]]}},{"type":"Feature","properties":{"county":"Custer","legal":"29-14N-20W-IM","operator":"DIVERSIFIED PRODUCTION LLC","lease_name":"REDMOON 7-29","api_number":"3503922003","reservoir":"CHEROKEE","first_production":"2003-01-01","last_production":"2026-02-01"},"geometry":{"type":"Polygon","coordinates":[[[-99.350347618094,35.6619790313643],[-99.348847618081,35.6604790313512],[-99.350347618094,35.6589790313382],[-99.3518476181071,35.6604790313512],[-99.350347618094,35.6619790313643]]]}},{"type":"Feature","properties":{"county":"Custer","legal":"25-14N-20W-IM","operator":"TEOCALLI EXPLORATION","lease_name":"JOHNSON 25-4","api_number":"3503922009","reservoir":"RED FORK","first_production":"2003-01-01","last_production":"2026-02-01"},"geometry":{"type":"Polygon","coordinates":[[[-99.2791539719043,35.6620142794552],[-99.2776539718913,35.6605142794421],[-99.2791539719043,35.6590142794291],[-99.2806539719174,35.6605142794421],[-99.2791539719043,35.6620142794552]]]}},{"type":"Feature","properties":{"county":"Custer","legal":"22-12N-20W-IM","operator":"KEY PRODUCTION","lease_name":"J.L.O. 4-22","api_number":"3503921994","reservoir":"BROWN DOLO,PENN GRANIT WASH,HOXBAR*","first_production":"2002-11-01","last_production":"2026-02-01"},"geometry":{"type":"Polygon","coordinates":[[[-99.3024990730792,35.5030984846218],[-99.3009990730661,35.5015984846088],[-99.3024990730792,35.5000984845957],[-99.3039990730922,35.5015984846088],[-99.3024990730792,35.5030984846218]]]}},{"type":"Feature","properties":{"county":"Custer","legal":"22-13N-18W-IM","operator":"IMPACT ENERGY OPERATING, LLC","lease_name":"SIMPSON #1-22","api_number":"3503921966","reservoir":"RED FORK","first_production":"2002-11-01","last_production":"2026-02-01"},"geometry":{"type":"Polygon","coordinates":[[[-99.1021482810232,35.5892309094859],[-99.1006482810102,35.5877309094728],[-99.1021482810232,35.5862309094598],[-99.1036482810363,35.5877309094728],[-99.1021482810232,35.5892309094859]]]}},{"type":"Feature","properties":{"county":"Custer","legal":"29-14N-20W-IM","operator":"DIVERSIFIED PRODUCTION LLC","lease_name":"MOSELEY 1-29","api_number":"3503921999","reservoir":"CHEROKEE","first_production":"2002-11-01","last_production":"2026-02-01"},"geometry":{"type":"Polygon","coordinates":[[[-99.350347618094,35.6619790313643],[-99.348847618081,35.6604790313512],[-99.350347618094,35.6589790313382],[-99.3518476181071,35.6604790313512],[-99.350347618094,35.6619790313643]]]}},{"type":"Feature","properties":{"county":"Custer","legal":"22-13N-20W-IM","operator":"PRIDE ENERGY","lease_name":"GOWDY 1-22","api_number":"3503921948","reservoir":"RED FORK","first_production":"2002-06-01","last_production":"2026-02-01"},"geometry":{"type":"Polygon","coordinates":[[[-99.314962387789,35.5896271225801],[-99.313462387776,35.5881271225671],[-99.314962387789,35.5866271225541],[-99.3164623878021,35.5881271225671],[-99.314962387789,35.5896271225801]]]}},{"type":"Feature","properties":{"county":"Custer","legal":"17-14N-20W-IM","operator":"COTERRA ENERGY OPERATING CO","lease_name":"LEE 6-17;7-17","api_number":"3503921993;3503921996","reservoir":"CHEROKEE","first_production":"2002-10-01","last_production":"2026-02-01"},"geometry":{"type":"Polygon","coordinates":[[[-99.3502099330433,35.6909631058859],[-99.3487099330303,35.6894631058728],[-99.3502099330433,35.6879631058598],[-99.3517099330564,35.6894631058728],[-99.3502099330433,35.6909631058859]]]}},{"type":"Feature","properties":{"county":"Custer","legal":"14-14N-20W-IM","operator":"DIVERSIFIED PRODUCTION LLC","lease_name":"KELLY 14-11","api_number":"3503921998","reservoir":"CHEROKEE","first_production":"2002-10-01","last_production":"2026-02-01"},"geometry":{"type":"Polygon","coordinates":[[[-99.2967997070604,35.6909270545265],[-99.2952997070474,35.6894270545134],[-99.2967997070604,35.6879270545004],[-99.2982997070734,35.6894270545134],[-99.2967997070604,35.6909270545265]]]}},{"type":"Feature","properties":{"county":"Custer","legal":"26-12N-20W-IM","operator":"KEY PRODUCTION","lease_name":"SHERRY-BETH 4-26","api_number":"3503921983","reservoir":"DES MOINES (LOW)","first_production":"2002-09-01","last_production":"2026-02-01"},"geometry":{"type":"Polygon","coordinates":[[[-99.2847941449651,35.4884970890188],[-99.2832941449521,35.4869970890057],[-99.2847941449651,35.4854970889927],[-99.2862941449782,35.4869970890057],[-99.2847941449651,35.4884970890188]]]}},{"type":"Feature","properties":{"county":"Custer","legal":"16-14N-20W-IM","operator":"DIVERSIFIED PRODUCTION LLC","lease_name":"TIPPENS 16-4","api_number":"3503921991","reservoir":"RED FORK","first_production":"2002-10-01","last_production":"2026-02-01"},"geometry":{"type":"Polygon","coordinates":[[[-99.332348866604,35.6910068470299],[-99.330848866591,35.6895068470169],[-99.332348866604,35.6880068470038],[-99.3338488666171,35.6895068470169],[-99.332348866604,35.6910068470299]]]}},{"type":"Feature","properties":{"county":"Custer","legal":"32-14N-20W-IM","operator":"DIVERSIFIED PRODUCTION LLC","lease_name":"INDIAN SCHOOL 2-32","api_number":"3503921978","reservoir":"CHEROKEE","first_production":"2002-09-01","last_production":"2026-02-01"},"geometry":{"type":"Polygon","coordinates":[[[-99.3503878753506,35.6474647638405],[-99.3488878753376,35.6459647638274],[-99.3503878753506,35.6444647638144],[-99.3518878753637,35.6459647638274],[-99.3503878753506,35.6474647638405]]]}},{"type":"Feature","properties":{"county":"Custer","legal":"14-14N-20W-IM","operator":"DIVERSIFIED PRODUCTION LLC","lease_name":"KELLY 14-10","api_number":"3503921985","reservoir":"CHEROKEE","first_production":"2002-09-01","last_production":"2026-02-01"},"geometry":{"type":"Polygon","coordinates":[[[-99.2967997070604,35.6909270545265],[-99.2952997070474,35.6894270545134],[-99.2967997070604,35.6879270545004],[-99.2982997070734,35.6894270545134],[-99.2967997070604,35.6909270545265]]]}},{"type":"Feature","properties":{"county":"Custer","legal":"30-14N-20W-IM","operator":"ZENERGY","lease_name":"SMITH #4-30","api_number":"3503921969","reservoir":"RED FORK","first_production":"2002-07-01","last_production":"2026-02-01"},"geometry":{"type":"Polygon","coordinates":[[[-99.3681405348821,35.6619831206883],[-99.366640534869,35.6604831206753],[-99.3681405348821,35.6589831206623],[-99.3696405348951,35.6604831206753],[-99.3681405348821,35.6619831206883]]]}},{"type":"Feature","properties":{"county":"Custer","legal":"23-14N-20W-IM","operator":"DIVERSIFIED PRODUCTION LLC","lease_name":"GWARTNEY 23-12","api_number":"3503921986","reservoir":"RED FORK","first_production":"2002-08-01","last_production":"2026-02-01"},"geometry":{"type":"Polygon","coordinates":[[[-99.2967957724571,35.6764467509326],[-99.2952957724441,35.6749467509196],[-99.2967957724571,35.6734467509065],[-99.2982957724702,35.6749467509196],[-99.2967957724571,35.6764467509326]]]}},{"type":"Feature","properties":{"county":"Custer","legal":"20-13N-18W-IM","operator":"DIVERSIFIED PRODUCTION LLC","lease_name":"HUNNICUT 20-2","api_number":"3503921979","reservoir":"RED FORK","first_production":"2002-08-01","last_production":"2026-02-01"},"geometry":{"type":"Polygon","coordinates":[[[-99.1376063998112,35.5893680646347],[-99.1361063997982,35.5878680646217],[-99.1376063998112,35.5863680646086],[-99.1391063998242,35.5878680646217],[-99.1376063998112,35.5893680646347]]]}},{"type":"Feature","properties":{"county":"Custer","legal":"26-12N-16W-IM","operator":"DIVERSIFIED PRODUCTION LLC","lease_name":"SAWATSKY 3-26","api_number":"3503921971;3503921971","reservoir":"DESMOINIAN","first_production":"2002-07-01","last_production":"2026-02-01"},"geometry":{"type":"Polygon","coordinates":[[[-98.8615154689863,35.4882628161299],[-98.8600154689732,35.4867628161168],[-98.8615154689863,35.4852628161038],[-98.8630154689993,35.4867628161168],[-98.8615154689863,35.4882628161299]]]}},{"type":"Feature","properties":{"county":"Custer","legal":"20-14N-20W-IM","operator":"TEOCALLI EXPLORATION","lease_name":"MOSELEY 20-9","api_number":"3503921981","reservoir":"RED FORK","first_production":"2002-08-01","last_production":"2026-02-01"},"geometry":{"type":"Polygon","coordinates":[[[-99.3502982146757,35.676463484289],[-99.3487982146627,35.674963484276],[-99.3502982146757,35.6734634842629],[-99.3517982146888,35.674963484276],[-99.3502982146757,35.676463484289]]]}},{"type":"Feature","properties":{"county":"Custer","legal":"22-15N-20W-IM","operator":"DIVERSIFIED PRODUCTION LLC","lease_name":"MOSELEY 22-5","api_number":"3503921974","reservoir":"RED FORK","first_production":"2002-07-01","last_production":"2026-02-01"},"geometry":{"type":"Polygon","coordinates":[[[-99.3143732526243,35.7631650850736],[-99.3128732526112,35.7616650850606],[-99.3143732526243,35.7601650850476],[-99.3158732526373,35.7616650850606],[-99.3143732526243,35.7631650850736]]]}},{"type":"Feature","properties":{"county":"Custer","legal":"20-14N-20W-IM","operator":"DIVERSIFIED PRODUCTION LLC","lease_name":"MOSELEY 20-8","api_number":"3503921976","reservoir":"RED FORK","first_production":"2002-07-01","last_production":"2026-02-01"},"geometry":{"type":"Polygon","coordinates":[[[-99.3502982146757,35.676463484289],[-99.3487982146627,35.674963484276],[-99.3502982146757,35.6734634842629],[-99.3517982146888,35.674963484276],[-99.3502982146757,35.676463484289]]]}},{"type":"Feature","properties":{"county":"Custer","legal":"32-15N-19W-IM","operator":"KAISER FRANCIS","lease_name":"AMANT #3-32","api_number":"3503921967","reservoir":"SKINNER","first_production":"2002-07-01","last_production":"2026-02-01"},"geometry":{"type":"Polygon","coordinates":[[[-99.2438806186309,35.7343639645175],[-99.2423806186179,35.7328639645044],[-99.2438806186309,35.7313639644914],[-99.2453806186439,35.7328639645044],[-99.2438806186309,35.7343639645175]]]}},{"type":"Feature","properties":{"county":"Custer","legal":"20-14N-20W-IM","operator":"DIVERSIFIED PRODUCTION LLC","lease_name":"MOSELEY 20-7","api_number":"3503921970","reservoir":"CHEROKEE","first_production":"2002-02-01","last_production":"2026-02-01"},"geometry":{"type":"Polygon","coordinates":[[[-99.3502982146757,35.676463484289],[-99.3487982146627,35.674963484276],[-99.3502982146757,35.6734634842629],[-99.3517982146888,35.674963484276],[-99.3502982146757,35.676463484289]]]}},{"type":"Feature","properties":{"county":"Custer","legal":"14-14N-20W-IM","operator":"DIVERSIFIED PRODUCTION LLC","lease_name":"KELLY 14-9","api_number":"3503921962","reservoir":"RED FORK","first_production":"2002-05-01","last_production":"2026-02-01"},"geometry":{"type":"Polygon","coordinates":[[[-99.2967997070604,35.6909270545265],[-99.2952997070474,35.6894270545134],[-99.2967997070604,35.6879270545004],[-99.2982997070734,35.6894270545134],[-99.2967997070604,35.6909270545265]]]}},{"type":"Feature","properties":{"county":"Custer","legal":"21-14N-20W-IM","operator":"COTERRA ENERGY OPERATING CO","lease_name":"SMITH \"B\" 3-21","api_number":"3503921942","reservoir":"CHEROKEE","first_production":"2002-02-01","last_production":"2026-02-01"},"geometry":{"type":"Polygon","coordinates":[[[-99.3323330449846,35.6765155299602],[-99.3308330449716,35.6750155299471],[-99.3323330449846,35.6735155299341],[-99.3338330449976,35.6750155299471],[-99.3323330449846,35.6765155299602]]]}},{"type":"Feature","properties":{"county":"Custer","legal":"21-13N-18W-IM","operator":"DIVERSIFIED PRODUCTION LLC","lease_name":"DONLEY 21-3","api_number":"3503921950","reservoir":"RED FORK,ATOKA","first_production":"2002-02-01","last_production":"2026-02-01"},"geometry":{"type":"Polygon","coordinates":[[[-99.1198771499603,35.5893751773922],[-99.1183771499473,35.5878751773792],[-99.1198771499603,35.5863751773662],[-99.1213771499733,35.5878751773792],[-99.1198771499603,35.5893751773922]]]}},{"type":"Feature","properties":{"county":"Custer","legal":"28-14N-20W-IM","operator":"COTERRA ENERGY OPERATING CO","lease_name":"HUGHES 2-28","api_number":"3503921938","reservoir":"CHEROKEE","first_production":"2001-11-01","last_production":"2026-02-01"},"geometry":{"type":"Polygon","coordinates":[[[-99.3324385634414,35.6620534890131],[-99.3309385634283,35.660553489],[-99.3324385634414,35.659053488987],[-99.3339385634544,35.660553489],[-99.3324385634414,35.6620534890131]]]}},{"type":"Feature","properties":{"county":"Custer","legal":"19-13N-17W-IM","operator":"DIVERSIFIED PRODUCTION LLC","lease_name":"SHEPHARD 19-1","api_number":"3503921939","reservoir":"RED FORK","first_production":"2001-10-01","last_production":"2026-02-01"},"geometry":{"type":"Polygon","coordinates":[[[-99.0488541247831,35.5892279318692],[-99.0473541247701,35.5877279318561],[-99.0488541247831,35.5862279318431],[-99.0503541247961,35.5877279318561],[-99.0488541247831,35.5892279318692]]]}},{"type":"Feature","properties":{"county":"Custer","legal":"25-12N-14W-IM","operator":"DIVERSIFIED PRODUCTION LLC","lease_name":"PETE 25-2","api_number":"3503921924","reservoir":"ATOKA","first_production":"2001-08-01","last_production":"2026-02-01"},"geometry":{"type":"Polygon","coordinates":[[[-98.6321046113216,35.4875875982121],[-98.6306046113086,35.486087598199],[-98.6321046113216,35.484587598186],[-98.6336046113346,35.486087598199],[-98.6321046113216,35.4875875982121]]]}},{"type":"Feature","properties":{"county":"Custer","legal":"29-14N-20W-IM","operator":"DIVERSIFIED PRODUCTION LLC","lease_name":"HUGHES #5-29","api_number":"3503921940","reservoir":"CHEROKEE","first_production":"2001-10-01","last_production":"2026-02-01"},"geometry":{"type":"Polygon","coordinates":[[[-99.350347618094,35.6619790313643],[-99.348847618081,35.6604790313512],[-99.350347618094,35.6589790313382],[-99.3518476181071,35.6604790313512],[-99.350347618094,35.6619790313643]]]}},{"type":"Feature","properties":{"county":"Custer","legal":"31-14N-20W-IM","operator":"COTERRA ENERGY OPERATING CO","lease_name":"MENNONITE 4-31","api_number":"3503921925","reservoir":"CHEROKEE","first_production":"2001-10-01","last_production":"2026-02-01"},"geometry":{"type":"Polygon","coordinates":[[[-99.3681482555672,35.6475270752284],[-99.3666482555542,35.6460270752153],[-99.3681482555672,35.6445270752023],[-99.3696482555803,35.6460270752153],[-99.3681482555672,35.6475270752284]]]}},{"type":"Feature","properties":{"county":"Custer","legal":"26-12N-20W-IM","operator":"KEY PRODUCTION","lease_name":"SHERRY-BETH 5-26","api_number":"3503921935","reservoir":"CLINTON LAKE","first_production":"2001-09-01","last_production":"2026-02-01"},"geometry":{"type":"Polygon","coordinates":[[[-99.2847941449651,35.4884970890188],[-99.2832941449521,35.4869970890057],[-99.2847941449651,35.4854970889927],[-99.2862941449782,35.4869970890057],[-99.2847941449651,35.4884970890188]]]}},{"type":"Feature","properties":{"county":"Custer","legal":"25-12N-20W-IM","operator":"KEY PRODUCTION","lease_name":"DANNY SCOT 2-25","api_number":"3503921933","reservoir":"CLINTON LAKE","first_production":"2001-09-01","last_production":"2026-02-01"},"geometry":{"type":"Polygon","coordinates":[[[-99.2670655448627,35.4885205432744],[-99.2655655448497,35.4870205432613],[-99.2670655448627,35.4855205432483],[-99.2685655448758,35.4870205432613],[-99.2670655448627,35.4885205432744]]]}},{"type":"Feature","properties":{"county":"Custer","legal":"13-14N-20W-IM","operator":"TEOCALLI EXPLORATION","lease_name":"GWARTNEY 13-8","api_number":"3503921912","reservoir":"RED FORK","first_production":"2001-05-01","last_production":"2026-02-01"},"geometry":{"type":"Polygon","coordinates":[[[-99.2791157422453,35.690997589429],[-99.2776157422322,35.6894975894159],[-99.2791157422453,35.6879975894029],[-99.2806157422583,35.6894975894159],[-99.2791157422453,35.690997589429]]]}},{"type":"Feature","properties":{"county":"Custer","legal":"17-14N-20W-IM","operator":"COTERRA ENERGY OPERATING CO","lease_name":"LEE 3-17","api_number":"3503921920","reservoir":"CHEROKEE","first_production":"2001-08-01","last_production":"2026-02-01"},"geometry":{"type":"Polygon","coordinates":[[[-99.3502099330433,35.6909631058859],[-99.3487099330303,35.6894631058728],[-99.3502099330433,35.6879631058598],[-99.3517099330564,35.6894631058728],[-99.3502099330433,35.6909631058859]]]}},{"type":"Feature","properties":{"county":"Custer","legal":"08-15N-20W-IM","operator":"PRESIDIO","lease_name":"MILDRED 5-8","api_number":"3503921915","reservoir":"CHEROKEE","first_production":"2001-06-01","last_production":"2026-02-01"},"geometry":{"type":"Polygon","coordinates":[[[-99.3496444570639,35.7919081891947],[-99.3481444570509,35.7904081891817],[-99.3496444570639,35.7889081891686],[-99.3511444570769,35.7904081891817],[-99.3496444570639,35.7919081891947]]]}},{"type":"Feature","properties":{"county":"Custer","legal":"19-14N-20W-IM","operator":"DIVERSIFIED PRODUCTION LLC","lease_name":"FLICK 19-15","api_number":"3503921899","reservoir":"RED FORK","first_production":"2001-02-01","last_production":"2026-02-01"},"geometry":{"type":"Polygon","coordinates":[[[-99.3680537501016,35.6764551851837],[-99.3665537500886,35.6749551851707],[-99.3680537501016,35.6734551851576],[-99.3695537501147,35.6749551851707],[-99.3680537501016,35.6764551851837]]]}},{"type":"Feature","properties":{"county":"Custer","legal":"18-14N-20W-IM","operator":"COTERRA ENERGY OPERATING CO","lease_name":"LEE 5-18;6-18","api_number":"3503921906;3503921907","reservoir":"CHEROKEE","first_production":"2001-06-01","last_production":"2026-02-01"},"geometry":{"type":"Polygon","coordinates":[[[-99.367953231828,35.6909142149255],[-99.3664532318149,35.6894142149125],[-99.367953231828,35.6879142148995],[-99.369453231841,35.6894142149125],[-99.367953231828,35.6909142149255]]]}},{"type":"Feature","properties":{"county":"Custer","legal":"34-12N-20W-IM","operator":"PRESIDIO","lease_name":"MCCONNELL 2-34","api_number":"3503921900","reservoir":"ATOKA","first_production":"2001-03-01","last_production":"2026-02-01"},"geometry":{"type":"Polygon","coordinates":[[[-99.3024238003544,35.4739378420741],[-99.3009238003414,35.4724378420611],[-99.3024238003544,35.4709378420481],[-99.3039238003674,35.4724378420611],[-99.3024238003544,35.4739378420741]]]}},{"type":"Feature","properties":{"county":"Custer","legal":"22-12N-16W-IM","operator":"SKYCAP ENERGY","lease_name":"PENNER 2-22","api_number":"3503921902","reservoir":"DES MOINES","first_production":"2001-03-01","last_production":"2026-02-01"},"geometry":{"type":"Polygon","coordinates":[[[-98.8792249495661,35.5027443654492],[-98.877724949553,35.5012443654362],[-98.8792249495661,35.4997443654232],[-98.8807249495791,35.5012443654362],[-98.8792249495661,35.5027443654492]]]}},{"type":"Feature","properties":{"county":"Custer","legal":"04-13N-19W-IM","operator":"DIVERSIFIED PRODUCTION LLC","lease_name":"BAKER 2-4","api_number":"3503921892","reservoir":"DES MOINES","first_production":"2001-01-01","last_production":"2026-02-01"},"geometry":{"type":"Polygon","coordinates":[[[-99.226408488818,35.6329442408712],[-99.2249084888049,35.6314442408582],[-99.226408488818,35.6299442408451],[-99.227908488831,35.6314442408582],[-99.226408488818,35.6329442408712]]]}},{"type":"Feature","properties":{"county":"Custer","legal":"14-13N-18W-IM","operator":"DIVERSIFIED PRODUCTION LLC","lease_name":"SIMPSON #14-1;EAGAN 14-2","api_number":"3503921898;3503921918","reservoir":"RED FORK","first_production":"2001-01-01","last_production":"2026-02-01"},"geometry":{"type":"Polygon","coordinates":[[[-99.0843921243768,35.6037078762624],[-99.0828921243637,35.6022078762494],[-99.0843921243768,35.6007078762363],[-99.0858921243898,35.6022078762494],[-99.0843921243768,35.6037078762624]]]}},{"type":"Feature","properties":{"county":"Custer","legal":"26-12N-20W-IM","operator":"KEY PRODUCTION","lease_name":"SHERRY-BETH #2-26","api_number":"3503921873","reservoir":"HOXBAR","first_production":"2000-11-01","last_production":"2026-02-01"},"geometry":{"type":"Polygon","coordinates":[[[-99.2847941449651,35.4884970890188],[-99.2832941449521,35.4869970890057],[-99.2847941449651,35.4854970889927],[-99.2862941449782,35.4869970890057],[-99.2847941449651,35.4884970890188]]]}},{"type":"Feature","properties":{"county":"Custer","legal":"17-13N-18W-IM","operator":"UNIT","lease_name":"HUNNICUT #2","api_number":"3503921879","reservoir":"REDFORK","first_production":"2000-11-01","last_production":"2026-02-01"},"geometry":{"type":"Polygon","coordinates":[[[-99.1376522199527,35.6039001270552],[-99.1361522199397,35.6024001270422],[-99.1376522199527,35.6009001270291],[-99.1391522199658,35.6024001270422],[-99.1376522199527,35.6039001270552]]]}},{"type":"Feature","properties":{"county":"Custer","legal":"24-12N-17W-IM","operator":"DIVERSIFIED PRODUCTION LLC","lease_name":"MEACHAM FARMS #24-3","api_number":"3503921886","reservoir":"RED FORK","first_production":"2000-11-01","last_production":"2026-02-01"},"geometry":{"type":"Polygon","coordinates":[[[-98.9494084857527,35.5027728832058],[-98.9479084857397,35.5012728831928],[-98.9494084857527,35.4997728831797],[-98.9509084857658,35.5012728831928],[-98.9494084857527,35.5027728832058]]]}},{"type":"Feature","properties":{"county":"Custer","legal":"36-13N-17W-IM","operator":"RICHLAND RESOURCES","lease_name":"C L O #3-36","api_number":"3503921880","reservoir":"SKINNER","first_production":"2000-11-01","last_production":"2026-02-01"},"geometry":{"type":"Polygon","coordinates":[[[-98.9601417573459,35.5602603975291],[-98.9586417573328,35.5587603975161],[-98.9601417573459,35.5572603975031],[-98.9616417573589,35.5587603975161],[-98.9601417573459,35.5602603975291]]]}},{"type":"Feature","properties":{"county":"Custer","legal":"15-12N-20W-IM","operator":"KEY PRODUCTION","lease_name":"HUTSON 4-15","api_number":"3503921865","reservoir":"CLINTON LAKE, U ATOKA, L ATOKA","first_production":"2000-09-01","last_production":"2026-02-01"},"geometry":{"type":"Polygon","coordinates":[[[-99.3025163784081,35.5177968021726],[-99.301016378395,35.5162968021596],[-99.3025163784081,35.5147968021465],[-99.3040163784211,35.5162968021596],[-99.3025163784081,35.5177968021726]]]}},{"type":"Feature","properties":{"county":"Custer","legal":"19-14N-20W-IM","operator":"DIVERSIFIED PRODUCTION LLC","lease_name":"FLICK #19-14","api_number":"3503921881","reservoir":"REDFORK","first_production":"2000-09-01","last_production":"2026-02-01"},"geometry":{"type":"Polygon","coordinates":[[[-99.3680537501016,35.6764551851837],[-99.3665537500886,35.6749551851707],[-99.3680537501016,35.6734551851576],[-99.3695537501147,35.6749551851707],[-99.3680537501016,35.6764551851837]]]}},{"type":"Feature","properties":{"county":"Custer","legal":"35-12N-20W-IM","operator":"PRESIDIO","lease_name":"RENNELS 1-35","api_number":"3503921866","reservoir":"DES MOINES/ATOKA","first_production":"2000-10-01","last_production":"2026-02-01"},"geometry":{"type":"Polygon","coordinates":[[[-99.2847835792185,35.4739709328715],[-99.2832835792055,35.4724709328585],[-99.2847835792185,35.4709709328454],[-99.2862835792315,35.4724709328585],[-99.2847835792185,35.4739709328715]]]}},{"type":"Feature","properties":{"county":"Custer","legal":"13-13N-18W-IM","operator":"DIVERSIFIED PRODUCTION LLC","lease_name":"SIMPSON 13-3;4;MALOY 13-5","api_number":"3503921904;3503921876;3503921951","reservoir":"RED FORK,CHEROKEE","first_production":"2000-09-01","last_production":"2026-02-01"},"geometry":{"type":"Polygon","coordinates":[[[-99.066634254401,35.6036892791179],[-99.065134254388,35.6021892791048],[-99.066634254401,35.6006892790918],[-99.068134254414,35.6021892791048],[-99.066634254401,35.6036892791179]]]}},{"type":"Feature","properties":{"county":"Custer","legal":"20-14N-20W-IM","operator":"TEOCALLI EXPLORATION","lease_name":"BANKS #20-6","api_number":"3503921871","reservoir":"RED FORK","first_production":"2000-08-01","last_production":"2026-02-01"},"geometry":{"type":"Polygon","coordinates":[[[-99.3502982146757,35.676463484289],[-99.3487982146627,35.674963484276],[-99.3502982146757,35.6734634842629],[-99.3517982146888,35.674963484276],[-99.3502982146757,35.676463484289]]]}},{"type":"Feature","properties":{"county":"Custer","legal":"20-14N-20W-IM","operator":"TEOCALLI EXPLORATION","lease_name":"BANKS #20-5","api_number":"3503921864","reservoir":"DES MOINES(REDFORK)","first_production":"2000-07-01","last_production":"2026-02-01"},"geometry":{"type":"Polygon","coordinates":[[[-99.3502982146757,35.676463484289],[-99.3487982146627,35.674963484276],[-99.3502982146757,35.6734634842629],[-99.3517982146888,35.674963484276],[-99.3502982146757,35.676463484289]]]}},{"type":"Feature","properties":{"county":"Custer","legal":"23-12N-20W-IM","operator":"KEY PRODUCTION","lease_name":"PECK TR 3-23","api_number":"3503921861","reservoir":"DES MOINES","first_production":"2000-08-01","last_production":"2026-02-01"},"geometry":{"type":"Polygon","coordinates":[[[-99.2846997637961,35.50312927397],[-99.2831997637831,35.501629273957],[-99.2846997637961,35.5001292739439],[-99.2861997638092,35.501629273957],[-99.2846997637961,35.50312927397]]]}},{"type":"Feature","properties":{"county":"Custer","legal":"21-12N-16W-IM","operator":"DIVERSIFIED PRODUCTION LLC","lease_name":"DEPUTY 4-21","api_number":"3503921868","reservoir":"DES MOINESIAN","first_production":"2000-08-01","last_production":"2026-02-01"},"geometry":{"type":"Polygon","coordinates":[[[-98.8970394577867,35.5027937147837],[-98.8955394577737,35.5012937147706],[-98.8970394577867,35.4997937147576],[-98.8985394577997,35.5012937147706],[-98.8970394577867,35.5027937147837]]]}},{"type":"Feature","properties":{"county":"Custer","legal":"18-14N-20W-IM","operator":"KEY PRODUCTION","lease_name":"LEE 3-18","api_number":"3503921859","reservoir":"CHEROKEE","first_production":"2000-07-01","last_production":"2026-02-01"},"geometry":{"type":"Polygon","coordinates":[[[-99.367953231828,35.6909142149255],[-99.3664532318149,35.6894142149125],[-99.367953231828,35.6879142148995],[-99.369453231841,35.6894142149125],[-99.367953231828,35.6909142149255]]]}},{"type":"Feature","properties":{"county":"Custer","legal":"13-14N-20W-IM","operator":"DIVERSIFIED PRODUCTION LLC","lease_name":"NEWCOMB 13-7","api_number":"3503921845","reservoir":"DES MOINES(RED FORK)","first_production":"2000-03-01","last_production":"2026-02-01"},"geometry":{"type":"Polygon","coordinates":[[[-99.2791157422453,35.690997589429],[-99.2776157422322,35.6894975894159],[-99.2791157422453,35.6879975894029],[-99.2806157422583,35.6894975894159],[-99.2791157422453,35.690997589429]]]}},{"type":"Feature","properties":{"county":"Custer","legal":"07-15N-20W-IM","operator":"ADPARO, LLC","lease_name":"HAMMACK 8-7","api_number":"3503921855","reservoir":"SKINNER","first_production":"2000-05-01","last_production":"2026-02-01"},"geometry":{"type":"Polygon","coordinates":[[[-99.3672307018534,35.7917971046326],[-99.3657307018403,35.7902971046196],[-99.3672307018534,35.7887971046065],[-99.3687307018664,35.7902971046196],[-99.3672307018534,35.7917971046326]]]}},{"type":"Feature","properties":{"county":"Custer","legal":"19-14N-20W-IM","operator":"DIVERSIFIED PRODUCTION LLC","lease_name":"FLICK 19-13","api_number":"3503921847","reservoir":"DES MOINES (RED FORK)","first_production":"2000-05-01","last_production":"2026-02-01"},"geometry":{"type":"Polygon","coordinates":[[[-99.3680537501016,35.6764551851837],[-99.3665537500886,35.6749551851707],[-99.3680537501016,35.6734551851576],[-99.3695537501147,35.6749551851707],[-99.3680537501016,35.6764551851837]]]}},{"type":"Feature","properties":{"county":"Custer","legal":"05-12N-20W-IM","operator":"DIVERSIFIED PRODUCTION LLC","lease_name":"MALSON #5-3;4","api_number":"3503921963;3503921844","reservoir":"RED FORK","first_production":"2000-02-01","last_production":"2026-02-01"},"geometry":{"type":"Polygon","coordinates":[[[-99.3381033513042,35.5463246913711],[-99.3366033512911,35.544824691358],[-99.3381033513042,35.543324691345],[-99.3396033513172,35.544824691358],[-99.3381033513042,35.5463246913711]]]}},{"type":"Feature","properties":{"county":"Custer","legal":"14-14N-20W-IM","operator":"DIVERSIFIED PRODUCTION LLC","lease_name":"KELLY 14-8","api_number":"3503921848","reservoir":"DES MOINES (REDFORK)","first_production":"2000-04-01","last_production":"2026-02-01"},"geometry":{"type":"Polygon","coordinates":[[[-99.2967997070604,35.6909270545265],[-99.2952997070474,35.6894270545134],[-99.2967997070604,35.6879270545004],[-99.2982997070734,35.6894270545134],[-99.2967997070604,35.6909270545265]]]}},{"type":"Feature","properties":{"county":"Custer","legal":"23-14N-20W-IM","operator":"DIVERSIFIED PRODUCTION LLC","lease_name":"GWARTNEY 23-11","api_number":"3503921840","reservoir":"RED FORK","first_production":"2000-02-01","last_production":"2026-02-01"},"geometry":{"type":"Polygon","coordinates":[[[-99.2967957724571,35.6764467509326],[-99.2952957724441,35.6749467509196],[-99.2967957724571,35.6734467509065],[-99.2982957724702,35.6749467509196],[-99.2967957724571,35.6764467509326]]]}},{"type":"Feature","properties":{"county":"Custer","legal":"18-14N-20W-IM","operator":"BCE-MACH III LLC","lease_name":"LEE 2-18","api_number":"3503921834","reservoir":"CHEROKEE","first_production":"2000-02-01","last_production":"2026-02-01"},"geometry":{"type":"Polygon","coordinates":[[[-99.367953231828,35.6909142149255],[-99.3664532318149,35.6894142149125],[-99.367953231828,35.6879142148995],[-99.369453231841,35.6894142149125],[-99.367953231828,35.6909142149255]]]}},{"type":"Feature","properties":{"county":"Custer","legal":"30-15N-19W-IM","operator":"TEOCALLI EXPLORATION","lease_name":"GRAHAM 4-30","api_number":"3503921837","reservoir":"CHEROKEE","first_production":"2000-02-01","last_production":"2026-02-01"},"geometry":{"type":"Polygon","coordinates":[[[-99.2613606085648,35.7486594271561],[-99.2598606085517,35.747159427143],[-99.2613606085648,35.74565942713],[-99.2628606085778,35.747159427143],[-99.2613606085648,35.7486594271561]]]}},{"type":"Feature","properties":{"county":"Custer","legal":"17-13N-18W-IM","operator":"UNIT","lease_name":"HUNNICUTT #1","api_number":"3503921824","reservoir":"RED FORK","first_production":"1999-12-01","last_production":"2026-02-01"},"geometry":{"type":"Polygon","coordinates":[[[-99.1376522199527,35.6039001270552],[-99.1361522199397,35.6024001270422],[-99.1376522199527,35.6009001270291],[-99.1391522199658,35.6024001270422],[-99.1376522199527,35.6039001270552]]]}},{"type":"Feature","properties":{"county":"Custer","legal":"27-12N-20W-IM","operator":"PRESIDIO","lease_name":"BLAKEMORE #2-27","api_number":"3503921827","reservoir":"DES MOINES","first_production":"2000-01-01","last_production":"2026-02-01"},"geometry":{"type":"Polygon","coordinates":[[[-99.3024671801161,35.4884864047968],[-99.3009671801031,35.4869864047838],[-99.3024671801161,35.4854864047707],[-99.3039671801291,35.4869864047838],[-99.3024671801161,35.4884864047968]]]}},{"type":"Feature","properties":{"county":"Custer","legal":"09-13N-20W-IM","operator":"BP AMERICA PRODUCTION","lease_name":"WHITE 1-9","api_number":"3503921819","reservoir":"CHEROKEE","first_production":"1999-10-01","last_production":"2026-02-01"},"geometry":{"type":"Polygon","coordinates":[[[-99.3326235536118,35.6184432105436],[-99.3311235535988,35.6169432105306],[-99.3326235536118,35.6154432105175],[-99.3341235536248,35.6169432105306],[-99.3326235536118,35.6184432105436]]]}},{"type":"Feature","properties":{"county":"Custer","legal":"07-15N-20W-IM","operator":"ADPARO, LLC","lease_name":"HAMMACK 7-7","api_number":"3503921820","reservoir":"SKINNER","first_production":"1999-09-01","last_production":"2026-02-01"},"geometry":{"type":"Polygon","coordinates":[[[-99.3672307018534,35.7917971046326],[-99.3657307018403,35.7902971046196],[-99.3672307018534,35.7887971046065],[-99.3687307018664,35.7902971046196],[-99.3672307018534,35.7917971046326]]]}},{"type":"Feature","properties":{"county":"Custer","legal":"36-12N-16W-IM","operator":"DIVERSIFIED PRODUCTION LLC","lease_name":"SNIDER 3-36","api_number":"3503921815","reservoir":"DES MOINES","first_production":"1999-08-01","last_production":"2026-02-01"},"geometry":{"type":"Polygon","coordinates":[[[-98.8438689677045,35.4738643253089],[-98.8423689676915,35.4723643252959],[-98.8438689677045,35.4708643252828],[-98.8453689677176,35.4723643252959],[-98.8438689677045,35.4738643253089]]]}},{"type":"Feature","properties":{"county":"Custer","legal":"19-12N-20W-IM","operator":"PRESIDIO","lease_name":"KENNER #4-19","api_number":"3503921791","reservoir":"UPPER & LOWER DES MOINES","first_production":"1999-09-01","last_production":"2026-02-01"},"geometry":{"type":"Polygon","coordinates":[[[-99.3553371586055,35.5029594897034],[-99.3538371585924,35.5014594896904],[-99.3553371586055,35.4999594896773],[-99.3568371586185,35.5014594896904],[-99.3553371586055,35.5029594897034]]]}},{"type":"Feature","properties":{"county":"Custer","legal":"25-15N-20W-IM","operator":"DIVERSIFIED PRODUCTION LLC","lease_name":"MOSELEY #25-8","api_number":"3503921810","reservoir":"CHEROKEE","first_production":"1999-06-01","last_production":"2026-02-01"},"geometry":{"type":"Polygon","coordinates":[[[-99.2790497720572,35.7485861561113],[-99.2775497720442,35.7470861560983],[-99.2790497720572,35.7455861560852],[-99.2805497720703,35.7470861560983],[-99.2790497720572,35.7485861561113]]]}},{"type":"Feature","properties":{"county":"Custer","legal":"18-13N-17W-IM","operator":"DIVERSIFIED PRODUCTION LLC","lease_name":"ROUSH #18-1","api_number":"3503921808","reservoir":"CHEROKEE","first_production":"1999-05-01","last_production":"2026-02-01"},"geometry":{"type":"Polygon","coordinates":[[[-99.0489146183887,35.6037811272151],[-99.0474146183757,35.6022811272021],[-99.0489146183887,35.600781127189],[-99.0504146184017,35.6022811272021],[-99.0489146183887,35.6037811272151]]]}},{"type":"Feature","properties":{"county":"Custer","legal":"13-14N-20W-IM","operator":"DIVERSIFIED PRODUCTION LLC","lease_name":"GWARTNEY #13-6","api_number":"3503921802","reservoir":"DES MOINES","first_production":"1999-04-01","last_production":"2026-02-01"},"geometry":{"type":"Polygon","coordinates":[[[-99.2791157422453,35.690997589429],[-99.2776157422322,35.6894975894159],[-99.2791157422453,35.6879975894029],[-99.2806157422583,35.6894975894159],[-99.2791157422453,35.690997589429]]]}},{"type":"Feature","properties":{"county":"Custer","legal":"07-15N-20W-IM","operator":"ENCINO OPERATING","lease_name":"QUARTERMASTER CREEK #1-7","api_number":"3503921786","reservoir":"SKINNER","first_production":"1998-12-01","last_production":"2026-02-01"},"geometry":{"type":"Polygon","coordinates":[[[-99.3672307018534,35.7917971046326],[-99.3657307018403,35.7902971046196],[-99.3672307018534,35.7887971046065],[-99.3687307018664,35.7902971046196],[-99.3672307018534,35.7917971046326]]]}},{"type":"Feature","properties":{"county":"Custer","legal":"30-14N-20W-IM","operator":"ZENERGY","lease_name":"REDMOON WEST 3-30","api_number":"3503921787","reservoir":"CHEROKEE","first_production":"1998-12-01","last_production":"2026-02-01"},"geometry":{"type":"Polygon","coordinates":[[[-99.3681405348821,35.6619831206883],[-99.366640534869,35.6604831206753],[-99.3681405348821,35.6589831206623],[-99.3696405348951,35.6604831206753],[-99.3681405348821,35.6619831206883]]]}},{"type":"Feature","properties":{"county":"Custer","legal":"33-14N-19W-IM","operator":"DIVERSIFIED PRODUCTION LLC","lease_name":"BELVA 33 #1","api_number":"3503921785","reservoir":"DES MOINES","first_production":"1998-11-01","last_production":"2026-02-01"},"geometry":{"type":"Polygon","coordinates":[[[-99.2264084806647,35.6473999002251],[-99.2249084806516,35.6458999002121],[-99.2264084806647,35.6443999001991],[-99.2279084806777,35.6458999002121],[-99.2264084806647,35.6473999002251]]]}},{"type":"Feature","properties":{"county":"Custer","legal":"06-15N-20W-IM","operator":"JMA ENERGY","lease_name":"WILD HORSE CREEK #1-6","api_number":"3503921781","reservoir":"SKINNER","first_production":"1998-10-01","last_production":"2026-02-01"},"geometry":{"type":"Polygon","coordinates":[[[-99.3671889187689,35.8062649981346],[-99.3656889187558,35.8047649981216],[-99.3671889187689,35.8032649981085],[-99.3686889187819,35.8047649981216],[-99.3671889187689,35.8062649981346]]]}},{"type":"Feature","properties":{"county":"Custer","legal":"33-13N-20W-IM","operator":"CHACO ENERGY","lease_name":"K.C. CATTLE NO. 3-33","api_number":"3503921776","reservoir":"HOXBAR","first_production":"1998-10-01","last_production":"2026-02-01"},"geometry":{"type":"Polygon","coordinates":[[[-99.3329069436584,35.5605046156143],[-99.3314069436454,35.5590046156012],[-99.3329069436584,35.5575046155882],[-99.3344069436715,35.5590046156012],[-99.3329069436584,35.5605046156143]]]}},{"type":"Feature","properties":{"county":"Custer","legal":"19-12N-20W-IM","operator":"PRESIDIO","lease_name":"BECK #1-19","api_number":"3503921770","reservoir":"DESMOINES","first_production":"1998-08-01","last_production":"2026-02-01"},"geometry":{"type":"Polygon","coordinates":[[[-99.3553371586055,35.5029594897034],[-99.3538371585924,35.5014594896904],[-99.3553371586055,35.4999594896773],[-99.3568371586185,35.5014594896904],[-99.3553371586055,35.5029594897034]]]}},{"type":"Feature","properties":{"county":"Custer","legal":"04-14N-19W-IM","operator":"TEOCALLI EXPLORATION","lease_name":"CLIFT #4-8","api_number":"3503921778","reservoir":"CHEROKEE","first_production":"1998-07-01","last_production":"2026-02-01"},"geometry":{"type":"Polygon","coordinates":[[[-99.226215384662,35.7199082238547],[-99.2247153846489,35.7184082238416],[-99.226215384662,35.7169082238286],[-99.227715384675,35.7184082238416],[-99.226215384662,35.7199082238547]]]}},{"type":"Feature","properties":{"county":"Custer","legal":"33-15N-19W-IM","operator":"PRESIDIO","lease_name":"KILHOFFER #4-33","api_number":"3503921769","reservoir":"CHEROKEE","first_production":"1998-08-01","last_production":"2026-02-01"},"geometry":{"type":"Polygon","coordinates":[[[-99.2261608539138,35.734383556817],[-99.2246608539008,35.732883556804],[-99.2261608539138,35.7313835567909],[-99.2276608539269,35.732883556804],[-99.2261608539138,35.734383556817]]]}},{"type":"Feature","properties":{"county":"Custer","legal":"13-12N-14W-IM","operator":"DIVERSIFIED PRODUCTION LLC","lease_name":"RANDOLPH #13-2","api_number":"3503921760","reservoir":"CHEROKEE","first_production":"1998-06-01","last_production":"2026-02-01"},"geometry":{"type":"Polygon","coordinates":[[[-98.6320188800634,35.5166665325334],[-98.6305188800504,35.5151665325204],[-98.6320188800634,35.5136665325074],[-98.6335188800765,35.5151665325204],[-98.6320188800634,35.5166665325334]]]}},{"type":"Feature","properties":{"county":"Custer","legal":"26-13N-17W-IM","operator":"PRESIDIO","lease_name":"CUSTER #6-26","api_number":"3503921752","reservoir":"CHEROKEE","first_production":"1998-06-01","last_production":"2026-02-01"},"geometry":{"type":"Polygon","coordinates":[[[-98.9779805336825,35.574666492674],[-98.9764805336695,35.5731664926609],[-98.9779805336825,35.5716664926479],[-98.9794805336956,35.5731664926609],[-98.9779805336825,35.574666492674]]]}},{"type":"Feature","properties":{"county":"Custer","legal":"30-14N-20W-IM","operator":"ZENERGY","lease_name":"REDMOON WEST 1-30","api_number":"3503921744","reservoir":"CHEROKEE","first_production":"1998-05-01","last_production":"2026-02-01"},"geometry":{"type":"Polygon","coordinates":[[[-99.3681405348821,35.6619831206883],[-99.366640534869,35.6604831206753],[-99.3681405348821,35.6589831206623],[-99.3696405348951,35.6604831206753],[-99.3681405348821,35.6619831206883]]]}},{"type":"Feature","properties":{"county":"Custer","legal":"23-15N-20W-IM","lease_name":"MOSELEY#23-9","api_number":"3503921761","reservoir":"CHEROKEE","first_production":"1998-06-01","last_production":"2026-02-01"},"geometry":{"type":"Polygon","coordinates":[[[-99.2966064067621,35.7631016624728],[-99.2951064067491,35.7616016624598],[-99.2966064067621,35.7601016624468],[-99.2981064067751,35.7616016624598],[-99.2966064067621,35.7631016624728]]]}},{"type":"Feature","properties":{"county":"Custer","legal":"20-14N-20W-IM","operator":"DIVERSIFIED PRODUCTION LLC","lease_name":"HODGE FARMS 20-3","api_number":"3503921757","reservoir":"CHEROKEE","first_production":"1998-05-01","last_production":"2026-02-01"},"geometry":{"type":"Polygon","coordinates":[[[-99.3502982146757,35.676463484289],[-99.3487982146627,35.674963484276],[-99.3502982146757,35.6734634842629],[-99.3517982146888,35.674963484276],[-99.3502982146757,35.676463484289]]]}},{"type":"Feature","properties":{"county":"Custer","legal":"31-14N-20W-IM","operator":"COTERRA ENERGY OPERATING CO","lease_name":"MENNONITE 3-31","api_number":"3503921736","reservoir":"CHEROKEE","first_production":"1998-03-01","last_production":"2026-02-01"},"geometry":{"type":"Polygon","coordinates":[[[-99.3681482555672,35.6475270752284],[-99.3666482555542,35.6460270752153],[-99.3681482555672,35.6445270752023],[-99.3696482555803,35.6460270752153],[-99.3681482555672,35.6475270752284]]]}},{"type":"Feature","properties":{"county":"Custer","legal":"23-15N-20W-IM","operator":"DIVERSIFIED PRODUCTION LLC","lease_name":"MOSELEY #23-8","api_number":"3503921741","reservoir":"CHEROKEE","first_production":"1998-02-01","last_production":"2026-02-01"},"geometry":{"type":"Polygon","coordinates":[[[-99.2966064067621,35.7631016624728],[-99.2951064067491,35.7616016624598],[-99.2966064067621,35.7601016624468],[-99.2981064067751,35.7616016624598],[-99.2966064067621,35.7631016624728]]]}},{"type":"Feature","properties":{"county":"Custer","legal":"29-14N-20W-IM","operator":"DIVERSIFIED PRODUCTION LLC","lease_name":"REDMOON #4-29","api_number":"3503921729","reservoir":"CHEROKEE","first_production":"1998-02-01","last_production":"2026-02-01"},"geometry":{"type":"Polygon","coordinates":[[[-99.350347618094,35.6619790313643],[-99.348847618081,35.6604790313512],[-99.350347618094,35.6589790313382],[-99.3518476181071,35.6604790313512],[-99.350347618094,35.6619790313643]]]}},{"type":"Feature","properties":{"county":"Custer","legal":"03-13N-17W-IM","operator":"BCE-MACH II LLC","lease_name":"JACK BOZARTH #1-3","api_number":"3503921719","reservoir":"MORROW","first_production":"1998-03-01","last_production":"2026-02-01"},"geometry":{"type":"Polygon","coordinates":[[[-98.995709539915,35.6327236289101],[-98.9942095399019,35.6312236288971],[-98.995709539915,35.629723628884],[-98.997209539928,35.6312236288971],[-98.995709539915,35.6327236289101]]]}},{"type":"Feature","properties":{"county":"Custer","legal":"23-12N-16W-IM","operator":"DIVERSIFIED PRODUCTION LLC","lease_name":"MEACHAM 1-23","api_number":"3503921714","reservoir":"RED FORK(DESMOINESIAN)","first_production":"1998-01-01","last_production":"2026-02-01"},"geometry":{"type":"Polygon","coordinates":[[[-98.8614150620355,35.5026768209324],[-98.8599150620224,35.5011768209194],[-98.8614150620355,35.4996768209064],[-98.8629150620485,35.5011768209194],[-98.8614150620355,35.5026768209324]]]}},{"type":"Feature","properties":{"county":"Custer","legal":"35-12N-20W-IM","operator":"KEY PRODUCTION","lease_name":"GUNTER #2-35","api_number":"3503921727","reservoir":"L DES MOINES","first_production":"1998-02-01","last_production":"2026-02-01"},"geometry":{"type":"Polygon","coordinates":[[[-99.2847835792185,35.4739709328715],[-99.2832835792055,35.4724709328585],[-99.2847835792185,35.4709709328454],[-99.2862835792315,35.4724709328585],[-99.2847835792185,35.4739709328715]]]}},{"type":"Feature","properties":{"county":"Custer","legal":"22-15N-20W-IM","operator":"DIVERSIFIED PRODUCTION LLC","lease_name":"HUTCHESON 22-4","api_number":"3503921733","reservoir":"CHEROKEE","first_production":"1998-01-01","last_production":"2026-02-01"},"geometry":{"type":"Polygon","coordinates":[[[-99.3143732526243,35.7631650850736],[-99.3128732526112,35.7616650850606],[-99.3143732526243,35.7601650850476],[-99.3158732526373,35.7616650850606],[-99.3143732526243,35.7631650850736]]]}},{"type":"Feature","properties":{"county":"Custer","legal":"29-14N-20W-IM","operator":"DIVERSIFIED PRODUCTION LLC","lease_name":"HUGHES 4-29","api_number":"3503921709","reservoir":"CHEROKEE","first_production":"1997-12-01","last_production":"2026-02-01"},"geometry":{"type":"Polygon","coordinates":[[[-99.350347618094,35.6619790313643],[-99.348847618081,35.6604790313512],[-99.350347618094,35.6589790313382],[-99.3518476181071,35.6604790313512],[-99.350347618094,35.6619790313643]]]}},{"type":"Feature","properties":{"county":"Custer","legal":"13-12N-14W-IM","operator":"SKYCAP ENERGY","lease_name":"RANDOLPH #13-1","api_number":"3503921723","reservoir":"CHEROKEE","first_production":"1998-01-01","last_production":"2026-02-01"},"geometry":{"type":"Polygon","coordinates":[[[-98.6320188800634,35.5166665325334],[-98.6305188800504,35.5151665325204],[-98.6320188800634,35.5136665325074],[-98.6335188800765,35.5151665325204],[-98.6320188800634,35.5166665325334]]]}},{"type":"Feature","properties":{"county":"Custer","legal":"26-15N-20W-IM","operator":"DIVERSIFIED PRODUCTION LLC","lease_name":"BROADBENT #26-2","api_number":"3503921718","reservoir":"CHEROKEE","first_production":"1997-11-01","last_production":"2026-02-01"},"geometry":{"type":"Polygon","coordinates":[[[-99.2967162634061,35.7486110031939],[-99.2952162633931,35.7471110031809],[-99.2967162634061,35.7456110031679],[-99.2982162634192,35.7471110031809],[-99.2967162634061,35.7486110031939]]]}},{"type":"Feature","properties":{"county":"Custer","legal":"25-12N-14W-IM","operator":"DIVERSIFIED PRODUCTION LLC","lease_name":"HAMILTON #25-2","api_number":"3503921717","reservoir":"DEESE","first_production":"1997-11-01","last_production":"2026-02-01"},"geometry":{"type":"Polygon","coordinates":[[[-98.6321046113216,35.4875875982121],[-98.6306046113086,35.486087598199],[-98.6321046113216,35.484587598186],[-98.6336046113346,35.486087598199],[-98.6321046113216,35.4875875982121]]]}},{"type":"Feature","properties":{"county":"Custer","legal":"16-12N-17W-IM","operator":"BCE-MACH II LLC","lease_name":"HEARD #3-16","api_number":"3503921706","reservoir":"CHEROKEE","first_production":"1997-11-01","last_production":"2026-02-01"},"geometry":{"type":"Polygon","coordinates":[[[-99.0024673018743,35.5172654625281],[-99.0009673018613,35.5157654625151],[-99.0024673018743,35.5142654625021],[-99.0039673018873,35.5157654625151],[-99.0024673018743,35.5172654625281]]]}},{"type":"Feature","properties":{"county":"Custer","legal":"14-12N-17W-IM","operator":"BCE-MACH II LLC","lease_name":"CLINTON TOWNSITE #2","api_number":"3503921698","reservoir":"RED FORK","first_production":"1997-10-01","last_production":"2026-02-01"},"geometry":{"type":"Polygon","coordinates":[[[-98.9670998063758,35.517261801226],[-98.9655998063628,35.5157618012129],[-98.9670998063758,35.5142618011999],[-98.9685998063889,35.5157618012129],[-98.9670998063758,35.517261801226]]]}},{"type":"Feature","properties":{"county":"Custer","legal":"24-14N-20W-IM","operator":"DIVERSIFIED PRODUCTION LLC","lease_name":"FANCHER 3-24","api_number":"3503921704","reservoir":"DES MOINES,RED FORK SAND","first_production":"1997-09-01","last_production":"2026-02-01"},"geometry":{"type":"Polygon","coordinates":[[[-99.2791592060158,35.6765213578421],[-99.2776592060028,35.6750213578291],[-99.2791592060158,35.673521357816],[-99.2806592060289,35.6750213578291],[-99.2791592060158,35.6765213578421]]]}},{"type":"Feature","properties":{"county":"Custer","legal":"29-14N-20W-IM","operator":"DIVERSIFIED PRODUCTION LLC","lease_name":"REDMOON 3-29","api_number":"3503921677","reservoir":"CHEROKEE","first_production":"1997-08-01","last_production":"2026-02-01"},"geometry":{"type":"Polygon","coordinates":[[[-99.350347618094,35.6619790313643],[-99.348847618081,35.6604790313512],[-99.350347618094,35.6589790313382],[-99.3518476181071,35.6604790313512],[-99.350347618094,35.6619790313643]]]}},{"type":"Feature","properties":{"county":"Custer","legal":"25-15N-20W-IM","operator":"DIVERSIFIED PRODUCTION LLC","lease_name":"BROADBENT #25-2","api_number":"3503921700","reservoir":"CHEROKEE","first_production":"1997-07-01","last_production":"2026-02-01"},"geometry":{"type":"Polygon","coordinates":[[[-99.2790497720572,35.7485861561113],[-99.2775497720442,35.7470861560983],[-99.2790497720572,35.7455861560852],[-99.2805497720703,35.7470861560983],[-99.2790497720572,35.7485861561113]]]}},{"type":"Feature","properties":{"county":"Custer","legal":"23-14N-20W-IM","operator":"TEOCALLI EXPLORATION","lease_name":"GWARTNEY #23-9;#23-10","api_number":"3503921807;3503921696","reservoir":"CHEROKEE","first_production":"1997-06-01","last_production":"2026-02-01"},"geometry":{"type":"Polygon","coordinates":[[[-99.2967957724571,35.6764467509326],[-99.2952957724441,35.6749467509196],[-99.2967957724571,35.6734467509065],[-99.2982957724702,35.6749467509196],[-99.2967957724571,35.6764467509326]]]}},{"type":"Feature","properties":{"county":"Custer","legal":"19-12N-20W-IM","operator":"PRESIDIO","lease_name":"KENNER #19-3","api_number":"3503921688","reservoir":"RED FORK","first_production":"1997-04-01","last_production":"2026-02-01"},"geometry":{"type":"Polygon","coordinates":[[[-99.3553371586055,35.5029594897034],[-99.3538371585924,35.5014594896904],[-99.3553371586055,35.4999594896773],[-99.3568371586185,35.5014594896904],[-99.3553371586055,35.5029594897034]]]}},{"type":"Feature","properties":{"county":"Custer","legal":"13-12N-14W-IM","operator":"DIVERSIFIED PRODUCTION LLC","lease_name":"TAYLOR 13-2","api_number":"3503921690","reservoir":"CHEROKEE","first_production":"1997-05-01","last_production":"2026-02-01"},"geometry":{"type":"Polygon","coordinates":[[[-98.6320188800634,35.5166665325334],[-98.6305188800504,35.5151665325204],[-98.6320188800634,35.5136665325074],[-98.6335188800765,35.5151665325204],[-98.6320188800634,35.5166665325334]]]}},{"type":"Feature","properties":{"county":"Custer","legal":"12-12N-14W-IM","operator":"CARBON ECONOMY LLC","lease_name":"IRENE #1-12","api_number":"3503921681","reservoir":"CHEROKEE","first_production":"1997-02-01","last_production":"2026-02-01"},"geometry":{"type":"Polygon","coordinates":[[[-98.6320427092737,35.5311652587672],[-98.6305427092606,35.5296652587542],[-98.6320427092737,35.5281652587411],[-98.6335427092867,35.5296652587542],[-98.6320427092737,35.5311652587672]]]}},{"type":"Feature","properties":{"county":"Custer","legal":"24-12N-14W-IM","operator":"DIVERSIFIED PRODUCTION LLC","lease_name":"FOLKS #24-4","api_number":"3503921679","reservoir":"CHEROKEE","first_production":"1997-02-01","last_production":"2026-02-01"},"geometry":{"type":"Polygon","coordinates":[[[-98.6320947577484,35.5020974965574],[-98.6305947577354,35.5005974965443],[-98.6320947577484,35.4990974965313],[-98.6335947577614,35.5005974965443],[-98.6320947577484,35.5020974965574]]]}},{"type":"Feature","properties":{"county":"Custer","legal":"29-14N-20W-IM","operator":"DIVERSIFIED PRODUCTION LLC","lease_name":"REDMOON 2-29","api_number":"3503921674","reservoir":"CHEROKEE","first_production":"1997-02-01","last_production":"2026-02-01"},"geometry":{"type":"Polygon","coordinates":[[[-99.350347618094,35.6619790313643],[-99.348847618081,35.6604790313512],[-99.350347618094,35.6589790313382],[-99.3518476181071,35.6604790313512],[-99.350347618094,35.6619790313643]]]}},{"type":"Feature","properties":{"county":"Custer","legal":"19-14N-20W-IM","operator":"DIVERSIFIED PRODUCTION LLC","lease_name":"FLICK 19-8","api_number":"3503921675","reservoir":"RED FORK","first_production":"1997-01-01","last_production":"2026-02-01"},"geometry":{"type":"Polygon","coordinates":[[[-99.3680537501016,35.6764551851837],[-99.3665537500886,35.6749551851707],[-99.3680537501016,35.6734551851576],[-99.3695537501147,35.6749551851707],[-99.3680537501016,35.6764551851837]]]}},{"type":"Feature","properties":{"county":"Custer","legal":"22-14N-20W-IM","operator":"COTERRA ENERGY OPERATING CO","lease_name":"LONG #3-22","api_number":"3503921667","reservoir":"CHEROKEE, RED FORK","first_production":"1996-12-01","last_production":"2026-02-01"},"geometry":{"type":"Polygon","coordinates":[[[-99.3145277433809,35.676511938935],[-99.3130277433679,35.675011938922],[-99.3145277433809,35.6735119389089],[-99.3160277433939,35.675011938922],[-99.3145277433809,35.676511938935]]]}},{"type":"Feature","properties":{"county":"Custer","legal":"13-13N-15W-IM","operator":"UNIT","lease_name":"HORSE CREEK 13 #1","api_number":"3503921652","reservoir":"SKINNER","first_production":"1996-08-01","last_production":"2026-02-01"},"geometry":{"type":"Polygon","coordinates":[[[-98.7474489714525,35.6037165248267],[-98.7459489714394,35.6022165248137],[-98.7474489714525,35.6007165248006],[-98.7489489714655,35.6022165248137],[-98.7474489714525,35.6037165248267]]]}},{"type":"Feature","properties":{"county":"Custer","legal":"22-14N-20W-IM","operator":"COTERRA ENERGY OPERATING CO","lease_name":"LONG #2-22","api_number":"3503921653","reservoir":"CHEROKEE","first_production":"1996-08-01","last_production":"2026-02-01"},"geometry":{"type":"Polygon","coordinates":[[[-99.3145277433809,35.676511938935],[-99.3130277433679,35.675011938922],[-99.3145277433809,35.6735119389089],[-99.3160277433939,35.675011938922],[-99.3145277433809,35.676511938935]]]}},{"type":"Feature","properties":{"county":"Custer","legal":"23-14N-20W-IM","operator":"TEOCALLI EXPLORATION","lease_name":"GWARTNEY #23-7;23-8","api_number":"3503921658;3503921647","reservoir":"CHEROKEE (REDFORK AND PRUE)","first_production":"1996-05-01","last_production":"2026-02-01"},"geometry":{"type":"Polygon","coordinates":[[[-99.2967957724571,35.6764467509326],[-99.2952957724441,35.6749467509196],[-99.2967957724571,35.6734467509065],[-99.2982957724702,35.6749467509196],[-99.2967957724571,35.6764467509326]]]}},{"type":"Feature","properties":{"county":"Custer","legal":"08-12N-20W-IM","operator":"PRESIDIO","lease_name":"WELLS #2-8","api_number":"3503921645","reservoir":"DES MOINES","first_production":"1996-04-01","last_production":"2026-02-01"},"geometry":{"type":"Polygon","coordinates":[[[-99.3379642190203,35.5322121283233],[-99.3364642190073,35.5307121283102],[-99.3379642190203,35.5292121282972],[-99.3394642190334,35.5307121283102],[-99.3379642190203,35.5322121283233]]]}},{"type":"Feature","properties":{"county":"Custer","legal":"19-14N-20W-IM","operator":"DIVERSIFIED PRODUCTION LLC","lease_name":"FLICK #19-7","api_number":"3503921644","reservoir":"CHEROKEE","first_production":"1996-03-01","last_production":"2026-02-01"},"geometry":{"type":"Polygon","coordinates":[[[-99.3680537501016,35.6764551851837],[-99.3665537500886,35.6749551851707],[-99.3680537501016,35.6734551851576],[-99.3695537501147,35.6749551851707],[-99.3680537501016,35.6764551851837]]]}},{"type":"Feature","properties":{"county":"Custer","legal":"23-14N-20W-IM","operator":"DIVERSIFIED PRODUCTION LLC","lease_name":"GWARTNEY #23-6","api_number":"3503921630","reservoir":"CHEROKEE","first_production":"1995-10-01","last_production":"2026-02-01"},"geometry":{"type":"Polygon","coordinates":[[[-99.2967957724571,35.6764467509326],[-99.2952957724441,35.6749467509196],[-99.2967957724571,35.6734467509065],[-99.2982957724702,35.6749467509196],[-99.2967957724571,35.6764467509326]]]}},{"type":"Feature","properties":{"county":"Custer","legal":"24-12N-18W-IM","operator":"BCE-MACH LLC","lease_name":"BARRICK #1-24","api_number":"3503921618","reservoir":"UPPER AND LOWER REDFORK","first_production":"1995-07-01","last_production":"2026-02-01"},"geometry":{"type":"Polygon","coordinates":[[[-99.0550561774268,35.5028648454434],[-99.0535561774138,35.5013648454303],[-99.0550561774268,35.4998648454173],[-99.0565561774398,35.5013648454303],[-99.0550561774268,35.5028648454434]]]}},{"type":"Feature","properties":{"county":"Custer","legal":"04-12N-20W-IM","operator":"DIVERSIFIED PRODUCTION LLC","lease_name":"OAKS #4-4","api_number":"3503921617","reservoir":"LOWER DES MOINES","first_production":"1995-05-01","last_production":"2026-02-01"},"geometry":{"type":"Polygon","coordinates":[[[-99.320366934743,35.5463667746514],[-99.31886693473,35.5448667746384],[-99.320366934743,35.5433667746253],[-99.3218669347561,35.5448667746384],[-99.320366934743,35.5463667746514]]]}},{"type":"Feature","properties":{"county":"Custer","legal":"19-13N-14W-IM","operator":"DEVON ENERGY","lease_name":"STEINER 2-19","api_number":"3503921587","reservoir":"ATOKA","first_production":"1995-01-01","last_production":"2026-02-01"},"geometry":{"type":"Polygon","coordinates":[[[-98.7296783452563,35.5892087895735],[-98.7281783452433,35.5877087895605],[-98.7296783452563,35.5862087895475],[-98.7311783452694,35.5877087895605],[-98.7296783452563,35.5892087895735]]]}},{"type":"Feature","properties":{"county":"Custer","legal":"03-13N-19W-IM","operator":"FX ENERGY OPERATING, LLC","lease_name":"NICHOLS 1-3","api_number":"3503921582","reservoir":"DES MOINES","first_production":"1995-01-01","last_production":"2026-02-01"},"geometry":{"type":"Polygon","coordinates":[[[-99.2086367007503,35.6329498508199],[-99.2071367007373,35.6314498508069],[-99.2086367007503,35.6299498507939],[-99.2101367007634,35.6314498508069],[-99.2086367007503,35.6329498508199]]]}},{"type":"Feature","properties":{"county":"Custer","legal":"15-13N-16W-IM","operator":"DIVERSIFIED PRODUCTION LLC","lease_name":"LAMIRAND 15-2","api_number":"3503921576","reservoir":"MORROW","first_production":"1995-01-01","last_production":"2026-02-01"},"geometry":{"type":"Polygon","coordinates":[[[-98.8895407324408,35.6036839410793],[-98.8880407324278,35.6021839410663],[-98.8895407324408,35.6006839410532],[-98.8910407324539,35.6021839410663],[-98.8895407324408,35.6036839410793]]]}},{"type":"Feature","properties":{"county":"Custer","legal":"30-13N-19W-IM","operator":"TEOCALLI EXPLORATION","lease_name":"YOUNG-BADEN #30-1","api_number":"3503921608","reservoir":"CLEVELAND","first_production":"1995-01-01","last_production":"2026-02-01"},"geometry":{"type":"Polygon","coordinates":[[[-99.2618376759972,35.5751507698295],[-99.2603376759841,35.5736507698164],[-99.2618376759972,35.5721507698034],[-99.2633376760102,35.5736507698164],[-99.2618376759972,35.5751507698295]]]}},{"type":"Feature","properties":{"county":"Custer","legal":"13-12N-14W-IM","operator":"CHACO ENERGY","lease_name":"TAYLOR #1-13","api_number":"3503921600","reservoir":"CHEROKEE","first_production":"1996-05-01","last_production":"2026-02-01"},"geometry":{"type":"Polygon","coordinates":[[[-98.6320188800634,35.5166665325334],[-98.6305188800504,35.5151665325204],[-98.6320188800634,35.5136665325074],[-98.6335188800765,35.5151665325204],[-98.6320188800634,35.5166665325334]]]}},{"type":"Feature","properties":{"county":"Custer","legal":"12-15N-20W-IM","operator":"RKK PRODUCTION","lease_name":"CALVIN KAUK 1-12","api_number":"3503921595","reservoir":"CHEROKEE/SKINNER","first_production":"1995-01-01","last_production":"2026-02-01"},"geometry":{"type":"Polygon","coordinates":[[[-99.2788484992906,35.7920071880634],[-99.2773484992775,35.7905071880503],[-99.2788484992906,35.7890071880373],[-99.2803484993036,35.7905071880503],[-99.2788484992906,35.7920071880634]]]}},{"type":"Feature","properties":{"county":"Custer","legal":"09-13N-16W-IM","operator":"TEOCALLI EXPLORATION","lease_name":"LAMBERTUS #9-2","api_number":"3503921559","reservoir":"MORROW","first_production":"1995-01-01","last_production":"2026-02-01"},"geometry":{"type":"Polygon","coordinates":[[[-98.9072858141366,35.6181619237659],[-98.9057858141235,35.6166619237528],[-98.9072858141366,35.6151619237398],[-98.9087858141496,35.6166619237528],[-98.9072858141366,35.6181619237659]]]}},{"type":"Feature","properties":{"county":"Custer","legal":"30-12N-19W-IM","operator":"DIVERSIFIED PRODUCTION LLC","lease_name":"ADAMS 30 #1","api_number":"3503921509","reservoir":"LOWER DES MOINES","first_production":"1995-01-01","last_production":"2026-02-01"},"geometry":{"type":"Polygon","coordinates":[[[-99.2496349560199,35.4885111066783],[-99.2481349560068,35.4870111066652],[-99.2496349560199,35.4855111066522],[-99.2511349560329,35.4870111066652],[-99.2496349560199,35.4885111066783]]]}},{"type":"Feature","properties":{"county":"Custer","legal":"25-13N-19W-IM","operator":"RIVIERA OPERATING","lease_name":"BETTYE 1-25","api_number":"3503921554","reservoir":"ATOKA","first_production":"1995-01-01","last_production":"2026-02-01"},"geometry":{"type":"Polygon","coordinates":[[[-99.1732760768181,35.5748866172037],[-99.1717760768051,35.5733866171906],[-99.1732760768181,35.5718866171776],[-99.1747760768311,35.5733866171906],[-99.1732760768181,35.5748866172037]]]}},{"type":"Feature","properties":{"county":"Custer","legal":"17-14N-19W-IM","operator":"DIVERSIFIED PRODUCTION LLC","lease_name":"NEWCOMB #17-2","api_number":"3503921544","reservoir":"MORROW","first_production":"1995-01-01","last_production":"2026-02-01"},"geometry":{"type":"Polygon","coordinates":[[[-99.243969328927,35.6909831481712],[-99.2424693289139,35.6894831481581],[-99.243969328927,35.6879831481451],[-99.24546932894,35.6894831481581],[-99.243969328927,35.6909831481712]]]}},{"type":"Feature","properties":{"county":"Custer","legal":"17-15N-20W-IM","operator":"FX ENERGY OPERATING, LLC","lease_name":"HERIFORD #2-17-A","api_number":"3503921522","reservoir":"PRUE","first_production":"1995-01-01","last_production":"2026-02-01"},"geometry":{"type":"Polygon","coordinates":[[[-99.349701437541,35.7775244830875],[-99.348201437528,35.7760244830745],[-99.349701437541,35.7745244830614],[-99.351201437554,35.7760244830745],[-99.349701437541,35.7775244830875]]]}},{"type":"Feature","properties":{"county":"Custer","legal":"04-12N-20W-IM","operator":"DIVERSIFIED PRODUCTION LLC","lease_name":"OAKS #4-3","api_number":"3503921975;3503921575","reservoir":"RED FORK","first_production":"1995-01-01","last_production":"2026-02-01"},"geometry":{"type":"Polygon","coordinates":[[[-99.320366934743,35.5463667746514],[-99.31886693473,35.5448667746384],[-99.320366934743,35.5433667746253],[-99.3218669347561,35.5448667746384],[-99.320366934743,35.5463667746514]]]}},{"type":"Feature","properties":{"county":"Custer","legal":"12-14N-20W-IM","operator":"DIVERSIFIED PRODUCTION LLC","lease_name":"CLIFT 12-3","api_number":"3503921531","reservoir":"CHEROKEE","first_production":"1995-01-01","last_production":"2026-02-01"},"geometry":{"type":"Polygon","coordinates":[[[-99.2791478703642,35.7054747716049],[-99.2776478703511,35.7039747715918],[-99.2791478703642,35.7024747715788],[-99.2806478703772,35.7039747715918],[-99.2791478703642,35.7054747716049]]]}},{"type":"Feature","properties":{"county":"Custer","legal":"03-14N-19W-IM","operator":"FX ENERGY OPERATING, LLC","lease_name":"WALKER #2-3","api_number":"3503921494","reservoir":"CHEROKEE","first_production":"1995-01-01","last_production":"2026-02-01"},"geometry":{"type":"Polygon","coordinates":[[[-99.2085152977837,35.7198631800689],[-99.2070152977706,35.7183631800558],[-99.2085152977837,35.7168631800428],[-99.2100152977967,35.7183631800558],[-99.2085152977837,35.7198631800689]]]}},{"type":"Feature","properties":{"county":"Custer","legal":"24-15N-20W-IM","operator":"ANADARKO MINERALS","lease_name":"MEEK F #3","api_number":"3503921482","reservoir":"CHEROKEE","first_production":"1995-01-01","last_production":"2026-02-01"},"geometry":{"type":"Polygon","coordinates":[[[-99.2788568905409,35.7630716469305],[-99.2773568905278,35.7615716469175],[-99.2788568905409,35.7600716469045],[-99.2803568905539,35.7615716469175],[-99.2788568905409,35.7630716469305]]]}},{"type":"Feature","properties":{"county":"Custer","legal":"13-14N-20W-IM","operator":"DIVERSIFIED PRODUCTION LLC","lease_name":"NEWCOMB #3-13","api_number":"3503921471","reservoir":"RED FORK","first_production":"1995-01-01","last_production":"2026-02-01"},"geometry":{"type":"Polygon","coordinates":[[[-99.2791157422453,35.690997589429],[-99.2776157422322,35.6894975894159],[-99.2791157422453,35.6879975894029],[-99.2806157422583,35.6894975894159],[-99.2791157422453,35.690997589429]]]}},{"type":"Feature","properties":{"county":"Custer","legal":"15-14N-20W-IM","operator":"DIVERSIFIED PRODUCTION LLC","lease_name":"SMALLWOOD #15-3","api_number":"3503921472","reservoir":"RED FORK","first_production":"1995-01-01","last_production":"2026-02-01"},"geometry":{"type":"Polygon","coordinates":[[[-99.3144682450969,35.6909260768801],[-99.3129682450839,35.689426076867],[-99.3144682450969,35.687926076854],[-99.31596824511,35.689426076867],[-99.3144682450969,35.6909260768801]]]}},{"type":"Feature","properties":{"county":"Custer","legal":"06-13N-16W-IM","operator":"DIVERSIFIED PRODUCTION LLC","lease_name":"COLLINS #6-3","api_number":"3503921546","reservoir":"CHEROKEE","first_production":"1995-01-01","last_production":"2026-02-01"},"geometry":{"type":"Polygon","coordinates":[[[-98.9424245469815,35.6326727703092],[-98.9409245469685,35.6311727702962],[-98.9424245469815,35.6296727702832],[-98.9439245469946,35.6311727702962],[-98.9424245469815,35.6326727703092]]]}},{"type":"Feature","properties":{"county":"Custer","legal":"06-13N-16W-IM","operator":"DIVERSIFIED PRODUCTION LLC","lease_name":"COLLINS #6-2A","api_number":"3503921463","reservoir":"MORROW","first_production":"1995-01-01","last_production":"2026-02-01"},"geometry":{"type":"Polygon","coordinates":[[[-98.9424245469815,35.6326727703092],[-98.9409245469685,35.6311727702962],[-98.9424245469815,35.6296727702832],[-98.9439245469946,35.6311727702962],[-98.9424245469815,35.6326727703092]]]}},{"type":"Feature","properties":{"county":"Custer","legal":"14-14N-20W-IM","operator":"DIVERSIFIED PRODUCTION LLC","lease_name":"KELLY #2-14","api_number":"3503921462","reservoir":"CHEROKEE","first_production":"1995-01-01","last_production":"2026-02-01"},"geometry":{"type":"Polygon","coordinates":[[[-99.2967997070604,35.6909270545265],[-99.2952997070474,35.6894270545134],[-99.2967997070604,35.6879270545004],[-99.2982997070734,35.6894270545134],[-99.2967997070604,35.6909270545265]]]}},{"type":"Feature","properties":{"county":"Custer","legal":"19-14N-20W-IM","operator":"DIVERSIFIED PRODUCTION LLC","lease_name":"FLICK #3-19","api_number":"3503921460","reservoir":"CHEROKEE","first_production":"1995-01-01","last_production":"2026-02-01"},"geometry":{"type":"Polygon","coordinates":[[[-99.3680537501016,35.6764551851837],[-99.3665537500886,35.6749551851707],[-99.3680537501016,35.6734551851576],[-99.3695537501147,35.6749551851707],[-99.3680537501016,35.6764551851837]]]}},{"type":"Feature","properties":{"county":"Custer","legal":"20-14N-19W-IM","operator":"DIVERSIFIED PRODUCTION LLC","lease_name":"NOBLE #2-20","api_number":"3503921452","reservoir":"DES MOINES","first_production":"1995-01-01","last_production":"2026-02-01"},"geometry":{"type":"Polygon","coordinates":[[[-99.2439984558288,35.6764867809821],[-99.2424984558158,35.6749867809691],[-99.2439984558288,35.673486780956],[-99.2454984558419,35.6749867809691],[-99.2439984558288,35.6764867809821]]]}},{"type":"Feature","properties":{"county":"Custer","legal":"30-14N-20W-IM","operator":"ZENERGY","lease_name":"SMITH #1-30","api_number":"3503921442","reservoir":"CHEROKEE","first_production":"1995-01-01","last_production":"2026-02-01"},"geometry":{"type":"Polygon","coordinates":[[[-99.3681405348821,35.6619831206883],[-99.366640534869,35.6604831206753],[-99.3681405348821,35.6589831206623],[-99.3696405348951,35.6604831206753],[-99.3681405348821,35.6619831206883]]]}},{"type":"Feature","properties":{"county":"Custer","legal":"13-14N-20W-IM","operator":"DIVERSIFIED PRODUCTION LLC","lease_name":"NEWCOMB #2-13","api_number":"3503921453","reservoir":"DES MOINES","first_production":"1995-01-01","last_production":"2026-02-01"},"geometry":{"type":"Polygon","coordinates":[[[-99.2791157422453,35.690997589429],[-99.2776157422322,35.6894975894159],[-99.2791157422453,35.6879975894029],[-99.2806157422583,35.6894975894159],[-99.2791157422453,35.690997589429]]]}},{"type":"Feature","properties":{"county":"Custer","legal":"13-13N-20W-IM","operator":"PRESIDIO","lease_name":"WHITE #1-13","api_number":"3503921437","reservoir":"CHEROKEE","first_production":"1995-01-01","last_production":"2026-02-01"},"geometry":{"type":"Polygon","coordinates":[[[-99.2794820253704,35.6041028260306],[-99.2779820253574,35.6026028260176],[-99.2794820253704,35.6011028260045],[-99.2809820253834,35.6026028260176],[-99.2794820253704,35.6041028260306]]]}},{"type":"Feature","properties":{"county":"Custer","legal":"24-12N-14W-IM","operator":"UNIT","lease_name":"WILSON TATE #1-24","api_number":"3503921447","reservoir":"REDFORK","first_production":"1995-01-01","last_production":"2026-02-01"},"geometry":{"type":"Polygon","coordinates":[[[-98.6320947577484,35.5020974965574],[-98.6305947577354,35.5005974965443],[-98.6320947577484,35.4990974965313],[-98.6335947577614,35.5005974965443],[-98.6320947577484,35.5020974965574]]]}},{"type":"Feature","properties":{"county":"Custer","legal":"19-14N-19W-IM","operator":"DIVERSIFIED PRODUCTION LLC","lease_name":"JOHNSON 1-19","api_number":"3503921445","reservoir":"DES MOINES","first_production":"1995-01-01","last_production":"2026-02-01"},"geometry":{"type":"Polygon","coordinates":[[[-99.2615088946669,35.6765710467371],[-99.2600088946539,35.675071046724],[-99.2615088946669,35.673571046711],[-99.26300889468,35.675071046724],[-99.2615088946669,35.6765710467371]]]}},{"type":"Feature","properties":{"county":"Custer","legal":"08-13N-17W-IM","operator":"STONE OAK OPERATING","lease_name":"HESTER #1-8","api_number":"3503921434","reservoir":"BAXTER SAND(MORROW)","first_production":"1995-01-01","last_production":"2026-02-01"},"geometry":{"type":"Polygon","coordinates":[[[-99.0312150558,35.6182598440885],[-99.029715055787,35.6167598440755],[-99.0312150558,35.6152598440624],[-99.0327150558131,35.6167598440755],[-99.0312150558,35.6182598440885]]]}},{"type":"Feature","properties":{"county":"Custer","legal":"23-12N-16W-IM","operator":"DIVERSIFIED PRODUCTION LLC","lease_name":"MAINON #1-23","api_number":"3503921436","reservoir":"RED FORK","first_production":"1995-01-01","last_production":"2026-02-01"},"geometry":{"type":"Polygon","coordinates":[[[-98.8614150620355,35.5026768209324],[-98.8599150620224,35.5011768209194],[-98.8614150620355,35.4996768209064],[-98.8629150620485,35.5011768209194],[-98.8614150620355,35.5026768209324]]]}},{"type":"Feature","properties":{"county":"Custer","legal":"20-14N-20W-IM","operator":"DIVERSIFIED PRODUCTION LLC","lease_name":"BANKS 1-20","api_number":"3503921438","reservoir":"CHEROKEE","first_production":"1995-01-01","last_production":"2026-02-01"},"geometry":{"type":"Polygon","coordinates":[[[-99.3502982146757,35.676463484289],[-99.3487982146627,35.674963484276],[-99.3502982146757,35.6734634842629],[-99.3517982146888,35.674963484276],[-99.3502982146757,35.676463484289]]]}},{"type":"Feature","properties":{"county":"Custer","legal":"23-14N-20W-IM","operator":"DIVERSIFIED PRODUCTION LLC","lease_name":"GWARTNEY #4-23","api_number":"3503921439","reservoir":"CHEROKEE","first_production":"1995-01-01","last_production":"2026-02-01"},"geometry":{"type":"Polygon","coordinates":[[[-99.2967957724571,35.6764467509326],[-99.2952957724441,35.6749467509196],[-99.2967957724571,35.6734467509065],[-99.2982957724702,35.6749467509196],[-99.2967957724571,35.6764467509326]]]}},{"type":"Feature","properties":{"county":"Custer","legal":"36-14N-19W-IM","lease_name":"KLEIN 2-36","api_number":"3503921440","reservoir":"RED FORK","first_production":"1995-01-01","last_production":"2026-02-01"},"geometry":{"type":"Polygon","coordinates":[[[-99.1731450136346,35.6473425066553],[-99.1716450136215,35.6458425066422],[-99.1731450136346,35.6443425066292],[-99.1746450136476,35.6458425066422],[-99.1731450136346,35.6473425066553]]]}},{"type":"Feature","properties":{"county":"Custer","legal":"08-15N-20W-IM","operator":"PRESIDIO","lease_name":"MILDRED #3-8","api_number":"3503921424","reservoir":"CHEROKEE","first_production":"1995-01-01","last_production":"2026-02-01"},"geometry":{"type":"Polygon","coordinates":[[[-99.3496444570639,35.7919081891947],[-99.3481444570509,35.7904081891817],[-99.3496444570639,35.7889081891686],[-99.3511444570769,35.7904081891817],[-99.3496444570639,35.7919081891947]]]}},{"type":"Feature","properties":{"county":"Custer","legal":"23-15N-20W-IM","operator":"DIVERSIFIED PRODUCTION LLC","lease_name":"MOSELEY #23-2","api_number":"3503921199","reservoir":"PRUE","first_production":"1995-01-01","last_production":"2026-02-01"},"geometry":{"type":"Polygon","coordinates":[[[-99.2966064067621,35.7631016624728],[-99.2951064067491,35.7616016624598],[-99.2966064067621,35.7601016624468],[-99.2981064067751,35.7616016624598],[-99.2966064067621,35.7631016624728]]]}},{"type":"Feature","properties":{"county":"Custer","legal":"07-15N-20W-IM","operator":"FX ENERGY OPERATING, LLC","lease_name":"BARNARD #2-7","api_number":"3503921419","reservoir":"SKINNER","first_production":"1995-01-01","last_production":"2026-02-01"},"geometry":{"type":"Polygon","coordinates":[[[-99.3672307018534,35.7917971046326],[-99.3657307018403,35.7902971046196],[-99.3672307018534,35.7887971046065],[-99.3687307018664,35.7902971046196],[-99.3672307018534,35.7917971046326]]]}},{"type":"Feature","properties":{"county":"Custer","legal":"11-13N-17W-IM","operator":"VAQUERO RESOURCES LLC","lease_name":"HAGGARD #2-11","api_number":"3503921407","reservoir":"MORROW","first_production":"1995-01-01","last_production":"2026-02-01"},"geometry":{"type":"Polygon","coordinates":[[[-98.9779967926642,35.6182064119119],[-98.9764967926511,35.6167064118988],[-98.9779967926642,35.6152064118858],[-98.9794967926772,35.6167064118988],[-98.9779967926642,35.6182064119119]]]}},{"type":"Feature","properties":{"county":"Custer","legal":"16-12N-15W-IM","operator":"RICHLAND RESOURCES","lease_name":"KAISER 2-16","api_number":"3503921413","reservoir":"RED FORK","first_production":"1995-01-01","last_production":"2026-02-01"},"geometry":{"type":"Polygon","coordinates":[[[-98.7910568221642,35.5168531743423],[-98.7895568221511,35.5153531743293],[-98.7910568221642,35.5138531743162],[-98.7925568221772,35.5153531743293],[-98.7910568221642,35.5168531743423]]]}},{"type":"Feature","properties":{"county":"Custer","legal":"31-13N-19W-IM","operator":"DIVERSIFIED PRODUCTION LLC","lease_name":"YOUNG #1-31","api_number":"3503921403","reservoir":"L. DES MOINES","first_production":"1995-01-01","last_production":"2026-02-01"},"geometry":{"type":"Polygon","coordinates":[[[-99.2618143258262,35.5606110882669],[-99.2603143258131,35.5591110882539],[-99.2618143258262,35.5576110882408],[-99.2633143258392,35.5591110882539],[-99.2618143258262,35.5606110882669]]]}},{"type":"Feature","properties":{"county":"Custer","legal":"09-13N-17W-IM","operator":"TEOCALLI EXPLORATION","lease_name":"CURTIS LOCKHART #3-9","api_number":"3503921404","reservoir":"MORROW","first_production":"1995-01-01","last_production":"2026-02-01"},"geometry":{"type":"Polygon","coordinates":[[[-99.0135666595225,35.6182446790245],[-99.0120666595095,35.6167446790115],[-99.0135666595225,35.6152446789984],[-99.0150666595356,35.6167446790115],[-99.0135666595225,35.6182446790245]]]}},{"type":"Feature","properties":{"county":"Custer","legal":"05-12N-20W-IM","operator":"ARROW O&G","lease_name":"LYNN #1-5","api_number":"3503921390","reservoir":"RED FORK (L.DES MOINES)","first_production":"1995-01-01","last_production":"2026-02-01"},"geometry":{"type":"Polygon","coordinates":[[[-99.3381033513042,35.5463246913711],[-99.3366033512911,35.544824691358],[-99.3381033513042,35.543324691345],[-99.3396033513172,35.544824691358],[-99.3381033513042,35.5463246913711]]]}},{"type":"Feature","properties":{"county":"Custer","legal":"03-13N-17W-IM","operator":"TEOCALLI EXPLORATION","lease_name":"MEACHAM #3-2","api_number":"3503921388","reservoir":"MORROW","first_production":"1995-01-01","last_production":"2026-02-01"},"geometry":{"type":"Polygon","coordinates":[[[-98.995709539915,35.6327236289101],[-98.9942095399019,35.6312236288971],[-98.995709539915,35.629723628884],[-98.997209539928,35.6312236288971],[-98.995709539915,35.6327236289101]]]}},{"type":"Feature","properties":{"county":"Custer","legal":"04-13N-17W-IM","operator":"SKYCAP ENERGY","lease_name":"DENVER #1-4","api_number":"3503921392","reservoir":"LOWER MORROW","first_production":"1995-01-01","last_production":"2026-02-01"},"geometry":{"type":"Polygon","coordinates":[[[-99.0134534714311,35.6327887860117],[-99.011953471418,35.6312887859986],[-99.0134534714311,35.6297887859856],[-99.0149534714441,35.6312887859986],[-99.0134534714311,35.6327887860117]]]}},{"type":"Feature","properties":{"county":"Custer","legal":"28-12N-19W-IM","lease_name":"FRIESEN 28-1","api_number":"3503921368","reservoir":"DES MOINES","first_production":"1995-01-01","last_production":"2026-02-01"},"geometry":{"type":"Polygon","coordinates":[[[-99.2144509877336,35.4885434062103],[-99.2129509877206,35.4870434061972],[-99.2144509877336,35.4855434061842],[-99.2159509877467,35.4870434061972],[-99.2144509877336,35.4885434062103]]]}},{"type":"Feature","properties":{"county":"Custer","legal":"06-12N-15W-IM","operator":"BRG","lease_name":"RANDOL #1-6","api_number":"3503921319","reservoir":"SKINNER","first_production":"1995-01-01","last_production":"2026-02-01"},"geometry":{"type":"Polygon","coordinates":[[[-98.8260882379009,35.5458612295113],[-98.8245882378879,35.5443612294983],[-98.8260882379009,35.5428612294852],[-98.827588237914,35.5443612294983],[-98.8260882379009,35.5458612295113]]]}},{"type":"Feature","properties":{"county":"Custer","legal":"06-12N-15W-IM","operator":"BRG","lease_name":"ANITA #1","api_number":"3503921253","reservoir":"SKINNER","first_production":"1995-01-01","last_production":"2026-02-01"},"geometry":{"type":"Polygon","coordinates":[[[-98.8260882379009,35.5458612295113],[-98.8245882378879,35.5443612294983],[-98.8260882379009,35.5428612294852],[-98.827588237914,35.5443612294983],[-98.8260882379009,35.5458612295113]]]}},{"type":"Feature","properties":{"county":"Custer","legal":"12-12N-14W-IM","operator":"BRG","lease_name":"SELF #1-12","api_number":"3503921285","reservoir":"CHEROKEE","first_production":"1995-01-01","last_production":"2026-02-01"},"geometry":{"type":"Polygon","coordinates":[[[-98.6320427092737,35.5311652587672],[-98.6305427092606,35.5296652587542],[-98.6320427092737,35.5281652587411],[-98.6335427092867,35.5296652587542],[-98.6320427092737,35.5311652587672]]]}},{"type":"Feature","properties":{"county":"Custer","legal":"02-13N-17W-IM","operator":"STAGHORN","lease_name":"BOZARTH 1-2","api_number":"3503921209","reservoir":"MORROW SAND","first_production":"1995-01-01","last_production":"2026-02-01"},"geometry":{"type":"Polygon","coordinates":[[[-98.9779379055964,35.6326978607783],[-98.9764379055833,35.6311978607653],[-98.9779379055964,35.6296978607522],[-98.9794379056094,35.6311978607653],[-98.9779379055964,35.6326978607783]]]}},{"type":"Feature","properties":{"county":"Custer","legal":"13-13N-20W-IM","operator":"UNIT","lease_name":"PAULINE #13-2","api_number":"3503921377","reservoir":"RED FORK","first_production":"1995-01-01","last_production":"2026-02-01"},"geometry":{"type":"Polygon","coordinates":[[[-99.2794820253704,35.6041028260306],[-99.2779820253574,35.6026028260176],[-99.2794820253704,35.6011028260045],[-99.2809820253834,35.6026028260176],[-99.2794820253704,35.6041028260306]]]}},{"type":"Feature","properties":{"county":"Custer","legal":"32-13N-19W-IM","operator":"DIVERSIFIED PRODUCTION LLC","lease_name":"MOUSE #1-32","api_number":"3503920713","reservoir":"CLEVELAND","first_production":"1995-01-01","last_production":"2026-02-01"},"geometry":{"type":"Polygon","coordinates":[[[-99.2440720679319,35.5603897787481],[-99.2425720679188,35.558889778735],[-99.2440720679319,35.557389778722],[-99.2455720679449,35.558889778735],[-99.2440720679319,35.5603897787481]]]}},{"type":"Feature","properties":{"county":"Custer","legal":"24-12N-14W-IM","operator":"BRG","lease_name":"FOLKS #2-24","api_number":"3503921070","reservoir":"RED FORK","first_production":"1995-01-01","last_production":"2026-02-01"},"geometry":{"type":"Polygon","coordinates":[[[-98.6320947577484,35.5020974965574],[-98.6305947577354,35.5005974965443],[-98.6320947577484,35.4990974965313],[-98.6335947577614,35.5005974965443],[-98.6320947577484,35.5020974965574]]]}},{"type":"Feature","properties":{"county":"Custer","legal":"01-13N-19W-IM","operator":"UNIT","lease_name":"SMITH #1-1","api_number":"3503921060","reservoir":"RED FORK","first_production":"1995-01-01","last_production":"2026-02-01"},"geometry":{"type":"Polygon","coordinates":[[[-99.1732162218938,35.6329014616246],[-99.1717162218808,35.6314014616116],[-99.1732162218938,35.6299014615985],[-99.1747162219068,35.6314014616116],[-99.1732162218938,35.6329014616246]]]}},{"type":"Feature","properties":{"county":"Custer","legal":"14-12N-17W-IM","operator":"BCE-MACH II LLC","lease_name":"CLINTON TOWNSITE #1A-14","api_number":"3503921004","reservoir":"RED FORK","first_production":"1995-01-01","last_production":"2026-02-01"},"geometry":{"type":"Polygon","coordinates":[[[-98.9670998063758,35.517261801226],[-98.9655998063628,35.5157618012129],[-98.9670998063758,35.5142618011999],[-98.9685998063889,35.5157618012129],[-98.9670998063758,35.517261801226]]]}},{"type":"Feature","properties":{"county":"Custer","legal":"35-14N-19W-IM","operator":"DIVERSIFIED PRODUCTION LLC","lease_name":"WALKER #2-35","api_number":"3503921256","reservoir":"RED FORK","first_production":"1995-01-01","last_production":"2026-02-01"},"geometry":{"type":"Polygon","coordinates":[[[-99.1908464354238,35.6473710460823],[-99.1893464354108,35.6458710460692],[-99.1908464354238,35.6443710460562],[-99.1923464354369,35.6458710460692],[-99.1908464354238,35.6473710460823]]]}},{"type":"Feature","properties":{"county":"Custer","legal":"30-13N-16W-IM","operator":"RJA ENERGY LLC","lease_name":"BALL #1-30","api_number":"3503921068","reservoir":"SKINNER","first_production":"1995-01-01","last_production":"2026-02-01"},"geometry":{"type":"Polygon","coordinates":[[[-98.9423493742634,35.5748273292109],[-98.9408493742504,35.5733273291979],[-98.9423493742634,35.5718273291848],[-98.9438493742764,35.5733273291979],[-98.9423493742634,35.5748273292109]]]}},{"type":"Feature","properties":{"county":"Custer","legal":"22-12N-18W-IM","operator":"S & G OPERATING","lease_name":"VIRGINIA #1-22","api_number":"3503921180","reservoir":"RED FORK","first_production":"1995-01-01","last_production":"2026-02-01"},"geometry":{"type":"Polygon","coordinates":[[[-99.0905396663057,35.5029247530655],[-99.0890396662926,35.5014247530524],[-99.0905396663057,35.4999247530394],[-99.0920396663187,35.5014247530524],[-99.0905396663057,35.5029247530655]]]}},{"type":"Feature","properties":{"county":"Custer","legal":"36-13N-17W-IM","operator":"ARNOLD OIL PROPERTIES","lease_name":"STATE #2-36","api_number":"3503921048","reservoir":"SKINNER","first_production":"1995-01-01","last_production":"2026-02-01"},"geometry":{"type":"Polygon","coordinates":[[[-98.9601417573459,35.5602603975291],[-98.9586417573328,35.5587603975161],[-98.9601417573459,35.5572603975031],[-98.9616417573589,35.5587603975161],[-98.9601417573459,35.5602603975291]]]}},{"type":"Feature","properties":{"county":"Custer","legal":"03-12N-20W-IM","operator":"CHAMPLIN","lease_name":"K.C. CATTLE #1-3","api_number":"3503920624","reservoir":"RED FORK","first_production":"1995-01-01","last_production":"2026-02-01"},"geometry":{"type":"Polygon","coordinates":[[[-99.3025065561469,35.546380095581],[-99.3010065561338,35.544880095568],[-99.3025065561469,35.543380095555],[-99.3040065561599,35.544880095568],[-99.3025065561469,35.546380095581]]]}},{"type":"Feature","properties":{"county":"Custer","legal":"02-13N-19W-IM","operator":"UNIT","lease_name":"MCLAUGHLIN #1-2","api_number":"3503921251","reservoir":"DES MOINES","first_production":"1995-01-01","last_production":"2026-02-01"},"geometry":{"type":"Polygon","coordinates":[[[-99.1908957028754,35.632924167231],[-99.1893957028623,35.6314241672179],[-99.1908957028754,35.6299241672049],[-99.1923957028884,35.6314241672179],[-99.1908957028754,35.632924167231]]]}},{"type":"Feature","properties":{"county":"Custer","legal":"02-13N-19W-IM","operator":"UNIT","lease_name":"FRAZIER #1-2","api_number":"3503920968","reservoir":"REDFORK","first_production":"1995-01-01","last_production":"2026-02-01"},"geometry":{"type":"Polygon","coordinates":[[[-99.1908957028754,35.632924167231],[-99.1893957028623,35.6314241672179],[-99.1908957028754,35.6299241672049],[-99.1923957028884,35.6314241672179],[-99.1908957028754,35.632924167231]]]}},{"type":"Feature","properties":{"county":"Custer","legal":"11-14N-20W-IM","operator":"TEOCALLI EXPLORATION","lease_name":"JOHNSON #1-11","api_number":"3503920888","reservoir":"RED FORK","first_production":"1995-01-01","last_production":"2026-02-01"},"geometry":{"type":"Polygon","coordinates":[[[-99.2968491783419,35.7054397669348],[-99.2953491783288,35.7039397669217],[-99.2968491783419,35.7024397669087],[-99.2983491783549,35.7039397669217],[-99.2968491783419,35.7054397669348]]]}},{"type":"Feature","properties":{"county":"Custer","legal":"28-12N-14W-IM","operator":"RICHLAND RESOURCES","lease_name":"BUCKMASTER VAUGHN 1-28","api_number":"3503921081","reservoir":"DES MOINES","first_production":"1995-01-01","last_production":"2026-02-01"},"geometry":{"type":"Polygon","coordinates":[[[-98.6851889988915,35.4875722696598],[-98.6836889988784,35.4860722696467],[-98.6851889988915,35.4845722696337],[-98.6866889989045,35.4860722696467],[-98.6851889988915,35.4875722696598]]]}},{"type":"Feature","properties":{"county":"Custer","legal":"34-12N-14W-IM","operator":"KAISER FRANCIS","lease_name":"SCHMIDT #1-34","api_number":"3503921189","reservoir":"DEESE","first_production":"1995-01-01","last_production":"2026-02-01"},"geometry":{"type":"Polygon","coordinates":[[[-98.6674254004052,35.4730386343837],[-98.6659254003922,35.4715386343707],[-98.6674254004052,35.4700386343576],[-98.6689254004183,35.4715386343707],[-98.6674254004052,35.4730386343837]]]}},{"type":"Feature","properties":{"county":"Custer","legal":"23-12N-17W-IM","operator":"DIVERSIFIED PRODUCTION LLC","lease_name":"THOMAS HALL 23-1","api_number":"3503920939","reservoir":"RED FORK","first_production":"1995-01-01","last_production":"2026-02-01"},"geometry":{"type":"Polygon","coordinates":[[[-98.9671907972446,35.5028291880753],[-98.9656907972315,35.5013291880623],[-98.9671907972446,35.4998291880492],[-98.9686907972576,35.5013291880623],[-98.9671907972446,35.5028291880753]]]}},{"type":"Feature","properties":{"county":"Custer","legal":"25-13N-20W-IM","operator":"DIVERSIFIED PRODUCTION LLC","lease_name":"CLARK 1-25;2-25;3-25;4-25*","api_number":"3503921470;3503921720;3503921806;3503921525;3503921537;3503920955","reservoir":"REDFORK,DES MOINES,DES MOINES LOWER","first_production":"1995-01-01","last_production":"2026-02-01"},"geometry":{"type":"Polygon","coordinates":[[[-99.2796303024178,35.5751079559365],[-99.2781303024048,35.5736079559235],[-99.2796303024178,35.5721079559105],[-99.2811303024309,35.5736079559235],[-99.2796303024178,35.5751079559365]]]}},{"type":"Feature","properties":{"county":"Custer","legal":"19-12N-14W-IM","operator":"SKYCAP ENERGY","lease_name":"KERR #1-19","api_number":"3503920944","reservoir":"SPRINGER","first_production":"1995-04-01","last_production":"2026-02-01"},"geometry":{"type":"Polygon","coordinates":[[[-98.7202722574074,35.5021064164862],[-98.7187722573944,35.5006064164732],[-98.7202722574074,35.4991064164602],[-98.7217722574205,35.5006064164732],[-98.7202722574074,35.5021064164862]]]}},{"type":"Feature","properties":{"county":"Custer","legal":"09-12N-15W-IM","operator":"LARKSPUR OPERATING LLC","lease_name":"DIXIE MALLISON 1-9","api_number":"3503920867","reservoir":"ATOKA SAND","first_production":"1995-01-01","last_production":"2026-02-01"},"geometry":{"type":"Polygon","coordinates":[[[-98.7910358785813,35.5313206821947],[-98.7895358785682,35.5298206821816],[-98.7910358785813,35.5283206821686],[-98.7925358785943,35.5298206821816],[-98.7910358785813,35.5313206821947]]]}},{"type":"Feature","properties":{"county":"Custer","legal":"25-12N-19W-IM","operator":"ZEPHYR OPERATING","lease_name":"WINIFRED #1-25","api_number":"3503920890","reservoir":"UPPER MORROW","first_production":"1995-01-01","last_production":"2026-02-01"},"geometry":{"type":"Polygon","coordinates":[[[-99.1613676113266,35.4885087842307],[-99.1598676113136,35.4870087842176],[-99.1613676113266,35.4855087842046],[-99.1628676113396,35.4870087842176],[-99.1613676113266,35.4885087842307]]]}},{"type":"Feature","properties":{"county":"Custer","legal":"26-13N-17W-IM","operator":"PRESIDIO","lease_name":"CUSTER 4-26","api_number":"3503921369;3503920575","reservoir":"CHEROKEE","first_production":"1995-01-01","last_production":"2026-02-01"},"geometry":{"type":"Polygon","coordinates":[[[-98.9779805336825,35.574666492674],[-98.9764805336695,35.5731664926609],[-98.9779805336825,35.5716664926479],[-98.9794805336956,35.5731664926609],[-98.9779805336825,35.574666492674]]]}},{"type":"Feature","properties":{"county":"Custer","legal":"30-14N-19W-IM","operator":"AVALANCHE O&G","lease_name":"BLANCHARD #1-30","api_number":"3503920773","reservoir":"SKINNER","first_production":"1995-01-01","last_production":"2026-02-01"},"geometry":{"type":"Polygon","coordinates":[[[-99.2616199852235,35.6620870089107],[-99.2601199852105,35.6605870088977],[-99.2616199852235,35.6590870088846],[-99.2631199852366,35.6605870088977],[-99.2616199852235,35.6620870089107]]]}},{"type":"Feature","properties":{"county":"Custer","legal":"13-12N-18W-IM","operator":"PRESIDIO","lease_name":"CRUSON #1-13","api_number":"3503920933","reservoir":"MIDDLE RED FORK","first_production":"1995-01-01","last_production":"2026-02-01"},"geometry":{"type":"Polygon","coordinates":[[[-99.0549736361511,35.5173195138324],[-99.0534736361381,35.5158195138193],[-99.0549736361511,35.5143195138063],[-99.0564736361642,35.5158195138193],[-99.0549736361511,35.5173195138324]]]}},{"type":"Feature","properties":{"county":"Custer","legal":"25-14N-20W-IM","operator":"TEOCALLI EXPLORATION","lease_name":"JOHNSON #25-1","api_number":"3503920859","reservoir":"PRUE","first_production":"1995-01-01","last_production":"2026-02-01"},"geometry":{"type":"Polygon","coordinates":[[[-99.2791539719043,35.6620142794552],[-99.2776539718913,35.6605142794421],[-99.2791539719043,35.6590142794291],[-99.2806539719174,35.6605142794421],[-99.2791539719043,35.6620142794552]]]}},{"type":"Feature","properties":{"county":"Custer","legal":"16-12N-17W-IM","operator":"CITY OF CLINTON","lease_name":"J.JOE SMITH#1-16","api_number":"3503920942","reservoir":"RED FORK","first_production":"1995-01-01","last_production":"2026-02-01"},"geometry":{"type":"Polygon","coordinates":[[[-99.0024673018743,35.5172654625281],[-99.0009673018613,35.5157654625151],[-99.0024673018743,35.5142654625021],[-99.0039673018873,35.5157654625151],[-99.0024673018743,35.5172654625281]]]}},{"type":"Feature","properties":{"county":"Custer","legal":"33-12N-14W-IM","operator":"CIMAREX ENERGY","lease_name":"LARRY #1-33","api_number":"3503920844","reservoir":"CUNNINGHAM","first_production":"1995-01-01","last_production":"2026-02-01"},"geometry":{"type":"Polygon","coordinates":[[[-98.6850522802574,35.4730413587136],[-98.6835522802444,35.4715413587006],[-98.6850522802574,35.4700413586875],[-98.6865522802704,35.4715413587006],[-98.6850522802574,35.4730413587136]]]}},{"type":"Feature","properties":{"county":"Custer","legal":"36-12N-19W-IM","operator":"CHAMPLIN","lease_name":"SEWELL #1-36","api_number":"3503920756","reservoir":"UPPER MORROW, ATOKA","first_production":"1995-01-01","last_production":"2026-02-01"},"geometry":{"type":"Polygon","coordinates":[[[-99.1612963644998,35.4740397230469],[-99.1597963644867,35.4725397230339],[-99.1612963644998,35.4710397230208],[-99.1627963645128,35.4725397230339],[-99.1612963644998,35.4740397230469]]]}},{"type":"Feature","properties":{"county":"Custer","legal":"35-13N-17W-IM","operator":"OPAL OPERATING COMPANY LLC","lease_name":"SAWATZKY #1-35","api_number":"3503920830","reservoir":"SKINNER","first_production":"1995-01-01","last_production":"2026-02-01"},"geometry":{"type":"Polygon","coordinates":[[[-98.9779468152563,35.5601885878944],[-98.9764468152433,35.5586885878814],[-98.9779468152563,35.5571885878683],[-98.9794468152694,35.5586885878814],[-98.9779468152563,35.5601885878944]]]}},{"type":"Feature","properties":{"county":"Custer","legal":"18-12N-20W-IM","operator":"PRESIDIO","lease_name":"PRESTON 1-18","api_number":"3503921367","reservoir":"UPPER,LOWER DES MOINES","first_production":"1995-01-01","last_production":"2026-02-01"},"geometry":{"type":"Polygon","coordinates":[[[-99.3553967407844,35.5176010867656],[-99.3538967407713,35.5161010867526],[-99.3553967407844,35.5146010867395],[-99.3568967407974,35.5161010867526],[-99.3553967407844,35.5176010867656]]]}},{"type":"Feature","properties":{"county":"Custer","legal":"18-12N-20W-IM","operator":"PRESIDIO","lease_name":"KEPHART #1-18","api_number":"3503921345","reservoir":"L.DES MOINES","first_production":"1995-01-01","last_production":"2026-02-01"},"geometry":{"type":"Polygon","coordinates":[[[-99.3553967407844,35.5176010867656],[-99.3538967407713,35.5161010867526],[-99.3553967407844,35.5146010867395],[-99.3568967407974,35.5161010867526],[-99.3553967407844,35.5176010867656]]]}},{"type":"Feature","properties":{"county":"Custer","legal":"19-12N-20W-IM","operator":"PRESIDIO","lease_name":"ELLIOTT 1-19","api_number":"3503921356","reservoir":"LOWER DES MOINES","first_production":"1995-01-01","last_production":"2026-02-01"},"geometry":{"type":"Polygon","coordinates":[[[-99.3553371586055,35.5029594897034],[-99.3538371585924,35.5014594896904],[-99.3553371586055,35.4999594896773],[-99.3568371586185,35.5014594896904],[-99.3553371586055,35.5029594897034]]]}},{"type":"Feature","properties":{"county":"Custer","legal":"19-12N-20W-IM","operator":"PRESIDIO","lease_name":"KENNER #2-19","api_number":"3503921337","reservoir":"LOWER DES MOINES","first_production":"1995-01-01","last_production":"2026-02-01"},"geometry":{"type":"Polygon","coordinates":[[[-99.3553371586055,35.5029594897034],[-99.3538371585924,35.5014594896904],[-99.3553371586055,35.4999594896773],[-99.3568371586185,35.5014594896904],[-99.3553371586055,35.5029594897034]]]}},{"type":"Feature","properties":{"county":"Custer","legal":"08-12N-20W-IM","operator":"PRESIDIO","lease_name":"WELLS #1-8","api_number":"3503920833","reservoir":"RED FORK","first_production":"1995-01-01","last_production":"2026-02-01"},"geometry":{"type":"Polygon","coordinates":[[[-99.3379642190203,35.5322121283233],[-99.3364642190073,35.5307121283102],[-99.3379642190203,35.5292121282972],[-99.3394642190334,35.5307121283102],[-99.3379642190203,35.5322121283233]]]}},{"type":"Feature","properties":{"county":"Custer","legal":"15-12N-17W-IM","operator":"DIVERSIFIED PRODUCTION LLC","lease_name":"STRATTON 15-1;15-2","api_number":"3503921086;3503921648","reservoir":"RED FORK","first_production":"1995-01-01","last_production":"2026-02-01"},"geometry":{"type":"Polygon","coordinates":[[[-98.9848080701614,35.517278824547],[-98.9833080701483,35.5157788245339],[-98.9848080701614,35.5142788245209],[-98.9863080701744,35.5157788245339],[-98.9848080701614,35.517278824547]]]}},{"type":"Feature","properties":{"county":"Custer","legal":"24-14N-20W-IM","operator":"DIVERSIFIED PRODUCTION LLC","lease_name":"DAVIS 7 FARMS 1-24","api_number":"3503921391","reservoir":"DES MOINES(RED FORK)","first_production":"1995-01-01","last_production":"2026-02-01"},"geometry":{"type":"Polygon","coordinates":[[[-99.2791592060158,35.6765213578421],[-99.2776592060028,35.6750213578291],[-99.2791592060158,35.673521357816],[-99.2806592060289,35.6750213578291],[-99.2791592060158,35.6765213578421]]]}},{"type":"Feature","properties":{"county":"Custer","legal":"24-14N-20W-IM","operator":"DIVERSIFIED PRODUCTION LLC","lease_name":"FANCHER #1-24","api_number":"3503920865","reservoir":"RED FORK","first_production":"1995-01-01","last_production":"2026-02-01"},"geometry":{"type":"Polygon","coordinates":[[[-99.2791592060158,35.6765213578421],[-99.2776592060028,35.6750213578291],[-99.2791592060158,35.673521357816],[-99.2806592060289,35.6750213578291],[-99.2791592060158,35.6765213578421]]]}},{"type":"Feature","properties":{"county":"Custer","legal":"17-12N-17W-IM","operator":"EVOLUTION ENERGY, LLC","lease_name":"HUDGINS #17-2","api_number":"3503920948","reservoir":"REDFORK","first_production":"1995-01-01","last_production":"2026-02-01"},"geometry":{"type":"Polygon","coordinates":[[[-99.0201360242507,35.5172660989092],[-99.0186360242377,35.5157660988962],[-99.0201360242507,35.5142660988831],[-99.0216360242638,35.5157660988962],[-99.0201360242507,35.5172660989092]]]}},{"type":"Feature","properties":{"county":"Custer","legal":"17-12N-17W-IM","operator":"DIVERSIFIED PRODUCTION LLC","lease_name":"HOGAN #17-3","api_number":"3503921037","reservoir":"REDFORK","first_production":"1995-01-01","last_production":"2026-02-01"},"geometry":{"type":"Polygon","coordinates":[[[-99.0201360242507,35.5172660989092],[-99.0186360242377,35.5157660988962],[-99.0201360242507,35.5142660988831],[-99.0216360242638,35.5157660988962],[-99.0201360242507,35.5172660989092]]]}},{"type":"Feature","properties":{"county":"Custer","legal":"20-12N-17W-IM","operator":"DIVERSIFIED PRODUCTION LLC","lease_name":"JEFF MOORE#2-20","api_number":"3503921137","reservoir":"RED FORK","first_production":"1995-01-01","last_production":"2026-02-01"},"geometry":{"type":"Polygon","coordinates":[[[-99.0201668046219,35.5028147151268],[-99.0186668046089,35.5013147151138],[-99.0201668046219,35.4998147151007],[-99.0216668046349,35.5013147151138],[-99.0201668046219,35.5028147151268]]]}},{"type":"Feature","properties":{"county":"Custer","legal":"20-12N-17W-IM","operator":"DIVERSIFIED PRODUCTION LLC","lease_name":"JEFF MOORE #1-20","api_number":"3503920915","reservoir":"CHEROKEE","first_production":"1995-01-01","last_production":"2026-02-01"},"geometry":{"type":"Polygon","coordinates":[[[-99.0201668046219,35.5028147151268],[-99.0186668046089,35.5013147151138],[-99.0201668046219,35.4998147151007],[-99.0216668046349,35.5013147151138],[-99.0201668046219,35.5028147151268]]]}},{"type":"Feature","properties":{"county":"Custer","legal":"30-12N-20W-IM","operator":"PRESIDIO","lease_name":"OAKS #1-30","api_number":"3503920926","reservoir":"RED FORK","first_production":"1995-01-01","last_production":"2026-02-01"},"geometry":{"type":"Polygon","coordinates":[[[-99.3552606467193,35.4883243311972],[-99.3537606467062,35.4868243311842],[-99.3552606467193,35.4853243311711],[-99.3567606467323,35.4868243311842],[-99.3552606467193,35.4883243311972]]]}},{"type":"Feature","properties":{"county":"Custer","legal":"24-13N-20W-IM","operator":"DIVERSIFIED PRODUCTION LLC","lease_name":"RAMONA SEARCEY 2-24","api_number":"3503921376","reservoir":"RED FORK","first_production":"1995-01-01","last_production":"2026-02-01"},"geometry":{"type":"Polygon","coordinates":[[[-99.2795779661435,35.5895973498834],[-99.2780779661305,35.5880973498703],[-99.2795779661435,35.5865973498573],[-99.2810779661566,35.5880973498703],[-99.2795779661435,35.5895973498834]]]}},{"type":"Feature","properties":{"county":"Custer","legal":"24-13N-20W-IM","operator":"DIVERSIFIED PRODUCTION LLC","lease_name":"SNIDER 1-24","api_number":"3503921246","reservoir":"LOWER DES MOINES","first_production":"1995-01-01","last_production":"2026-02-01"},"geometry":{"type":"Polygon","coordinates":[[[-99.2795779661435,35.5895973498834],[-99.2780779661305,35.5880973498703],[-99.2795779661435,35.5865973498573],[-99.2810779661566,35.5880973498703],[-99.2795779661435,35.5895973498834]]]}},{"type":"Feature","properties":{"county":"Custer","legal":"24-13N-20W-IM","operator":"DIVERSIFIED PRODUCTION LLC","lease_name":"RAMONA SEARCY #1-24","api_number":"3503920886","reservoir":"RED FORK","first_production":"1995-01-01","last_production":"2026-02-01"},"geometry":{"type":"Polygon","coordinates":[[[-99.2795779661435,35.5895973498834],[-99.2780779661305,35.5880973498703],[-99.2795779661435,35.5865973498573],[-99.2810779661566,35.5880973498703],[-99.2795779661435,35.5895973498834]]]}},{"type":"Feature","properties":{"county":"Custer","legal":"33-15N-19W-IM","operator":"PRESIDIO","lease_name":"KILHOFFER #1-33","api_number":"3503920877","reservoir":"CHEROKEE","first_production":"1995-01-01","last_production":"2026-02-01"},"geometry":{"type":"Polygon","coordinates":[[[-99.2261608539138,35.734383556817],[-99.2246608539008,35.732883556804],[-99.2261608539138,35.7313835567909],[-99.2276608539269,35.732883556804],[-99.2261608539138,35.734383556817]]]}},{"type":"Feature","properties":{"county":"Custer","legal":"33-15N-19W-IM","operator":"PRESIDIO","lease_name":"KILHOFFER #3-33","api_number":"3503921512","reservoir":"CHEROKEE SAND","first_production":"1995-01-01","last_production":"2026-02-01"},"geometry":{"type":"Polygon","coordinates":[[[-99.2261608539138,35.734383556817],[-99.2246608539008,35.732883556804],[-99.2261608539138,35.7313835567909],[-99.2276608539269,35.732883556804],[-99.2261608539138,35.734383556817]]]}},{"type":"Feature","properties":{"county":"Custer","legal":"29-13N-19W-IM","operator":"PRENTICE NAPIER AND GREEN INC","lease_name":"FEDERAL 29-1","api_number":"3503920873","reservoir":"DES MOINES (RED FORK)","first_production":"1995-01-01","last_production":"2026-02-01"},"geometry":{"type":"Polygon","coordinates":[[[-99.2441136623247,35.5750083285826],[-99.2426136623116,35.5735083285696],[-99.2441136623247,35.5720083285565],[-99.2456136623377,35.5735083285696],[-99.2441136623247,35.5750083285826]]]}},{"type":"Feature","properties":{"county":"Custer","legal":"33-14N-20W-IM","operator":"CRAWLEY PETROLEUM","lease_name":"DORIS FLYNT NO. 2","api_number":"3503921451","reservoir":"CHEROKEE (RED FORK)","first_production":"1995-01-01","last_production":"2026-02-01"},"geometry":{"type":"Polygon","coordinates":[[[-99.3325655410901,35.6474546263311],[-99.3310655410771,35.645954626318],[-99.3325655410901,35.644454626305],[-99.3340655411031,35.645954626318],[-99.3325655410901,35.6474546263311]]]}},{"type":"Feature","properties":{"county":"Custer","legal":"33-14N-20W-IM","operator":"CRAWLEY PETROLEUM","lease_name":"DORIS FLYNT #1","api_number":"3503920794","reservoir":"REDFORK","first_production":"1995-01-01","last_production":"2026-02-01"},"geometry":{"type":"Polygon","coordinates":[[[-99.3325655410901,35.6474546263311],[-99.3310655410771,35.645954626318],[-99.3325655410901,35.644454626305],[-99.3340655411031,35.645954626318],[-99.3325655410901,35.6474546263311]]]}},{"type":"Feature","properties":{"county":"Custer","legal":"24-12N-15W-IM","operator":"UNIT","lease_name":"BARTEL UNIT #1","api_number":"3503920536;3503921026","reservoir":"ATOKA,REDFORK","first_production":"1995-01-01","last_production":"2026-02-01"},"geometry":{"type":"Polygon","coordinates":[[[-98.7377793150827,35.5021708932058],[-98.7362793150697,35.5006708931928],[-98.7377793150827,35.4991708931797],[-98.7392793150958,35.5006708931928],[-98.7377793150827,35.5021708932058]]]}},{"type":"Feature","properties":{"county":"Custer","legal":"26-14N-20W-IM","operator":"DIVERSIFIED PRODUCTION LLC","lease_name":"DAVIS 7 FARMS #26-3","api_number":"3503921418","reservoir":"CHEROKEE","first_production":"1995-01-01","last_production":"2026-02-01"},"geometry":{"type":"Polygon","coordinates":[[[-99.2969523425906,35.6620162936622],[-99.2954523425776,35.6605162936492],[-99.2969523425906,35.6590162936361],[-99.2984523426037,35.6605162936492],[-99.2969523425906,35.6620162936622]]]}},{"type":"Feature","properties":{"county":"Custer","legal":"26-14N-20W-IM","operator":"DIVERSIFIED PRODUCTION LLC","lease_name":"DAVIS 7 FARMS #26-2","api_number":"3503921400","reservoir":"RED FORK","first_production":"1995-01-01","last_production":"2026-02-01"},"geometry":{"type":"Polygon","coordinates":[[[-99.2969523425906,35.6620162936622],[-99.2954523425776,35.6605162936492],[-99.2969523425906,35.6590162936361],[-99.2984523426037,35.6605162936492],[-99.2969523425906,35.6620162936622]]]}},{"type":"Feature","properties":{"county":"Custer","legal":"14-12N-15W-IM","operator":"UNIT","lease_name":"BAUER  1-14","api_number":"3503920748","reservoir":"SPRINGER","first_production":"1995-01-01","last_production":"2026-02-01"},"geometry":{"type":"Polygon","coordinates":[[[-98.7555751338943,35.5167273105599],[-98.7540751338812,35.5152273105469],[-98.7555751338943,35.5137273105338],[-98.7570751339073,35.5152273105469],[-98.7555751338943,35.5167273105599]]]}},{"type":"Feature","properties":{"county":"Custer","legal":"18-14N-19W-IM","operator":"CANVAS ENERGY LLC","lease_name":"NEWCOMB 18-2","api_number":"3503921309","reservoir":"RED FORK","first_production":"1995-01-01","last_production":"2026-02-01"},"geometry":{"type":"Polygon","coordinates":[[[-99.2614769140581,35.6909970396315],[-99.2599769140451,35.6894970396185],[-99.2614769140581,35.6879970396054],[-99.2629769140712,35.6894970396185],[-99.2614769140581,35.6909970396315]]]}},{"type":"Feature","properties":{"county":"Custer","legal":"18-14N-19W-IM","operator":"CANVAS ENERGY LLC","lease_name":"NEWCOMB #1-18","api_number":"3503920566","reservoir":"RED FORK","first_production":"1995-01-01","last_production":"2026-02-01"},"geometry":{"type":"Polygon","coordinates":[[[-99.2614769140581,35.6909970396315],[-99.2599769140451,35.6894970396185],[-99.2614769140581,35.6879970396054],[-99.2629769140712,35.6894970396185],[-99.2614769140581,35.6909970396315]]]}},{"type":"Feature","properties":{"county":"Custer","legal":"27-12N-20W-IM","operator":"PRESIDIO","lease_name":"BLAKEMORE 1-27","api_number":"3503921344","reservoir":"DES MOINES","first_production":"1995-01-01","last_production":"2026-02-01"},"geometry":{"type":"Polygon","coordinates":[[[-99.3024671801161,35.4884864047968],[-99.3009671801031,35.4869864047838],[-99.3024671801161,35.4854864047707],[-99.3039671801291,35.4869864047838],[-99.3024671801161,35.4884864047968]]]}},{"type":"Feature","properties":{"county":"Custer","legal":"27-12N-20W-IM","operator":"PRESIDIO","lease_name":"NELLIE MCCONNELL#1-27","api_number":"3503920626","reservoir":"RED FORK","first_production":"1995-01-01","last_production":"2026-02-01"},"geometry":{"type":"Polygon","coordinates":[[[-99.3024671801161,35.4884864047968],[-99.3009671801031,35.4869864047838],[-99.3024671801161,35.4854864047707],[-99.3039671801291,35.4869864047838],[-99.3024671801161,35.4884864047968]]]}},{"type":"Feature","properties":{"county":"Custer","legal":"10-13N-19W-IM","operator":"FX ENERGY OPERATING, LLC","lease_name":"BAKER 1-10","api_number":"3503920711","reservoir":"RED FORK","first_production":"1995-01-01","last_production":"2026-02-01"},"geometry":{"type":"Polygon","coordinates":[[[-99.2086473689515,35.618544618814],[-99.2071473689385,35.617044618801],[-99.2086473689515,35.6155446187879],[-99.2101473689646,35.617044618801],[-99.2086473689515,35.618544618814]]]}},{"type":"Feature","properties":{"county":"Custer","legal":"22-12N-15W-IM","operator":"SKYCAP ENERGY","lease_name":"REIMAN #22-B","api_number":"3503921381","reservoir":"REDFORK","first_production":"1995-01-01","last_production":"2026-02-01"},"geometry":{"type":"Polygon","coordinates":[[[-98.7733894736975,35.5023440592756],[-98.7718894736845,35.5008440592625],[-98.7733894736975,35.4993440592495],[-98.7748894737105,35.5008440592625],[-98.7733894736975,35.5023440592756]]]}},{"type":"Feature","properties":{"county":"Custer","legal":"10-13N-17W-IM","operator":"UNIT","lease_name":"BAXTER #2-10","api_number":"3503921518","reservoir":"MORROW","first_production":"1995-01-01","last_production":"2026-02-01"},"geometry":{"type":"Polygon","coordinates":[[[-98.9957918303077,35.6182110838535],[-98.9942918302947,35.6167110838405],[-98.9957918303077,35.6152110838274],[-98.9972918303208,35.6167110838405],[-98.9957918303077,35.6182110838535]]]}},{"type":"Feature","properties":{"county":"Custer","legal":"10-13N-17W-IM","operator":"UNIT","lease_name":"LAX #1-10","api_number":"3503921362","reservoir":"MORROW","first_production":"1995-01-01","last_production":"2026-02-01"},"geometry":{"type":"Polygon","coordinates":[[[-98.9957918303077,35.6182110838535],[-98.9942918302947,35.6167110838405],[-98.9957918303077,35.6152110838274],[-98.9972918303208,35.6167110838405],[-98.9957918303077,35.6182110838535]]]}},{"type":"Feature","properties":{"county":"Custer","legal":"18-12N-16W-IM","operator":"DIVERSIFIED PRODUCTION LLC","lease_name":"SOAR #1-18","api_number":"3503920841","reservoir":"RED FORK","first_production":"1995-01-01","last_production":"2026-02-01"},"geometry":{"type":"Polygon","coordinates":[[[-98.931928046943,35.5172974251227],[-98.9304280469299,35.5157974251097],[-98.931928046943,35.5142974250967],[-98.933428046956,35.5157974251097],[-98.931928046943,35.5172974251227]]]}},{"type":"Feature","properties":{"county":"Custer","legal":"14-14N-20W-IM","operator":"DIVERSIFIED PRODUCTION LLC","lease_name":"KELLY #14-4","api_number":"3503921526","reservoir":"CHEROKEE","first_production":"1995-01-01","last_production":"2026-02-01"},"geometry":{"type":"Polygon","coordinates":[[[-99.2967997070604,35.6909270545265],[-99.2952997070474,35.6894270545134],[-99.2967997070604,35.6879270545004],[-99.2982997070734,35.6894270545134],[-99.2967997070604,35.6909270545265]]]}},{"type":"Feature","properties":{"county":"Custer","legal":"14-14N-20W-IM","operator":"DIVERSIFIED PRODUCTION LLC","lease_name":"KELLY #1-14","api_number":"3503920856","reservoir":"CHEROKEE","first_production":"1995-01-01","last_production":"2026-02-01"},"geometry":{"type":"Polygon","coordinates":[[[-99.2967997070604,35.6909270545265],[-99.2952997070474,35.6894270545134],[-99.2967997070604,35.6879270545004],[-99.2982997070734,35.6894270545134],[-99.2967997070604,35.6909270545265]]]}},{"type":"Feature","properties":{"county":"Custer","legal":"19-13N-19W-IM","operator":"DIVERSIFIED PRODUCTION LLC","lease_name":"USA 2-19","api_number":"3503921409","reservoir":"LOWER DES MOINES","first_production":"1995-01-01","last_production":"2026-02-01"},"geometry":{"type":"Polygon","coordinates":[[[-99.2618762868084,35.5896715813875],[-99.2603762867954,35.5881715813745],[-99.2618762868084,35.5866715813614],[-99.2633762868215,35.5881715813745],[-99.2618762868084,35.5896715813875]]]}},{"type":"Feature","properties":{"county":"Custer","legal":"31-13N-19W-IM","operator":"ADPARO, LLC","lease_name":"YOUNG \"Y #1\"","api_number":"3503921281","reservoir":"RED FORK","first_production":"1995-01-01","last_production":"2026-02-01"},"geometry":{"type":"Polygon","coordinates":[[[-99.2618143258262,35.5606110882669],[-99.2603143258131,35.5591110882539],[-99.2618143258262,35.5576110882408],[-99.2633143258392,35.5591110882539],[-99.2618143258262,35.5606110882669]]]}},{"type":"Feature","properties":{"county":"Custer","legal":"36-12N-16W-IM","operator":"DIVERSIFIED PRODUCTION LLC","lease_name":"SNIDER #1-36","api_number":"3503920742","reservoir":"SKINNER","first_production":"1995-01-01","last_production":"2026-02-01"},"geometry":{"type":"Polygon","coordinates":[[[-98.8438689677045,35.4738643253089],[-98.8423689676915,35.4723643252959],[-98.8438689677045,35.4708643252828],[-98.8453689677176,35.4723643252959],[-98.8438689677045,35.4738643253089]]]}},{"type":"Feature","properties":{"county":"Custer","legal":"32-13N-16W-IM","operator":"RIVIERA OPERATING","lease_name":"SCHAPANSKY 1-32","api_number":"3503920772","reservoir":"SKINNER","first_production":"1995-01-01","last_production":"2026-02-01"},"geometry":{"type":"Polygon","coordinates":[[[-98.9246712974076,35.5601415604628],[-98.9231712973946,35.5586415604498],[-98.9246712974076,35.5571415604367],[-98.9261712974207,35.5586415604498],[-98.9246712974076,35.5601415604628]]]}},{"type":"Feature","properties":{"county":"Custer","legal":"01-13N-20W-IM","operator":"DCP PRODUCTION COMPANY LLC","lease_name":"STEWART #1","api_number":"3503920638","reservoir":"PRUE","first_production":"1995-01-01","last_production":"2026-02-01"},"geometry":{"type":"Polygon","coordinates":[[[-99.2793733092014,35.6330113725029],[-99.2778733091884,35.6315113724899],[-99.2793733092014,35.6300113724768],[-99.2808733092145,35.6315113724899],[-99.2793733092014,35.6330113725029]]]}},{"type":"Feature","properties":{"county":"Custer","legal":"32-13N-17W-IM","operator":"EVOLUTION ENERGY, LLC","lease_name":"MILLER #1-32","api_number":"3503920650","reservoir":"UPPER MORROW","first_production":"1995-01-01","last_production":"2026-02-01"},"geometry":{"type":"Polygon","coordinates":[[[-99.031046609142,35.5601606774855],[-99.029546609129,35.5586606774725],[-99.031046609142,35.5571606774595],[-99.032546609155,35.5586606774725],[-99.031046609142,35.5601606774855]]]}},{"type":"Feature","properties":{"county":"Custer","legal":"23-14N-20W-IM","operator":"DIVERSIFIED PRODUCTION LLC","lease_name":"GWARTNEY #3-23","api_number":"3503921410","reservoir":"CHEROKEE","first_production":"1995-01-01","last_production":"2026-02-01"},"geometry":{"type":"Polygon","coordinates":[[[-99.2967957724571,35.6764467509326],[-99.2952957724441,35.6749467509196],[-99.2967957724571,35.6734467509065],[-99.2982957724702,35.6749467509196],[-99.2967957724571,35.6764467509326]]]}},{"type":"Feature","properties":{"county":"Custer","legal":"23-14N-20W-IM","operator":"DIVERSIFIED PRODUCTION LLC","lease_name":"GWARTNEY #1-23","api_number":"3503920815","reservoir":"RED FORK","first_production":"1995-01-01","last_production":"2026-02-01"},"geometry":{"type":"Polygon","coordinates":[[[-99.2967957724571,35.6764467509326],[-99.2952957724441,35.6749467509196],[-99.2967957724571,35.6734467509065],[-99.2982957724702,35.6749467509196],[-99.2967957724571,35.6764467509326]]]}},{"type":"Feature","properties":{"county":"Custer","legal":"27-13N-20W-IM","operator":"DIVERSIFIED PRODUCTION LLC","lease_name":"SHEWMAKER #1-27","api_number":"3503920670","reservoir":"ATOKA","first_production":"1995-01-01","last_production":"2026-02-01"},"geometry":{"type":"Polygon","coordinates":[[[-99.3149771601696,35.5750804072753],[-99.3134771601565,35.5735804072623],[-99.3149771601696,35.5720804072492],[-99.3164771601826,35.5735804072623],[-99.3149771601696,35.5750804072753]]]}},{"type":"Feature","properties":{"county":"Custer","legal":"28-13N-19W-IM","operator":"BURLINGTON RESOURCES O&G","lease_name":"FEDERAL #1-28","api_number":"3503920725","reservoir":"REDFORK LOWER ZONE","first_production":"1995-01-01","last_production":"2026-02-01"},"geometry":{"type":"Polygon","coordinates":[[[-99.2264321383414,35.5748844456199],[-99.2249321383283,35.5733844456069],[-99.2264321383414,35.5718844455938],[-99.2279321383544,35.5733844456069],[-99.2264321383414,35.5748844456199]]]}},{"type":"Feature","properties":{"county":"Custer","legal":"18-14N-20W-IM","operator":"BCE-MACH III LLC","lease_name":"LEE \"A\" #18","api_number":"3503920764","reservoir":"REDFORK","first_production":"1995-01-01","last_production":"2026-02-01"},"geometry":{"type":"Polygon","coordinates":[[[-99.367953231828,35.6909142149255],[-99.3664532318149,35.6894142149125],[-99.367953231828,35.6879142148995],[-99.369453231841,35.6894142149125],[-99.367953231828,35.6909142149255]]]}},{"type":"Feature","properties":{"county":"Custer","legal":"17-12N-16W-IM","operator":"DIVERSIFIED PRODUCTION LLC","lease_name":"STELLA #1-17","api_number":"3503920827","reservoir":"RED FORK","first_production":"1995-01-01","last_production":"2026-02-01"},"geometry":{"type":"Polygon","coordinates":[[[-98.9146021840929,35.5173471187991],[-98.9131021840798,35.5158471187861],[-98.9146021840929,35.5143471187731],[-98.9161021841059,35.5158471187861],[-98.9146021840929,35.5173471187991]]]}},{"type":"Feature","properties":{"county":"Custer","legal":"32-15N-19W-IM","operator":"ADPARO, LLC","lease_name":"AMANT #2-32","api_number":"3503921486","reservoir":"SKINNER","first_production":"1995-01-01","last_production":"2026-02-01"},"geometry":{"type":"Polygon","coordinates":[[[-99.2438806186309,35.7343639645175],[-99.2423806186179,35.7328639645044],[-99.2438806186309,35.7313639644914],[-99.2453806186439,35.7328639645044],[-99.2438806186309,35.7343639645175]]]}},{"type":"Feature","properties":{"county":"Custer","legal":"32-15N-19W-IM","operator":"ADPARO, LLC","lease_name":"RAY \"H\"#1","api_number":"3503921340","reservoir":"SKINNER","first_production":"1995-01-01","last_production":"2026-02-01"},"geometry":{"type":"Polygon","coordinates":[[[-99.2438806186309,35.7343639645175],[-99.2423806186179,35.7328639645044],[-99.2438806186309,35.7313639644914],[-99.2453806186439,35.7328639645044],[-99.2438806186309,35.7343639645175]]]}},{"type":"Feature","properties":{"county":"Custer","legal":"32-15N-19W-IM","operator":"ADPARO, LLC","lease_name":"RAY \"E\" #1","api_number":"3503920951","reservoir":"CHEROKEE","first_production":"1995-01-01","last_production":"2026-02-01"},"geometry":{"type":"Polygon","coordinates":[[[-99.2438806186309,35.7343639645175],[-99.2423806186179,35.7328639645044],[-99.2438806186309,35.7313639644914],[-99.2453806186439,35.7328639645044],[-99.2438806186309,35.7343639645175]]]}},{"type":"Feature","properties":{"county":"Custer","legal":"32-15N-19W-IM","operator":"ADPARO, LLC","lease_name":"KAUK A-1","api_number":"3503920851","reservoir":"SKINNER","first_production":"1995-01-01","last_production":"2026-02-01"},"geometry":{"type":"Polygon","coordinates":[[[-99.2438806186309,35.7343639645175],[-99.2423806186179,35.7328639645044],[-99.2438806186309,35.7313639644914],[-99.2453806186439,35.7328639645044],[-99.2438806186309,35.7343639645175]]]}},{"type":"Feature","properties":{"county":"Custer","legal":"03-13N-19W-IM","operator":"CARBON ECONOMY LLC","lease_name":"MC LAUGHLIN #2-3","api_number":"3503921336","reservoir":"DES MOINES","first_production":"1995-01-01","last_production":"2026-02-01"},"geometry":{"type":"Polygon","coordinates":[[[-99.2086367007503,35.6329498508199],[-99.2071367007373,35.6314498508069],[-99.2086367007503,35.6299498507939],[-99.2101367007634,35.6314498508069],[-99.2086367007503,35.6329498508199]]]}},{"type":"Feature","properties":{"county":"Custer","legal":"31-14N-20W-IM","operator":"COTERRA ENERGY OPERATING CO","lease_name":"MENNONITE #2-31","api_number":"3503921548","reservoir":"REDFORK","first_production":"1995-01-01","last_production":"2026-02-01"},"geometry":{"type":"Polygon","coordinates":[[[-99.3681482555672,35.6475270752284],[-99.3666482555542,35.6460270752153],[-99.3681482555672,35.6445270752023],[-99.3696482555803,35.6460270752153],[-99.3681482555672,35.6475270752284]]]}},{"type":"Feature","properties":{"county":"Custer","legal":"06-13N-20W-IM","operator":"COTERRA ENERGY OPERATING CO","lease_name":"STINSON #1-6","api_number":"3503920695","reservoir":"CHEROKEE,REDFORK","first_production":"1995-01-01","last_production":"2026-02-01"},"geometry":{"type":"Polygon","coordinates":[[[-99.3680968600187,35.6330319210828],[-99.3665968600057,35.6315319210698],[-99.3680968600187,35.6300319210567],[-99.3695968600317,35.6315319210698],[-99.3680968600187,35.6330319210828]]]}},{"type":"Feature","properties":{"county":"Custer","legal":"05-14N-19W-IM","operator":"TEOCALLI EXPLORATION","lease_name":"RAY #5-1;#5-2","api_number":"3503920796","reservoir":"REDFORK,PRUE","first_production":"1995-01-01","last_production":"2026-02-01"},"geometry":{"type":"Polygon","coordinates":[[[-99.243924914588,35.7199371743045],[-99.242424914575,35.7184371742915],[-99.243924914588,35.7169371742785],[-99.245424914601,35.7184371742915],[-99.243924914588,35.7199371743045]]]}},{"type":"Feature","properties":{"county":"Custer","legal":"36-14N-19W-IM","operator":"PRESIDIO","lease_name":"KLEIN 1-36","api_number":"3503920612","reservoir":"REDFORK","first_production":"1995-01-01","last_production":"2026-02-01"},"geometry":{"type":"Polygon","coordinates":[[[-99.1731450136346,35.6473425066553],[-99.1716450136215,35.6458425066422],[-99.1731450136346,35.6443425066292],[-99.1746450136476,35.6458425066422],[-99.1731450136346,35.6473425066553]]]}},{"type":"Feature","properties":{"county":"Custer","legal":"25-15N-20W-IM","operator":"DIVERSIFIED PRODUCTION LLC","lease_name":"MOSELEY 25-7","api_number":"3503921492","reservoir":"PRUE","first_production":"1995-01-01","last_production":"2026-02-01"},"geometry":{"type":"Polygon","coordinates":[[[-99.2790497720572,35.7485861561113],[-99.2775497720442,35.7470861560983],[-99.2790497720572,35.7455861560852],[-99.2805497720703,35.7470861560983],[-99.2790497720572,35.7485861561113]]]}},{"type":"Feature","properties":{"county":"Custer","legal":"04-14N-19W-IM","operator":"TEOCALLI EXPLORATION","lease_name":"CLIFT #4-6","api_number":"3503921568","reservoir":"CHEROKEE","first_production":"1995-01-01","last_production":"2026-02-01"},"geometry":{"type":"Polygon","coordinates":[[[-99.226215384662,35.7199082238547],[-99.2247153846489,35.7184082238416],[-99.226215384662,35.7169082238286],[-99.227715384675,35.7184082238416],[-99.226215384662,35.7199082238547]]]}},{"type":"Feature","properties":{"county":"Custer","legal":"31-15N-19W-IM","operator":"DIVERSIFIED PRODUCTION LLC","lease_name":"BAKER #31-3","api_number":"3503921354","reservoir":"PRUE","first_production":"1995-01-01","last_production":"2026-02-01"},"geometry":{"type":"Polygon","coordinates":[[[-99.2615107779722,35.7343517464393],[-99.2600107779592,35.7328517464262],[-99.2615107779722,35.7313517464132],[-99.2630107779852,35.7328517464262],[-99.2615107779722,35.7343517464393]]]}},{"type":"Feature","properties":{"county":"Custer","legal":"31-15N-19W-IM","operator":"DIVERSIFIED PRODUCTION LLC","lease_name":"BAKER #1-31","api_number":"3503920646","reservoir":"RED FORK","first_production":"1995-01-01","last_production":"2026-02-01"},"geometry":{"type":"Polygon","coordinates":[[[-99.2615107779722,35.7343517464393],[-99.2600107779592,35.7328517464262],[-99.2615107779722,35.7313517464132],[-99.2630107779852,35.7328517464262],[-99.2615107779722,35.7343517464393]]]}},{"type":"Feature","properties":{"county":"Custer","legal":"30-14N-20W-IM","operator":"ZENERGY","lease_name":"SMITH #2-30","api_number":"3503921485","reservoir":"CHEROKEE","first_production":"1995-01-01","last_production":"2026-02-01"},"geometry":{"type":"Polygon","coordinates":[[[-99.3681405348821,35.6619831206883],[-99.366640534869,35.6604831206753],[-99.3681405348821,35.6589831206623],[-99.3696405348951,35.6604831206753],[-99.3681405348821,35.6619831206883]]]}},{"type":"Feature","properties":{"county":"Custer","legal":"30-14N-20W-IM","operator":"ZENERGY","lease_name":"A CROSS RANCH #1;2-30","api_number":"3503922035;3503920521","reservoir":"RED FORK(CHEROKEE)","first_production":"1995-01-01","last_production":"2026-02-01"},"geometry":{"type":"Polygon","coordinates":[[[-99.3681405348821,35.6619831206883],[-99.366640534869,35.6604831206753],[-99.3681405348821,35.6589831206623],[-99.3696405348951,35.6604831206753],[-99.3681405348821,35.6619831206883]]]}},{"type":"Feature","properties":{"county":"Custer","legal":"16-14N-20W-IM","operator":"DIVERSIFIED PRODUCTION LLC","lease_name":"TIPPENS #1-16; 16-2","api_number":"3503920687;3503921959","reservoir":"RED FORK","first_production":"1995-01-01","last_production":"2026-02-01"},"geometry":{"type":"Polygon","coordinates":[[[-99.332348866604,35.6910068470299],[-99.330848866591,35.6895068470169],[-99.332348866604,35.6880068470038],[-99.3338488666171,35.6895068470169],[-99.332348866604,35.6910068470299]]]}},{"type":"Feature","properties":{"county":"Custer","legal":"34-14N-19W-IM","operator":"DIVERSIFIED PRODUCTION LLC","lease_name":"MULLINS #1-34","api_number":"3503920738","reservoir":"CHEROKEE","first_production":"1995-01-01","last_production":"2026-02-01"},"geometry":{"type":"Polygon","coordinates":[[[-99.2086280780615,35.6474043074269],[-99.2071280780484,35.6459043074139],[-99.2086280780615,35.6444043074008],[-99.2101280780745,35.6459043074139],[-99.2086280780615,35.6474043074269]]]}},{"type":"Feature","properties":{"county":"Custer","legal":"02-12N-14W-IM","operator":"CHACO ENERGY","lease_name":"INDUSTRIAL DEV TRUST #1","api_number":"3503921312","reservoir":"ATOKA/DESMOINESIAN","first_production":"1995-01-01","last_production":"2026-02-01"},"geometry":{"type":"Polygon","coordinates":[[[-98.6497505269845,35.5457171813604],[-98.6482505269715,35.5442171813473],[-98.6497505269845,35.5427171813343],[-98.6512505269975,35.5442171813473],[-98.6497505269845,35.5457171813604]]]}},{"type":"Feature","properties":{"county":"Custer","legal":"04-13N-19W-IM","operator":"TEOCALLI EXPLORATION","lease_name":"BAKER #1-4","api_number":"3503920710","reservoir":"CHEROKEE","first_production":"1995-01-01","last_production":"2026-02-01"},"geometry":{"type":"Polygon","coordinates":[[[-99.226408488818,35.6329442408712],[-99.2249084888049,35.6314442408582],[-99.226408488818,35.6299442408451],[-99.227908488831,35.6314442408582],[-99.226408488818,35.6329442408712]]]}},{"type":"Feature","properties":{"county":"Custer","legal":"10-14N-19W-IM","operator":"DIVERSIFIED PRODUCTION LLC","lease_name":"SHELTON #2-10","api_number":"3503921399","reservoir":"DES MOINES","first_production":"1995-01-01","last_production":"2026-02-01"},"geometry":{"type":"Polygon","coordinates":[[[-99.2085362425872,35.705442354867],[-99.2070362425742,35.703942354854],[-99.2085362425872,35.7024423548409],[-99.2100362426003,35.703942354854],[-99.2085362425872,35.705442354867]]]}},{"type":"Feature","properties":{"county":"Custer","legal":"32-13N-14W-IM","operator":"UNIT","lease_name":"FRIZZEL #1-32","api_number":"3503920672","reservoir":"ATOKA","first_production":"1995-01-01","last_production":"2026-02-01"},"geometry":{"type":"Polygon","coordinates":[[[-98.7119253243508,35.5601814286228],[-98.7104253243378,35.5586814286097],[-98.7119253243508,35.5571814285967],[-98.7134253243639,35.5586814286097],[-98.7119253243508,35.5601814286228]]]}},{"type":"Feature","properties":{"county":"Custer","legal":"28-13N-14W-IM","operator":"KINGFISHER RESOURCES","lease_name":"PERKINS #1-28","api_number":"3503920593","reservoir":"CHEROKEE","first_production":"1995-01-01","last_production":"2026-02-01"},"geometry":{"type":"Polygon","coordinates":[[[-98.6942325328977,35.5747206402166],[-98.6927325328847,35.5732206402036],[-98.6942325328977,35.5717206401905],[-98.6957325329108,35.5732206402036],[-98.6942325328977,35.5747206402166]]]}},{"type":"Feature","properties":{"county":"Custer","legal":"08-15N-20W-IM","operator":"PRESIDIO","lease_name":"MILDRED #1-8","api_number":"3503920693","reservoir":"CHEROKEE","first_production":"1995-01-01","last_production":"2026-02-01"},"geometry":{"type":"Polygon","coordinates":[[[-99.3496444570639,35.7919081891947],[-99.3481444570509,35.7904081891817],[-99.3496444570639,35.7889081891686],[-99.3511444570769,35.7904081891817],[-99.3496444570639,35.7919081891947]]]}},{"type":"Feature","properties":{"county":"Custer","legal":"19-14N-19W-IM","operator":"BP AMERICA PRODUCTION","lease_name":"HUBBART #1-19","api_number":"3503920610","reservoir":"MORROW","first_production":"1995-01-01","last_production":"2026-02-01"},"geometry":{"type":"Polygon","coordinates":[[[-99.2615088946669,35.6765710467371],[-99.2600088946539,35.675071046724],[-99.2615088946669,35.673571046711],[-99.26300889468,35.675071046724],[-99.2615088946669,35.6765710467371]]]}},{"type":"Feature","properties":{"county":"Custer","legal":"22-15N-20W-IM","operator":"DIVERSIFIED PRODUCTION LLC","lease_name":"EMMA MOSLEY #22-1;*","api_number":"3503920622;3503921131","reservoir":"PRUE","first_production":"1995-01-01","last_production":"2026-02-01"},"geometry":{"type":"Polygon","coordinates":[[[-99.3143732526243,35.7631650850736],[-99.3128732526112,35.7616650850606],[-99.3143732526243,35.7601650850476],[-99.3158732526373,35.7616650850606],[-99.3143732526243,35.7631650850736]]]}},{"type":"Feature","properties":{"county":"Custer","legal":"03-13N-17W-IM","operator":"BCE-MACH II LLC","lease_name":"F MEACHAM 1A-3","api_number":"3503920416","reservoir":"LOWER MORROW","first_production":"1995-01-01","last_production":"2026-02-01"},"geometry":{"type":"Polygon","coordinates":[[[-98.995709539915,35.6327236289101],[-98.9942095399019,35.6312236288971],[-98.995709539915,35.629723628884],[-98.997209539928,35.6312236288971],[-98.995709539915,35.6327236289101]]]}},{"type":"Feature","properties":{"county":"Custer","legal":"13-13N-19W-IM","operator":"CANVAS ENERGY LLC","lease_name":"NEWCOMB 1-13","api_number":"3503920518","reservoir":"RED FORK","first_production":"1995-01-01","last_production":"2026-02-01"},"geometry":{"type":"Polygon","coordinates":[[[-99.173186888163,35.6038914472445],[-99.1716868881499,35.6023914472314],[-99.173186888163,35.6008914472184],[-99.174686888176,35.6023914472314],[-99.173186888163,35.6038914472445]]]}},{"type":"Feature","properties":{"county":"Custer","legal":"29-14N-20W-IM","operator":"DIVERSIFIED PRODUCTION LLC","lease_name":"HUGHES #2-29","api_number":"3503921270","reservoir":"RED FORK","first_production":"1995-01-01","last_production":"2026-02-01"},"geometry":{"type":"Polygon","coordinates":[[[-99.350347618094,35.6619790313643],[-99.348847618081,35.6604790313512],[-99.350347618094,35.6589790313382],[-99.3518476181071,35.6604790313512],[-99.350347618094,35.6619790313643]]]}},{"type":"Feature","properties":{"county":"Custer","legal":"29-14N-20W-IM","operator":"DIVERSIFIED PRODUCTION LLC","lease_name":"RED MOON #1-29","api_number":"3503920429","reservoir":"CHEROKEE","first_production":"1995-01-01","last_production":"2026-02-01"},"geometry":{"type":"Polygon","coordinates":[[[-99.350347618094,35.6619790313643],[-99.348847618081,35.6604790313512],[-99.350347618094,35.6589790313382],[-99.3518476181071,35.6604790313512],[-99.350347618094,35.6619790313643]]]}},{"type":"Feature","properties":{"county":"Custer","legal":"16-15N-20W-IM","operator":"DIVERSIFIED PRODUCTION LLC","lease_name":"WILSON #16-4","api_number":"3503921374","reservoir":"CHEROKEE","first_production":"1995-01-01","last_production":"2026-02-01"},"geometry":{"type":"Polygon","coordinates":[[[-99.3319368767444,35.7776189292759],[-99.3304368767314,35.7761189292628],[-99.3319368767444,35.7746189292498],[-99.3334368767574,35.7761189292628],[-99.3319368767444,35.7776189292759]]]}},{"type":"Feature","properties":{"county":"Custer","legal":"16-15N-20W-IM","operator":"TEOCALLI EXPLORATION","lease_name":"WILSON #16-1","api_number":"3503920605","reservoir":"CHEROKEE","first_production":"1995-01-01","last_production":"2026-02-01"},"geometry":{"type":"Polygon","coordinates":[[[-99.3319368767444,35.7776189292759],[-99.3304368767314,35.7761189292628],[-99.3319368767444,35.7746189292498],[-99.3334368767574,35.7761189292628],[-99.3319368767444,35.7776189292759]]]}},{"type":"Feature","properties":{"county":"Custer","legal":"35-13N-20W-IM","operator":"CHACO ENERGY","lease_name":"CLARK P #1","api_number":"3503920924","reservoir":"CLEVELAND (HOXBAR)","first_production":"1995-01-01","last_production":"2026-02-01"},"geometry":{"type":"Polygon","coordinates":[[[-99.2973279472424,35.5605279056851],[-99.2958279472293,35.5590279056721],[-99.2973279472424,35.5575279056591],[-99.2988279472554,35.5590279056721],[-99.2973279472424,35.5605279056851]]]}},{"type":"Feature","properties":{"county":"Custer","legal":"34-13N-14W-IM","operator":"RICHLAND RESOURCES","lease_name":"CITY OF WEATHERFORD #1-34","api_number":"3503920553","reservoir":"ATOKA","first_production":"1995-01-01","last_production":"2026-02-01"},"geometry":{"type":"Polygon","coordinates":[[[-98.6764690023609,35.5602075574326],[-98.6749690023478,35.5587075574195],[-98.6764690023609,35.5572075574065],[-98.6779690023739,35.5587075574195],[-98.6764690023609,35.5602075574326]]]}},{"type":"Feature","properties":{"county":"Custer","legal":"30-13N-18W-IM","operator":"URBAN O&G","lease_name":"ADLER GILBERT #1","api_number":"3503920423","reservoir":"RED FORK","first_production":"1995-01-01","last_production":"2026-02-01"},"geometry":{"type":"Polygon","coordinates":[[[-99.1553807035576,35.5748497591077],[-99.1538807035446,35.5733497590946],[-99.1553807035576,35.5718497590816],[-99.1568807035707,35.5733497590946],[-99.1553807035576,35.5748497591077]]]}},{"type":"Feature","properties":{"county":"Custer","legal":"19-14N-20W-IM","operator":"DIVERSIFIED PRODUCTION LLC","lease_name":"FLICK #1-19","api_number":"3503920581","reservoir":"RED FORK","first_production":"1995-01-01","last_production":"2026-02-01"},"geometry":{"type":"Polygon","coordinates":[[[-99.3680537501016,35.6764551851837],[-99.3665537500886,35.6749551851707],[-99.3680537501016,35.6734551851576],[-99.3695537501147,35.6749551851707],[-99.3680537501016,35.6764551851837]]]}},{"type":"Feature","properties":{"county":"Custer","legal":"19-14N-20W-IM","operator":"DIVERSIFIED PRODUCTION LLC","lease_name":"FLICK #2-19","api_number":"3503921386;3503921519","reservoir":"CHEROKEE","first_production":"1995-01-01","last_production":"2026-02-01"},"geometry":{"type":"Polygon","coordinates":[[[-99.3680537501016,35.6764551851837],[-99.3665537500886,35.6749551851707],[-99.3680537501016,35.6734551851576],[-99.3695537501147,35.6749551851707],[-99.3680537501016,35.6764551851837]]]}},{"type":"Feature","properties":{"county":"Custer","legal":"19-14N-20W-IM","operator":"DIVERSIFIED PRODUCTION LLC","lease_name":"FLICK #1-19","api_number":"3503920581","reservoir":"RED FORK","first_production":"1995-01-01","last_production":"2026-02-01"},"geometry":{"type":"Polygon","coordinates":[[[-99.3680537501016,35.6764551851837],[-99.3665537500886,35.6749551851707],[-99.3680537501016,35.6734551851576],[-99.3695537501147,35.6749551851707],[-99.3680537501016,35.6764551851837]]]}},{"type":"Feature","properties":{"county":"Custer","legal":"15-14N-20W-IM","operator":"DIVERSIFIED PRODUCTION LLC","lease_name":"SMALLWOOD #1-15","api_number":"3503920479","reservoir":"RED FORK(CHEROKEE)","first_production":"1995-01-01","last_production":"2026-02-01"},"geometry":{"type":"Polygon","coordinates":[[[-99.3144682450969,35.6909260768801],[-99.3129682450839,35.689426076867],[-99.3144682450969,35.687926076854],[-99.31596824511,35.689426076867],[-99.3144682450969,35.6909260768801]]]}},{"type":"Feature","properties":{"county":"Custer","legal":"36-13N-20W-IM","operator":"DIVERSIFIED PRODUCTION LLC","lease_name":"HINKLE #36-3","api_number":"3503921538","reservoir":"DES MOINES","first_production":"1995-01-01","last_production":"2026-02-01"},"geometry":{"type":"Polygon","coordinates":[[[-99.2796576323248,35.5605789379581],[-99.2781576323117,35.5590789379451],[-99.2796576323248,35.5575789379321],[-99.2811576323378,35.5590789379451],[-99.2796576323248,35.5605789379581]]]}},{"type":"Feature","properties":{"county":"Custer","legal":"36-13N-20W-IM","operator":"DIVERSIFIED PRODUCTION LLC","lease_name":"HINKLE #36-2","api_number":"3503921507","reservoir":"DES MOINES","first_production":"1995-01-01","last_production":"2026-02-01"},"geometry":{"type":"Polygon","coordinates":[[[-99.2796576323248,35.5605789379581],[-99.2781576323117,35.5590789379451],[-99.2796576323248,35.5575789379321],[-99.2811576323378,35.5590789379451],[-99.2796576323248,35.5605789379581]]]}},{"type":"Feature","properties":{"county":"Custer","legal":"32-14N-20W-IM","operator":"DIVERSIFIED PRODUCTION LLC","lease_name":"INDIAN SCHOOL #1-32","api_number":"3503920503","reservoir":"CHEROKEE","first_production":"1995-01-01","last_production":"2026-02-01"},"geometry":{"type":"Polygon","coordinates":[[[-99.3503878753506,35.6474647638405],[-99.3488878753376,35.6459647638274],[-99.3503878753506,35.6444647638144],[-99.3518878753637,35.6459647638274],[-99.3503878753506,35.6474647638405]]]}},{"type":"Feature","properties":{"county":"Custer","legal":"01-12N-16W-IM","operator":"LARKSPUR OPERATING LLC","lease_name":"PENNER 1-2","api_number":"3503921303","reservoir":"SKINNER","first_production":"1995-01-01","last_production":"2026-02-01"},"geometry":{"type":"Polygon","coordinates":[[[-98.8436124955334,35.5459267759927],[-98.8421124955204,35.5444267759797],[-98.8436124955334,35.5429267759666],[-98.8451124955464,35.5444267759797],[-98.8436124955334,35.5459267759927]]]}},{"type":"Feature","properties":{"county":"Custer","legal":"01-12N-16W-IM","operator":"DIVERSIFIED PRODUCTION LLC","lease_name":"PENNER 1-1","api_number":"3503920522","reservoir":"2ND DEESE","first_production":"1995-01-01","last_production":"2026-02-01"},"geometry":{"type":"Polygon","coordinates":[[[-98.8436124955334,35.5459267759927],[-98.8421124955204,35.5444267759797],[-98.8436124955334,35.5429267759666],[-98.8451124955464,35.5444267759797],[-98.8436124955334,35.5459267759927]]]}},{"type":"Feature","properties":{"county":"Custer","legal":"04-14N-19W-IM","operator":"DIVERSIFIED PRODUCTION LLC","lease_name":"CLIFT #3-4","api_number":"3503921384","reservoir":"CHEROKEE (SKINNER)","first_production":"1995-01-01","last_production":"2026-02-01"},"geometry":{"type":"Polygon","coordinates":[[[-99.226215384662,35.7199082238547],[-99.2247153846489,35.7184082238416],[-99.226215384662,35.7169082238286],[-99.227715384675,35.7184082238416],[-99.226215384662,35.7199082238547]]]}},{"type":"Feature","properties":{"county":"Custer","legal":"04-14N-19W-IM","operator":"DIVERSIFIED PRODUCTION LLC","lease_name":"CLIFT #2-4","api_number":"3503920963","reservoir":"CHEROKEE","first_production":"1995-01-01","last_production":"2026-02-01"},"geometry":{"type":"Polygon","coordinates":[[[-99.226215384662,35.7199082238547],[-99.2247153846489,35.7184082238416],[-99.226215384662,35.7169082238286],[-99.227715384675,35.7184082238416],[-99.226215384662,35.7199082238547]]]}},{"type":"Feature","properties":{"county":"Custer","legal":"04-14N-19W-IM","operator":"TEOCALLI EXPLORATION","lease_name":"CLIFT #1-4","api_number":"3503920483","reservoir":"PRUE","first_production":"1995-01-01","last_production":"2026-02-01"},"geometry":{"type":"Polygon","coordinates":[[[-99.226215384662,35.7199082238547],[-99.2247153846489,35.7184082238416],[-99.226215384662,35.7169082238286],[-99.227715384675,35.7184082238416],[-99.226215384662,35.7199082238547]]]}},{"type":"Feature","properties":{"county":"Custer","legal":"17-12N-20W-IM","operator":"PRESIDIO","lease_name":"LIBBY HOOVER #1-17","api_number":"3503921364","reservoir":"LOWER DES MOINES","first_production":"1995-01-01","last_production":"2026-02-01"},"geometry":{"type":"Polygon","coordinates":[[[-99.3379147776275,35.5176704769979],[-99.3364147776144,35.5161704769849],[-99.3379147776275,35.5146704769718],[-99.3394147776405,35.5161704769849],[-99.3379147776275,35.5176704769979]]]}},{"type":"Feature","properties":{"county":"Custer","legal":"17-12N-20W-IM","operator":"PRESIDIO","lease_name":"KEPHART #1-17","api_number":"3503921275","reservoir":"RED FORK","first_production":"1995-01-01","last_production":"2026-02-01"},"geometry":{"type":"Polygon","coordinates":[[[-99.3379147776275,35.5176704769979],[-99.3364147776144,35.5161704769849],[-99.3379147776275,35.5146704769718],[-99.3394147776405,35.5161704769849],[-99.3379147776275,35.5176704769979]]]}},{"type":"Feature","properties":{"county":"Custer","legal":"17-12N-20W-IM","operator":"PRESIDIO","lease_name":"SANDERS #1-17","api_number":"3503920564","reservoir":"REDFORK/ATOKA","first_production":"1995-01-01","last_production":"2026-02-01"},"geometry":{"type":"Polygon","coordinates":[[[-99.3379147776275,35.5176704769979],[-99.3364147776144,35.5161704769849],[-99.3379147776275,35.5146704769718],[-99.3394147776405,35.5161704769849],[-99.3379147776275,35.5176704769979]]]}},{"type":"Feature","properties":{"county":"Custer","legal":"16-12N-20W-IM","operator":"PRESIDIO","lease_name":"ELLIOTT 3-16","api_number":"3503921481","reservoir":"DES MOINES","first_production":"1995-01-01","last_production":"2026-02-01"},"geometry":{"type":"Polygon","coordinates":[[[-99.3201977541676,35.5177605487515],[-99.3186977541546,35.5162605487384],[-99.3201977541676,35.5147605487254],[-99.3216977541806,35.5162605487384],[-99.3201977541676,35.5177605487515]]]}},{"type":"Feature","properties":{"county":"Custer","legal":"16-12N-20W-IM","operator":"PRESIDIO","lease_name":"ELLIOTT 2-16","api_number":"3503921304","reservoir":"REDFORK","first_production":"1995-01-01","last_production":"2026-02-01"},"geometry":{"type":"Polygon","coordinates":[[[-99.3201977541676,35.5177605487515],[-99.3186977541546,35.5162605487384],[-99.3201977541676,35.5147605487254],[-99.3216977541806,35.5162605487384],[-99.3201977541676,35.5177605487515]]]}},{"type":"Feature","properties":{"county":"Custer","legal":"16-12N-20W-IM","operator":"PRESIDIO","lease_name":"ELLIOTT 1-16","api_number":"3503920512","reservoir":"RED FORK","first_production":"1995-01-01","last_production":"2026-02-01"},"geometry":{"type":"Polygon","coordinates":[[[-99.3201977541676,35.5177605487515],[-99.3186977541546,35.5162605487384],[-99.3201977541676,35.5147605487254],[-99.3216977541806,35.5162605487384],[-99.3201977541676,35.5177605487515]]]}},{"type":"Feature","properties":{"county":"Custer","legal":"14-15N-20W-IM","operator":"DIVERSIFIED PRODUCTION LLC","lease_name":"TOUCHSTONE #3-14","api_number":"3503921401","reservoir":"PRUE","first_production":"1995-01-01","last_production":"2026-02-01"},"geometry":{"type":"Polygon","coordinates":[[[-99.2965096433141,35.7775743359099],[-99.295009643301,35.7760743358969],[-99.2965096433141,35.7745743358839],[-99.2980096433271,35.7760743358969],[-99.2965096433141,35.7775743359099]]]}},{"type":"Feature","properties":{"county":"Custer","legal":"07-12N-20W-IM","operator":"SKYCAP ENERGY","lease_name":"RICHMOND #1-7","api_number":"3503920397","reservoir":"REDFORK","first_production":"1995-01-01","last_production":"2026-02-01"},"geometry":{"type":"Polygon","coordinates":[[[-99.3555018865903,35.5321257704659],[-99.3540018865773,35.5306257704529],[-99.3555018865903,35.5291257704398],[-99.3570018866034,35.5306257704529],[-99.3555018865903,35.5321257704659]]]}},{"type":"Feature","properties":{"county":"Custer","legal":"09-12N-20W-IM","operator":"PRESIDIO","lease_name":"THELMA PHILLIPS#1-9","api_number":"3503920438","reservoir":"RED FORK","first_production":"1995-01-01","last_production":"2026-02-01"},"geometry":{"type":"Polygon","coordinates":[[[-99.320272099291,35.5323237453273],[-99.3187720992779,35.5308237453143],[-99.320272099291,35.5293237453012],[-99.321772099304,35.5308237453143],[-99.320272099291,35.5323237453273]]]}},{"type":"Feature","properties":{"county":"Custer","legal":"28-14N-20W-IM","operator":"HELMERICH & PAYNE","lease_name":"BLACKWOLF 28 #2","api_number":"3503921359;3503921260","reservoir":"REDFORK","first_production":"1995-01-01","last_production":"2026-02-01"},"geometry":{"type":"Polygon","coordinates":[[[-99.3324385634414,35.6620534890131],[-99.3309385634283,35.660553489],[-99.3324385634414,35.659053488987],[-99.3339385634544,35.660553489],[-99.3324385634414,35.6620534890131]]]}},{"type":"Feature","properties":{"county":"Custer","legal":"28-14N-20W-IM","operator":"BCE-MACH III LLC","lease_name":"BLACKWOLF 28;FEDERAL# 1","api_number":"3503921260","reservoir":"CHEROKEE","first_production":"1995-01-01","last_production":"2026-02-01"},"geometry":{"type":"Polygon","coordinates":[[[-99.3324385634414,35.6620534890131],[-99.3309385634283,35.660553489],[-99.3324385634414,35.659053488987],[-99.3339385634544,35.660553489],[-99.3324385634414,35.6620534890131]]]}},{"type":"Feature","properties":{"county":"Custer","legal":"24-15N-20W-IM","operator":"ADPARO, LLC","lease_name":"MEEK\"F\"#1","api_number":"3503921482;3503921065","reservoir":"CHEROKEE","first_production":"1995-01-01","last_production":"2026-02-01"},"geometry":{"type":"Polygon","coordinates":[[[-99.2788568905409,35.7630716469305],[-99.2773568905278,35.7615716469175],[-99.2788568905409,35.7600716469045],[-99.2803568905539,35.7615716469175],[-99.2788568905409,35.7630716469305]]]}},{"type":"Feature","properties":{"county":"Custer","legal":"23-15N-20W-IM","operator":"DIVERSIFIED PRODUCTION LLC","lease_name":"FANNIE MOSELEY #23-1;*","api_number":"3503921167;3503921140","reservoir":"PRUE","first_production":"1995-01-01","last_production":"2026-02-01"},"geometry":{"type":"Polygon","coordinates":[[[-99.2966064067621,35.7631016624728],[-99.2951064067491,35.7616016624598],[-99.2966064067621,35.7601016624468],[-99.2981064067751,35.7616016624598],[-99.2966064067621,35.7631016624728]]]}},{"type":"Feature","properties":{"county":"Custer","legal":"23-15N-20W-IM","operator":"TEOCALLI EXPLORATION","lease_name":"HUTCHESON #23-1","api_number":"3503920491","reservoir":"SKINNER","first_production":"1995-01-01","last_production":"2026-02-01"},"geometry":{"type":"Polygon","coordinates":[[[-99.2966064067621,35.7631016624728],[-99.2951064067491,35.7616016624598],[-99.2966064067621,35.7601016624468],[-99.2981064067751,35.7616016624598],[-99.2966064067621,35.7631016624728]]]}},{"type":"Feature","properties":{"county":"Custer","legal":"21-12N-16W-IM","operator":"DIVERSIFIED PRODUCTION LLC","lease_name":"DEPUTY #21-1","api_number":"3503920514","reservoir":"UPPER REDFORK","first_production":"1995-01-01","last_production":"2026-02-01"},"geometry":{"type":"Polygon","coordinates":[[[-98.8970394577867,35.5027937147837],[-98.8955394577737,35.5012937147706],[-98.8970394577867,35.4997937147576],[-98.8985394577997,35.5012937147706],[-98.8970394577867,35.5027937147837]]]}},{"type":"Feature","properties":{"county":"Custer","legal":"33-13N-17W-IM","operator":"DIVERSIFIED PRODUCTION LLC","lease_name":"FRANSEN #1-33","api_number":"3503920445","reservoir":"ATOKA","first_production":"1995-01-01","last_production":"2026-02-01"},"geometry":{"type":"Polygon","coordinates":[[[-99.0132975772865,35.5601438938032],[-99.0117975772735,35.5586438937902],[-99.0132975772865,35.5571438937771],[-99.0147975772995,35.5586438937902],[-99.0132975772865,35.5601438938032]]]}},{"type":"Feature","properties":{"county":"Custer","legal":"05-13N-15W-IM","operator":"TEOCALLI EXPLORATION","lease_name":"MANSON 5-3","api_number":"3503920906","reservoir":"ATOKA SAND","first_production":"1995-01-01","last_production":"2026-02-01"},"geometry":{"type":"Polygon","coordinates":[[[-98.8183512599639,35.6327306952144],[-98.8168512599509,35.6312306952014],[-98.8183512599639,35.6297306951883],[-98.8198512599769,35.6312306952014],[-98.8183512599639,35.6327306952144]]]}},{"type":"Feature","properties":{"county":"Custer","legal":"05-13N-15W-IM","operator":"TEOCALLI EXPLORATION","lease_name":"MANSON 5-2","api_number":"3503920817","reservoir":"ATOKA","first_production":"1995-01-01","last_production":"2026-02-01"},"geometry":{"type":"Polygon","coordinates":[[[-98.8183512599639,35.6327306952144],[-98.8168512599509,35.6312306952014],[-98.8183512599639,35.6297306951883],[-98.8198512599769,35.6312306952014],[-98.8183512599639,35.6327306952144]]]}},{"type":"Feature","properties":{"county":"Custer","legal":"01-12N-20W-IM","operator":"FX ENERGY OPERATING, LLC","lease_name":"PANTHER 1-1","api_number":"3503920459","reservoir":"RED FORK","first_production":"1995-01-01","last_production":"2026-02-01"},"geometry":{"type":"Polygon","coordinates":[[[-99.2668733627802,35.5465741234041],[-99.2653733627672,35.5450741233911],[-99.2668733627802,35.543574123378],[-99.2683733627933,35.5450741233911],[-99.2668733627802,35.5465741234041]]]}},{"type":"Feature","properties":{"county":"Custer","legal":"16-12N-15W-IM","operator":"DIVERSIFIED PRODUCTION LLC","lease_name":"KAISER #1-16","api_number":"3503920453","reservoir":"RED FORK(CHEROKEE)","first_production":"1995-01-01","last_production":"2026-02-01"},"geometry":{"type":"Polygon","coordinates":[[[-98.7910568221642,35.5168531743423],[-98.7895568221511,35.5153531743293],[-98.7910568221642,35.5138531743162],[-98.7925568221772,35.5153531743293],[-98.7910568221642,35.5168531743423]]]}},{"type":"Feature","properties":{"county":"Custer","legal":"29-15N-19W-IM","operator":"ADPARO, LLC","lease_name":"IMA JEAN #1","api_number":"3503921351","reservoir":"CHEROKEE SAND","first_production":"1995-01-01","last_production":"2026-02-01"},"geometry":{"type":"Polygon","coordinates":[[[-99.2437452812922,35.7487287999],[-99.2422452812792,35.7472287998869],[-99.2437452812922,35.7457287998739],[-99.2452452813053,35.7472287998869],[-99.2437452812922,35.7487287999]]]}},{"type":"Feature","properties":{"county":"Custer","legal":"29-15N-19W-IM","operator":"ADPARO, LLC","lease_name":"COLLINS A-1","api_number":"3503920454","reservoir":"CHEROKEE","first_production":"1995-01-01","last_production":"2026-02-01"},"geometry":{"type":"Polygon","coordinates":[[[-99.2437452812922,35.7487287999],[-99.2422452812792,35.7472287998869],[-99.2437452812922,35.7457287998739],[-99.2452452813053,35.7472287998869],[-99.2437452812922,35.7487287999]]]}},{"type":"Feature","properties":{"county":"Custer","legal":"23-13N-15W-IM","operator":"SKYCAP ENERGY","lease_name":"LEONARD #2-23","api_number":"3503920461","reservoir":"SKINNER","first_production":"1995-01-01","last_production":"2026-02-01"},"geometry":{"type":"Polygon","coordinates":[[[-98.7651357448385,35.5892659478562],[-98.7636357448255,35.5877659478431],[-98.7651357448385,35.5862659478301],[-98.7666357448515,35.5877659478431],[-98.7651357448385,35.5892659478562]]]}},{"type":"Feature","properties":{"county":"Custer","legal":"30-15N-19W-IM","operator":"MEWBOURNE","lease_name":"IMA JEAN 'A' #1","api_number":"3503921411","reservoir":"CHEROKEE GROUP(PRUE)","first_production":"1995-01-01","last_production":"2026-02-01"},"geometry":{"type":"Polygon","coordinates":[[[-99.2613606085648,35.7486594271561],[-99.2598606085517,35.747159427143],[-99.2613606085648,35.74565942713],[-99.2628606085778,35.747159427143],[-99.2613606085648,35.7486594271561]]]}},{"type":"Feature","properties":{"county":"Custer","legal":"30-15N-19W-IM","operator":"MEWBOURNE","lease_name":"REINSCHMIDT#1","api_number":"3503920952","reservoir":"SKINNER (CHEROKEE GROUP)","first_production":"1995-01-01","last_production":"2026-02-01"},"geometry":{"type":"Polygon","coordinates":[[[-99.2613606085648,35.7486594271561],[-99.2598606085517,35.747159427143],[-99.2613606085648,35.74565942713],[-99.2628606085778,35.747159427143],[-99.2613606085648,35.7486594271561]]]}},{"type":"Feature","properties":{"county":"Custer","legal":"30-15N-19W-IM","operator":"MEWBOURNE","lease_name":"SMITH\"HH\"#1","api_number":"3503920528","reservoir":"SKINNER","first_production":"1995-01-01","last_production":"2026-02-01"},"geometry":{"type":"Polygon","coordinates":[[[-99.2613606085648,35.7486594271561],[-99.2598606085517,35.747159427143],[-99.2613606085648,35.74565942713],[-99.2628606085778,35.747159427143],[-99.2613606085648,35.7486594271561]]]}},{"type":"Feature","properties":{"county":"Custer","legal":"14-12N-16W-IM","operator":"UNITED ENERGY OPERATING","lease_name":"MEACHAM 14-1","api_number":"3503920408","reservoir":"REDFORK","first_production":"1995-01-01","last_production":"2026-02-01"},"geometry":{"type":"Polygon","coordinates":[[[-98.861358949315,35.5171373574107],[-98.859858949302,35.5156373573977],[-98.861358949315,35.5141373573847],[-98.8628589493281,35.5156373573977],[-98.861358949315,35.5171373574107]]]}},{"type":"Feature","properties":{"county":"Custer","legal":"15-12N-16W-IM","operator":"DIVERSIFIED PRODUCTION LLC","lease_name":"DOWNING #1-15","api_number":"3503920443","reservoir":"RED FORK","first_production":"1995-01-01","last_production":"2026-02-01"},"geometry":{"type":"Polygon","coordinates":[[[-98.8790263277828,35.5172252635859],[-98.8775263277697,35.5157252635729],[-98.8790263277828,35.5142252635599],[-98.8805263277958,35.5157252635729],[-98.8790263277828,35.5172252635859]]]}},{"type":"Feature","properties":{"county":"Custer","legal":"24-12N-16W-IM","operator":"RIVIERA OPERATING","lease_name":"MEACHAM #1-24","api_number":"3503920382","reservoir":"RED FORK","first_production":"1995-01-01","last_production":"2026-02-01"},"geometry":{"type":"Polygon","coordinates":[[[-98.8438281187618,35.5026856433674],[-98.8423281187487,35.5011856433544],[-98.8438281187618,35.4996856433413],[-98.8453281187748,35.5011856433544],[-98.8438281187618,35.5026856433674]]]}},{"type":"Feature","properties":{"county":"Custer","legal":"07-13N-16W-IM","operator":"DIVERSIFIED PRODUCTION LLC","lease_name":"OSCAR COLLINS #1-7","api_number":"3503920317","reservoir":"SPRINGER","first_production":"1995-01-01","last_production":"2026-02-01"},"geometry":{"type":"Polygon","coordinates":[[[-98.9425177648969,35.618227512614],[-98.9410177648839,35.616727512601],[-98.9425177648969,35.615227512588],[-98.94401776491,35.616727512601],[-98.9425177648969,35.618227512614]]]}},{"type":"Feature","properties":{"county":"Custer","legal":"21-12N-15W-IM","operator":"UNIT","lease_name":"TILLIE #1;#2","api_number":"3503920422;3503920929","reservoir":"REDFORK","first_production":"1995-01-01","last_production":"2026-02-01"},"geometry":{"type":"Polygon","coordinates":[[[-98.79116294368,35.502416595479],[-98.789662943667,35.5009165954659],[-98.79116294368,35.4994165954529],[-98.7926629436931,35.5009165954659],[-98.79116294368,35.502416595479]]]}},{"type":"Feature","properties":{"county":"Custer","legal":"35-12N-20W-IM","operator":"PRESIDIO","lease_name":"ALLISON #1-35","api_number":"3503920389","reservoir":"ATOKA","first_production":"1995-01-01","last_production":"2026-02-01"},"geometry":{"type":"Polygon","coordinates":[[[-99.2847835792185,35.4739709328715],[-99.2832835792055,35.4724709328585],[-99.2847835792185,35.4709709328454],[-99.2862835792315,35.4724709328585],[-99.2847835792185,35.4739709328715]]]}},{"type":"Feature","properties":{"county":"Custer","legal":"22-12N-20W-IM","operator":"PRESIDIO","lease_name":"JOHNSON #1-22","api_number":"3503921328","reservoir":"DES MOINES","first_production":"1995-01-01","last_production":"2026-02-01"},"geometry":{"type":"Polygon","coordinates":[[[-99.3024990730792,35.5030984846218],[-99.3009990730661,35.5015984846088],[-99.3024990730792,35.5000984845957],[-99.3039990730922,35.5015984846088],[-99.3024990730792,35.5030984846218]]]}},{"type":"Feature","properties":{"county":"Custer","legal":"22-12N-20W-IM","operator":"PRESIDIO","lease_name":"DUNN 1-22","api_number":"3503920365","reservoir":"ATOKA","first_production":"1995-01-01","last_production":"2026-02-01"},"geometry":{"type":"Polygon","coordinates":[[[-99.3024990730792,35.5030984846218],[-99.3009990730661,35.5015984846088],[-99.3024990730792,35.5000984845957],[-99.3039990730922,35.5015984846088],[-99.3024990730792,35.5030984846218]]]}},{"type":"Feature","properties":{"county":"Custer","legal":"26-13N-20W-IM","operator":"RIVIERA OPERATING","lease_name":"CLARK-STATE #2-26","api_number":"3503921564;3503921183","reservoir":"RED FORK","first_production":"1995-01-01","last_production":"2026-02-01"},"geometry":{"type":"Polygon","coordinates":[[[-99.2972472486256,35.5751168679226],[-99.2957472486125,35.5736168679095],[-99.2972472486256,35.5721168678965],[-99.2987472486386,35.5736168679095],[-99.2972472486256,35.5751168679226]]]}},{"type":"Feature","properties":{"county":"Custer","legal":"26-13N-20W-IM","operator":"EVOLUTION ENERGY, LLC","lease_name":"RAY CLARK #26-1","api_number":"3503920391","reservoir":"REDFORK, ATOKA","first_production":"1995-01-01","last_production":"2026-02-01"},"geometry":{"type":"Polygon","coordinates":[[[-99.2972472486256,35.5751168679226],[-99.2957472486125,35.5736168679095],[-99.2972472486256,35.5721168678965],[-99.2987472486386,35.5736168679095],[-99.2972472486256,35.5751168679226]]]}},{"type":"Feature","properties":{"county":"Custer","legal":"17-12N-15W-IM","operator":"DIVERSIFIED PRODUCTION LLC","lease_name":"PALMER #1-17","api_number":"3503920388","reservoir":"REDFORK","first_production":"1995-01-01","last_production":"2026-02-01"},"geometry":{"type":"Polygon","coordinates":[[[-98.8088913670042,35.51696389285],[-98.8073913669912,35.515463892837],[-98.8088913670042,35.5139638928239],[-98.8103913670172,35.515463892837],[-98.8088913670042,35.51696389285]]]}},{"type":"Feature","properties":{"county":"Custer","legal":"22-12N-16W-IM","operator":"DIVERSIFIED PRODUCTION LLC","lease_name":"SNIDER 1-A; PENNER 1-22","api_number":"3503920280;3503921708","reservoir":"REDFORK","first_production":"1995-01-01","last_production":"2026-02-01"},"geometry":{"type":"Polygon","coordinates":[[[-98.8792249495661,35.5027443654492],[-98.877724949553,35.5012443654362],[-98.8792249495661,35.4997443654232],[-98.8807249495791,35.5012443654362],[-98.8792249495661,35.5027443654492]]]}},{"type":"Feature","properties":{"county":"Custer","legal":"15-15N-20W-IM","operator":"DIVERSIFIED PRODUCTION LLC","lease_name":"KENNEY#15-3","api_number":"3503921166","reservoir":"CHEROKEE","first_production":"1995-01-01","last_production":"2026-02-01"},"geometry":{"type":"Polygon","coordinates":[[[-99.3142101587484,35.7776943404288],[-99.3127101587354,35.7761943404158],[-99.3142101587484,35.7746943404028],[-99.3157101587615,35.7761943404158],[-99.3142101587484,35.7776943404288]]]}},{"type":"Feature","properties":{"county":"Custer","legal":"15-15N-20W-IM","operator":"TEOCALLI EXPLORATION","lease_name":"KENNY #15-2;5","api_number":"3503921150;3503921429","reservoir":"CHEROKEE,PRUE","first_production":"1995-01-01","last_production":"2026-02-01"},"geometry":{"type":"Polygon","coordinates":[[[-99.3142101587484,35.7776943404288],[-99.3127101587354,35.7761943404158],[-99.3142101587484,35.7746943404028],[-99.3157101587615,35.7761943404158],[-99.3142101587484,35.7776943404288]]]}},{"type":"Feature","properties":{"county":"Custer","legal":"15-15N-20W-IM","operator":"DIVERSIFIED PRODUCTION LLC","lease_name":"KENNY #1","api_number":"3503920378","reservoir":"REDFORK","first_production":"1995-01-01","last_production":"2026-02-01"},"geometry":{"type":"Polygon","coordinates":[[[-99.3142101587484,35.7776943404288],[-99.3127101587354,35.7761943404158],[-99.3142101587484,35.7746943404028],[-99.3157101587615,35.7761943404158],[-99.3142101587484,35.7776943404288]]]}},{"type":"Feature","properties":{"county":"Custer","legal":"19-12N-15W-IM","operator":"DIVERSIFIED PRODUCTION LLC","lease_name":"GOLDIE # 1-19","api_number":"3503920368","reservoir":"RED FORK","first_production":"1995-01-01","last_production":"2026-02-01"},"geometry":{"type":"Polygon","coordinates":[[[-98.8264007535046,35.5026436034534],[-98.8249007534916,35.5011436034403],[-98.8264007535046,35.4996436034273],[-98.8279007535177,35.5011436034403],[-98.8264007535046,35.5026436034534]]]}},{"type":"Feature","properties":{"county":"Custer","legal":"18-12N-15W-IM","operator":"DIVERSIFIED PRODUCTION LLC","lease_name":"MURPHY #1-18","api_number":"3503920380","reservoir":"RED FORK","first_production":"1995-01-01","last_production":"2026-02-01"},"geometry":{"type":"Polygon","coordinates":[[[-98.8262637398584,35.517042731535],[-98.8247637398454,35.515542731522],[-98.8262637398584,35.514042731509],[-98.8277637398715,35.515542731522],[-98.8262637398584,35.517042731535]]]}},{"type":"Feature","properties":{"county":"Custer","legal":"21-12N-20W-IM","operator":"PRESIDIO","lease_name":"PECK 1-21","api_number":"3503920364","reservoir":"RED FORK","first_production":"1995-01-01","last_production":"2026-02-01"},"geometry":{"type":"Polygon","coordinates":[[[-99.3202023700387,35.5030336852133],[-99.3187023700256,35.5015336852002],[-99.3202023700387,35.5000336851872],[-99.3217023700517,35.5015336852002],[-99.3202023700387,35.5030336852133]]]}},{"type":"Feature","properties":{"county":"Custer","legal":"20-13N-17W-IM","operator":"DIVERSIFIED PRODUCTION LLC","lease_name":"PERRY 20-2","api_number":"3503921132","reservoir":"ATOKA","first_production":"1995-01-01","last_production":"2026-02-01"},"geometry":{"type":"Polygon","coordinates":[[[-99.0310853800096,35.5892503389845],[-99.0295853799966,35.5877503389714],[-99.0310853800096,35.5862503389584],[-99.0325853800227,35.5877503389714],[-99.0310853800096,35.5892503389845]]]}},{"type":"Feature","properties":{"county":"Custer","legal":"13-12N-16W-IM","operator":"SKYCAP ENERGY","lease_name":"MEACHAM #1-13","api_number":"3503920353","reservoir":"RED FORK","first_production":"1995-01-01","last_production":"2026-02-01"},"geometry":{"type":"Polygon","coordinates":[[[-98.8436945616316,35.5170866196078],[-98.8421945616185,35.5155866195948],[-98.8436945616316,35.5140866195817],[-98.8451945616446,35.5155866195948],[-98.8436945616316,35.5170866196078]]]}},{"type":"Feature","properties":{"county":"Custer","legal":"23-12N-16W-IM","operator":"DIVERSIFIED PRODUCTION LLC","lease_name":"CROSSWHITE #1","api_number":"3503920869","reservoir":"RED FORK","first_production":"1995-01-01","last_production":"2026-02-01"},"geometry":{"type":"Polygon","coordinates":[[[-98.8614150620355,35.5026768209324],[-98.8599150620224,35.5011768209194],[-98.8614150620355,35.4996768209064],[-98.8629150620485,35.5011768209194],[-98.8614150620355,35.5026768209324]]]}},{"type":"Feature","properties":{"county":"Custer","legal":"30-12N-14W-IM","operator":"UNIT","lease_name":"W.D. LEONARD #2","api_number":"3503921014","reservoir":"RED FORK","first_production":"1996-07-01","last_production":"2026-02-01"},"geometry":{"type":"Polygon","coordinates":[[[-98.7202796369585,35.4876098458057],[-98.7187796369454,35.4861098457926],[-98.7202796369585,35.4846098457796],[-98.7217796369715,35.4861098457926],[-98.7202796369585,35.4876098458057]]]}},{"type":"Feature","properties":{"county":"Custer","legal":"24-13N-15W-IM","operator":"DEVON ENERGY","lease_name":"DRENNAN 1-24","api_number":"3503921557","reservoir":"ATOKA","first_production":"1995-01-01","last_production":"2026-02-01"},"geometry":{"type":"Polygon","coordinates":[[[-98.7474396057082,35.5892710361262],[-98.7459396056951,35.5877710361131],[-98.7474396057082,35.5862710361001],[-98.7489396057212,35.5877710361131],[-98.7474396057082,35.5892710361262]]]}},{"type":"Feature","properties":{"county":"Custer","legal":"24-13N-15W-IM","operator":"DEVON ENERGY","lease_name":"CORNELL #1","api_number":"3503920925","reservoir":"ATOKA","first_production":"1995-01-01","last_production":"2026-02-01"},"geometry":{"type":"Polygon","coordinates":[[[-98.7474396057082,35.5892710361262],[-98.7459396056951,35.5877710361131],[-98.7474396057082,35.5862710361001],[-98.7489396057212,35.5877710361131],[-98.7474396057082,35.5892710361262]]]}},{"type":"Feature","properties":{"county":"Custer","legal":"24-13N-15W-IM","operator":"DEVON ENERGY","lease_name":"LEONARD #2-24","api_number":"3503920215","reservoir":"SKINNER","first_production":"1995-01-01","last_production":"2026-02-01"},"geometry":{"type":"Polygon","coordinates":[[[-98.7474396057082,35.5892710361262],[-98.7459396056951,35.5877710361131],[-98.7474396057082,35.5862710361001],[-98.7489396057212,35.5877710361131],[-98.7474396057082,35.5892710361262]]]}},{"type":"Feature","properties":{"county":"Custer","legal":"28-13N-17W-IM","operator":"LARKSPUR OPERATING LLC","lease_name":"COULSON #2-28","api_number":"3503920918","reservoir":"ATOKA SAND","first_production":"1995-01-01","last_production":"2026-02-01"},"geometry":{"type":"Polygon","coordinates":[[[-99.0132937741249,35.5746156504291],[-99.0117937741119,35.5731156504161],[-99.0132937741249,35.571615650403],[-99.014793774138,35.5731156504161],[-99.0132937741249,35.5746156504291]]]}},{"type":"Feature","properties":{"county":"Custer","legal":"22-13N-17W-IM","operator":"PRESIDIO","lease_name":"MEREDITH #1","api_number":"3503920149;3503922042","reservoir":"MORROW,SPRINGER","first_production":"1995-01-01","last_production":"2026-02-01"},"geometry":{"type":"Polygon","coordinates":[[[-98.9957028523838,35.589142251131],[-98.9942028523708,35.5876422511179],[-98.9957028523838,35.5861422511049],[-98.9972028523969,35.5876422511179],[-98.9957028523838,35.589142251131]]]}},{"type":"Feature","properties":{"county":"Custer","legal":"26-13N-15W-IM","operator":"DEVON ENERGY","lease_name":"URANIA LEONARD #1","api_number":"3503920054","reservoir":"ATOKA","first_production":"1995-01-01","last_production":"2026-02-01"},"geometry":{"type":"Polygon","coordinates":[[[-98.7651084339106,35.5747443471601],[-98.7636084338975,35.573244347147],[-98.7651084339106,35.571744347134],[-98.7666084339236,35.573244347147],[-98.7651084339106,35.5747443471601]]]}},{"type":"Feature","properties":{"county":"Custer","legal":"01-15N-19W-IM","operator":"FX ENERGY OPERATING, LLC","lease_name":"WALKER #2-1","api_number":"3503921076","reservoir":"CHEROKEE SAND","first_production":"1995-01-01","last_production":"2026-02-01"},"geometry":{"type":"Polygon","coordinates":[[[-99.1726073647674,35.8065951022317],[-99.1711073647543,35.8050951022187],[-99.1726073647674,35.8035951022057],[-99.1741073647804,35.8050951022187],[-99.1726073647674,35.8065951022317]]]}},{"type":"Feature","properties":{"county":"Custer","legal":"06-13N-15W-IM","operator":"CHACO ENERGY","lease_name":"BURGTORF-RANDOL #1-6","api_number":"3503920885","reservoir":"ATOKA","first_production":"1995-01-01","last_production":"2026-02-01"},"geometry":{"type":"Polygon","coordinates":[[[-98.8360331054788,35.632757015671],[-98.8345331054657,35.6312570156579],[-98.8360331054788,35.6297570156449],[-98.8375331054918,35.6312570156579],[-98.8360331054788,35.632757015671]]]}},{"type":"Feature","properties":{"county":"Caddo","legal":"05-11N-12W-IM","operator":"BLAKE PRODUCTION","lease_name":"1-5-8XH","api_number":"3501523342","reservoir":"MARCHAND","first_production":"2024-02-01","last_production":"2026-02-01"},"geometry":{"type":"Polygon","coordinates":[[[-98.4916153035323,35.4584578172078],[-98.4901153035192,35.4569578171948],[-98.4916153035323,35.4554578171818],[-98.4931153035453,35.4569578171948],[-98.4916153035323,35.4584578172078]]]}},{"type":"Feature","properties":{"county":"Caddo","legal":"08-11N-12W-IM","operator":"BLAKE PRODUCTION","lease_name":"1-8-5XHR","api_number":"3501523338","reservoir":"MARCHAND","first_production":"2023-08-01","last_production":"2026-02-01"},"geometry":{"type":"Polygon","coordinates":[[[-98.4855825,35.438057000013],[-98.484082499987,35.436557],[-98.4855825,35.435056999987],[-98.487082500013,35.436557],[-98.4855825,35.438057000013]]]}},{"type":"Feature","properties":{"county":"Caddo","legal":"08-11N-12W-IM","operator":"PO & G OPERATING","lease_name":"EDITH 8-1","api_number":"3501523264","reservoir":"MARCHAND","first_production":"2015-03-01","last_production":"2026-02-01"},"geometry":{"type":"Polygon","coordinates":[[[-98.4960608891583,35.4404208227674],[-98.4945608891453,35.4389208227544],[-98.4960608891583,35.4374208227413],[-98.4975608891714,35.4389208227544],[-98.4960608891583,35.4404208227674]]]}},{"type":"Feature","properties":{"county":"Caddo","legal":"13-11N-13W-IM","operator":"BCE-MACH LLC","lease_name":"FIREFLY 13 1H","api_number":"3501523234","reservoir":"MARCHAND","first_production":"2014-04-01","last_production":"2026-02-01"},"geometry":{"type":"Polygon","coordinates":[[[-98.5265034581289,35.4295505740474],[-98.5250034581159,35.4280505740344],[-98.5265034581289,35.4265505740213],[-98.528003458142,35.4280505740344],[-98.5265034581289,35.4295505740474]]]}},{"type":"Feature","properties":{"county":"Caddo","legal":"01-11N-12W-IM","operator":"DEVON ENERGY","lease_name":"OLDFIELD 1-1H","api_number":"3501523192","reservoir":"WOODFORD","first_production":"2012-04-01","last_production":"2026-02-01"},"geometry":{"type":"Polygon","coordinates":[[[-98.420862455911,35.4584527960655],[-98.4193624558979,35.4569527960524],[-98.420862455911,35.4554527960394],[-98.422362455924,35.4569527960524],[-98.420862455911,35.4584527960655]]]}},{"type":"Feature","properties":{"county":"Caddo","legal":"15-11N-11W-IM","operator":"COTERRA ENERGY OPERATING CO","lease_name":"HOLLIS 1-15H","api_number":"3501523178","reservoir":"WOODFORD","first_production":"2012-09-01","last_production":"2026-02-01"},"geometry":{"type":"Polygon","coordinates":[[[-98.3503907709233,35.4294938620977],[-98.3488907709103,35.4279938620846],[-98.3503907709233,35.4264938620716],[-98.3518907709364,35.4279938620846],[-98.3503907709233,35.4294938620977]]]}},{"type":"Feature","properties":{"county":"Caddo","legal":"16-11N-11W-IM","operator":"COTERRA ENERGY OPERATING CO","lease_name":"ELSCO 1-16H","api_number":"3501523177","reservoir":"WOODFORD","first_production":"2012-09-01","last_production":"2026-02-01"},"geometry":{"type":"Polygon","coordinates":[[[-98.3679406198156,35.4295535233703],[-98.3664406198026,35.4280535233573],[-98.3679406198156,35.4265535233442],[-98.3694406198287,35.4280535233573],[-98.3679406198156,35.4295535233703]]]}},{"type":"Feature","properties":{"county":"Caddo","legal":"11-11N-12W-IM","operator":"TROY ENERGY OPERATING, LLC","lease_name":"RED 1-11","api_number":"3501523153","reservoir":"MARCHAND","first_production":"2011-03-01","last_production":"2026-02-01"},"geometry":{"type":"Polygon","coordinates":[[[-98.4385668469866,35.4438094724811],[-98.4370668469736,35.442309472468],[-98.4385668469866,35.440809472455],[-98.4400668469997,35.442309472468],[-98.4385668469866,35.4438094724811]]]}},{"type":"Feature","properties":{"county":"Caddo","legal":"11-11N-11W-IM","operator":"COTERRA ENERGY OPERATING CO","lease_name":"CONSTIEN 1-11H","api_number":"3501523149","reservoir":"WOODFORD","first_production":"2011-01-01","last_production":"2026-02-01"},"geometry":{"type":"Polygon","coordinates":[[[-98.3326665873803,35.4438181418757],[-98.3311665873672,35.4423181418626],[-98.3326665873803,35.4408181418496],[-98.3341665873933,35.4423181418626],[-98.3326665873803,35.4438181418757]]]}},{"type":"Feature","properties":{"county":"Caddo","legal":"05-11N-11W-IM","operator":"OKLAND OIL","lease_name":"HOUSE 2-5","api_number":"3501523143","reservoir":"MARCHAND","first_production":"2010-09-01","last_production":"2026-02-01"},"geometry":{"type":"Polygon","coordinates":[[[-98.3857842005437,35.4584469950872],[-98.3842842005306,35.4569469950742],[-98.3857842005437,35.4554469950612],[-98.3872842005567,35.4569469950742],[-98.3857842005437,35.4584469950872]]]}},{"type":"Feature","properties":{"county":"Caddo","legal":"33-11N-13W-IM","operator":"SWEETWATER EXPLORATION,LLC","lease_name":"YEARWOOD #2-33","api_number":"3501522959","reservoir":"OSWEGO","first_production":"2008-01-01","last_production":"2026-02-01"},"geometry":{"type":"Polygon","coordinates":[[[-98.579383576379,35.3861353533903],[-98.5778835763659,35.3846353533773],[-98.579383576379,35.3831353533642],[-98.580883576392,35.3846353533773],[-98.579383576379,35.3861353533903]]]}},{"type":"Feature","properties":{"county":"Caddo","legal":"20-11N-13W-IM","operator":"BLAKE PRODUCTION","lease_name":"IRIS 1-20","api_number":"3501522977","reservoir":"ATOKA","first_production":"2007-05-01","last_production":"2026-02-01"},"geometry":{"type":"Polygon","coordinates":[[[-98.5972019414299,35.4150291708205],[-98.5957019414169,35.4135291708075],[-98.5972019414299,35.4120291707944],[-98.5987019414429,35.4135291708075],[-98.5972019414299,35.4150291708205]]]}},{"type":"Feature","properties":{"county":"Caddo","legal":"23-11N-12W-IM","operator":"UNIT","lease_name":"HAMILTON C #1","api_number":"3501522941","reservoir":"SPRINGER","first_production":"2007-01-01","last_production":"2026-02-01"},"geometry":{"type":"Polygon","coordinates":[[[-98.4385427915932,35.4148875370493],[-98.4370427915802,35.4133875370362],[-98.4385427915932,35.4118875370232],[-98.4400427916063,35.4133875370362],[-98.4385427915932,35.4148875370493]]]}},{"type":"Feature","properties":{"county":"Caddo","legal":"32-11N-12W-IM","operator":"DIVERSIFIED PRODUCTION LLC","lease_name":"TERRIE GROVE 1-32","api_number":"3501522976","reservoir":"SKINNER, CHEROKEE, ATOKA","first_production":"2007-02-01","last_production":"2026-02-01"},"geometry":{"type":"Polygon","coordinates":[[[-98.491565737592,35.3860266007523],[-98.490065737579,35.3845266007393],[-98.491565737592,35.3830266007262],[-98.4930657376051,35.3845266007393],[-98.491565737592,35.3860266007523]]]}},{"type":"Feature","properties":{"county":"Caddo","legal":"22-11N-13W-IM","operator":"CHACO ENERGY","lease_name":"GWENETH 1-22","api_number":"3501522925","reservoir":"ATOKA","first_production":"2006-07-01","last_production":"2026-02-01"},"geometry":{"type":"Polygon","coordinates":[[[-98.5616943308547,35.4151436106829],[-98.5601943308417,35.4136436106698],[-98.5616943308547,35.4121436106568],[-98.5631943308678,35.4136436106698],[-98.5616943308547,35.4151436106829]]]}},{"type":"Feature","properties":{"county":"Caddo","legal":"21-11N-13W-IM","operator":"UNIT","lease_name":"GILBERT \"A\" #1","api_number":"3501522881","reservoir":"ATOKA","first_production":"2006-02-01","last_production":"2026-02-01"},"geometry":{"type":"Polygon","coordinates":[[[-98.5794683979383,35.4150973680806],[-98.5779683979253,35.4135973680675],[-98.5794683979383,35.4120973680545],[-98.5809683979514,35.4135973680675],[-98.5794683979383,35.4150973680806]]]}},{"type":"Feature","properties":{"county":"Caddo","legal":"06-11N-11W-IM","operator":"RIVIERA OPERATING","lease_name":"MILLER 1-6","api_number":"3501522767","reservoir":"MARCHAND","first_production":"2004-10-01","last_production":"2026-02-01"},"geometry":{"type":"Polygon","coordinates":[[[-98.403364450604,35.4584855493426],[-98.4018644505909,35.4569855493296],[-98.403364450604,35.4554855493165],[-98.404864450617,35.4569855493296],[-98.403364450604,35.4584855493426]]]}},{"type":"Feature","properties":{"county":"Caddo","legal":"30-11N-11W-IM","operator":"TROY ENERGY OPERATING, LLC","lease_name":"ENTZ 1-30","api_number":"3501522788","reservoir":"CHEROKEE,SKINNER","first_production":"2004-10-01","last_production":"2026-02-01"},"geometry":{"type":"Polygon","coordinates":[[[-98.4033491665696,35.4005718245335],[-98.4018491665565,35.3990718245205],[-98.4033491665696,35.3975718245075],[-98.4048491665826,35.3990718245205],[-98.4033491665696,35.4005718245335]]]}},{"type":"Feature","properties":{"county":"Caddo","legal":"20-11N-13W-IM","operator":"BLAKE PRODUCTION","lease_name":"HEGER 2-20;ENTZ 1-20","api_number":"3501522742;3501522871","reservoir":"ATOKA","first_production":"2004-05-01","last_production":"2026-02-01"},"geometry":{"type":"Polygon","coordinates":[[[-98.5972019414299,35.4150291708205],[-98.5957019414169,35.4135291708075],[-98.5972019414299,35.4120291707944],[-98.5987019414429,35.4135291708075],[-98.5972019414299,35.4150291708205]]]}},{"type":"Feature","properties":{"county":"Caddo","legal":"21-11N-13W-IM","operator":"DIVERSIFIED PRODUCTION LLC","lease_name":"LAWLES 1-21","api_number":"3501522772","reservoir":"ATOKA","first_production":"2004-05-01","last_production":"2026-02-01"},"geometry":{"type":"Polygon","coordinates":[[[-98.5794683979383,35.4150973680806],[-98.5779683979253,35.4135973680675],[-98.5794683979383,35.4120973680545],[-98.5809683979514,35.4135973680675],[-98.5794683979383,35.4150973680806]]]}},{"type":"Feature","properties":{"county":"Caddo","legal":"32-11N-11W-IM","operator":"TEOCALLI EXPLORATION","lease_name":"CLEONA 2-32","api_number":"3501522738","reservoir":"SKINNER","first_production":"2004-02-01","last_production":"2026-02-01"},"geometry":{"type":"Polygon","coordinates":[[[-98.385734864715,35.3860872174568],[-98.3842348647019,35.3845872174438],[-98.385734864715,35.3830872174307],[-98.387234864728,35.3845872174438],[-98.385734864715,35.3860872174568]]]}},{"type":"Feature","properties":{"county":"Caddo","legal":"26-11N-13W-IM","operator":"UNIT","lease_name":"JONES #1-26A","api_number":"3501522716","reservoir":"SPRINGER","first_production":"2003-11-01","last_production":"2026-02-01"},"geometry":{"type":"Polygon","coordinates":[[[-98.5439682718139,35.4006221271613],[-98.5424682718008,35.3991221271483],[-98.5439682718139,35.3976221271353],[-98.5454682718269,35.3991221271483],[-98.5439682718139,35.4006221271613]]]}},{"type":"Feature","properties":{"county":"Caddo","legal":"31-11N-11W-IM","operator":"TROY ENERGY OPERATING, LLC","lease_name":"ELLIS 1-31","api_number":"3501522699","reservoir":"CHEROKEE(REDFORK)","first_production":"2003-09-01","last_production":"2026-02-01"},"geometry":{"type":"Polygon","coordinates":[[[-98.4033487579482,35.3861147215217],[-98.4018487579352,35.3846147215087],[-98.4033487579482,35.3831147214956],[-98.4048487579612,35.3846147215087],[-98.4033487579482,35.3861147215217]]]}},{"type":"Feature","properties":{"county":"Caddo","legal":"32-11N-11W-IM","operator":"DIVERSIFIED PRODUCTION LLC","lease_name":"CLEONA 1-32","api_number":"3501522714","reservoir":"CHEROKEE","first_production":"2003-07-01","last_production":"2026-02-01"},"geometry":{"type":"Polygon","coordinates":[[[-98.385734864715,35.3860872174568],[-98.3842348647019,35.3845872174438],[-98.385734864715,35.3830872174307],[-98.387234864728,35.3845872174438],[-98.385734864715,35.3860872174568]]]}},{"type":"Feature","properties":{"county":"Caddo","legal":"30-11N-11W-IM","operator":"TROY ENERGY OPERATING, LLC","lease_name":"LINDLEY 4-30","api_number":"3501522694","reservoir":"RED FORK","first_production":"2003-05-01","last_production":"2026-02-01"},"geometry":{"type":"Polygon","coordinates":[[[-98.4033491665696,35.4005718245335],[-98.4018491665565,35.3990718245205],[-98.4033491665696,35.3975718245075],[-98.4048491665826,35.3990718245205],[-98.4033491665696,35.4005718245335]]]}},{"type":"Feature","properties":{"county":"Caddo","legal":"03-11N-12W-IM","operator":"DIVERSIFIED PRODUCTION LLC","lease_name":"GOLDIE 1-3","api_number":"3501522686","reservoir":"SPRINGER/CHEROKEE","first_production":"2003-04-01","last_production":"2026-02-01"},"geometry":{"type":"Polygon","coordinates":[[[-98.4561940231198,35.4583291152324],[-98.4546940231068,35.4568291152194],[-98.4561940231198,35.4553291152063],[-98.4576940231328,35.4568291152194],[-98.4561940231198,35.4583291152324]]]}},{"type":"Feature","properties":{"county":"Caddo","legal":"26-11N-11W-IM","operator":"DEVON ENERGY","lease_name":"KAMM #2","api_number":"3501522418","reservoir":"CHEROKEE","first_production":"1997-05-01","last_production":"2026-02-01"},"geometry":{"type":"Polygon","coordinates":[[[-98.3328490850223,35.4005151457331],[-98.3313490850093,35.3990151457201],[-98.3328490850223,35.397515145707],[-98.3343490850353,35.3990151457201],[-98.3328490850223,35.4005151457331]]]}},{"type":"Feature","properties":{"county":"Caddo","legal":"27-11N-11W-IM","operator":"DEVON ENERGY","lease_name":"GOODMAN #4-27","api_number":"3501522406","reservoir":"CHEROKEE","first_production":"1997-04-01","last_production":"2026-02-01"},"geometry":{"type":"Polygon","coordinates":[[[-98.3460155407904,35.3969462664343],[-98.3445155407774,35.3954462664213],[-98.3460155407904,35.3939462664083],[-98.3475155408034,35.3954462664213],[-98.3460155407904,35.3969462664343]]]}},{"type":"Feature","properties":{"county":"Caddo","legal":"23-11N-11W-IM","operator":"DEVON ENERGY","lease_name":"ARNOLD 2-23","api_number":"3501522407","reservoir":"CHEROKEE SD, RED FORK","first_production":"1997-02-01","last_production":"2026-02-01"},"geometry":{"type":"Polygon","coordinates":[[[-98.3328859685445,35.4149578175193],[-98.3313859685315,35.4134578175062],[-98.3328859685445,35.4119578174932],[-98.3343859685576,35.4134578175062],[-98.3328859685445,35.4149578175193]]]}},{"type":"Feature","properties":{"county":"Caddo","legal":"24-11N-11W-IM","operator":"DEVON ENERGY","lease_name":"LENABURG #3","api_number":"3501522402","reservoir":"RED FORK","first_production":"1997-01-01","last_production":"2026-02-01"},"geometry":{"type":"Polygon","coordinates":[[[-98.3151963612984,35.4148167856138],[-98.3136963612853,35.4133167856007],[-98.3151963612984,35.4118167855877],[-98.3166963613114,35.4133167856007],[-98.3151963612984,35.4148167856138]]]}},{"type":"Feature","properties":{"county":"Caddo","legal":"27-11N-11W-IM","operator":"DEVON ENERGY","lease_name":"GOODMAN #3-27","api_number":"3501522376","reservoir":"CHEROKEE","first_production":"1996-06-01","last_production":"2026-02-01"},"geometry":{"type":"Polygon","coordinates":[[[-98.3504629095446,35.4005797622542],[-98.3489629095316,35.3990797622411],[-98.3504629095446,35.3975797622281],[-98.3519629095577,35.3990797622411],[-98.3504629095446,35.4005797622542]]]}},{"type":"Feature","properties":{"county":"Caddo","legal":"10-11N-13W-IM","operator":"WESTSIDE O&G","lease_name":"RATHBUN #1-10","api_number":"3501522045","reservoir":"MARCHAND","first_production":"1995-01-01","last_production":"2026-02-01"},"geometry":{"type":"Polygon","coordinates":[[[-98.5617780164039,35.4440691954222],[-98.5602780163909,35.4425691954092],[-98.5617780164039,35.4410691953962],[-98.5632780164169,35.4425691954092],[-98.5617780164039,35.4440691954222]]]}},{"type":"Feature","properties":{"county":"Caddo","legal":"17-11N-11W-IM","operator":"UNIT","lease_name":"WITT #1-17","api_number":"3501522017","reservoir":"MARCHAND","first_production":"1995-01-01","last_production":"2026-02-01"},"geometry":{"type":"Polygon","coordinates":[[[-98.3856146042326,35.4295581172618],[-98.3841146042196,35.4280581172488],[-98.3856146042326,35.4265581172357],[-98.3871146042457,35.4280581172488],[-98.3856146042326,35.4295581172618]]]}},{"type":"Feature","properties":{"county":"Caddo","legal":"06-11N-13W-IM","operator":"COTERRA ENERGY OPERATING CO","lease_name":"HALE FARMS #1-6","api_number":"3501521674","reservoir":"ATOKA","first_production":"1995-01-01","last_production":"2026-02-01"},"geometry":{"type":"Polygon","coordinates":[[[-98.6146712062455,35.4585701977767],[-98.6131712062324,35.4570701977637],[-98.6146712062455,35.4555701977506],[-98.6161712062585,35.4570701977637],[-98.6146712062455,35.4585701977767]]]}},{"type":"Feature","properties":{"county":"Caddo","legal":"31-11N-12W-IM","operator":"SABRE OPERATING,INC","lease_name":"LEIRLE-HART #1-31","api_number":"3501521733","reservoir":"ATOKA","first_production":"1995-01-01","last_production":"2026-02-01"},"geometry":{"type":"Polygon","coordinates":[[[-98.5089855136823,35.3860942721294],[-98.5074855136692,35.3845942721164],[-98.5089855136823,35.3830942721033],[-98.5104855136953,35.3845942721164],[-98.5089855136823,35.3860942721294]]]}},{"type":"Feature","properties":{"county":"Caddo","legal":"12-11N-12W-IM","operator":"EDINGER ENGINEERING","lease_name":"OBERSCHELP#1-12","api_number":"3501521729;3501522013","reservoir":"MORROW","first_production":"1995-01-01","last_production":"2026-02-01"},"geometry":{"type":"Polygon","coordinates":[[[-98.4208770273413,35.4439782799812],[-98.4193770273282,35.4424782799682],[-98.4208770273413,35.4409782799552],[-98.4223770273543,35.4424782799682],[-98.4208770273413,35.4439782799812]]]}},{"type":"Feature","properties":{"county":"Caddo","legal":"32-11N-13W-IM","operator":"SKYCAP ENERGY","lease_name":"VINCENT 1-32","api_number":"3501521494;3501521598","reservoir":"RED FORK","first_production":"1995-01-01","last_production":"2026-02-01"},"geometry":{"type":"Polygon","coordinates":[[[-98.5971198488144,35.386153000856],[-98.5956198488014,35.384653000843],[-98.5971198488144,35.38315300083],[-98.5986198488275,35.384653000843],[-98.5971198488144,35.386153000856]]]}},{"type":"Feature","properties":{"county":"Caddo","legal":"33-11N-13W-IM","operator":"LONE TREE OIL AND GAS LLC","lease_name":"DUANE YEARWOOD 1-33","api_number":"3501521276","reservoir":"ATOKA","first_production":"1995-01-01","last_production":"2026-02-01"},"geometry":{"type":"Polygon","coordinates":[[[-98.579383576379,35.3861353533903],[-98.5778835763659,35.3846353533773],[-98.579383576379,35.3831353533642],[-98.580883576392,35.3846353533773],[-98.579383576379,35.3861353533903]]]}},{"type":"Feature","properties":{"county":"Caddo","legal":"20-11N-13W-IM","operator":"BLAKE PRODUCTION","lease_name":"HEGER #1-20","api_number":"3501521395","reservoir":"SPRINGER","first_production":"1995-01-01","last_production":"2026-02-01"},"geometry":{"type":"Polygon","coordinates":[[[-98.5972019414299,35.4150291708205],[-98.5957019414169,35.4135291708075],[-98.5972019414299,35.4120291707944],[-98.5987019414429,35.4135291708075],[-98.5972019414299,35.4150291708205]]]}},{"type":"Feature","properties":{"county":"Caddo","legal":"36-11N-13W-IM","operator":"UNIT","lease_name":"HART #1-36","api_number":"3501521503","reservoir":"SPRINGER","first_production":"1995-01-01","last_production":"2026-02-01"},"geometry":{"type":"Polygon","coordinates":[[[-98.5264269897806,35.3860764677972],[-98.5249269897676,35.3845764677842],[-98.5264269897806,35.3830764677711],[-98.5279269897936,35.3845764677842],[-98.5264269897806,35.3860764677972]]]}},{"type":"Feature","properties":{"county":"Caddo","legal":"25-11N-13W-IM","operator":"UNIT","lease_name":"TUCKER 1-25; 2-25","api_number":"3501521554;3501521492","reservoir":"ATOKA","first_production":"1995-01-01","last_production":"2026-02-01"},"geometry":{"type":"Polygon","coordinates":[[[-98.5263854084876,35.4005430647542],[-98.5248854084745,35.3990430647412],[-98.5263854084876,35.3975430647281],[-98.5278854085006,35.3990430647412],[-98.5263854084876,35.4005430647542]]]}},{"type":"Feature","properties":{"county":"Caddo","legal":"30-11N-12W-IM","operator":"BCE-MACH LLC","lease_name":"TUCKER UNIT 1-A","api_number":"3501521443","reservoir":"ATOKA","first_production":"1995-01-01","last_production":"2026-02-01"},"geometry":{"type":"Polygon","coordinates":[[[-98.5090179104181,35.4006024435673],[-98.507517910405,35.3991024435543],[-98.5090179104181,35.3976024435412],[-98.5105179104311,35.3991024435543],[-98.5090179104181,35.4006024435673]]]}},{"type":"Feature","properties":{"county":"Caddo","legal":"27-11N-13W-IM","operator":"UNIT","lease_name":"CRISSMAN #1-27A","api_number":"3501521423","reservoir":"BRITT SAND","first_production":"1995-01-01","last_production":"2026-02-01"},"geometry":{"type":"Polygon","coordinates":[[[-98.5616599352002,35.4006356912095],[-98.5601599351872,35.3991356911964],[-98.5616599352002,35.3976356911834],[-98.5631599352133,35.3991356911964],[-98.5616599352002,35.4006356912095]]]}},{"type":"Feature","properties":{"county":"Caddo","legal":"10-11N-12W-IM","operator":"CHACO ENERGY","lease_name":"EDNA #1-10","api_number":"3501521209","reservoir":"RED FORK","first_production":"1995-01-01","last_production":"2026-02-01"},"geometry":{"type":"Polygon","coordinates":[[[-98.4562270690153,35.4437345337402],[-98.4547270690022,35.4422345337271],[-98.4562270690153,35.4407345337141],[-98.4577270690283,35.4422345337271],[-98.4562270690153,35.4437345337402]]]}},{"type":"Feature","properties":{"county":"Caddo","legal":"28-11N-13W-IM","operator":"UNIT","lease_name":"SHANKLIN #1-28","api_number":"3501521505","reservoir":"SPRINGER","first_production":"1995-01-01","last_production":"2026-02-01"},"geometry":{"type":"Polygon","coordinates":[[[-98.5794197493637,35.40060776872],[-98.5779197493507,35.3991077687069],[-98.5794197493637,35.3976077686939],[-98.5809197493768,35.3991077687069],[-98.5794197493637,35.40060776872]]]}},{"type":"Feature","properties":{"county":"Caddo","legal":"28-11N-13W-IM","operator":"UNIT","lease_name":"CURTIS #1-28","api_number":"3501521321","reservoir":"ATOKA","first_production":"1995-01-01","last_production":"2026-02-01"},"geometry":{"type":"Polygon","coordinates":[[[-98.5794197493637,35.40060776872],[-98.5779197493507,35.3991077687069],[-98.5794197493637,35.3976077686939],[-98.5809197493768,35.3991077687069],[-98.5794197493637,35.40060776872]]]}},{"type":"Feature","properties":{"county":"Caddo","legal":"25-11N-12W-IM","operator":"CRAWLEY PETROLEUM","lease_name":"DORSEY A #1","api_number":"3501521322","reservoir":"LOWER CUNNINGHAM","first_production":"1995-01-01","last_production":"2026-02-01"},"geometry":{"type":"Polygon","coordinates":[[[-98.4209002918763,35.4005303009057],[-98.4194002918632,35.3990303008927],[-98.4209002918763,35.3975303008796],[-98.4224002918893,35.3990303008927],[-98.4209002918763,35.4005303009057]]]}},{"type":"Feature","properties":{"county":"Caddo","legal":"21-11N-13W-IM","operator":"NOBLE ENERGY INC AND SUBS","lease_name":"SYLVESTER #1-21","api_number":"3501521315","reservoir":"SPRINGER","first_production":"1995-01-01","last_production":"2026-02-01"},"geometry":{"type":"Polygon","coordinates":[[[-98.5794683979383,35.4150973680806],[-98.5779683979253,35.4135973680675],[-98.5794683979383,35.4120973680545],[-98.5809683979514,35.4135973680675],[-98.5794683979383,35.4150973680806]]]}},{"type":"Feature","properties":{"county":"Caddo","legal":"29-11N-13W-IM","operator":"SKYCAP ENERGY","lease_name":"MELVIN CHISUM #1;2-29","api_number":"3501521299;3501522887","reservoir":"ATOKA","first_production":"1995-01-01","last_production":"2026-02-01"},"geometry":{"type":"Polygon","coordinates":[[[-98.5971466820817,35.4005768171667],[-98.5956466820687,35.3990768171537],[-98.5971466820817,35.3975768171406],[-98.5986466820948,35.3990768171537],[-98.5971466820817,35.4005768171667]]]}},{"type":"Feature","properties":{"county":"Caddo","legal":"24-11N-12W-IM","operator":"DIVERSIFIED PRODUCTION LLC","lease_name":"BERTHA ELLIOTT # 1","api_number":"3501521178","reservoir":"CUNNINGHAM  SAND","first_production":"1995-01-01","last_production":"2026-02-01"},"geometry":{"type":"Polygon","coordinates":[[[-98.4208922489128,35.4149600654178],[-98.4193922488998,35.4134600654047],[-98.4208922489128,35.4119600653917],[-98.4223922489258,35.4134600654047],[-98.4208922489128,35.4149600654178]]]}},{"type":"Feature","properties":{"county":"Caddo","legal":"17-11N-13W-IM","operator":"UNIT","lease_name":"FROST #1-17","api_number":"3501521101","reservoir":"SPRINGER","first_production":"1995-01-01","last_production":"2026-02-01"},"geometry":{"type":"Polygon","coordinates":[[[-98.5972550977728,35.4295261764801],[-98.5957550977597,35.428026176467],[-98.5972550977728,35.426526176454],[-98.5987550977858,35.428026176467],[-98.5972550977728,35.4295261764801]]]}},{"type":"Feature","properties":{"county":"Caddo","legal":"32-11N-11W-IM","operator":"TEOCALLI EXPLORATION","lease_name":"KATHLEEN #1","api_number":"3501521072","reservoir":"CHEROKEE","first_production":"1995-01-01","last_production":"2026-02-01"},"geometry":{"type":"Polygon","coordinates":[[[-98.385734864715,35.3860872174568],[-98.3842348647019,35.3845872174438],[-98.385734864715,35.3830872174307],[-98.387234864728,35.3845872174438],[-98.385734864715,35.3860872174568]]]}},{"type":"Feature","properties":{"county":"Caddo","legal":"10-11N-11W-IM","operator":"TROY ENERGY OPERATING, LLC","lease_name":"OAKES #1","api_number":"3501521038","reservoir":"UPPER MORROW","first_production":"1995-01-01","last_production":"2026-02-01"},"geometry":{"type":"Polygon","coordinates":[[[-98.3503439989339,35.4438196151244],[-98.3488439989208,35.4423196151114],[-98.3503439989339,35.4408196150983],[-98.3518439989469,35.4423196151114],[-98.3503439989339,35.4438196151244]]]}},{"type":"Feature","properties":{"county":"Caddo","legal":"13-11N-12W-IM","operator":"TROY ENERGY OPERATING, LLC","lease_name":"BERTHA #1-13","api_number":"3501521547","reservoir":"LOWER CUNNINGHAM","first_production":"1995-01-01","last_production":"2026-02-01"},"geometry":{"type":"Polygon","coordinates":[[[-98.420881209944,35.4294526382168],[-98.4193812099309,35.4279526382037],[-98.420881209944,35.4264526381907],[-98.422381209957,35.4279526382037],[-98.420881209944,35.4294526382168]]]}},{"type":"Feature","properties":{"county":"Caddo","legal":"05-11N-12W-IM","operator":"VALIDUS ENERGY II MIDCON LLC","lease_name":"LUELLEN #1-5","api_number":"3501520994","reservoir":"SPRINGER","first_production":"1996-11-01","last_production":"2026-02-01"},"geometry":{"type":"Polygon","coordinates":[[[-98.4916153035323,35.4584578172078],[-98.4901153035192,35.4569578171948],[-98.4916153035323,35.4554578171818],[-98.4931153035453,35.4569578171948],[-98.4916153035323,35.4584578172078]]]}},{"type":"Feature","properties":{"county":"Caddo","legal":"04-11N-12W-IM","operator":"TROY ENERGY OPERATING, LLC","lease_name":"STEWART #1-4","api_number":"3501520970","reservoir":"BRITT SAND","first_production":"1995-01-01","last_production":"2026-02-01"},"geometry":{"type":"Polygon","coordinates":[[[-98.4739222339424,35.4583788063515],[-98.4724222339294,35.4568788063384],[-98.4739222339424,35.4553788063254],[-98.4754222339555,35.4568788063384],[-98.4739222339424,35.4583788063515]]]}},{"type":"Feature","properties":{"county":"Caddo","legal":"25-11N-12W-IM","operator":"CRAWLEY PETROLEUM","lease_name":"KLUSMEYER #1","api_number":"3501520847","reservoir":"RED FORK","first_production":"1995-01-01","last_production":"2026-02-01"},"geometry":{"type":"Polygon","coordinates":[[[-98.4209002918763,35.4005303009057],[-98.4194002918632,35.3990303008927],[-98.4209002918763,35.3975303008796],[-98.4224002918893,35.3990303008927],[-98.4209002918763,35.4005303009057]]]}},{"type":"Feature","properties":{"county":"Caddo","legal":"36-11N-11W-IM","operator":"KAISER FRANCIS","lease_name":"HOUSE#1-HD","api_number":"3501520766","reservoir":"SPRINGER","first_production":"1995-01-01","last_production":"2026-02-01"},"geometry":{"type":"Polygon","coordinates":[[[-98.3151787751386,35.3859278049622],[-98.3136787751255,35.3844278049491],[-98.3151787751386,35.3829278049361],[-98.3166787751516,35.3844278049491],[-98.3151787751386,35.3859278049622]]]}},{"type":"Feature","properties":{"county":"Caddo","legal":"08-11N-12W-IM","operator":"COMANCHE EXPLORATION","lease_name":"FANNIE DAVISON 1-8;2-8","api_number":"3501521618;3501520741","reservoir":"MARCHAND","first_production":"1995-01-01","last_production":"2026-02-01"},"geometry":{"type":"Polygon","coordinates":[[[-98.4960622035088,35.4475945774101],[-98.4945622034958,35.446094577397],[-98.4960622035088,35.444594577384],[-98.4975622035219,35.446094577397],[-98.4960622035088,35.4475945774101]]]}},{"type":"Feature","properties":{"county":"Caddo","legal":"26-11N-11W-IM","operator":"DEVON ENERGY","lease_name":"KAMM;OPITZ#1","api_number":"3501520713;3501520794","reservoir":"RED FORK","first_production":"1995-01-01","last_production":"2026-02-01"},"geometry":{"type":"Polygon","coordinates":[[[-98.3328490850223,35.4005151457331],[-98.3313490850093,35.3990151457201],[-98.3328490850223,35.397515145707],[-98.3343490850353,35.3990151457201],[-98.3328490850223,35.4005151457331]]]}},{"type":"Feature","properties":{"county":"Caddo","legal":"33-11N-11W-IM","operator":"PLAINSMEN ENERGY, LLC","lease_name":"DRAKE #1","api_number":"3501520638","reservoir":"SKINNER","first_production":"1995-01-01","last_production":"2026-02-01"},"geometry":{"type":"Polygon","coordinates":[[[-98.3680312338375,35.3860990767809],[-98.3665312338244,35.3845990767679],[-98.3680312338375,35.3830990767548],[-98.3695312338505,35.3845990767679],[-98.3680312338375,35.3860990767809]]]}},{"type":"Feature","properties":{"county":"Caddo","legal":"08-11N-12W-IM","operator":"PO & G OPERATING","lease_name":"WALKER #1","api_number":"3501520684","reservoir":"MARCHAND","first_production":"1995-02-01","last_production":"2026-02-01"},"geometry":{"type":"Polygon","coordinates":[[[-98.4960608891583,35.4404208227674],[-98.4945608891453,35.4389208227544],[-98.4960608891583,35.4374208227413],[-98.4975608891714,35.4389208227544],[-98.4960608891583,35.4404208227674]]]}},{"type":"Feature","properties":{"county":"Caddo","legal":"29-11N-12W-IM","operator":"TROY ENERGY OPERATING, LLC","lease_name":"YOUNGKIN TRUST #1-29","api_number":"3501521722;3501521727","reservoir":"ATOKA","first_production":"1995-01-01","last_production":"2026-02-01"},"geometry":{"type":"Polygon","coordinates":[[[-98.491614946347,35.4004718178866],[-98.490114946334,35.3989718178736],[-98.491614946347,35.3974718178606],[-98.49311494636,35.3989718178736],[-98.491614946347,35.4004718178866]]]}},{"type":"Feature","properties":{"county":"Caddo","legal":"24-11N-11W-IM","operator":"DEVON ENERGY","lease_name":"LENABURG #1;2;4-24","api_number":"3501520589;3501522425;3501521788","reservoir":"RED FORK,CHEROKEE","first_production":"1995-01-01","last_production":"2026-02-01"},"geometry":{"type":"Polygon","coordinates":[[[-98.3151963501928,35.4148167311147],[-98.3136963501798,35.4133167311016],[-98.3151963501928,35.4118167310886],[-98.3166963502059,35.4133167311016],[-98.3151963501928,35.4148167311147]]]}},{"type":"Feature","properties":{"county":"Caddo","legal":"34-11N-11W-IM","operator":"TROY ENERGY OPERATING, LLC","lease_name":"BAKER #1-34","api_number":"3501520458","reservoir":"SPRINGER","first_production":"1995-01-01","last_production":"2026-02-01"},"geometry":{"type":"Polygon","coordinates":[[[-98.3504239070613,35.3860687598383],[-98.3489239070483,35.3845687598252],[-98.3504239070613,35.3830687598122],[-98.3519239070744,35.3845687598252],[-98.3504239070613,35.3860687598383]]]}},{"type":"Feature","properties":{"county":"Caddo","legal":"23-11N-11W-IM","operator":"DEVON ENERGY","lease_name":"ARNOLD 1","api_number":"3501520412","reservoir":"RED FORK","first_production":"1995-01-01","last_production":"2026-02-01"},"geometry":{"type":"Polygon","coordinates":[[[-98.3284554887528,35.4113334991331],[-98.3269554887398,35.4098334991201],[-98.3284554887528,35.408333499107],[-98.3299554887659,35.4098334991201],[-98.3284554887528,35.4113334991331]]]}},{"type":"Feature","properties":{"county":"Caddo","legal":"03-11N-12W-IM","operator":"DEVON ENERGY","lease_name":"BUELL# 1-3","api_number":"3501521992","reservoir":"MARCHAND","first_production":"1995-01-01","last_production":"2026-02-01"},"geometry":{"type":"Polygon","coordinates":[[[-98.4561940231198,35.4583291152324],[-98.4546940231068,35.4568291152194],[-98.4561940231198,35.4553291152063],[-98.4576940231328,35.4568291152194],[-98.4561940231198,35.4583291152324]]]}},{"type":"Feature","properties":{"county":"Beckham","legal":"14-11N-21W-IM","operator":"KAISER FRANCIS","lease_name":"KELK 1H","api_number":"3500921997","reservoir":"DES MOINES","first_production":"2019-06-01","last_production":"2026-02-01"},"geometry":{"type":"Polygon","coordinates":[[[-99.3905142213243,35.4304116314699],[-99.3890142213113,35.4289116314569],[-99.3905142213243,35.4274116314438],[-99.3920142213373,35.4289116314569],[-99.3905142213243,35.4304116314699]]]}},{"type":"Feature","properties":{"county":"Beckham","legal":"27-11N-21W-IM","operator":"PRESIDIO","lease_name":"RAZOR'S EDGE 1H-27","api_number":"3500921989","reservoir":"GRANITE WASH LOW (DES MOINES)","first_production":"2018-07-01","last_production":"2026-02-01"},"geometry":{"type":"Polygon","coordinates":[[[-99.4083405420291,35.4013883026789],[-99.406840542016,35.3998883026659],[-99.4083405420291,35.3983883026528],[-99.4098405420421,35.3998883026659],[-99.4083405420291,35.4013883026789]]]}},{"type":"Feature","properties":{"county":"Beckham","legal":"12-11N-21W-IM","operator":"KAISER FRANCIS","lease_name":"JONES TRUST 12 11 21 #1H","api_number":"3500921984","reservoir":"DES MOINES (MARMATON D)","first_production":"2017-05-01","last_production":"2026-02-01"},"geometry":{"type":"Polygon","coordinates":[[[-99.3729250669269,35.4448064324312],[-99.3714250669138,35.4433064324182],[-99.3729250669269,35.4418064324052],[-99.3744250669399,35.4433064324182],[-99.3729250669269,35.4448064324312]]]}},{"type":"Feature","properties":{"county":"Beckham","legal":"28-11N-21W-IM;29-11N-21W-IM","operator":"KAISER FRANCIS","lease_name":"BARNETT 29/28-11-21 3H","api_number":"3500921981","reservoir":"DES MOINES (MARMATON D)","first_production":"2017-04-01","last_production":"2026-02-01"},"geometry":{"type":"Polygon","coordinates":[[[-99.4347507292074,35.4014634769429],[-99.4332507291944,35.3999634769299],[-99.4347507292074,35.3984634769169],[-99.4362507292204,35.3999634769299],[-99.4347507292074,35.4014634769429]]]}},{"type":"Feature","properties":{"county":"Beckham","legal":"28-11N-21W-IM;29-11N-21W-IM","operator":"KAISER FRANCIS","lease_name":"BARNETT 29/28-11-21 2H","api_number":"3500921980","reservoir":"DES MOINES (MARMATON D)","first_production":"2017-04-01","last_production":"2026-02-01"},"geometry":{"type":"Polygon","coordinates":[[[-99.4347507292074,35.4014634769429],[-99.4332507291944,35.3999634769299],[-99.4347507292074,35.3984634769169],[-99.4362507292204,35.3999634769299],[-99.4347507292074,35.4014634769429]]]}},{"type":"Feature","properties":{"county":"Beckham","legal":"21-11N-23W-IM","operator":"UNBRIDLED RESOURCES LLC","lease_name":"KLOPFENSTEIN 16-11-23 1HB","api_number":"3500921979","reservoir":"MARMATON","first_production":"2016-11-01","last_production":"2026-02-01"},"geometry":{"type":"Polygon","coordinates":[[[-99.6375801158897,35.4158283130072],[-99.6360801158767,35.4143283129942],[-99.6375801158897,35.4128283129811],[-99.6390801159027,35.4143283129942],[-99.6375801158897,35.4158283130072]]]}},{"type":"Feature","properties":{"county":"Beckham","legal":"28-11N-21W-IM;29-11N-21W-IM","operator":"KAISER FRANCIS","lease_name":"BARNETT 29/28-11-21 1H","api_number":"3500921975","reservoir":"DES MOINES (MARMATON D)","first_production":"2016-07-01","last_production":"2026-02-01"},"geometry":{"type":"Polygon","coordinates":[[[-99.4347507292074,35.4014634769429],[-99.4332507291944,35.3999634769299],[-99.4347507292074,35.3984634769169],[-99.4362507292204,35.3999634769299],[-99.4347507292074,35.4014634769429]]]}},{"type":"Feature","properties":{"county":"Beckham","legal":"20-11N-21W-IM","operator":"PRESIDIO","lease_name":"GIFFORD 20-11-21","api_number":"3500921972","reservoir":"DES MOINES","first_production":"2015-09-01","last_production":"2026-02-01"},"geometry":{"type":"Polygon","coordinates":[[[-99.4435076600824,35.4160212249548],[-99.4420076600693,35.4145212249418],[-99.4435076600824,35.4130212249287],[-99.4450076600954,35.4145212249418],[-99.4435076600824,35.4160212249548]]]}},{"type":"Feature","properties":{"county":"Beckham","legal":"21-11N-21W-IM","operator":"PRESIDIO","lease_name":"APACHE 21-11-21 2H","api_number":"3500921920","reservoir":"MISSOURIAN","first_production":"2015-08-01","last_production":"2026-02-01"},"geometry":{"type":"Polygon","coordinates":[[[-99.4258524366128,35.4159577841765],[-99.4243524365997,35.4144577841635],[-99.4258524366128,35.4129577841505],[-99.4273524366258,35.4144577841635],[-99.4258524366128,35.4159577841765]]]}},{"type":"Feature","properties":{"county":"Beckham","legal":"09-11N-21W-IM","operator":"PRESIDIO","lease_name":"WILBER 9-11-21 4H","api_number":"3500921961","reservoir":"HOXBAR","first_production":"2015-04-01","last_production":"2026-02-01"},"geometry":{"type":"Polygon","coordinates":[[[-99.4257442403811,35.4450731809736],[-99.424244240368,35.4435731809606],[-99.4257442403811,35.4420731809475],[-99.4272442403941,35.4435731809606],[-99.4257442403811,35.4450731809736]]]}},{"type":"Feature","properties":{"county":"Beckham","legal":"31-11N-23W-IM","operator":"BCE-MACH II LLC","lease_name":"BURR 2-31BH","api_number":"3500921948","reservoir":"DES MOINES","first_production":"2015-03-01","last_production":"2026-02-01"},"geometry":{"type":"Polygon","coordinates":[[[-99.6730030432026,35.3869220859253],[-99.6715030431896,35.3854220859123],[-99.6730030432026,35.3839220858992],[-99.6745030432157,35.3854220859123],[-99.6730030432026,35.3869220859253]]]}},{"type":"Feature","properties":{"county":"Beckham","legal":"35-11N-23W-IM","operator":"BCE-MACH II LLC","lease_name":"GWEN HUMES 1-35HA","api_number":"3500921959","reservoir":"DES MOINES","first_production":"2015-03-01","last_production":"2026-02-01"},"geometry":{"type":"Polygon","coordinates":[[[-99.6021940572434,35.3867477016863],[-99.6006940572303,35.3852477016733],[-99.6021940572434,35.3837477016602],[-99.6036940572564,35.3852477016733],[-99.6021940572434,35.3867477016863]]]}},{"type":"Feature","properties":{"county":"Beckham","legal":"35-11N-23W-IM","operator":"BCE-MACH II LLC","lease_name":"KLOPFENSTEIN 2-35 HA","api_number":"3500921955","reservoir":"MISSOURI","first_production":"2015-02-01","last_production":"2026-02-01"},"geometry":{"type":"Polygon","coordinates":[[[-99.6021940572434,35.3867477016863],[-99.6006940572303,35.3852477016733],[-99.6021940572434,35.3837477016602],[-99.6036940572564,35.3852477016733],[-99.6021940572434,35.3867477016863]]]}},{"type":"Feature","properties":{"county":"Beckham","legal":"04-11N-21W-IM","operator":"PRESIDIO","lease_name":"DUPREE 4-11-21 1H","api_number":"3500921947","reservoir":"DES MOINES","first_production":"2014-12-01","last_production":"2026-02-01"},"geometry":{"type":"Polygon","coordinates":[[[-99.4257975653424,35.4595254305053],[-99.4242975653293,35.4580254304922],[-99.4257975653424,35.4565254304792],[-99.4272975653554,35.4580254304922],[-99.4257975653424,35.4595254305053]]]}},{"type":"Feature","properties":{"county":"Beckham","legal":"21-11N-21W-IM","operator":"PRESIDIO","lease_name":"APACHE 21-11-21 1H","api_number":"3500921901","reservoir":"DES MOINES","first_production":"2014-10-01","last_production":"2026-02-01"},"geometry":{"type":"Polygon","coordinates":[[[-99.4258524366128,35.4159577841765],[-99.4243524365997,35.4144577841635],[-99.4258524366128,35.4129577841505],[-99.4273524366258,35.4144577841635],[-99.4258524366128,35.4159577841765]]]}},{"type":"Feature","properties":{"county":"Beckham","legal":"20-11N-21W-IM","operator":"PRESIDIO","lease_name":"APACHE 20-11-21 1H","api_number":"3500921902","reservoir":"DES MOINES","first_production":"2014-10-01","last_production":"2026-02-01"},"geometry":{"type":"Polygon","coordinates":[[[-99.4435076600824,35.4160212249548],[-99.4420076600693,35.4145212249418],[-99.4435076600824,35.4130212249287],[-99.4450076600954,35.4145212249418],[-99.4435076600824,35.4160212249548]]]}},{"type":"Feature","properties":{"county":"Beckham","legal":"03-11N-21W-IM","operator":"PRESIDIO","lease_name":"SIMON 3-11-21 2H","api_number":"3500921918","reservoir":"DES MOINES","first_production":"2014-07-01","last_production":"2026-02-01"},"geometry":{"type":"Polygon","coordinates":[[[-99.4081071035607,35.4594612470734],[-99.4066071035477,35.4579612470603],[-99.4081071035607,35.4564612470473],[-99.4096071035737,35.4579612470603],[-99.4081071035607,35.4594612470734]]]}},{"type":"Feature","properties":{"county":"Beckham","legal":"20-12N-22W-IM","operator":"PRESIDIO","lease_name":"THOMAS 20-12-22 1H","api_number":"3500921916","reservoir":"COTTAGE GROVE","first_production":"2014-06-01","last_production":"2026-02-01"},"geometry":{"type":"Polygon","coordinates":[[[-99.5493214500675,35.5030847850613],[-99.5478214500544,35.5015847850483],[-99.5493214500675,35.5000847850353],[-99.5508214500805,35.5015847850483],[-99.5493214500675,35.5030847850613]]]}},{"type":"Feature","properties":{"county":"Beckham","legal":"05-11N-21W-IM","operator":"PRESIDIO","lease_name":"DEAL 5-11-21 1H","api_number":"3500921921","reservoir":"DES MOINES","first_production":"2014-05-01","last_production":"2026-02-01"},"geometry":{"type":"Polygon","coordinates":[[[-99.4434503535197,35.459587231115],[-99.4419503535066,35.4580872311019],[-99.4434503535197,35.4565872310889],[-99.4449503535327,35.4580872311019],[-99.4434503535197,35.459587231115]]]}},{"type":"Feature","properties":{"county":"Beckham","legal":"19-12N-22W-IM","operator":"PRESIDIO","lease_name":"TAYLOR 19-12-22 1H","api_number":"3512923909","reservoir":"COTTAGE GROVE","first_production":"2014-04-01","last_production":"2026-02-01"},"geometry":{"type":"Polygon","coordinates":[[[-99.5668768721527,35.5030203676648],[-99.5653768721397,35.5015203676518],[-99.5668768721527,35.5000203676387],[-99.5683768721658,35.5015203676518],[-99.5668768721527,35.5030203676648]]]}},{"type":"Feature","properties":{"county":"Beckham","legal":"01-11N-21W-IM","operator":"PRESIDIO","lease_name":"MUNCRIEF TRUST 1-11-21 1H","api_number":"3500921911","reservoir":"DES MOINES","first_production":"2014-03-01","last_production":"2026-02-01"},"geometry":{"type":"Polygon","coordinates":[[[-99.3728035998192,35.4592883774323],[-99.3713035998062,35.4577883774193],[-99.3728035998192,35.4562883774062],[-99.3743035998323,35.4577883774193],[-99.3728035998192,35.4592883774323]]]}},{"type":"Feature","properties":{"county":"Beckham","legal":"36-12N-22W-IM","operator":"PRESIDIO","lease_name":"FARRIS 1-36H","api_number":"3500921910","reservoir":"DES MOINES","first_production":"2014-04-01","last_production":"2026-02-01"},"geometry":{"type":"Polygon","coordinates":[[[-99.4785922459565,35.4741598127097],[-99.4770922459435,35.4726598126966],[-99.4785922459565,35.4711598126836],[-99.4800922459695,35.4726598126966],[-99.4785922459565,35.4741598127097]]]}},{"type":"Feature","properties":{"county":"Beckham","legal":"30-12N-22W-IM","operator":"PRESIDIO","lease_name":"TAYLOR 30-12-22 1H","api_number":"3500921904","reservoir":"HOXBAR","first_production":"2014-01-01","last_production":"2026-02-01"},"geometry":{"type":"Polygon","coordinates":[[[-99.5670985135251,35.4884961979001],[-99.5655985135121,35.4869961978871],[-99.5670985135251,35.4854961978741],[-99.5685985135381,35.4869961978871],[-99.5670985135251,35.4884961979001]]]}},{"type":"Feature","properties":{"county":"Beckham","legal":"09-11N-21W-IM","operator":"PRESIDIO","lease_name":"DUPREE 3-9H","api_number":"3500921872","reservoir":"DES MOINES","first_production":"2013-10-01","last_production":"2026-02-01"},"geometry":{"type":"Polygon","coordinates":[[[-99.4257442403811,35.4450731809736],[-99.424244240368,35.4435731809606],[-99.4257442403811,35.4420731809475],[-99.4272442403941,35.4435731809606],[-99.4257442403811,35.4450731809736]]]}},{"type":"Feature","properties":{"county":"Beckham","legal":"29-12N-22W-IM","operator":"PRESIDIO","lease_name":"SIMMONS 4-29H","api_number":"3500921888","reservoir":"HOXBAR","first_production":"2013-08-01","last_production":"2026-02-01"},"geometry":{"type":"Polygon","coordinates":[[[-99.5496866284361,35.4886072278127],[-99.548186628423,35.4871072277996],[-99.5496866284361,35.4856072277866],[-99.5511866284491,35.4871072277996],[-99.5496866284361,35.4886072278127]]]}},{"type":"Feature","properties":{"county":"Beckham","legal":"36-12N-21W-IM","operator":"PRESIDIO","lease_name":"MUNCRIEF TRUST 1-36H","api_number":"3500921886","reservoir":"DES MOINES","first_production":"2013-07-01","last_production":"2026-02-01"},"geometry":{"type":"Polygon","coordinates":[[[-99.372694734018,35.4737437768587],[-99.3711947340049,35.4722437768457],[-99.372694734018,35.4707437768327],[-99.374194734031,35.4722437768457],[-99.372694734018,35.4737437768587]]]}},{"type":"Feature","properties":{"county":"Beckham","legal":"01-11N-21W-IM","operator":"PRESIDIO","lease_name":"WEBB TRUST 1-1H","api_number":"3500921879","reservoir":"DES MOINES","first_production":"2013-05-01","last_production":"2026-02-01"},"geometry":{"type":"Polygon","coordinates":[[[-99.3728035998192,35.4592883774323],[-99.3713035998062,35.4577883774193],[-99.3728035998192,35.4562883774062],[-99.3743035998323,35.4577883774193],[-99.3728035998192,35.4592883774323]]]}},{"type":"Feature","properties":{"county":"Beckham","legal":"17-11N-21W-IM","operator":"PRESIDIO","lease_name":"SMITH 2-17H","api_number":"3500921874","reservoir":"DES MOINES","first_production":"2013-04-01","last_production":"2026-02-01"},"geometry":{"type":"Polygon","coordinates":[[[-99.4434192264122,35.4305787310118],[-99.4419192263992,35.4290787309988],[-99.4434192264122,35.4275787309857],[-99.4449192264253,35.4290787309988],[-99.4434192264122,35.4305787310118]]]}},{"type":"Feature","properties":{"county":"Beckham","legal":"30-12N-22W-IM","operator":"PRESIDIO","lease_name":"SIMMONS 3-30H","api_number":"3500921873","reservoir":"HOXBAR","first_production":"2013-03-01","last_production":"2026-02-01"},"geometry":{"type":"Polygon","coordinates":[[[-99.5670985135251,35.4884961979001],[-99.5655985135121,35.4869961978871],[-99.5670985135251,35.4854961978741],[-99.5685985135381,35.4869961978871],[-99.5670985135251,35.4884961979001]]]}},{"type":"Feature","properties":{"county":"Beckham","legal":"24-11N-22W-IM","operator":"PRESIDIO","lease_name":"ANSPAUGH 1-24H","api_number":"3500921862","reservoir":"DES MOINES","first_production":"2013-01-01","last_production":"2026-02-01"},"geometry":{"type":"Polygon","coordinates":[[[-99.4787077521441,35.4160467782255],[-99.4772077521311,35.4145467782125],[-99.4787077521441,35.4130467781994],[-99.4802077521571,35.4145467782125],[-99.4787077521441,35.4160467782255]]]}},{"type":"Feature","properties":{"county":"Beckham","legal":"19-11N-21W-IM","operator":"PRESIDIO","lease_name":"MCABEE 1-19H","api_number":"3500921859","reservoir":"DES MOINES","first_production":"2012-11-01","last_production":"2026-02-01"},"geometry":{"type":"Polygon","coordinates":[[[-99.4610594841903,35.4160459475842],[-99.4595594841772,35.4145459475712],[-99.4610594841903,35.4130459475582],[-99.4625594842033,35.4145459475712],[-99.4610594841903,35.4160459475842]]]}},{"type":"Feature","properties":{"county":"Beckham","legal":"16-11N-21W-IM","operator":"PRESIDIO","lease_name":"GREGORY 2-16H","api_number":"3500921851","reservoir":"DES MOINES","first_production":"2012-10-01","last_production":"2026-02-01"},"geometry":{"type":"Polygon","coordinates":[[[-99.4257664191341,35.4305253550777],[-99.424266419121,35.4290253550646],[-99.4257664191341,35.4275253550516],[-99.4272664191471,35.4290253550646],[-99.4257664191341,35.4305253550777]]]}},{"type":"Feature","properties":{"county":"Beckham","legal":"16-11N-21W-IM","operator":"PRESIDIO","lease_name":"WHINERY 3-16H","api_number":"3500921852","reservoir":"DES MOINES","first_production":"2012-10-01","last_production":"2026-02-01"},"geometry":{"type":"Polygon","coordinates":[[[-99.4257664191341,35.4305253550777],[-99.424266419121,35.4290253550646],[-99.4257664191341,35.4275253550516],[-99.4272664191471,35.4290253550646],[-99.4257664191341,35.4305253550777]]]}},{"type":"Feature","properties":{"county":"Beckham","legal":"02-11N-21W-IM","operator":"UNBRIDLED RESOURCES LLC","lease_name":"BERNARDINE 2-11-21 1H","api_number":"3500921842","reservoir":"DES MOINES","first_production":"2012-07-01","last_production":"2026-02-01"},"geometry":{"type":"Polygon","coordinates":[[[-99.3904750190855,35.4593869049692],[-99.3889750190724,35.4578869049562],[-99.3904750190855,35.4563869049431],[-99.3919750190985,35.4578869049562],[-99.3904750190855,35.4593869049692]]]}},{"type":"Feature","properties":{"county":"Beckham","legal":"17-11N-21W-IM","operator":"PRESIDIO","lease_name":"ROZA 1-17H","api_number":"3500921846","reservoir":"DES MOINES","first_production":"2012-07-01","last_production":"2026-02-01"},"geometry":{"type":"Polygon","coordinates":[[[-99.4434192264122,35.4305787310118],[-99.4419192263992,35.4290787309988],[-99.4434192264122,35.4275787309857],[-99.4449192264253,35.4290787309988],[-99.4434192264122,35.4305787310118]]]}},{"type":"Feature","properties":{"county":"Beckham","legal":"18-11N-21W-IM","operator":"PRESIDIO","lease_name":"MADOLE 1-18H","api_number":"3500921836","reservoir":"DES MOINES","first_production":"2012-07-01","last_production":"2026-02-01"},"geometry":{"type":"Polygon","coordinates":[[[-99.4610628045565,35.4306016511855],[-99.4595628045434,35.4291016511725],[-99.4610628045565,35.4276016511594],[-99.4625628045695,35.4291016511725],[-99.4610628045565,35.4306016511855]]]}},{"type":"Feature","properties":{"county":"Beckham","legal":"05-11N-21W-IM","operator":"PRESIDIO","lease_name":"PARTAIN 1-5H","api_number":"3500921848","reservoir":"DES MOINES","first_production":"2012-06-01","last_production":"2026-02-01"},"geometry":{"type":"Polygon","coordinates":[[[-99.4434503535197,35.459587231115],[-99.4419503535066,35.4580872311019],[-99.4434503535197,35.4565872310889],[-99.4449503535327,35.4580872311019],[-99.4434503535197,35.459587231115]]]}},{"type":"Feature","properties":{"county":"Beckham","legal":"31-11N-23W-IM","operator":"BCE-MACH II LLC","lease_name":"BURR #1-31H","api_number":"3500921838","reservoir":"MISSOURI","first_production":"2012-05-01","last_production":"2026-02-01"},"geometry":{"type":"Polygon","coordinates":[[[-99.6730030432026,35.3869220859253],[-99.6715030431896,35.3854220859123],[-99.6730030432026,35.3839220858992],[-99.6745030432157,35.3854220859123],[-99.6730030432026,35.3869220859253]]]}},{"type":"Feature","properties":{"county":"Beckham","legal":"22-11N-21W-IM","operator":"UNBRIDLED RESOURCES LLC","lease_name":"VAN BUREN AVE 22-11-21 1H","api_number":"3500921831","reservoir":"DES MOINES","first_production":"2012-04-01","last_production":"2026-02-01"},"geometry":{"type":"Polygon","coordinates":[[[-99.4082630001136,35.4159385341964],[-99.4067630001006,35.4144385341834],[-99.4082630001136,35.4129385341704],[-99.4097630001266,35.4144385341834],[-99.4082630001136,35.4159385341964]]]}},{"type":"Feature","properties":{"county":"Beckham","legal":"25-11N-23W-IM","operator":"BCE-MACH II LLC","lease_name":"HUTTON #1-25H","api_number":"3500921840","reservoir":"MISSOURI","first_production":"2012-04-01","last_production":"2026-02-01"},"geometry":{"type":"Polygon","coordinates":[[[-99.5844027911681,35.4013059395976],[-99.582902791155,35.3998059395846],[-99.5844027911681,35.3983059395715],[-99.5859027911811,35.3998059395846],[-99.5844027911681,35.4013059395976]]]}},{"type":"Feature","properties":{"county":"Beckham","legal":"09-11N-21W-IM","operator":"PRESIDIO","lease_name":"WILBER 1-9H","api_number":"3500921829","reservoir":"DES MOINES","first_production":"2012-03-01","last_production":"2026-02-01"},"geometry":{"type":"Polygon","coordinates":[[[-99.4257442403811,35.4450731809736],[-99.424244240368,35.4435731809606],[-99.4257442403811,35.4420731809475],[-99.4272442403941,35.4435731809606],[-99.4257442403811,35.4450731809736]]]}},{"type":"Feature","properties":{"county":"Beckham","legal":"08-11N-21W-IM","operator":"PRESIDIO","lease_name":"DEAL 1-8H","api_number":"3500921835","reservoir":"DES MOINES","first_production":"2012-03-01","last_production":"2026-02-01"},"geometry":{"type":"Polygon","coordinates":[[[-99.4434455111625,35.4451305926515],[-99.4419455111494,35.4436305926384],[-99.4434455111625,35.4421305926254],[-99.4449455111755,35.4436305926384],[-99.4434455111625,35.4451305926515]]]}},{"type":"Feature","properties":{"county":"Beckham","legal":"15-11N-21W-IM","operator":"UNBRIDLED RESOURCES LLC","lease_name":"NE ELK CITY 15-11-21 1H","api_number":"3500921826","reservoir":"DES MOINES","first_production":"2012-01-01","last_production":"2026-02-01"},"geometry":{"type":"Polygon","coordinates":[[[-99.408172798809,35.4304398007688],[-99.406672798796,35.4289398007557],[-99.408172798809,35.4274398007427],[-99.409672798822,35.4289398007557],[-99.408172798809,35.4304398007688]]]}},{"type":"Feature","properties":{"county":"Beckham","legal":"33-11N-22W-IM","operator":"SKYCAP ENERGY","lease_name":"RICHARDSON 1-33H","api_number":"3500921820","reservoir":"DES MOINES","first_production":"2012-01-01","last_production":"2026-02-01"},"geometry":{"type":"Polygon","coordinates":[[[-99.5318965543206,35.3870337915098],[-99.5303965543075,35.3855337914967],[-99.5318965543206,35.3840337914837],[-99.5333965543336,35.3855337914967],[-99.5318965543206,35.3870337915098]]]}},{"type":"Feature","properties":{"county":"Beckham","legal":"26-11N-23W-IM","operator":"BCE-MACH II LLC","lease_name":"BECK REAL ESTATE 1-26H","api_number":"3500921810","reservoir":"MISSOURIAN","first_production":"2011-07-01","last_production":"2026-02-01"},"geometry":{"type":"Polygon","coordinates":[[[-99.6021706610907,35.401162870734],[-99.6006706610776,35.3996628707209],[-99.6021706610907,35.3981628707079],[-99.6036706611037,35.3996628707209],[-99.6021706610907,35.401162870734]]]}},{"type":"Feature","properties":{"county":"Beckham","legal":"11-11N-22W-IM","operator":"PRESIDIO","lease_name":"POTTER 4-11","api_number":"3500921754","reservoir":"DES MOINES/ATOKA","first_production":"2008-12-01","last_production":"2026-02-01"},"geometry":{"type":"Polygon","coordinates":[[[-99.4964457285257,35.4452498789733],[-99.4949457285126,35.4437498789603],[-99.4964457285257,35.4422498789472],[-99.4979457285387,35.4437498789603],[-99.4964457285257,35.4452498789733]]]}},{"type":"Feature","properties":{"county":"Beckham","legal":"10-11N-22W-IM","operator":"PRESIDIO","lease_name":"NAGLE STATE 4-10","api_number":"3500921698","reservoir":"ATOKA/DES MOINES","first_production":"2007-09-01","last_production":"2026-02-01"},"geometry":{"type":"Polygon","coordinates":[[[-99.5142131780034,35.4451797896168],[-99.5127131779903,35.4436797896038],[-99.5142131780034,35.4421797895908],[-99.5157131780164,35.4436797896038],[-99.5142131780034,35.4451797896168]]]}},{"type":"Feature","properties":{"county":"Beckham","legal":"10-11N-21W-IM","operator":"RICHLAND RESOURCES","lease_name":"GREGORY 2-10H","api_number":"3500921813","reservoir":"DES MOINES","first_production":"2011-07-01","last_production":"2026-02-01"},"geometry":{"type":"Polygon","coordinates":[[[-99.4081488554567,35.4450032428823],[-99.4066488554437,35.4435032428693],[-99.4081488554567,35.4420032428562],[-99.4096488554698,35.4435032428693],[-99.4081488554567,35.4450032428823]]]}},{"type":"Feature","properties":{"county":"Beckham","legal":"14-11N-21W-IM","operator":"UNBRIDLED RESOURCES LLC","lease_name":"HX4 LLC 1-14H","api_number":"3500921790","reservoir":"DES MOINES","first_production":"2011-05-01","last_production":"2026-02-01"},"geometry":{"type":"Polygon","coordinates":[[[-99.3905142213243,35.4304116314699],[-99.3890142213113,35.4289116314569],[-99.3905142213243,35.4274116314438],[-99.3920142213373,35.4289116314569],[-99.3905142213243,35.4304116314699]]]}},{"type":"Feature","properties":{"county":"Beckham","legal":"17-11N-21W-IM","operator":"PRESIDIO","lease_name":"SMITH 1-17H","api_number":"3500921801","reservoir":"DES MOINES","first_production":"2011-06-01","last_production":"2026-02-01"},"geometry":{"type":"Polygon","coordinates":[[[-99.4434192264122,35.4305787310118],[-99.4419192263992,35.4290787309988],[-99.4434192264122,35.4275787309857],[-99.4449192264253,35.4290787309988],[-99.4434192264122,35.4305787310118]]]}},{"type":"Feature","properties":{"county":"Beckham","legal":"16-11N-22W-IM","operator":"PRESIDIO","lease_name":"MOREY 1-16H","api_number":"3500921800","reservoir":"DES MOINES","first_production":"2011-06-01","last_production":"2026-02-01"},"geometry":{"type":"Polygon","coordinates":[[[-99.5319322251428,35.4304947532614],[-99.5304322251298,35.4289947532483],[-99.5319322251428,35.4274947532353],[-99.5334322251558,35.4289947532483],[-99.5319322251428,35.4304947532614]]]}},{"type":"Feature","properties":{"county":"Beckham","legal":"23-11N-23W-IM","operator":"PRESIDIO","lease_name":"THETFORD 6-23H","api_number":"3500921797","reservoir":"HOGSHOOTER","first_production":"2011-04-01","last_production":"2026-02-01"},"geometry":{"type":"Polygon","coordinates":[[[-99.6020890737446,35.4156788363777],[-99.6005890737316,35.4141788363647],[-99.6020890737446,35.4126788363517],[-99.6035890737576,35.4141788363647],[-99.6020890737446,35.4156788363777]]]}},{"type":"Feature","properties":{"county":"Beckham","legal":"11-11N-21W-IM","operator":"UNBRIDLED RESOURCES LLC","lease_name":"SIMON 1-11H","api_number":"3500921783","reservoir":"DES MOINES","first_production":"2011-02-01","last_production":"2026-02-01"},"geometry":{"type":"Polygon","coordinates":[[[-99.3905228446783,35.4449104160606],[-99.3890228446653,35.4434104160476],[-99.3905228446783,35.4419104160346],[-99.3920228446914,35.4434104160476],[-99.3905228446783,35.4449104160606]]]}},{"type":"Feature","properties":{"county":"Beckham","legal":"09-11N-21W-IM","operator":"PRESIDIO","lease_name":"MOLLETT 1-9H","api_number":"3500921794","reservoir":"DES MOINES","first_production":"2011-04-01","last_production":"2026-02-01"},"geometry":{"type":"Polygon","coordinates":[[[-99.4257442403811,35.4450731809736],[-99.424244240368,35.4435731809606],[-99.4257442403811,35.4420731809475],[-99.4272442403941,35.4435731809606],[-99.4257442403811,35.4450731809736]]]}},{"type":"Feature","properties":{"county":"Beckham","legal":"16-11N-21W-IM","operator":"PRESIDIO","lease_name":"SMITH 1-16H","api_number":"3500921788","reservoir":"DES MOINES","first_production":"2011-06-01","last_production":"2026-02-01"},"geometry":{"type":"Polygon","coordinates":[[[-99.4257664191341,35.4305253550777],[-99.424266419121,35.4290253550646],[-99.4257664191341,35.4275253550516],[-99.4272664191471,35.4290253550646],[-99.4257664191341,35.4305253550777]]]}},{"type":"Feature","properties":{"county":"Beckham","legal":"07-11N-21W-IM","operator":"PRESIDIO","lease_name":"MADOLE 1-7H","api_number":"3500921787","reservoir":"DES MOINES","first_production":"2011-02-01","last_production":"2026-02-01"},"geometry":{"type":"Polygon","coordinates":[[[-99.4610215927787,35.4451677303936],[-99.4595215927657,35.4436677303806],[-99.4610215927787,35.4421677303675],[-99.4625215927917,35.4436677303806],[-99.4610215927787,35.4451677303936]]]}},{"type":"Feature","properties":{"county":"Beckham","legal":"10-11N-21W-IM","operator":"RICHLAND RESOURCES","lease_name":"GREGORY 1-10H","api_number":"3500921786","reservoir":"DES MOINES","first_production":"2011-02-01","last_production":"2026-02-01"},"geometry":{"type":"Polygon","coordinates":[[[-99.4081488554567,35.4450032428823],[-99.4066488554437,35.4435032428693],[-99.4081488554567,35.4420032428562],[-99.4096488554698,35.4435032428693],[-99.4081488554567,35.4450032428823]]]}},{"type":"Feature","properties":{"county":"Beckham","legal":"03-11N-21W-IM","operator":"PRESIDIO","lease_name":"SIMON 1-3H","api_number":"3500921782","reservoir":"DES MOINES","first_production":"2011-01-01","last_production":"2026-02-01"},"geometry":{"type":"Polygon","coordinates":[[[-99.4081071035607,35.4594612470734],[-99.4066071035477,35.4579612470603],[-99.4081071035607,35.4564612470473],[-99.4096071035737,35.4579612470603],[-99.4081071035607,35.4594612470734]]]}},{"type":"Feature","properties":{"county":"Beckham","legal":"08-11N-21W-IM","operator":"PRESIDIO","lease_name":"RICHARDSON 1-8H","api_number":"3500921779","reservoir":"DES MOINES","first_production":"2010-12-01","last_production":"2026-02-01"},"geometry":{"type":"Polygon","coordinates":[[[-99.4434455111625,35.4451305926515],[-99.4419455111494,35.4436305926384],[-99.4434455111625,35.4421305926254],[-99.4449455111755,35.4436305926384],[-99.4434455111625,35.4451305926515]]]}},{"type":"Feature","properties":{"county":"Beckham","legal":"36-12N-21W-IM","operator":"PRESIDIO","lease_name":"GARRISON 1-36H","api_number":"3500921778","reservoir":"DES MOINES","first_production":"2010-11-01","last_production":"2026-02-01"},"geometry":{"type":"Polygon","coordinates":[[[-99.372694734018,35.4737437768587],[-99.3711947340049,35.4722437768457],[-99.372694734018,35.4707437768327],[-99.374194734031,35.4722437768457],[-99.372694734018,35.4737437768587]]]}},{"type":"Feature","properties":{"county":"Beckham","legal":"24-11N-22W-IM","operator":"PRESIDIO","lease_name":"SUMMERS 3-24H","api_number":"3500921776","reservoir":"ATOKA","first_production":"2010-11-01","last_production":"2026-02-01"},"geometry":{"type":"Polygon","coordinates":[[[-99.4787077521441,35.4160467782255],[-99.4772077521311,35.4145467782125],[-99.4787077521441,35.4130467781994],[-99.4802077521571,35.4145467782125],[-99.4787077521441,35.4160467782255]]]}},{"type":"Feature","properties":{"county":"Beckham","legal":"23-11N-23W-IM","operator":"PRESIDIO","lease_name":"THETFORD 4-23H","api_number":"3500921773","reservoir":"HOGSHOOTER","first_production":"2010-09-01","last_production":"2026-02-01"},"geometry":{"type":"Polygon","coordinates":[[[-99.6020890737446,35.4156788363777],[-99.6005890737316,35.4141788363647],[-99.6020890737446,35.4126788363517],[-99.6035890737576,35.4141788363647],[-99.6020890737446,35.4156788363777]]]}},{"type":"Feature","properties":{"county":"Beckham","legal":"19-11N-23W-IM","operator":"JMA ENERGY","lease_name":"HUTSON FARMS #3-19","api_number":"3500921756","reservoir":"DES MOINES","first_production":"2008-11-01","last_production":"2026-02-01"},"geometry":{"type":"Polygon","coordinates":[[[-99.6729863631298,35.415878300383],[-99.6714863631167,35.41437830037],[-99.6729863631298,35.412878300357],[-99.6744863631428,35.41437830037],[-99.6729863631298,35.415878300383]]]}},{"type":"Feature","properties":{"county":"Beckham","legal":"30-12N-21W-IM","operator":"PRESIDIO","lease_name":"HARRIS 7-30","api_number":"3500921757","reservoir":"DES MOINES","first_production":"2008-11-01","last_production":"2026-02-01"},"geometry":{"type":"Polygon","coordinates":[[[-99.4609795229731,35.4886820770155],[-99.45947952296,35.4871820770024],[-99.4609795229731,35.4856820769894],[-99.4624795229861,35.4871820770024],[-99.4609795229731,35.4886820770155]]]}},{"type":"Feature","properties":{"county":"Beckham","legal":"23-11N-22W-IM","operator":"PRESIDIO","lease_name":"ELK CITY 1-23","api_number":"3500921752","reservoir":"ATOKA","first_production":"2008-11-01","last_production":"2026-02-01"},"geometry":{"type":"Polygon","coordinates":[[[-99.4964332338412,35.4160454558043],[-99.4949332338281,35.4145454557912],[-99.4964332338412,35.4130454557782],[-99.4979332338542,35.4145454557912],[-99.4964332338412,35.4160454558043]]]}},{"type":"Feature","properties":{"county":"Beckham","legal":"33-12N-22W-IM","operator":"DIVERSIFIED PRODUCTION LLC","lease_name":"PAULINE 3-33","api_number":"3500921751","reservoir":"DES MOINES,ATOKA","first_production":"2009-02-01","last_production":"2026-02-01"},"geometry":{"type":"Polygon","coordinates":[[[-99.5320386426993,35.4742667275328],[-99.5305386426862,35.4727667275198],[-99.5320386426993,35.4712667275067],[-99.5335386427123,35.4727667275198],[-99.5320386426993,35.4742667275328]]]}},{"type":"Feature","properties":{"county":"Beckham","legal":"15-11N-22W-IM","operator":"PRESIDIO","lease_name":"REA 2-15","api_number":"3500921743","reservoir":"CHEROKEE","first_production":"2008-08-01","last_production":"2026-02-01"},"geometry":{"type":"Polygon","coordinates":[[[-99.5141955579571,35.4305691359614],[-99.5126955579441,35.4290691359484],[-99.5141955579571,35.4275691359353],[-99.5156955579701,35.4290691359484],[-99.5141955579571,35.4305691359614]]]}},{"type":"Feature","properties":{"county":"Beckham","legal":"09-11N-22W-IM","operator":"PRESIDIO","lease_name":"WHINERY 2-9","api_number":"3500921742","reservoir":"DES MOINES,  ATOKA","first_production":"2008-05-01","last_production":"2026-02-01"},"geometry":{"type":"Polygon","coordinates":[[[-99.5319179901274,35.4450880107549],[-99.5304179901143,35.4435880107419],[-99.5319179901274,35.4420880107288],[-99.5334179901404,35.4435880107419],[-99.5319179901274,35.4450880107549]]]}},{"type":"Feature","properties":{"county":"Beckham","legal":"31-12N-21W-IM","operator":"PRESIDIO","lease_name":"SMITH 1-31ST","api_number":"3500920278","reservoir":"DES MOINES","first_production":"2008-05-01","last_production":"2026-02-01"},"geometry":{"type":"Polygon","coordinates":[[[-99.4610182050546,35.4741895536371],[-99.4595182050415,35.4726895536241],[-99.4610182050546,35.471189553611],[-99.4625182050676,35.4726895536241],[-99.4610182050546,35.4741895536371]]]}},{"type":"Feature","properties":{"county":"Beckham","legal":"19-11N-23W-IM","operator":"JMA ENERGY","lease_name":"HUTSON FARMS #2-19","api_number":"3500921729","reservoir":"DES MOINES","first_production":"2008-04-01","last_production":"2026-02-01"},"geometry":{"type":"Polygon","coordinates":[[[-99.6729863631298,35.415878300383],[-99.6714863631167,35.41437830037],[-99.6729863631298,35.412878300357],[-99.6744863631428,35.41437830037],[-99.6729863631298,35.415878300383]]]}},{"type":"Feature","properties":{"county":"Beckham","legal":"23-12N-22W-IM","operator":"PRESIDIO","lease_name":"PERRYMAN 6-23","api_number":"3500921731","reservoir":"DOUGLAS,TONKAWA SND,COTT GRVE,CLEVELAND,MARMATON,C","first_production":"2008-05-01","last_production":"2026-02-01"},"geometry":{"type":"Polygon","coordinates":[[[-99.4963289577868,35.5031701949264],[-99.4948289577737,35.5016701949133],[-99.4963289577868,35.5001701949003],[-99.4978289577998,35.5016701949133],[-99.4963289577868,35.5031701949264]]]}},{"type":"Feature","properties":{"county":"Beckham","legal":"19-11N-23W-IM","operator":"JMA ENERGY","lease_name":"HUTSON FARMS 1-19","api_number":"3500921713","reservoir":"ATOKA","first_production":"2007-11-01","last_production":"2026-02-01"},"geometry":{"type":"Polygon","coordinates":[[[-99.6729863631298,35.415878300383],[-99.6714863631167,35.41437830037],[-99.6729863631298,35.412878300357],[-99.6744863631428,35.41437830037],[-99.6729863631298,35.415878300383]]]}},{"type":"Feature","properties":{"county":"Beckham","legal":"11-11N-22W-IM","operator":"PRESIDIO","lease_name":"POTTER 3-11","api_number":"3500921714","reservoir":"DES MOINES,ATOKA LIME","first_production":"2007-11-01","last_production":"2026-02-01"},"geometry":{"type":"Polygon","coordinates":[[[-99.4964457285257,35.4452498789733],[-99.4949457285126,35.4437498789603],[-99.4964457285257,35.4422498789472],[-99.4979457285387,35.4437498789603],[-99.4964457285257,35.4452498789733]]]}},{"type":"Feature","properties":{"county":"Beckham","legal":"04-11N-22W-IM","operator":"PRESIDIO","lease_name":"WHINERY 1-4","api_number":"3500921706","reservoir":"DES MOINES,ATOKA LIME","first_production":"2007-10-01","last_production":"2026-02-01"},"geometry":{"type":"Polygon","coordinates":[[[-99.5319886556363,35.4596790951728],[-99.5304886556233,35.4581790951597],[-99.5319886556363,35.4566790951467],[-99.5334886556493,35.4581790951597],[-99.5319886556363,35.4596790951728]]]}},{"type":"Feature","properties":{"county":"Beckham","legal":"29-12N-22W-IM","operator":"PRESIDIO","lease_name":"SIMMONS 3-29","api_number":"3500921611","reservoir":"DESMOINES, MORROW","first_production":"2007-05-01","last_production":"2026-02-01"},"geometry":{"type":"Polygon","coordinates":[[[-99.5496866284361,35.4886072278127],[-99.548186628423,35.4871072277996],[-99.5496866284361,35.4856072277866],[-99.5511866284491,35.4871072277996],[-99.5496866284361,35.4886072278127]]]}},{"type":"Feature","properties":{"county":"Beckham","legal":"05-11N-21W-IM","operator":"PRESIDIO","lease_name":"MADOLE 1-5","api_number":"3500921669","reservoir":"DES MOINES","first_production":"2007-04-01","last_production":"2026-02-01"},"geometry":{"type":"Polygon","coordinates":[[[-99.4434503535197,35.459587231115],[-99.4419503535066,35.4580872311019],[-99.4434503535197,35.4565872310889],[-99.4449503535327,35.4580872311019],[-99.4434503535197,35.459587231115]]]}},{"type":"Feature","properties":{"county":"Beckham","legal":"25-12N-22W-IM","operator":"PRESIDIO","lease_name":"PERRYMAN 9-25","api_number":"3500921663","reservoir":"DES MOINES","first_production":"2007-02-01","last_production":"2026-02-01"},"geometry":{"type":"Polygon","coordinates":[[[-99.4785328080116,35.4887296909235],[-99.4770328079985,35.4872296909104],[-99.4785328080116,35.4857296908974],[-99.4800328080246,35.4872296909104],[-99.4785328080116,35.4887296909235]]]}},{"type":"Feature","properties":{"county":"Beckham","legal":"24-12N-21W-IM","operator":"MEWBOURNE","lease_name":"GREGORY PROP 24 #1","api_number":"3500921653","reservoir":"DES MOINES","first_production":"2006-12-01","last_production":"2026-02-01"},"geometry":{"type":"Polygon","coordinates":[[[-99.3728118434525,35.5029043107058],[-99.3713118434395,35.5014043106928],[-99.3728118434525,35.4999043106797],[-99.3743118434656,35.5014043106928],[-99.3728118434525,35.5029043107058]]]}},{"type":"Feature","properties":{"county":"Beckham","legal":"10-11N-22W-IM","operator":"PRESIDIO","lease_name":"NAGLE STATE 3-10","api_number":"3500921635","reservoir":"ATOKA/DES MOINES","first_production":"2006-12-01","last_production":"2026-02-01"},"geometry":{"type":"Polygon","coordinates":[[[-99.5142131780034,35.4451797896168],[-99.5127131779903,35.4436797896038],[-99.5142131780034,35.4421797895908],[-99.5157131780164,35.4436797896038],[-99.5142131780034,35.4451797896168]]]}},{"type":"Feature","properties":{"county":"Beckham","legal":"19-12N-21W-IM","operator":"PRESIDIO","lease_name":"FOWLER-THORNTON 6-19","api_number":"3500921562","reservoir":"DES MOINES","first_production":"2006-12-01","last_production":"2026-02-01"},"geometry":{"type":"Polygon","coordinates":[[[-99.4610556024163,35.5031693904751],[-99.4595556024033,35.501669390462],[-99.4610556024163,35.500169390449],[-99.4625556024293,35.501669390462],[-99.4610556024163,35.5031693904751]]]}},{"type":"Feature","properties":{"county":"Beckham","legal":"25-12N-21W-IM","operator":"MEWBOURNE","lease_name":"PAWNEE \"25\" #2","api_number":"3500921641","reservoir":"DES MOINES","first_production":"2006-05-01","last_production":"2026-02-01"},"geometry":{"type":"Polygon","coordinates":[[[-99.3726957197756,35.4882619864702],[-99.3711957197626,35.4867619864571],[-99.3726957197756,35.4852619864441],[-99.3741957197887,35.4867619864571],[-99.3726957197756,35.4882619864702]]]}},{"type":"Feature","properties":{"county":"Beckham","legal":"33-11N-23W-IM","operator":"UNBRIDLED RESOURCES LLC","lease_name":"SHERYL 1-33","api_number":"3500921604","reservoir":"UPPER & LOWER DES MOINES, ATOKA","first_production":"2006-09-01","last_production":"2026-02-01"},"geometry":{"type":"Polygon","coordinates":[[[-99.6377069237503,35.3868057312604],[-99.6362069237372,35.3853057312474],[-99.6377069237503,35.3838057312343],[-99.6392069237633,35.3853057312474],[-99.6377069237503,35.3868057312604]]]}},{"type":"Feature","properties":{"county":"Beckham","legal":"30-12N-21W-IM","operator":"PRESIDIO","lease_name":"THORNTON 5-30","api_number":"3500921630","reservoir":"DES MOINES","first_production":"2006-10-01","last_production":"2026-02-01"},"geometry":{"type":"Polygon","coordinates":[[[-99.4609795229731,35.4886820770155],[-99.45947952296,35.4871820770024],[-99.4609795229731,35.4856820769894],[-99.4624795229861,35.4871820770024],[-99.4609795229731,35.4886820770155]]]}},{"type":"Feature","properties":{"county":"Beckham","legal":"13-11N-22W-IM","operator":"PRESIDIO","lease_name":"MORSE 2;3-13","api_number":"3500921623;3500921686","reservoir":"DES MOINES, ATOKA","first_production":"2006-10-01","last_production":"2026-02-01"},"geometry":{"type":"Polygon","coordinates":[[[-99.4786507216843,35.430609500741],[-99.4771507216713,35.429109500728],[-99.4786507216843,35.427609500715],[-99.4801507216973,35.429109500728],[-99.4786507216843,35.430609500741]]]}},{"type":"Feature","properties":{"county":"Beckham","legal":"32-12N-21W-IM","operator":"PRESIDIO","lease_name":"CLARK 5-32","api_number":"3500921607","reservoir":"DES MOINES","first_production":"2006-09-01","last_production":"2026-02-01"},"geometry":{"type":"Polygon","coordinates":[[[-99.4434509454444,35.4741128667158],[-99.4419509454314,35.4726128667028],[-99.4434509454444,35.4711128666897],[-99.4449509454574,35.4726128667028],[-99.4434509454444,35.4741128667158]]]}},{"type":"Feature","properties":{"county":"Beckham","legal":"20-11N-23W-IM","operator":"JMA ENERGY","lease_name":"DAMRON 1-20","api_number":"3500921603","reservoir":"DES MOINES","first_production":"2006-08-01","last_production":"2026-02-01"},"geometry":{"type":"Polygon","coordinates":[[[-99.6553122789715,35.4158306548907],[-99.6538122789584,35.4143306548777],[-99.6553122789715,35.4128306548647],[-99.6568122789845,35.4143306548777],[-99.6553122789715,35.4158306548907]]]}},{"type":"Feature","properties":{"county":"Beckham","legal":"25-12N-22W-IM","operator":"PRESIDIO","lease_name":"PERRYMAN 8-25","api_number":"3500921583","reservoir":"DES MOINES","first_production":"2006-07-01","last_production":"2026-02-01"},"geometry":{"type":"Polygon","coordinates":[[[-99.4785328080116,35.4887296909235],[-99.4770328079985,35.4872296909104],[-99.4785328080116,35.4857296908974],[-99.4800328080246,35.4872296909104],[-99.4785328080116,35.4887296909235]]]}},{"type":"Feature","properties":{"county":"Beckham","legal":"23-12N-22W-IM","operator":"PRESIDIO","lease_name":"PERRYMAN 5-23","api_number":"3500921573","reservoir":"CHEROKEE","first_production":"2006-06-01","last_production":"2026-02-01"},"geometry":{"type":"Polygon","coordinates":[[[-99.4963289577868,35.5031701949264],[-99.4948289577737,35.5016701949133],[-99.4963289577868,35.5001701949003],[-99.4978289577998,35.5016701949133],[-99.4963289577868,35.5031701949264]]]}},{"type":"Feature","properties":{"county":"Beckham","legal":"20-11N-23W-IM","operator":"JMA ENERGY","lease_name":"GIVENS 2-20;3-20","api_number":"3500921622;3500921575","reservoir":"DES MOINES,ATOKA","first_production":"2006-05-01","last_production":"2026-02-01"},"geometry":{"type":"Polygon","coordinates":[[[-99.6553122789715,35.4158306548907],[-99.6538122789584,35.4143306548777],[-99.6553122789715,35.4128306548647],[-99.6568122789845,35.4143306548777],[-99.6553122789715,35.4158306548907]]]}},{"type":"Feature","properties":{"county":"Beckham","legal":"25-12N-21W-IM","operator":"MEWBOURNE","lease_name":"PAWNEE\"25\" #1","api_number":"3500921580","reservoir":"DES MOINES","first_production":"2006-01-01","last_production":"2026-02-01"},"geometry":{"type":"Polygon","coordinates":[[[-99.3726957197756,35.4882619864702],[-99.3711957197626,35.4867619864571],[-99.3726957197756,35.4852619864441],[-99.3741957197887,35.4867619864571],[-99.3726957197756,35.4882619864702]]]}},{"type":"Feature","properties":{"county":"Beckham","legal":"21-12N-21W-IM","operator":"PRESIDIO","lease_name":"COOPER 1-21","api_number":"3500921565","reservoir":"DES MOINES","first_production":"2006-04-01","last_production":"2026-02-01"},"geometry":{"type":"Polygon","coordinates":[[[-99.4258567867023,35.5030964498666],[-99.4243567866893,35.5015964498536],[-99.4258567867023,35.5000964498405],[-99.4273567867153,35.5015964498536],[-99.4258567867023,35.5030964498666]]]}},{"type":"Feature","properties":{"county":"Beckham","legal":"21-12N-21W-IM","operator":"PRESIDIO","lease_name":"PIERCY 1-21","api_number":"3500921554","reservoir":"DES MOINES","first_production":"2006-03-01","last_production":"2026-02-01"},"geometry":{"type":"Polygon","coordinates":[[[-99.4258567867023,35.5030964498666],[-99.4243567866893,35.5015964498536],[-99.4258567867023,35.5000964498405],[-99.4273567867153,35.5015964498536],[-99.4258567867023,35.5030964498666]]]}},{"type":"Feature","properties":{"county":"Beckham","legal":"20-11N-23W-IM","operator":"JMA ENERGY","lease_name":"GIVENS 1-20","api_number":"3500921543","reservoir":"DES MOINES","first_production":"2006-01-01","last_production":"2026-02-01"},"geometry":{"type":"Polygon","coordinates":[[[-99.6553122789715,35.4158306548907],[-99.6538122789584,35.4143306548777],[-99.6553122789715,35.4128306548647],[-99.6568122789845,35.4143306548777],[-99.6553122789715,35.4158306548907]]]}},{"type":"Feature","properties":{"county":"Beckham","legal":"32-12N-21W-IM","operator":"PRESIDIO","lease_name":"HARRIS 2-32","api_number":"3500921524","reservoir":"DES MOINES","first_production":"2006-02-01","last_production":"2026-02-01"},"geometry":{"type":"Polygon","coordinates":[[[-99.4434509454444,35.4741128667158],[-99.4419509454314,35.4726128667028],[-99.4434509454444,35.4711128666897],[-99.4449509454574,35.4726128667028],[-99.4434509454444,35.4741128667158]]]}},{"type":"Feature","properties":{"county":"Beckham","legal":"24-12N-21W-IM","operator":"COTERRA ENERGY OPERATING CO","lease_name":"PINKSTON 4-24","api_number":"3500921501","reservoir":"DES MOINES","first_production":"2005-09-01","last_production":"2026-02-01"},"geometry":{"type":"Polygon","coordinates":[[[-99.3728118434525,35.5029043107058],[-99.3713118434395,35.5014043106928],[-99.3728118434525,35.4999043106797],[-99.3743118434656,35.5014043106928],[-99.3728118434525,35.5029043107058]]]}},{"type":"Feature","properties":{"county":"Beckham","legal":"23-12N-22W-IM","operator":"PRESIDIO","lease_name":"PERRYMAN 4-23","api_number":"3500921484","reservoir":"CHEROKEE","first_production":"2005-09-01","last_production":"2026-02-01"},"geometry":{"type":"Polygon","coordinates":[[[-99.4963289577868,35.5031701949264],[-99.4948289577737,35.5016701949133],[-99.4963289577868,35.5001701949003],[-99.4978289577998,35.5016701949133],[-99.4963289577868,35.5031701949264]]]}},{"type":"Feature","properties":{"county":"Beckham","legal":"07-11N-22W-IM","operator":"RIVIERA OPERATING","lease_name":"THETFORD 1-7","api_number":"3500921476","reservoir":"DES MOINES","first_production":"2005-10-01","last_production":"2026-02-01"},"geometry":{"type":"Polygon","coordinates":[[[-99.5669894622445,35.4448478506967],[-99.5654894622315,35.4433478506836],[-99.5669894622445,35.4418478506706],[-99.5684894622576,35.4433478506836],[-99.5669894622445,35.4448478506967]]]}},{"type":"Feature","properties":{"county":"Beckham","legal":"25-12N-21W-IM","operator":"COTERRA ENERGY OPERATING CO","lease_name":"WEBB 2-25","api_number":"3500921445","reservoir":"CHEROKEE,RED FORK","first_production":"2005-03-01","last_production":"2026-02-01"},"geometry":{"type":"Polygon","coordinates":[[[-99.3726957197756,35.4882619864702],[-99.3711957197626,35.4867619864571],[-99.3726957197756,35.4852619864441],[-99.3741957197887,35.4867619864571],[-99.3726957197756,35.4882619864702]]]}},{"type":"Feature","properties":{"county":"Beckham","legal":"32-12N-21W-IM","operator":"PRESIDIO","lease_name":"CLARK 4-32","api_number":"3500921452","reservoir":"DES MOINES","first_production":"2005-04-01","last_production":"2026-02-01"},"geometry":{"type":"Polygon","coordinates":[[[-99.4434509454444,35.4741128667158],[-99.4419509454314,35.4726128667028],[-99.4434509454444,35.4711128666897],[-99.4449509454574,35.4726128667028],[-99.4434509454444,35.4741128667158]]]}},{"type":"Feature","properties":{"county":"Beckham","legal":"20-12N-22W-IM","operator":"PRESIDIO","lease_name":"POTTER STATE 2-20","api_number":"3500921441","reservoir":"ATOKA","first_production":"2005-03-01","last_production":"2026-02-01"},"geometry":{"type":"Polygon","coordinates":[[[-99.5493214500675,35.5030847850613],[-99.5478214500544,35.5015847850483],[-99.5493214500675,35.5000847850353],[-99.5508214500805,35.5015847850483],[-99.5493214500675,35.5030847850613]]]}},{"type":"Feature","properties":{"county":"Beckham","legal":"25-12N-22W-IM","operator":"PRESIDIO","lease_name":"PERRYMAN 6;7-25","api_number":"3500921486;3500921443","reservoir":"DES MOINES","first_production":"2005-02-01","last_production":"2026-02-01"},"geometry":{"type":"Polygon","coordinates":[[[-99.4785328080116,35.4887296909235],[-99.4770328079985,35.4872296909104],[-99.4785328080116,35.4857296908974],[-99.4800328080246,35.4872296909104],[-99.4785328080116,35.4887296909235]]]}},{"type":"Feature","properties":{"county":"Beckham","legal":"29-12N-21W-IM","operator":"PRESIDIO","lease_name":"NESSER 4-29","api_number":"3500921428","reservoir":"DES MOINES","first_production":"2004-12-01","last_production":"2026-02-01"},"geometry":{"type":"Polygon","coordinates":[[[-99.4433716915782,35.4886305648439],[-99.4418716915651,35.4871305648308],[-99.4433716915782,35.4856305648178],[-99.4448716915912,35.4871305648308],[-99.4433716915782,35.4886305648439]]]}},{"type":"Feature","properties":{"county":"Beckham","legal":"21-12N-22W-IM","operator":"PRESIDIO","lease_name":"PERRYMAN 4-21","api_number":"3500921408","reservoir":"ATOKA","first_production":"2004-10-01","last_production":"2026-02-01"},"geometry":{"type":"Polygon","coordinates":[[[-99.5315993889921,35.5031748330033],[-99.530099388979,35.5016748329903],[-99.5315993889921,35.5001748329773],[-99.5330993890051,35.5016748329903],[-99.5315993889921,35.5031748330033]]]}},{"type":"Feature","properties":{"county":"Beckham","legal":"05-11N-21W-IM","operator":"PRESIDIO","lease_name":"KINCAID 1-5RH","api_number":"3500921380","reservoir":"HOXBAR","first_production":"2011-08-01","last_production":"2026-02-01"},"geometry":{"type":"Polygon","coordinates":[[[-99.4434503535197,35.459587231115],[-99.4419503535066,35.4580872311019],[-99.4434503535197,35.4565872310889],[-99.4449503535327,35.4580872311019],[-99.4434503535197,35.459587231115]]]}},{"type":"Feature","properties":{"county":"Beckham","legal":"32-12N-21W-IM","operator":"PRESIDIO","lease_name":"CLARK #3-32","api_number":"3500921348","reservoir":"RED FORK","first_production":"2004-03-01","last_production":"2026-02-01"},"geometry":{"type":"Polygon","coordinates":[[[-99.4434509454444,35.4741128667158],[-99.4419509454314,35.4726128667028],[-99.4434509454444,35.4711128666897],[-99.4449509454574,35.4726128667028],[-99.4434509454444,35.4741128667158]]]}},{"type":"Feature","properties":{"county":"Beckham","legal":"36-11N-23W-IM","operator":"CADDO EXPIRATION","lease_name":"LELA BELLE 1-36","api_number":"3500921352","reservoir":"DES MOINES","first_production":"2004-02-01","last_production":"2026-02-01"},"geometry":{"type":"Polygon","coordinates":[[[-99.5844490629579,35.3868290464973],[-99.5829490629448,35.3853290464843],[-99.5844490629579,35.3838290464713],[-99.5859490629709,35.3853290464843],[-99.5844490629579,35.3868290464973]]]}},{"type":"Feature","properties":{"county":"Beckham","legal":"17-11N-22W-IM","operator":"BCE-MACH II LLC","lease_name":"MUELLER #2-17","api_number":"3500921319","reservoir":"DES MOINES","first_production":"2003-07-01","last_production":"2026-02-01"},"geometry":{"type":"Polygon","coordinates":[[[-99.5495183209022,35.4304987745866],[-99.5480183208892,35.4289987745736],[-99.5495183209022,35.4274987745605],[-99.5510183209153,35.4289987745736],[-99.5495183209022,35.4304987745866]]]}},{"type":"Feature","properties":{"county":"Beckham","legal":"27-11N-23W-IM","operator":"BCE-MACH II LLC","lease_name":"FLYNN #1-27","api_number":"3500921309","reservoir":"DES MOINES","first_production":"2003-06-01","last_production":"2026-02-01"},"geometry":{"type":"Polygon","coordinates":[[[-99.619915663955,35.4012237979722],[-99.6184156639419,35.3997237979592],[-99.619915663955,35.3982237979461],[-99.621415663968,35.3997237979592],[-99.619915663955,35.4012237979722]]]}},{"type":"Feature","properties":{"county":"Beckham","legal":"32-12N-21W-IM","operator":"PRESIDIO","lease_name":"HARRIS #1-32","api_number":"3500921312","reservoir":"DES MOINES (RED FORK)","first_production":"2003-05-01","last_production":"2026-02-01"},"geometry":{"type":"Polygon","coordinates":[[[-99.4434509454444,35.4741128667158],[-99.4419509454314,35.4726128667028],[-99.4434509454444,35.4711128666897],[-99.4449509454574,35.4726128667028],[-99.4434509454444,35.4741128667158]]]}},{"type":"Feature","properties":{"county":"Beckham","legal":"29-12N-21W-IM","operator":"PRESIDIO","lease_name":"CABS FARMS 2-29","api_number":"3500921296","reservoir":"REDFORK","first_production":"2003-03-01","last_production":"2026-02-01"},"geometry":{"type":"Polygon","coordinates":[[[-99.4433716915782,35.4886305648439],[-99.4418716915651,35.4871305648308],[-99.4433716915782,35.4856305648178],[-99.4448716915912,35.4871305648308],[-99.4433716915782,35.4886305648439]]]}},{"type":"Feature","properties":{"county":"Beckham","legal":"28-12N-21W-IM","operator":"UNBRIDLED RESOURCES LLC","lease_name":"CABS #1-28","api_number":"3500921266","reservoir":"DES MOINES","first_production":"2002-12-01","last_production":"2026-02-01"},"geometry":{"type":"Polygon","coordinates":[[[-99.4257083975046,35.48851408816],[-99.4242083974916,35.4870140881469],[-99.4257083975046,35.4855140881339],[-99.4272083975176,35.4870140881469],[-99.4257083975046,35.48851408816]]]}},{"type":"Feature","properties":{"county":"Beckham","legal":"29-12N-21W-IM","operator":"PRESIDIO","lease_name":"NESSER #3-29","api_number":"3500921263","reservoir":"DES MOINES","first_production":"2002-08-01","last_production":"2026-02-01"},"geometry":{"type":"Polygon","coordinates":[[[-99.4433716915782,35.4886305648439],[-99.4418716915651,35.4871305648308],[-99.4433716915782,35.4856305648178],[-99.4448716915912,35.4871305648308],[-99.4433716915782,35.4886305648439]]]}},{"type":"Feature","properties":{"county":"Beckham","legal":"25-12N-22W-IM","operator":"KEY PRODUCTION","lease_name":"PERRYMAN 5-25","api_number":"3500921250","reservoir":"DES MOINES","first_production":"2002-05-01","last_production":"2026-02-01"},"geometry":{"type":"Polygon","coordinates":[[[-99.4785328080116,35.4887296909235],[-99.4770328079985,35.4872296909104],[-99.4785328080116,35.4857296908974],[-99.4800328080246,35.4872296909104],[-99.4785328080116,35.4887296909235]]]}},{"type":"Feature","properties":{"county":"Beckham","legal":"32-12N-21W-IM","operator":"UNBRIDLED RESOURCES LLC","lease_name":"CLARK 2-32","api_number":"3500921229","reservoir":"DES MOINES","first_production":"2001-10-01","last_production":"2026-02-01"},"geometry":{"type":"Polygon","coordinates":[[[-99.4434509454444,35.4741128667158],[-99.4419509454314,35.4726128667028],[-99.4434509454444,35.4711128666897],[-99.4449509454574,35.4726128667028],[-99.4434509454444,35.4741128667158]]]}},{"type":"Feature","properties":{"county":"Beckham","legal":"31-12N-21W-IM","operator":"PRESIDIO","lease_name":"SMITH 2-31","api_number":"3500921217","reservoir":"DES MOINES","first_production":"2001-09-01","last_production":"2026-02-01"},"geometry":{"type":"Polygon","coordinates":[[[-99.4610182050546,35.4741895536371],[-99.4595182050415,35.4726895536241],[-99.4610182050546,35.471189553611],[-99.4625182050676,35.4726895536241],[-99.4610182050546,35.4741895536371]]]}},{"type":"Feature","properties":{"county":"Beckham","legal":"14-11N-22W-IM","operator":"KEY PRODUCTION","lease_name":"ELK 3-14","api_number":"3500921218","reservoir":"ATOKA","first_production":"2001-10-01","last_production":"2026-02-01"},"geometry":{"type":"Polygon","coordinates":[[[-99.4963936797927,35.4306624726365],[-99.4948936797796,35.4291624726235],[-99.4963936797927,35.4276624726104],[-99.4978936798057,35.4291624726235],[-99.4963936797927,35.4306624726365]]]}},{"type":"Feature","properties":{"county":"Beckham","legal":"25-12N-22W-IM","operator":"PRESIDIO","lease_name":"PERRYMAN 4-25","api_number":"3500921196","reservoir":"DES MOINES, ATOKA","first_production":"2001-03-01","last_production":"2026-02-01"},"geometry":{"type":"Polygon","coordinates":[[[-99.4785328080116,35.4887296909235],[-99.4770328079985,35.4872296909104],[-99.4785328080116,35.4857296908974],[-99.4800328080246,35.4872296909104],[-99.4785328080116,35.4887296909235]]]}},{"type":"Feature","properties":{"county":"Beckham","legal":"29-12N-21W-IM","operator":"PRESIDIO","lease_name":"CLARK 1-29","api_number":"3500921191","reservoir":"DES MOINES","first_production":"2001-01-01","last_production":"2026-02-01"},"geometry":{"type":"Polygon","coordinates":[[[-99.4433716915782,35.4886305648439],[-99.4418716915651,35.4871305648308],[-99.4433716915782,35.4856305648178],[-99.4448716915912,35.4871305648308],[-99.4433716915782,35.4886305648439]]]}},{"type":"Feature","properties":{"county":"Beckham","legal":"24-12N-22W-IM","operator":"EVOLUTION ENERGY, LLC","lease_name":"PERRYMAN 4-24","api_number":"3500921183","reservoir":"DES MOINES","first_production":"2000-12-01","last_production":"2026-02-01"},"geometry":{"type":"Polygon","coordinates":[[[-99.4786124751317,35.5031666889449],[-99.4771124751187,35.5016666889319],[-99.4786124751317,35.5001666889188],[-99.4801124751448,35.5016666889319],[-99.4786124751317,35.5031666889449]]]}},{"type":"Feature","properties":{"county":"Beckham","legal":"30-12N-21W-IM","operator":"PRESIDIO","lease_name":"WALL 1-30","api_number":"3500921175","reservoir":"DES MOINES","first_production":"2000-09-01","last_production":"2026-02-01"},"geometry":{"type":"Polygon","coordinates":[[[-99.4609795229731,35.4886820770155],[-99.45947952296,35.4871820770024],[-99.4609795229731,35.4856820769894],[-99.4624795229861,35.4871820770024],[-99.4609795229731,35.4886820770155]]]}},{"type":"Feature","properties":{"county":"Beckham","legal":"29-12N-21W-IM","operator":"PRESIDIO","lease_name":"RICHARDSON #1-29","api_number":"3500921147","reservoir":"ATOKA","first_production":"1999-10-01","last_production":"2026-02-01"},"geometry":{"type":"Polygon","coordinates":[[[-99.4433716915782,35.4886305648439],[-99.4418716915651,35.4871305648308],[-99.4433716915782,35.4856305648178],[-99.4448716915912,35.4871305648308],[-99.4433716915782,35.4886305648439]]]}},{"type":"Feature","properties":{"county":"Beckham","legal":"25-12N-22W-IM","operator":"KEY PRODUCTION","lease_name":"MERRICK #2-25","api_number":"3500921148","reservoir":"DES MOINES","first_production":"1999-09-01","last_production":"2026-02-01"},"geometry":{"type":"Polygon","coordinates":[[[-99.4785328080116,35.4887296909235],[-99.4770328079985,35.4872296909104],[-99.4785328080116,35.4857296908974],[-99.4800328080246,35.4872296909104],[-99.4785328080116,35.4887296909235]]]}},{"type":"Feature","properties":{"county":"Beckham","legal":"23-12N-22W-IM","operator":"PRESIDIO","lease_name":"PERRYMAN #1-23","api_number":"3500921129","reservoir":"CHEROKEE","first_production":"1999-01-01","last_production":"2026-02-01"},"geometry":{"type":"Polygon","coordinates":[[[-99.4963289577868,35.5031701949264],[-99.4948289577737,35.5016701949133],[-99.4963289577868,35.5001701949003],[-99.4978289577998,35.5016701949133],[-99.4963289577868,35.5031701949264]]]}},{"type":"Feature","properties":{"county":"Beckham","legal":"19-12N-21W-IM","operator":"SKYCAP ENERGY","lease_name":"FOWLER 3-19","api_number":"3500921111","reservoir":"RED FORK","first_production":"1998-05-01","last_production":"2026-02-01"},"geometry":{"type":"Polygon","coordinates":[[[-99.4610556024163,35.5031693904751],[-99.4595556024033,35.501669390462],[-99.4610556024163,35.500169390449],[-99.4625556024293,35.501669390462],[-99.4610556024163,35.5031693904751]]]}},{"type":"Feature","properties":{"county":"Beckham","legal":"30-12N-22W-IM","operator":"UNBRIDLED RESOURCES LLC","lease_name":"GLADYS #1-30","api_number":"3500921087","reservoir":"ATOKA, MORROW","first_production":"1998-02-01","last_production":"2026-02-01"},"geometry":{"type":"Polygon","coordinates":[[[-99.5670985135251,35.4884961979001],[-99.5655985135121,35.4869961978871],[-99.5670985135251,35.4854961978741],[-99.5685985135381,35.4869961978871],[-99.5670985135251,35.4884961979001]]]}},{"type":"Feature","properties":{"county":"Beckham","legal":"05-11N-22W-IM","operator":"DIVERSIFIED PRODUCTION LLC","lease_name":"KENT #5-5","api_number":"3500921091","reservoir":"ATOKA","first_production":"1997-11-01","last_production":"2026-02-01"},"geometry":{"type":"Polygon","coordinates":[[[-99.5497580453449,35.4595232722522],[-99.5482580453318,35.4580232722392],[-99.5497580453449,35.4565232722262],[-99.5512580453579,35.4580232722392],[-99.5497580453449,35.4595232722522]]]}},{"type":"Feature","properties":{"county":"Beckham","legal":"01-11N-22W-IM","operator":"BCE-MACH II LLC","lease_name":"POTTER 2-1","api_number":"3500921076","reservoir":"ATOKA","first_production":"1997-07-01","last_production":"2026-02-01"},"geometry":{"type":"Polygon","coordinates":[[[-99.4786034345699,35.4596932137164],[-99.4771034345569,35.4581932137034],[-99.4786034345699,35.4566932136903],[-99.480103434583,35.4581932137034],[-99.4786034345699,35.4596932137164]]]}},{"type":"Feature","properties":{"county":"Beckham","legal":"21-12N-22W-IM","operator":"BCE-MACH II LLC","lease_name":"THURMOND 3-21","api_number":"3500921068","reservoir":"ATOKA","first_production":"1997-06-01","last_production":"2026-02-01"},"geometry":{"type":"Polygon","coordinates":[[[-99.5315993889921,35.5031748330033],[-99.530099388979,35.5016748329903],[-99.5315993889921,35.5001748329773],[-99.5330993890051,35.5016748329903],[-99.5315993889921,35.5031748330033]]]}},{"type":"Feature","properties":{"county":"Beckham","legal":"30-12N-21W-IM","operator":"PRESIDIO","lease_name":"THORNTON #3-30","api_number":"3500921077","reservoir":"DES MOINES","first_production":"1997-08-01","last_production":"2026-02-01"},"geometry":{"type":"Polygon","coordinates":[[[-99.4609795229731,35.4886820770155],[-99.45947952296,35.4871820770024],[-99.4609795229731,35.4856820769894],[-99.4624795229861,35.4871820770024],[-99.4609795229731,35.4886820770155]]]}},{"type":"Feature","properties":{"county":"Beckham","legal":"32-12N-22W-IM","operator":"UNBRIDLED RESOURCES LLC","lease_name":"SIMMONS #3-32","api_number":"3500921045","reservoir":"MORROW","first_production":"1996-12-01","last_production":"2026-02-01"},"geometry":{"type":"Polygon","coordinates":[[[-99.5497781562881,35.4741182514259],[-99.548278156275,35.4726182514128],[-99.5497781562881,35.4711182513998],[-99.5512781563011,35.4726182514128],[-99.5497781562881,35.4741182514259]]]}},{"type":"Feature","properties":{"county":"Beckham","legal":"19-12N-21W-IM","operator":"PRESIDIO","lease_name":"THORNTON #2-19","api_number":"3500921034","reservoir":"DES MOINES","first_production":"1996-05-01","last_production":"2026-02-01"},"geometry":{"type":"Polygon","coordinates":[[[-99.4610556024163,35.5031693904751],[-99.4595556024033,35.501669390462],[-99.4610556024163,35.500169390449],[-99.4625556024293,35.501669390462],[-99.4610556024163,35.5031693904751]]]}},{"type":"Feature","properties":{"county":"Beckham","legal":"14-11N-22W-IM","operator":"UNBRIDLED RESOURCES LLC","lease_name":"SCHMIDT #1-14","api_number":"3500921016","reservoir":"ATOKA","first_production":"1995-07-01","last_production":"2026-02-01"},"geometry":{"type":"Polygon","coordinates":[[[-99.4963936797927,35.4306624726365],[-99.4948936797796,35.4291624726235],[-99.4963936797927,35.4276624726104],[-99.4978936798057,35.4291624726235],[-99.4963936797927,35.4306624726365]]]}},{"type":"Feature","properties":{"county":"Beckham","legal":"34-12N-22W-IM","operator":"PRESIDIO","lease_name":"FARRIS #1-34","api_number":"3500921005","reservoir":"MORROW","first_production":"1995-04-01","last_production":"2026-02-01"},"geometry":{"type":"Polygon","coordinates":[[[-99.5143270081015,35.4743296298346],[-99.5128270080885,35.4728296298215],[-99.5143270081015,35.4713296298085],[-99.5158270081146,35.4728296298215],[-99.5143270081015,35.4743296298346]]]}},{"type":"Feature","properties":{"county":"Beckham","legal":"27-12N-21W-IM","operator":"RIVIERA OPERATING","lease_name":"HEWLETT 1;2-27","api_number":"3500921067;3500920922","reservoir":"CLINTON LAKE SAND, UPPER MORROW","first_production":"1995-01-01","last_production":"2026-02-01"},"geometry":{"type":"Polygon","coordinates":[[[-99.4080280632909,35.4884287966158],[-99.4065280632779,35.4869287966028],[-99.4080280632909,35.4854287965897],[-99.409528063304,35.4869287966028],[-99.4080280632909,35.4884287966158]]]}},{"type":"Feature","properties":{"county":"Beckham","legal":"34-12N-21W-IM","operator":"RIVIERA OPERATING","lease_name":"MARY B 34-1","api_number":"3500920918","reservoir":"ATOKA(CLINTON LAKES)","first_production":"1995-01-01","last_production":"2026-02-01"},"geometry":{"type":"Polygon","coordinates":[[[-99.4080263873225,35.473936221272],[-99.4065263873095,35.472436221259],[-99.4080263873225,35.470936221246],[-99.4095263873356,35.472436221259],[-99.4080263873225,35.473936221272]]]}},{"type":"Feature","properties":{"county":"Beckham","legal":"36-12N-22W-IM","operator":"PRESIDIO","lease_name":"PAUL JONES#1-36","api_number":"3500920482","reservoir":"ATOKA","first_production":"1995-03-01","last_production":"2026-02-01"},"geometry":{"type":"Polygon","coordinates":[[[-99.4785922459565,35.4741598127097],[-99.4770922459435,35.4726598126966],[-99.4785922459565,35.4711598126836],[-99.4800922459695,35.4726598126966],[-99.4785922459565,35.4741598127097]]]}},{"type":"Feature","properties":{"county":"Beckham","legal":"31-11N-23W-IM","operator":"BCE-MACH II LLC","lease_name":"PURVIS STATE #1","api_number":"3500920572","reservoir":"GRANITE WASH","first_production":"1995-01-01","last_production":"2026-02-01"},"geometry":{"type":"Polygon","coordinates":[[[-99.6730030432026,35.3869220859253],[-99.6715030431896,35.3854220859123],[-99.6730030432026,35.3839220858992],[-99.6745030432157,35.3854220859123],[-99.6730030432026,35.3869220859253]]]}},{"type":"Feature","properties":{"county":"Beckham","legal":"31-12N-22W-IM","operator":"PRESIDIO","lease_name":"SIMMONS 2-31","api_number":"3500920798","reservoir":"MORROW","first_production":"1995-01-01","last_production":"2026-02-01"},"geometry":{"type":"Polygon","coordinates":[[[-99.5671347297793,35.4739872561604],[-99.5656347297663,35.4724872561474],[-99.5671347297793,35.4709872561343],[-99.5686347297923,35.4724872561474],[-99.5671347297793,35.4739872561604]]]}},{"type":"Feature","properties":{"county":"Beckham","legal":"31-12N-22W-IM","operator":"PRESIDIO","lease_name":"SIMMONS 1-31","api_number":"3500920505","reservoir":"MORROW","first_production":"1995-01-01","last_production":"2026-02-01"},"geometry":{"type":"Polygon","coordinates":[[[-99.5671347297793,35.4739872561604],[-99.5656347297663,35.4724872561474],[-99.5671347297793,35.4709872561343],[-99.5686347297923,35.4724872561474],[-99.5671347297793,35.4739872561604]]]}},{"type":"Feature","properties":{"county":"Beckham","legal":"05-11N-22W-IM","operator":"DIVERSIFIED PRODUCTION LLC","lease_name":"KENT #4","api_number":"3500920462","reservoir":"ATOKA","first_production":"1995-01-01","last_production":"2026-02-01"},"geometry":{"type":"Polygon","coordinates":[[[-99.5497580453449,35.4595232722522],[-99.5482580453318,35.4580232722392],[-99.5497580453449,35.4565232722262],[-99.5512580453579,35.4580232722392],[-99.5497580453449,35.4595232722522]]]}},{"type":"Feature","properties":{"county":"Beckham","legal":"32-12N-22W-IM","operator":"PRESIDIO","lease_name":"PRESTON #1-32","api_number":"3500920509","reservoir":"ATOKA","first_production":"1995-01-01","last_production":"2026-02-01"},"geometry":{"type":"Polygon","coordinates":[[[-99.5497781562881,35.4741182514259],[-99.548278156275,35.4726182514128],[-99.5497781562881,35.4711182513998],[-99.5512781563011,35.4726182514128],[-99.5497781562881,35.4741182514259]]]}},{"type":"Feature","properties":{"county":"Beckham","legal":"25-12N-22W-IM","operator":"PRESIDIO","lease_name":"MERRICK 1-25","api_number":"3500920510","reservoir":"RED FORK","first_production":"1995-01-01","last_production":"2026-02-01"},"geometry":{"type":"Polygon","coordinates":[[[-99.4785328080116,35.4887296909235],[-99.4770328079985,35.4872296909104],[-99.4785328080116,35.4857296908974],[-99.4800328080246,35.4872296909104],[-99.4785328080116,35.4887296909235]]]}},{"type":"Feature","properties":{"county":"Beckham","legal":"35-12N-22W-IM","operator":"PRESIDIO","lease_name":"JONES #2-35;3-35","api_number":"3500920463;3500920821","reservoir":"ATOKA","first_production":"1995-01-01","last_production":"2026-02-01"},"geometry":{"type":"Polygon","coordinates":[[[-99.496461564842,35.4742912234959],[-99.4949615648289,35.4727912234829],[-99.496461564842,35.4712912234699],[-99.497961564855,35.4727912234829],[-99.496461564842,35.4742912234959]]]}},{"type":"Feature","properties":{"county":"Beckham","legal":"19-11N-22W-IM","operator":"UNBRIDLED RESOURCES LLC","lease_name":"KNIGHT#1-19","api_number":"3500920400","reservoir":"GRANITE WASH (DES MOINES)","first_production":"1995-01-01","last_production":"2026-02-01"},"geometry":{"type":"Polygon","coordinates":[[[-99.5668601127983,35.4158452674777],[-99.5653601127853,35.4143452674647],[-99.5668601127983,35.4128452674517],[-99.5683601128113,35.4143452674647],[-99.5668601127983,35.4158452674777]]]}},{"type":"Feature","properties":{"county":"Beckham","legal":"30-12N-22W-IM","operator":"PRESIDIO","lease_name":"SIMMONS #2-30","api_number":"3500920666","reservoir":"ATOKA","first_production":"1995-01-01","last_production":"2026-02-01"},"geometry":{"type":"Polygon","coordinates":[[[-99.5670985135251,35.4884961979001],[-99.5655985135121,35.4869961978871],[-99.5670985135251,35.4854961978741],[-99.5685985135381,35.4869961978871],[-99.5670985135251,35.4884961979001]]]}},{"type":"Feature","properties":{"county":"Beckham","legal":"12-11N-22W-IM","operator":"PRESIDIO","lease_name":"MARTIN 1-12","api_number":"3500920842","reservoir":"ATOKA","first_production":"1995-01-01","last_production":"2026-02-01"},"geometry":{"type":"Polygon","coordinates":[[[-99.4786107353731,35.445204859045],[-99.47711073536,35.4437048590319],[-99.4786107353731,35.4422048590189],[-99.4801107353861,35.4437048590319],[-99.4786107353731,35.445204859045]]]}},{"type":"Feature","properties":{"county":"Beckham","legal":"12-11N-22W-IM","operator":"PRESIDIO","lease_name":"GREGORY #1-12","api_number":"3500920421","reservoir":"ATOKA","first_production":"1995-01-01","last_production":"2026-02-01"},"geometry":{"type":"Polygon","coordinates":[[[-99.4786107353731,35.445204859045],[-99.47711073536,35.4437048590319],[-99.4786107353731,35.4422048590189],[-99.4801107353861,35.4437048590319],[-99.4786107353731,35.445204859045]]]}},{"type":"Feature","properties":{"county":"Beckham","legal":"30-12N-21W-IM","operator":"PRESIDIO","lease_name":"THORNTON #2-30","api_number":"3500920385","reservoir":"MORROW","first_production":"1995-01-01","last_production":"2026-02-01"},"geometry":{"type":"Polygon","coordinates":[[[-99.4609795229731,35.4886820770155],[-99.45947952296,35.4871820770024],[-99.4609795229731,35.4856820769894],[-99.4624795229861,35.4871820770024],[-99.4609795229731,35.4886820770155]]]}},{"type":"Feature","properties":{"county":"Beckham","legal":"23-12N-21W-IM","operator":"PRESIDIO","lease_name":"GRETHEN-JOHNSON #1-23","api_number":"3500920371","reservoir":"RED FORK","first_production":"1995-01-01","last_production":"2026-02-01"},"geometry":{"type":"Polygon","coordinates":[[[-99.3905051640608,35.5029399954208],[-99.3890051640478,35.5014399954078],[-99.3905051640608,35.4999399953947],[-99.3920051640739,35.5014399954078],[-99.3905051640608,35.5029399954208]]]}},{"type":"Feature","properties":{"county":"Beckham","legal":"13-11N-22W-IM","operator":"PRESIDIO","lease_name":"MORSE #1-13","api_number":"3500920388","reservoir":"ATOKA","first_production":"1995-01-01","last_production":"2026-02-01"},"geometry":{"type":"Polygon","coordinates":[[[-99.4786507216843,35.430609500741],[-99.4771507216713,35.429109500728],[-99.4786507216843,35.427609500715],[-99.4801507216973,35.429109500728],[-99.4786507216843,35.430609500741]]]}},{"type":"Feature","properties":{"county":"Beckham","legal":"33-12N-22W-IM","operator":"DIVERSIFIED PRODUCTION LLC","lease_name":"REUBEN POTTER #1","api_number":"3500920369","reservoir":"ATOKA","first_production":"1995-01-01","last_production":"2026-02-01"},"geometry":{"type":"Polygon","coordinates":[[[-99.5320386426993,35.4742667275328],[-99.5305386426862,35.4727667275198],[-99.5320386426993,35.4712667275067],[-99.5335386427123,35.4727667275198],[-99.5320386426993,35.4742667275328]]]}},{"type":"Feature","properties":{"county":"Beckham","legal":"28-12N-22W-IM","operator":"PRESIDIO","lease_name":"MERRICK #1-28;2-28","api_number":"3500920826;3500920363","reservoir":"ATOKA","first_production":"1995-01-01","last_production":"2026-02-01"},"geometry":{"type":"Polygon","coordinates":[[[-99.5319174473724,35.488727695951],[-99.5304174473593,35.487227695938],[-99.5319174473724,35.4857276959249],[-99.5334174473854,35.487227695938],[-99.5319174473724,35.488727695951]]]}},{"type":"Feature","properties":{"county":"Beckham","legal":"34-12N-22W-IM","operator":"PRESIDIO","lease_name":"K.C. CATTLE #1-34","api_number":"3500920355","reservoir":"ATOKA","first_production":"1995-01-01","last_production":"2026-02-01"},"geometry":{"type":"Polygon","coordinates":[[[-99.5143270081015,35.4743296298346],[-99.5128270080885,35.4728296298215],[-99.5143270081015,35.4713296298085],[-99.5158270081146,35.4728296298215],[-99.5143270081015,35.4743296298346]]]}},{"type":"Feature","properties":{"county":"Beckham","legal":"15-11N-22W-IM","operator":"PRESIDIO","lease_name":"REA #1-15","api_number":"3500920350","reservoir":"ATOKA","first_production":"1995-01-01","last_production":"2026-02-01"},"geometry":{"type":"Polygon","coordinates":[[[-99.5141955579571,35.4305691359614],[-99.5126955579441,35.4290691359484],[-99.5141955579571,35.4275691359353],[-99.5156955579701,35.4290691359484],[-99.5141955579571,35.4305691359614]]]}},{"type":"Feature","properties":{"county":"Beckham","legal":"04-11N-22W-IM","operator":"PRESIDIO","lease_name":"MOLLETT #2-4","api_number":"3500920815","reservoir":"ATOKA","first_production":"1995-01-01","last_production":"2026-02-01"},"geometry":{"type":"Polygon","coordinates":[[[-99.5319886556363,35.4596790951728],[-99.5304886556233,35.4581790951597],[-99.5319886556363,35.4566790951467],[-99.5334886556493,35.4581790951597],[-99.5319886556363,35.4596790951728]]]}},{"type":"Feature","properties":{"county":"Beckham","legal":"04-11N-22W-IM","operator":"PRESIDIO","lease_name":"MOLLETT #1-4","api_number":"3500920335","reservoir":"ATOKA","first_production":"1995-01-01","last_production":"2026-02-01"},"geometry":{"type":"Polygon","coordinates":[[[-99.5319886556363,35.4596790951728],[-99.5304886556233,35.4581790951597],[-99.5319886556363,35.4566790951467],[-99.5334886556493,35.4581790951597],[-99.5319886556363,35.4596790951728]]]}},{"type":"Feature","properties":{"county":"Beckham","legal":"03-11N-22W-IM","operator":"PRESIDIO","lease_name":"K C CATTLE #2-3","api_number":"3500920348","reservoir":"ATOKA","first_production":"1995-01-01","last_production":"2026-02-01"},"geometry":{"type":"Polygon","coordinates":[[[-99.5142412735592,35.4598201233561],[-99.5127412735462,35.458320123343],[-99.5142412735592,35.45682012333],[-99.5157412735722,35.458320123343],[-99.5142412735592,35.4598201233561]]]}},{"type":"Feature","properties":{"county":"Beckham","legal":"02-11N-22W-IM","operator":"PRESIDIO","lease_name":"K.C. CATTLE #4-2","api_number":"3500920830","reservoir":"ATOKA","first_production":"1995-01-01","last_production":"2026-02-01"},"geometry":{"type":"Polygon","coordinates":[[[-99.4965045406177,35.4597583392841],[-99.4950045406047,35.4582583392711],[-99.4965045406177,35.4567583392581],[-99.4980045406308,35.4582583392711],[-99.4965045406177,35.4597583392841]]]}},{"type":"Feature","properties":{"county":"Beckham","legal":"02-11N-22W-IM","operator":"PRESIDIO","lease_name":"K C CATTLE #3-2","api_number":"3500920352","reservoir":"ATOKA","first_production":"1995-01-01","last_production":"2026-02-01"},"geometry":{"type":"Polygon","coordinates":[[[-99.4965045406177,35.4597583392841],[-99.4950045406047,35.4582583392711],[-99.4965045406177,35.4567583392581],[-99.4980045406308,35.4582583392711],[-99.4965045406177,35.4597583392841]]]}},{"type":"Feature","properties":{"county":"Beckham","legal":"29-12N-21W-IM","operator":"PRESIDIO","lease_name":"NESSER #2-29","api_number":"3500920946","reservoir":"DES MOINES","first_production":"1995-01-01","last_production":"2026-02-01"},"geometry":{"type":"Polygon","coordinates":[[[-99.4433716915782,35.4886305648439],[-99.4418716915651,35.4871305648308],[-99.4433716915782,35.4856305648178],[-99.4448716915912,35.4871305648308],[-99.4433716915782,35.4886305648439]]]}},{"type":"Feature","properties":{"county":"Beckham","legal":"29-12N-21W-IM","operator":"PRESIDIO","lease_name":"NESSER #1-29","api_number":"3500920340","reservoir":"ATOKA","first_production":"1995-01-01","last_production":"2026-02-01"},"geometry":{"type":"Polygon","coordinates":[[[-99.4433716915782,35.4886305648439],[-99.4418716915651,35.4871305648308],[-99.4433716915782,35.4856305648178],[-99.4448716915912,35.4871305648308],[-99.4433716915782,35.4886305648439]]]}},{"type":"Feature","properties":{"county":"Beckham","legal":"06-11N-21W-IM","operator":"CRAWLEY PETROLEUM","lease_name":"PARTAIN #1-6","api_number":"3500920289","reservoir":"RED FORK","first_production":"1995-01-01","last_production":"2026-02-01"},"geometry":{"type":"Polygon","coordinates":[[[-99.4609995940798,35.459701458317],[-99.4594995940667,35.4582014583039],[-99.4609995940798,35.4567014582909],[-99.4624995940928,35.4582014583039],[-99.4609995940798,35.459701458317]]]}},{"type":"Feature","properties":{"county":"Beckham","legal":"11-11N-22W-IM","operator":"PRESIDIO","lease_name":"J C POTTER #2-11","api_number":"3500920835","reservoir":"ATOKA","first_production":"1995-01-01","last_production":"2026-02-01"},"geometry":{"type":"Polygon","coordinates":[[[-99.4964457285257,35.4452498789733],[-99.4949457285126,35.4437498789603],[-99.4964457285257,35.4422498789472],[-99.4979457285387,35.4437498789603],[-99.4964457285257,35.4452498789733]]]}},{"type":"Feature","properties":{"county":"Beckham","legal":"10-11N-22W-IM","operator":"PRESIDIO","lease_name":"NAGLE STATE #2-10","api_number":"3500920829","reservoir":"ATOKA","first_production":"1995-01-01","last_production":"2026-02-01"},"geometry":{"type":"Polygon","coordinates":[[[-99.5142131780034,35.4451797896168],[-99.5127131779903,35.4436797896038],[-99.5142131780034,35.4421797895908],[-99.5157131780164,35.4436797896038],[-99.5142131780034,35.4451797896168]]]}},{"type":"Feature","properties":{"county":"Beckham","legal":"10-11N-22W-IM","operator":"PRESIDIO","lease_name":"NAGLE STATE #1-10","api_number":"3500920288","reservoir":"ATOKA/DES MOINES","first_production":"1995-01-01","last_production":"2026-02-01"},"geometry":{"type":"Polygon","coordinates":[[[-99.5142131780034,35.4451797896168],[-99.5127131779903,35.4436797896038],[-99.5142131780034,35.4421797895908],[-99.5157131780164,35.4436797896038],[-99.5142131780034,35.4451797896168]]]}},{"type":"Feature","properties":{"county":"Beckham","legal":"30-12N-21W-IM","operator":"PRESIDIO","lease_name":"THORNTON #1-30","api_number":"3500920302","reservoir":"ATOKA","first_production":"1995-01-01","last_production":"2026-02-01"},"geometry":{"type":"Polygon","coordinates":[[[-99.4609795229731,35.4886820770155],[-99.45947952296,35.4871820770024],[-99.4609795229731,35.4856820769894],[-99.4624795229861,35.4871820770024],[-99.4609795229731,35.4886820770155]]]}},{"type":"Feature","properties":{"county":"Beckham","legal":"28-12N-21W-IM","operator":"PRESIDIO","lease_name":"NICHOLS GREGORY #2-28","api_number":"3500920284","reservoir":"UPPER MORROW","first_production":"1995-01-01","last_production":"2026-02-01"},"geometry":{"type":"Polygon","coordinates":[[[-99.4257083975046,35.48851408816],[-99.4242083974916,35.4870140881469],[-99.4257083975046,35.4855140881339],[-99.4272083975176,35.4870140881469],[-99.4257083975046,35.48851408816]]]}},{"type":"Feature","properties":{"county":"Beckham","legal":"32-12N-21W-IM","operator":"PRESIDIO","lease_name":"CLARK #1-32","api_number":"3500920270","reservoir":"RED FORK","first_production":"1995-01-01","last_production":"2026-02-01"},"geometry":{"type":"Polygon","coordinates":[[[-99.4434509454444,35.4741128667158],[-99.4419509454314,35.4726128667028],[-99.4434509454444,35.4711128666897],[-99.4449509454574,35.4726128667028],[-99.4434509454444,35.4741128667158]]]}},{"type":"Feature","properties":{"county":"Beckham","legal":"20-12N-22W-IM","operator":"PRESIDIO","lease_name":"POTTER STATE #1-20","api_number":"3500920264","reservoir":"ATOKA","first_production":"1995-01-01","last_production":"2026-02-01"},"geometry":{"type":"Polygon","coordinates":[[[-99.5493214500675,35.5030847850613],[-99.5478214500544,35.5015847850483],[-99.5493214500675,35.5000847850353],[-99.5508214500805,35.5015847850483],[-99.5493214500675,35.5030847850613]]]}},{"type":"Feature","properties":{"county":"Beckham","legal":"33-12N-21W-IM","operator":"SANGUINE","lease_name":"CHESTER #1-33","api_number":"3500920743","reservoir":"CLINTON","first_production":"1995-01-01","last_production":"2026-02-01"},"geometry":{"type":"Polygon","coordinates":[[[-99.4257696432012,35.4739820889226],[-99.4242696431882,35.4724820889096],[-99.4257696432012,35.4709820888966],[-99.4272696432143,35.4724820889096],[-99.4257696432012,35.4739820889226]]]}},{"type":"Feature","properties":{"county":"Beckham","legal":"33-12N-21W-IM","operator":"RIVIERA OPERATING","lease_name":"CLARK 1-33; DEWBRE 1-33","api_number":"3500920949;3500920240","reservoir":"UPPER MORROW,RED FORK(DEWBRE)","first_production":"1995-01-01","last_production":"2026-02-01"},"geometry":{"type":"Polygon","coordinates":[[[-99.4257696432012,35.4739820889226],[-99.4242696431882,35.4724820889096],[-99.4257696432012,35.4709820888966],[-99.4272696432143,35.4724820889096],[-99.4257696432012,35.4739820889226]]]}},{"type":"Feature","properties":{"county":"Beckham","legal":"29-12N-21W-IM","operator":"PRESIDIO","lease_name":"GREGORY #2-29","api_number":"3500920831","reservoir":"ATOKA","first_production":"1995-01-01","last_production":"2026-02-01"},"geometry":{"type":"Polygon","coordinates":[[[-99.4433716915782,35.4886305648439],[-99.4418716915651,35.4871305648308],[-99.4433716915782,35.4856305648178],[-99.4448716915912,35.4871305648308],[-99.4433716915782,35.4886305648439]]]}},{"type":"Feature","properties":{"county":"Beckham","legal":"29-12N-21W-IM","operator":"PRESIDIO","lease_name":"GREGORY #1-29","api_number":"3500920250","reservoir":"UPPER MORROW","first_production":"1995-01-01","last_production":"2026-02-01"},"geometry":{"type":"Polygon","coordinates":[[[-99.4433716915782,35.4886305648439],[-99.4418716915651,35.4871305648308],[-99.4433716915782,35.4856305648178],[-99.4448716915912,35.4871305648308],[-99.4433716915782,35.4886305648439]]]}},{"type":"Feature","properties":{"county":"Beckham","legal":"21-12N-21W-IM","operator":"PRESIDIO","lease_name":"WATKINS 1-21","api_number":"3500920236","reservoir":"MORROW","first_production":"1995-01-01","last_production":"2026-02-01"},"geometry":{"type":"Polygon","coordinates":[[[-99.4258567867023,35.5030964498666],[-99.4243567866893,35.5015964498536],[-99.4258567867023,35.5000964498405],[-99.4273567867153,35.5015964498536],[-99.4258567867023,35.5030964498666]]]}},{"type":"Feature","properties":{"county":"Beckham","legal":"21-12N-22W-IM","operator":"PRESIDIO","lease_name":"THURMOND #1-21","api_number":"3500920205","reservoir":"UPPER MORROW","first_production":"1995-01-01","last_production":"2026-02-01"},"geometry":{"type":"Polygon","coordinates":[[[-99.5315993889921,35.5031748330033],[-99.530099388979,35.5016748329903],[-99.5315993889921,35.5001748329773],[-99.5330993890051,35.5016748329903],[-99.5315993889921,35.5031748330033]]]}},{"type":"Feature","properties":{"county":"Beckham","legal":"28-12N-21W-IM","operator":"CIMAREX ENERGY","lease_name":"NICHOLS-GREGORY #1","api_number":"3500920172","reservoir":"RED FORK","first_production":"1995-01-01","last_production":"2026-02-01"},"geometry":{"type":"Polygon","coordinates":[[[-99.4257083975046,35.48851408816],[-99.4242083974916,35.4870140881469],[-99.4257083975046,35.4855140881339],[-99.4272083975176,35.4870140881469],[-99.4257083975046,35.48851408816]]]}},{"type":"Feature","properties":{"county":"Beckham","legal":"22-12N-21W-IM","operator":"RIVIERA OPERATING","lease_name":"FARRAR #2-22","api_number":"3500920740","reservoir":"MORROW","first_production":"1995-01-01","last_production":"2026-02-01"},"geometry":{"type":"Polygon","coordinates":[[[-99.4082176889916,35.5029892431603],[-99.4067176889785,35.5014892431473],[-99.4082176889916,35.4999892431342],[-99.4097176890046,35.5014892431473],[-99.4082176889916,35.5029892431603]]]}},{"type":"Feature","properties":{"county":"Washita","legal":"12-11N-19W-IM","operator":"DIVERSIFIED PRODUCTION LLC","lease_name":"BURGERT 12-11-19 1H","api_number":"3514921710","reservoir":"DES MOINES","first_production":"2015-03-01","last_production":"2026-03-01"},"geometry":{"type":"Polygon","coordinates":[[[-99.1613914260204,35.4450305809876],[-99.1598914260073,35.4435305809745],[-99.1613914260204,35.4420305809615],[-99.1628914260334,35.4435305809745],[-99.1613914260204,35.4450305809876]]]}},{"type":"Feature","properties":{"county":"Washita","legal":"21-11N-18W-IM","operator":"DIVERSIFIED PRODUCTION LLC","lease_name":"RODOLPH 21-11-18 1H","api_number":"3514921711","reservoir":"DES MOINES","first_production":"2015-02-01","last_production":"2026-03-01"},"geometry":{"type":"Polygon","coordinates":[[[-99.1082548685366,35.4159458445577],[-99.1067548685235,35.4144458445447],[-99.1082548685366,35.4129458445317],[-99.1097548685496,35.4144458445447],[-99.1082548685366,35.4159458445577]]]}},{"type":"Feature","properties":{"county":"Washita","legal":"28-11N-18W-IM","operator":"DIVERSIFIED PRODUCTION LLC","lease_name":"CARTER 28-11-18 2H","api_number":"3514921707","reservoir":"DES MOINES","first_production":"2014-12-01","last_production":"2026-03-01"},"geometry":{"type":"Polygon","coordinates":[[[-99.1082249254368,35.4014679682936],[-99.1067249254238,35.3999679682806],[-99.1082249254368,35.3984679682676],[-99.1097249254499,35.3999679682806],[-99.1082249254368,35.4014679682936]]]}},{"type":"Feature","properties":{"county":"Washita","legal":"33-11N-16W-IM","operator":"DIVERSIFIED PRODUCTION LLC","lease_name":"GOERINGER 33-11-16 1H","api_number":"3514921703","reservoir":"DES MOINES","first_production":"2014-09-01","last_production":"2026-03-01"},"geometry":{"type":"Polygon","coordinates":[[[-98.8968650077628,35.3868549528955],[-98.8953650077497,35.3853549528824],[-98.8968650077628,35.3838549528694],[-98.8983650077758,35.3853549528824],[-98.8968650077628,35.3868549528955]]]}},{"type":"Feature","properties":{"county":"Washita","legal":"28-11N-18W-IM","operator":"DIVERSIFIED PRODUCTION LLC","lease_name":"WHEELER 28-11-18 1H","api_number":"3514921699","reservoir":"DES MOINES","first_production":"2014-08-01","last_production":"2026-03-01"},"geometry":{"type":"Polygon","coordinates":[[[-99.1082249254368,35.4014679682936],[-99.1067249254238,35.3999679682806],[-99.1082249254368,35.3984679682676],[-99.1097249254499,35.3999679682806],[-99.1082249254368,35.4014679682936]]]}},{"type":"Feature","properties":{"county":"Washita","legal":"06-11N-18W-IM","operator":"DIVERSIFIED PRODUCTION LLC","lease_name":"KENNETH 6-11-18 1H","api_number":"3514921691","reservoir":"DES MOINES","first_production":"2014-02-01","last_production":"2026-03-01"},"geometry":{"type":"Polygon","coordinates":[[[-99.1436910557416,35.4595096190414],[-99.1421910557285,35.4580096190284],[-99.1436910557416,35.4565096190153],[-99.1451910557546,35.4580096190284],[-99.1436910557416,35.4595096190414]]]}},{"type":"Feature","properties":{"county":"Washita","legal":"30-11N-18W-IM","operator":"DIVERSIFIED PRODUCTION LLC","lease_name":"SULLIVAN 30-11-18 1H","api_number":"3514921687","reservoir":"DES MOINES","first_production":"2014-01-01","last_production":"2026-03-01"},"geometry":{"type":"Polygon","coordinates":[[[-99.1436244430079,35.4016216360137],[-99.1421244429949,35.4001216360006],[-99.1436244430079,35.3986216359876],[-99.1451244430209,35.4001216360006],[-99.1436244430079,35.4016216360137]]]}},{"type":"Feature","properties":{"county":"Washita","legal":"23-11N-18W-IM","operator":"DIVERSIFIED PRODUCTION LLC","lease_name":"EARL JUDY 23-11-18 1H","api_number":"3514921679","reservoir":"DES MOINES GRANITE WASH","first_production":"2013-08-01","last_production":"2026-03-01"},"geometry":{"type":"Polygon","coordinates":[[[-99.0726468330126,35.416003877727],[-99.0711468329996,35.4145038777139],[-99.0726468330126,35.4130038777009],[-99.0741468330257,35.4145038777139],[-99.0726468330126,35.416003877727]]]}},{"type":"Feature","properties":{"county":"Washita","legal":"20-11N-18W-IM","operator":"DIVERSIFIED PRODUCTION LLC","lease_name":"DEBRA 20-11-18 1H","api_number":"3514921677","reservoir":"DES MOINES","first_production":"2013-07-01","last_production":"2026-03-01"},"geometry":{"type":"Polygon","coordinates":[[[-99.1259393648734,35.4160309657413],[-99.1244393648604,35.4145309657282],[-99.1259393648734,35.4130309657152],[-99.1274393648865,35.4145309657282],[-99.1259393648734,35.4160309657413]]]}},{"type":"Feature","properties":{"county":"Washita","legal":"18-11N-18W-IM","operator":"DIVERSIFIED PRODUCTION LLC","lease_name":"MCNATT 18-11-18 3H","api_number":"3514921676","reservoir":"DES MOINES GRANITE WASH","first_production":"2013-07-01","last_production":"2026-03-01"},"geometry":{"type":"Polygon","coordinates":[[[-99.1436845539091,35.430614581497],[-99.1421845538961,35.429114581484],[-99.1436845539091,35.427614581471],[-99.1451845539221,35.429114581484],[-99.1436845539091,35.430614581497]]]}},{"type":"Feature","properties":{"county":"Washita","legal":"10-11N-16W-IM","operator":"DIVERSIFIED PRODUCTION LLC","lease_name":"WHITE ELK 10-11-16 USA 1H","api_number":"3514921672","reservoir":"DES MOINES","first_production":"2013-06-01","last_production":"2026-03-01"},"geometry":{"type":"Polygon","coordinates":[[[-98.8791975159655,35.4448445041673],[-98.8776975159524,35.4433445041542],[-98.8791975159655,35.4418445041412],[-98.8806975159785,35.4433445041542],[-98.8791975159655,35.4448445041673]]]}},{"type":"Feature","properties":{"county":"Washita","legal":"10-11N-16W-IM","operator":"DIVERSIFIED PRODUCTION LLC","lease_name":"PENNER FARMS 10-11-16 USA 1H","api_number":"3514921671","reservoir":"DES MOINES","first_production":"2013-06-01","last_production":"2026-03-01"},"geometry":{"type":"Polygon","coordinates":[[[-98.8791975159655,35.4448445041673],[-98.8776975159524,35.4433445041542],[-98.8791975159655,35.4418445041412],[-98.8806975159785,35.4433445041542],[-98.8791975159655,35.4448445041673]]]}},{"type":"Feature","properties":{"county":"Washita","legal":"14-11N-19W-IM","operator":"DIVERSIFIED PRODUCTION LLC","lease_name":"SHIRL ANN 14-11-19 2H","api_number":"3514921667","reservoir":"DES MOINES","first_production":"2013-05-01","last_production":"2026-03-01"},"geometry":{"type":"Polygon","coordinates":[[[-99.1790212859897,35.430518144851],[-99.1775212859766,35.4290181448379],[-99.1790212859897,35.4275181448249],[-99.1805212860027,35.4290181448379],[-99.1790212859897,35.430518144851]]]}},{"type":"Feature","properties":{"county":"Washita","legal":"21-11N-18W-IM","operator":"DIVERSIFIED PRODUCTION LLC","lease_name":"DUB 21-11-18 2H","api_number":"3514921670","reservoir":"DES MOINES","first_production":"2013-03-01","last_production":"2026-03-01"},"geometry":{"type":"Polygon","coordinates":[[[-99.1082548685366,35.4159458445577],[-99.1067548685235,35.4144458445447],[-99.1082548685366,35.4129458445317],[-99.1097548685496,35.4144458445447],[-99.1082548685366,35.4159458445577]]]}},{"type":"Feature","properties":{"county":"Washita","legal":"23-11N-18W-IM","operator":"DIVERSIFIED PRODUCTION LLC","lease_name":"KENTON 23-11-18 1H","api_number":"3514921668","reservoir":"DES MOINES GRANITE WASH","first_production":"2013-02-01","last_production":"2026-03-01"},"geometry":{"type":"Polygon","coordinates":[[[-99.0726468330126,35.416003877727],[-99.0711468329996,35.4145038777139],[-99.0726468330126,35.4130038777009],[-99.0741468330257,35.4145038777139],[-99.0726468330126,35.416003877727]]]}},{"type":"Feature","properties":{"county":"Washita","legal":"05-11N-18W-IM","operator":"DIVERSIFIED PRODUCTION LLC","lease_name":"JOYE 5-11-18 3H","api_number":"3514921656","reservoir":"DES MOINES GRANITE WASH","first_production":"2013-01-01","last_production":"2026-03-01"},"geometry":{"type":"Polygon","coordinates":[[[-99.1260505753737,35.4594598852985],[-99.1245505753607,35.4579598852854],[-99.1260505753737,35.4564598852724],[-99.1275505753867,35.4579598852854],[-99.1260505753737,35.4594598852985]]]}},{"type":"Feature","properties":{"county":"Washita","legal":"16-11N-17W-IM","operator":"DIVERSIFIED PRODUCTION LLC","lease_name":"STEHR 16-11-17 3H","api_number":"3514921659","reservoir":"DES MOINES GRANITE WASH","first_production":"2012-11-01","last_production":"2026-03-01"},"geometry":{"type":"Polygon","coordinates":[[[-99.0025491563299,35.4304912908474],[-99.0010491563169,35.4289912908344],[-99.0025491563299,35.4274912908213],[-99.004049156343,35.4289912908344],[-99.0025491563299,35.4304912908474]]]}},{"type":"Feature","properties":{"county":"Washita","legal":"29-11N-18W-IM","operator":"DIVERSIFIED PRODUCTION LLC","lease_name":"REEDER 29-11-18 1H","api_number":"3514921655","reservoir":"DES MOINES","first_production":"2012-10-01","last_production":"2026-03-01"},"geometry":{"type":"Polygon","coordinates":[[[-99.1258822050066,35.4015227042744],[-99.1243822049935,35.4000227042613],[-99.1258822050066,35.3985227042483],[-99.1273822050196,35.4000227042613],[-99.1258822050066,35.4015227042744]]]}},{"type":"Feature","properties":{"county":"Washita","legal":"19-11N-18W-IM","operator":"DIVERSIFIED PRODUCTION LLC","lease_name":"MURRAY 19-11-18 3H","api_number":"3514921618","reservoir":"DES MOINES","first_production":"2012-03-01","last_production":"2026-03-01"},"geometry":{"type":"Polygon","coordinates":[[[-99.143631876743,35.4161218101789],[-99.1421318767299,35.4146218101659],[-99.143631876743,35.4131218101529],[-99.145131876756,35.4146218101659],[-99.143631876743,35.4161218101789]]]}},{"type":"Feature","properties":{"county":"Washita","legal":"28-11N-18W-IM","operator":"DIVERSIFIED PRODUCTION LLC","lease_name":"CARTER 28-11-18 1H","api_number":"3514921626","reservoir":"DES MOINES","first_production":"2012-03-01","last_production":"2026-03-01"},"geometry":{"type":"Polygon","coordinates":[[[-99.1082249254368,35.4014679682936],[-99.1067249254238,35.3999679682806],[-99.1082249254368,35.3984679682676],[-99.1097249254499,35.3999679682806],[-99.1082249254368,35.4014679682936]]]}},{"type":"Feature","properties":{"county":"Washita","legal":"31-11N-17W-IM","operator":"DIVERSIFIED PRODUCTION LLC","lease_name":"SCHMIDT 31-11-17 1H","api_number":"3514921624","reservoir":"DES MOINES","first_production":"2012-03-01","last_production":"2026-03-01"},"geometry":{"type":"Polygon","coordinates":[[[-99.0376242781627,35.3869289296935],[-99.0361242781497,35.3854289296805],[-99.0376242781627,35.3839289296675],[-99.0391242781757,35.3854289296805],[-99.0376242781627,35.3869289296935]]]}},{"type":"Feature","properties":{"county":"Washita","legal":"32-11N-18W-IM","operator":"MUSTANG","lease_name":"BOSS 1-32H","api_number":"3514921563","reservoir":"DES MOINES","first_production":"2012-03-01","last_production":"2026-03-01"},"geometry":{"type":"Polygon","coordinates":[[[-99.1258917961152,35.387072159093],[-99.1243917961022,35.38557215908],[-99.1258917961152,35.3840721590669],[-99.1273917961283,35.38557215908],[-99.1258917961152,35.387072159093]]]}},{"type":"Feature","properties":{"county":"Washita","legal":"03-11N-16W-IM","operator":"UNBRIDLED RESOURCES LLC","lease_name":"JOE 3-11-16 1H 1H","api_number":"3514921614","reservoir":"DES MOINES GRANITE WASH","first_production":"2012-02-01","last_production":"2026-03-01"},"geometry":{"type":"Polygon","coordinates":[[[-98.8792423297581,35.4593571931407],[-98.877742329745,35.4578571931277],[-98.8792423297581,35.4563571931146],[-98.8807423297711,35.4578571931277],[-98.8792423297581,35.4593571931407]]]}},{"type":"Feature","properties":{"county":"Washita","legal":"23-11N-16W-IM","operator":"UNBRIDLED RESOURCES LLC","lease_name":"MILLER 23-11-16 1H","api_number":"3514921607","reservoir":"DES MOINES","first_production":"2011-12-01","last_production":"2026-03-01"},"geometry":{"type":"Polygon","coordinates":[[[-98.8613112638435,35.4160266093446],[-98.8598112638304,35.4145266093315],[-98.8613112638435,35.4130266093185],[-98.8628112638565,35.4145266093315],[-98.8613112638435,35.4160266093446]]]}},{"type":"Feature","properties":{"county":"Washita","legal":"33-11N-18W-IM","operator":"UNBRIDLED RESOURCES LLC","lease_name":"CHERYL LEE 33-11-18 1H","api_number":"3514921592","reservoir":"DES MOINES","first_production":"2011-10-01","last_production":"2026-03-01"},"geometry":{"type":"Polygon","coordinates":[[[-99.108173905652,35.3869950439014],[-99.106673905639,35.3854950438883],[-99.108173905652,35.3839950438753],[-99.1096739056651,35.3854950438883],[-99.108173905652,35.3869950439014]]]}},{"type":"Feature","properties":{"county":"Washita","legal":"10-11N-17W-IM","operator":"DIVERSIFIED PRODUCTION LLC","lease_name":"GILBERT 10-11-17 2H","api_number":"3514921593","reservoir":"DES MOINES GRANITE WASH","first_production":"2011-10-01","last_production":"2026-03-01"},"geometry":{"type":"Polygon","coordinates":[[[-98.9848257116489,35.4449871786675],[-98.9833257116359,35.4434871786545],[-98.9848257116489,35.4419871786415],[-98.9863257116619,35.4434871786545],[-98.9848257116489,35.4449871786675]]]}},{"type":"Feature","properties":{"county":"Washita","legal":"27-11N-17W-IM","operator":"DIVERSIFIED PRODUCTION LLC","lease_name":"BEN & GWEN 1-27H","api_number":"3514921577","reservoir":"DES MOINES","first_production":"2011-07-01","last_production":"2026-03-01"},"geometry":{"type":"Polygon","coordinates":[[[-98.9849184295045,35.4013696608436],[-98.9834184294915,35.3998696608305],[-98.9849184295045,35.3983696608175],[-98.9864184295176,35.3998696608305],[-98.9849184295045,35.4013696608436]]]}},{"type":"Feature","properties":{"county":"Washita","legal":"10-11N-16W-IM","operator":"DIVERSIFIED PRODUCTION LLC","lease_name":"PRICE USA 1-10H","api_number":"3514921576","reservoir":"DES MOINES","first_production":"2011-07-01","last_production":"2026-03-01"},"geometry":{"type":"Polygon","coordinates":[[[-98.8791975159655,35.4448445041673],[-98.8776975159524,35.4433445041542],[-98.8791975159655,35.4418445041412],[-98.8806975159785,35.4433445041542],[-98.8791975159655,35.4448445041673]]]}},{"type":"Feature","properties":{"county":"Washita","legal":"07-11N-17W-IM","operator":"UNBRIDLED RESOURCES LLC","lease_name":"RAYMOND  1-7H","api_number":"3514921565","reservoir":"DES MOINES GRANITE WASH","first_production":"2011-06-01","last_production":"2026-03-01"},"geometry":{"type":"Polygon","coordinates":[[[-99.037608299172,35.4449817959623],[-99.036108299159,35.4434817959493],[-99.037608299172,35.4419817959362],[-99.0391082991851,35.4434817959493],[-99.037608299172,35.4449817959623]]]}},{"type":"Feature","properties":{"county":"Washita","legal":"13-11N-17W-IM","operator":"DIVERSIFIED PRODUCTION LLC","lease_name":"ROSE 1-13H","api_number":"3514921578","reservoir":"DES MOINES GRANITE WASH","first_production":"2011-05-01","last_production":"2026-03-01"},"geometry":{"type":"Polygon","coordinates":[[[-98.9494828157435,35.4303726155912],[-98.9479828157304,35.4288726155781],[-98.9494828157435,35.4273726155651],[-98.9509828157565,35.4288726155781],[-98.9494828157435,35.4303726155912]]]}},{"type":"Feature","properties":{"county":"Washita","legal":"08-11N-17W-IM","operator":"UNBRIDLED RESOURCES LLC","lease_name":"KEMPF 2-8H","api_number":"3514921559","reservoir":"DES MOINES GRANITE WASH","first_production":"2011-05-01","last_production":"2026-03-01"},"geometry":{"type":"Polygon","coordinates":[[[-99.0201830463913,35.4450575429298],[-99.0186830463782,35.4435575429167],[-99.0201830463913,35.4420575429037],[-99.0216830464043,35.4435575429167],[-99.0201830463913,35.4450575429298]]]}},{"type":"Feature","properties":{"county":"Washita","legal":"25-11N-18W-IM","operator":"MUSTANG","lease_name":"BULLITT 1-25H","api_number":"3514921569","reservoir":"DES MOINES","first_production":"2011-05-01","last_production":"2026-03-01"},"geometry":{"type":"Polygon","coordinates":[[[-99.0550869593259,35.4014491041747],[-99.0535869593128,35.3999491041617],[-99.0550869593259,35.3984491041486],[-99.0565869593389,35.3999491041617],[-99.0550869593259,35.4014491041747]]]}},{"type":"Feature","properties":{"county":"Washita","legal":"21-11N-17W-IM","operator":"UNBRIDLED RESOURCES LLC","lease_name":"MILLER 2-21H","api_number":"3514921562","reservoir":"DES MOINES","first_production":"2011-04-01","last_production":"2026-03-01"},"geometry":{"type":"Polygon","coordinates":[[[-99.0025211094162,35.4159574686456],[-99.0010211094031,35.4144574686325],[-99.0025211094162,35.4129574686195],[-99.0040211094292,35.4144574686325],[-99.0025211094162,35.4159574686456]]]}},{"type":"Feature","properties":{"county":"Washita","legal":"08-11N-16W-IM","operator":"MITO RESCOURCES LLC","lease_name":"INTEMANN USA 2-8H","api_number":"3514921553","reservoir":"DES MOINES","first_production":"2011-04-01","last_production":"2026-03-01"},"geometry":{"type":"Polygon","coordinates":[[[-98.9145475154392,35.4448453719578],[-98.9130475154261,35.4433453719448],[-98.9145475154392,35.4418453719317],[-98.9160475154522,35.4433453719448],[-98.9145475154392,35.4448453719578]]]}},{"type":"Feature","properties":{"county":"Washita","legal":"07-11N-17W-IM","operator":"UNBRIDLED RESOURCES LLC","lease_name":"LOWRY 2-7H","api_number":"3514921561","reservoir":"DES MOINES GRANITE WASH","first_production":"2011-02-01","last_production":"2026-03-01"},"geometry":{"type":"Polygon","coordinates":[[[-99.037608299172,35.4449817959623],[-99.036108299159,35.4434817959493],[-99.037608299172,35.4419817959362],[-99.0391082991851,35.4434817959493],[-99.037608299172,35.4449817959623]]]}},{"type":"Feature","properties":{"county":"Washita","legal":"09-11N-17W-IM","operator":"DIVERSIFIED PRODUCTION LLC","lease_name":"RAINBOLT 1-9H","api_number":"3514921550","reservoir":"DES MOINES GRANITE WASH","first_production":"2011-02-01","last_production":"2026-03-01"},"geometry":{"type":"Polygon","coordinates":[[[-99.0025810360414,35.4450306528722],[-99.0010810360284,35.4435306528592],[-99.0025810360414,35.4420306528461],[-99.0040810360545,35.4435306528592],[-99.0025810360414,35.4450306528722]]]}},{"type":"Feature","properties":{"county":"Washita","legal":"11-11N-17W-IM","operator":"UNBRIDLED RESOURCES LLC","lease_name":"PAUL 4-11H","api_number":"3514921548","reservoir":"DES MOINES GRANITE WASH","first_production":"2011-01-01","last_production":"2026-03-01"},"geometry":{"type":"Polygon","coordinates":[[[-98.9671739570115,35.4448940784952],[-98.9656739569985,35.4433940784822],[-98.9671739570115,35.4418940784692],[-98.9686739570245,35.4433940784822],[-98.9671739570115,35.4448940784952]]]}},{"type":"Feature","properties":{"county":"Washita","legal":"11-11N-17W-IM","operator":"UNBRIDLED RESOURCES LLC","lease_name":"PAUL 3-11H","api_number":"3514921540","reservoir":"DES MOINES GRANITE WASH","first_production":"2011-01-01","last_production":"2026-03-01"},"geometry":{"type":"Polygon","coordinates":[[[-98.9671739570115,35.4448940784952],[-98.9656739569985,35.4433940784822],[-98.9671739570115,35.4418940784692],[-98.9686739570245,35.4433940784822],[-98.9671739570115,35.4448940784952]]]}},{"type":"Feature","properties":{"county":"Washita","legal":"11-11N-17W-IM","operator":"UNBRIDLED RESOURCES LLC","lease_name":"PAUL 2-11H","api_number":"3514921524","reservoir":"DES MOINES GRANITE WASH","first_production":"2011-01-01","last_production":"2026-03-01"},"geometry":{"type":"Polygon","coordinates":[[[-98.9671739570115,35.4448940784952],[-98.9656739569985,35.4433940784822],[-98.9671739570115,35.4418940784692],[-98.9686739570245,35.4433940784822],[-98.9671739570115,35.4448940784952]]]}},{"type":"Feature","properties":{"county":"Washita","legal":"15-11N-19W-IM","operator":"UNBRIDLED RESOURCES LLC","lease_name":"HOSTETTER 1-15H","api_number":"3514921539","reservoir":"DES MOINES","first_production":"2011-01-01","last_production":"2026-03-01"},"geometry":{"type":"Polygon","coordinates":[[[-99.1966549738428,35.4307194993426],[-99.1951549738297,35.4292194993296],[-99.1966549738428,35.4277194993165],[-99.1981549738558,35.4292194993296],[-99.1966549738428,35.4307194993426]]]}},{"type":"Feature","properties":{"county":"Washita","legal":"32-11N-16W-IM","operator":"UNBRIDLED RESOURCES LLC","lease_name":"VOGT 1-32H","api_number":"3514921531","reservoir":"DES MOINES","first_production":"2011-01-01","last_production":"2026-03-01"},"geometry":{"type":"Polygon","coordinates":[[[-98.9146079924378,35.3868630127817],[-98.9131079924247,35.3853630127687],[-98.9146079924378,35.3838630127556],[-98.9161079924508,35.3853630127687],[-98.9146079924378,35.3868630127817]]]}},{"type":"Feature","properties":{"county":"Washita","legal":"14-11N-17W-IM","operator":"DIVERSIFIED PRODUCTION LLC","lease_name":"KAST  2-14H","api_number":"3514921521","reservoir":"DES MOINES GRANITE WASH","first_production":"2010-11-01","last_production":"2026-03-01"},"geometry":{"type":"Polygon","coordinates":[[[-98.967201552513,35.4304421399302],[-98.9657015525,35.4289421399172],[-98.967201552513,35.4274421399042],[-98.968701552526,35.4289421399172],[-98.967201552513,35.4304421399302]]]}},{"type":"Feature","properties":{"county":"Washita","legal":"01-11N-17W-IM","operator":"MITO RESCOURCES LLC","lease_name":"BEHNKE 2-1H","api_number":"3514921528","reservoir":"SKINNER","first_production":"2010-11-01","last_production":"2026-03-01"},"geometry":{"type":"Polygon","coordinates":[[[-98.949555886072,35.4592816096297],[-98.9480558860589,35.4577816096167],[-98.949555886072,35.4562816096036],[-98.951055886085,35.4577816096167],[-98.949555886072,35.4592816096297]]]}},{"type":"Feature","properties":{"county":"Washita","legal":"01-11N-17W-IM","operator":"MITO RESCOURCES LLC","lease_name":"BOATSMAN 2-1H","api_number":"3514921527","reservoir":"SKINNER","first_production":"2010-11-01","last_production":"2026-03-01"},"geometry":{"type":"Polygon","coordinates":[[[-98.949555886072,35.4592816096297],[-98.9480558860589,35.4577816096167],[-98.949555886072,35.4562816096036],[-98.951055886085,35.4577816096167],[-98.949555886072,35.4592816096297]]]}},{"type":"Feature","properties":{"county":"Washita","legal":"05-11N-16W-IM","operator":"MITO RESCOURCES LLC","lease_name":"REINSCHMIEDT 2-5H","api_number":"3514921519;3514924519","reservoir":"DES MOINES","first_production":"2010-09-01","last_production":"2026-03-01"},"geometry":{"type":"Polygon","coordinates":[[[-98.9146756783788,35.4592695310624],[-98.9131756783657,35.4577695310494],[-98.9146756783788,35.4562695310363],[-98.9161756783918,35.4577695310494],[-98.9146756783788,35.4592695310624]]]}},{"type":"Feature","properties":{"county":"Washita","legal":"12-11N-17W-IM","operator":"UNBRIDLED RESOURCES LLC","lease_name":"JONETTA 1-12H","api_number":"3514921505;3514921502","reservoir":"DES MOINES GRANITE WASH","first_production":"2010-09-01","last_production":"2026-03-01"},"geometry":{"type":"Polygon","coordinates":[[[-98.9495247620717,35.4448495456105],[-98.9480247620587,35.4433495455975],[-98.9495247620717,35.4418495455844],[-98.9510247620847,35.4433495455975],[-98.9495247620717,35.4448495456105]]]}},{"type":"Feature","properties":{"county":"Washita","legal":"02-11N-17W-IM","operator":"MITO RESCOURCES LLC","lease_name":"MOSER 1-2H","api_number":"3514921498","reservoir":"DES MOINES GRANITE WASH","first_production":"2010-07-01","last_production":"2026-03-01"},"geometry":{"type":"Polygon","coordinates":[[[-98.967123232569,35.4593537165564],[-98.965623232556,35.4578537165434],[-98.967123232569,35.4563537165303],[-98.968623232582,35.4578537165434],[-98.967123232569,35.4593537165564]]]}},{"type":"Feature","properties":{"county":"Washita","legal":"02-11N-17W-IM","operator":"MITO RESCOURCES LLC","lease_name":"MORRISON 2-2H","api_number":"3514921487","reservoir":"DES MOINES GRANITE WASH","first_production":"2010-07-01","last_production":"2026-03-01"},"geometry":{"type":"Polygon","coordinates":[[[-98.967123232569,35.4593537165564],[-98.965623232556,35.4578537165434],[-98.967123232569,35.4563537165303],[-98.968623232582,35.4578537165434],[-98.967123232569,35.4593537165564]]]}},{"type":"Feature","properties":{"county":"Washita","legal":"08-11N-16W-IM","operator":"MITO RESCOURCES LLC","lease_name":"BIG SMOKE USA 2-8H","api_number":"3514921504","reservoir":"DES MOINES GRANITE WASH","first_production":"2010-08-01","last_production":"2026-03-01"},"geometry":{"type":"Polygon","coordinates":[[[-98.9145475154392,35.4448453719578],[-98.9130475154261,35.4433453719448],[-98.9145475154392,35.4418453719317],[-98.9160475154522,35.4433453719448],[-98.9145475154392,35.4448453719578]]]}},{"type":"Feature","properties":{"county":"Washita","legal":"07-11N-16W-IM","operator":"MITO RESCOURCES LLC","lease_name":"BALZAR 3-7H","api_number":"3514921493","reservoir":"DES MOINES","first_production":"2010-08-01","last_production":"2026-03-01"},"geometry":{"type":"Polygon","coordinates":[[[-98.9320268024886,35.444865427927],[-98.9305268024755,35.443365427914],[-98.9320268024886,35.441865427901],[-98.9335268025016,35.443365427914],[-98.9320268024886,35.444865427927]]]}},{"type":"Feature","properties":{"county":"Washita","legal":"04-11N-17W-IM","operator":"MITO RESCOURCES LLC","lease_name":"PROPHET 4-4H","api_number":"3514921512","reservoir":"DES MOINES GRANITE WASH","first_production":"2010-08-01","last_production":"2026-03-01"},"geometry":{"type":"Polygon","coordinates":[[[-99.0024699189415,35.4594878927625],[-99.0009699189284,35.4579878927495],[-99.0024699189415,35.4564878927364],[-99.0039699189545,35.4579878927495],[-99.0024699189415,35.4594878927625]]]}},{"type":"Feature","properties":{"county":"Washita","legal":"08-11N-16W-IM","operator":"MITO RESCOURCES LLC","lease_name":"REIMER USA 1-8H","api_number":"3514921496","reservoir":"DES MOINES","first_production":"2010-07-01","last_production":"2026-03-01"},"geometry":{"type":"Polygon","coordinates":[[[-98.9145475154392,35.4448453719578],[-98.9130475154261,35.4433453719448],[-98.9145475154392,35.4418453719317],[-98.9160475154522,35.4433453719448],[-98.9145475154392,35.4448453719578]]]}},{"type":"Feature","properties":{"county":"Washita","legal":"08-11N-17W-IM","operator":"UNBRIDLED RESOURCES LLC","lease_name":"KEMPF 1-8H","api_number":"3514921503","reservoir":"DES MOINES GRANITE WASH","first_production":"2010-07-01","last_production":"2026-03-01"},"geometry":{"type":"Polygon","coordinates":[[[-99.0201830463913,35.4450575429298],[-99.0186830463782,35.4435575429167],[-99.0201830463913,35.4420575429037],[-99.0216830464043,35.4435575429167],[-99.0201830463913,35.4450575429298]]]}},{"type":"Feature","properties":{"county":"Washita","legal":"22-11N-17W-IM","operator":"UNBRIDLED RESOURCES LLC","lease_name":"GWENDOLYN 2-22H","api_number":"3514921474","reservoir":"DES MOINES","first_production":"2010-06-01","last_production":"2026-03-01"},"geometry":{"type":"Polygon","coordinates":[[[-98.9848624194643,35.4159407042117],[-98.9833624194512,35.4144407041987],[-98.9848624194643,35.4129407041856],[-98.9863624194773,35.4144407041987],[-98.9848624194643,35.4159407042117]]]}},{"type":"Feature","properties":{"county":"Washita","legal":"10-11N-17W-IM","operator":"DIVERSIFIED PRODUCTION LLC","lease_name":"GILBERT 1-10H","api_number":"3514921501","reservoir":"DES MOINES GRANITE WASH","first_production":"2010-06-01","last_production":"2026-03-01"},"geometry":{"type":"Polygon","coordinates":[[[-98.9848257116489,35.4449871786675],[-98.9833257116359,35.4434871786545],[-98.9848257116489,35.4419871786415],[-98.9863257116619,35.4434871786545],[-98.9848257116489,35.4449871786675]]]}},{"type":"Feature","properties":{"county":"Washita","legal":"07-11N-16W-IM","operator":"MITO RESCOURCES LLC","lease_name":"BARTON USA 1-7H","api_number":"3514921481","reservoir":"DES MOINES","first_production":"2010-05-01","last_production":"2026-03-01"},"geometry":{"type":"Polygon","coordinates":[[[-98.9320268024886,35.444865427927],[-98.9305268024755,35.443365427914],[-98.9320268024886,35.441865427901],[-98.9335268025016,35.443365427914],[-98.9320268024886,35.444865427927]]]}},{"type":"Feature","properties":{"county":"Washita","legal":"07-11N-16W-IM","operator":"MITO RESCOURCES LLC","lease_name":"BARTON 2-7H","api_number":"3514921485","reservoir":"DES MOINES","first_production":"2010-05-01","last_production":"2026-03-01"},"geometry":{"type":"Polygon","coordinates":[[[-98.9320268024886,35.444865427927],[-98.9305268024755,35.443365427914],[-98.9320268024886,35.441865427901],[-98.9335268025016,35.443365427914],[-98.9320268024886,35.444865427927]]]}},{"type":"Feature","properties":{"county":"Washita","legal":"12-11N-17W-IM","operator":"UNBRIDLED RESOURCES LLC","lease_name":"ALFRED STEHR 1-12H","api_number":"3514921473","reservoir":"DES MOINES GRANITE WASJ","first_production":"2010-05-01","last_production":"2026-03-01"},"geometry":{"type":"Polygon","coordinates":[[[-98.9495247620717,35.4448495456105],[-98.9480247620587,35.4433495455975],[-98.9495247620717,35.4418495455844],[-98.9510247620847,35.4433495455975],[-98.9495247620717,35.4448495456105]]]}},{"type":"Feature","properties":{"county":"Washita","legal":"24-11N-19W-IM","operator":"ADPARO, LLC","lease_name":"HULS #4-24H","api_number":"3514921470","reservoir":"DES MOINES","first_production":"2010-05-01","last_production":"2026-03-01"},"geometry":{"type":"Polygon","coordinates":[[[-99.1613537804318,35.4160096567156],[-99.1598537804188,35.4145096567026],[-99.1613537804318,35.4130096566896],[-99.1628537804448,35.4145096567026],[-99.1613537804318,35.4160096567156]]]}},{"type":"Feature","properties":{"county":"Washita","legal":"18-11N-16W-IM","operator":"UNBRIDLED RESOURCES LLC","lease_name":"KLIEWER 4-18H","api_number":"3514921467","reservoir":"DES MOINES GRANITE WASH","first_production":"2010-04-01","last_production":"2026-03-01"},"geometry":{"type":"Polygon","coordinates":[[[-98.9319950925326,35.4303663390746],[-98.9304950925196,35.4288663390616],[-98.9319950925326,35.4273663390485],[-98.9334950925457,35.4288663390616],[-98.9319950925326,35.4303663390746]]]}},{"type":"Feature","properties":{"county":"Washita","legal":"18-11N-16W-IM","operator":"UNBRIDLED RESOURCES LLC","lease_name":"KLIEWER 3-18H","api_number":"3514921461","reservoir":"DES MOINES GRANITE WASH","first_production":"2010-04-01","last_production":"2026-03-01"},"geometry":{"type":"Polygon","coordinates":[[[-98.9319950925326,35.4303663390746],[-98.9304950925196,35.4288663390616],[-98.9319950925326,35.4273663390485],[-98.9334950925457,35.4288663390616],[-98.9319950925326,35.4303663390746]]]}},{"type":"Feature","properties":{"county":"Washita","legal":"33-11N-17W-IM","operator":"UNBRIDLED RESOURCES LLC","lease_name":"JAMES 1-33H","api_number":"3514921465","reservoir":"DES MOINES GRANITE WASH","first_production":"2010-02-01","last_production":"2026-03-01"},"geometry":{"type":"Polygon","coordinates":[[[-99.0026429289196,35.3868624791637],[-99.0011429289066,35.3853624791507],[-99.0026429289196,35.3838624791376],[-99.0041429289326,35.3853624791507],[-99.0026429289196,35.3868624791637]]]}},{"type":"Feature","properties":{"county":"Washita","legal":"20-11N-16W-IM","operator":"UNBRIDLED RESOURCES LLC","lease_name":"RILEY 1-20H","api_number":"3514921460","reservoir":"DES MOINES","first_production":"2009-12-01","last_production":"2026-03-01"},"geometry":{"type":"Polygon","coordinates":[[[-98.9144867925572,35.4158312075379],[-98.9129867925442,35.4143312075248],[-98.9144867925572,35.4128312075118],[-98.9159867925703,35.4143312075248],[-98.9144867925572,35.4158312075379]]]}},{"type":"Feature","properties":{"county":"Washita","legal":"33-11N-16W-IM","operator":"DIVERSIFIED PRODUCTION LLC","lease_name":"JAVORSKY 1-33H","api_number":"3514921456","reservoir":"DES MOINES","first_production":"2009-12-01","last_production":"2026-03-01"},"geometry":{"type":"Polygon","coordinates":[[[-98.8968650077628,35.3868549528955],[-98.8953650077497,35.3853549528824],[-98.8968650077628,35.3838549528694],[-98.8983650077758,35.3853549528824],[-98.8968650077628,35.3868549528955]]]}},{"type":"Feature","properties":{"county":"Washita","legal":"12-11N-17W-IM","operator":"UNBRIDLED RESOURCES LLC","lease_name":"SAWATZKY 1-12H","api_number":"3514921457","reservoir":"DES MOINES GRANITE WASH","first_production":"2009-11-01","last_production":"2026-03-01"},"geometry":{"type":"Polygon","coordinates":[[[-98.9495247620717,35.4448495456105],[-98.9480247620587,35.4433495455975],[-98.9495247620717,35.4418495455844],[-98.9510247620847,35.4433495455975],[-98.9495247620717,35.4448495456105]]]}},{"type":"Feature","properties":{"county":"Washita","legal":"23-11N-18W-IM","operator":"DIVERSIFIED PRODUCTION LLC","lease_name":"WILLIAM 1-23H","api_number":"3514921454","reservoir":"DES MOINES, GRANITE WASH","first_production":"2009-11-01","last_production":"2026-03-01"},"geometry":{"type":"Polygon","coordinates":[[[-99.0726468330126,35.416003877727],[-99.0711468329996,35.4145038777139],[-99.0726468330126,35.4130038777009],[-99.0741468330257,35.4145038777139],[-99.0726468330126,35.416003877727]]]}},{"type":"Feature","properties":{"county":"Washita","legal":"08-11N-16W-IM","operator":"MITO RESCOURCES LLC","lease_name":"BIG SMOKE USA 1-8H","api_number":"3514921447","reservoir":"DES MOINES","first_production":"2009-08-01","last_production":"2026-03-01"},"geometry":{"type":"Polygon","coordinates":[[[-98.9145475154392,35.4448453719578],[-98.9130475154261,35.4433453719448],[-98.9145475154392,35.4418453719317],[-98.9160475154522,35.4433453719448],[-98.9145475154392,35.4448453719578]]]}},{"type":"Feature","properties":{"county":"Washita","legal":"16-11N-18W-IM","operator":"UNBRIDLED RESOURCES LLC","lease_name":"STATE WALTON 1-16H","api_number":"3514921445","reservoir":"DES MOINES, GRANITE WASH","first_production":"2009-08-01","last_production":"2026-03-01"},"geometry":{"type":"Polygon","coordinates":[[[-99.1082795280713,35.4305059706334],[-99.1067795280583,35.4290059706204],[-99.1082795280713,35.4275059706073],[-99.1097795280844,35.4290059706204],[-99.1082795280713,35.4305059706334]]]}},{"type":"Feature","properties":{"county":"Washita","legal":"22-11N-18W-IM","operator":"UNBRIDLED RESOURCES LLC","lease_name":"EARL 1-22H","api_number":"3514921446","reservoir":"DES MOINESIAN","first_production":"2009-08-01","last_production":"2026-03-01"},"geometry":{"type":"Polygon","coordinates":[[[-99.0904304250475,35.4159336623367],[-99.0889304250344,35.4144336623237],[-99.0904304250475,35.4129336623107],[-99.0919304250605,35.4144336623237],[-99.0904304250475,35.4159336623367]]]}},{"type":"Feature","properties":{"county":"Washita","legal":"21-11N-17W-IM","operator":"UNBRIDLED RESOURCES LLC","lease_name":"MILLER 1-21H","api_number":"3514921441","reservoir":"DES MOINES","first_production":"2009-06-01","last_production":"2026-03-01"},"geometry":{"type":"Polygon","coordinates":[[[-99.0025211094162,35.4159574686456],[-99.0010211094031,35.4144574686325],[-99.0025211094162,35.4129574686195],[-99.0040211094292,35.4144574686325],[-99.0025211094162,35.4159574686456]]]}},{"type":"Feature","properties":{"county":"Washita","legal":"07-11N-16W-IM","operator":"MITO RESCOURCES LLC","lease_name":"BALZAR 2-7H","api_number":"3514921396;3514921396","reservoir":"DES MOINES","first_production":"2009-06-01","last_production":"2026-03-01"},"geometry":{"type":"Polygon","coordinates":[[[-98.9320268024886,35.444865427927],[-98.9305268024755,35.443365427914],[-98.9320268024886,35.441865427901],[-98.9335268025016,35.443365427914],[-98.9320268024886,35.444865427927]]]}},{"type":"Feature","properties":{"county":"Washita","legal":"28-11N-17W-IM","operator":"DIVERSIFIED PRODUCTION LLC","lease_name":"SUDERMAN 1-28H","api_number":"3514921435","reservoir":"DES MOINES","first_production":"2009-05-01","last_production":"2026-03-01"},"geometry":{"type":"Polygon","coordinates":[[[-99.0025647297967,35.401400818766],[-99.0010647297836,35.3999008187529],[-99.0025647297967,35.3984008187399],[-99.0040647298097,35.3999008187529],[-99.0025647297967,35.401400818766]]]}},{"type":"Feature","properties":{"county":"Washita","legal":"28-11N-16W-IM","operator":"DIVERSIFIED PRODUCTION LLC","lease_name":"GOERINGER 2-28H","api_number":"3514921425","reservoir":"DES MOINES","first_production":"2009-04-01","last_production":"2026-03-01"},"geometry":{"type":"Polygon","coordinates":[[[-98.8967330424067,35.4013353198174],[-98.8952330423937,35.3998353198043],[-98.8967330424067,35.3983353197913],[-98.8982330424198,35.3998353198043],[-98.8967330424067,35.4013353198174]]]}},{"type":"Feature","properties":{"county":"Washita","legal":"10-11N-19W-IM","operator":"UNBRIDLED RESOURCES LLC","lease_name":"SCHONES 1-10H","api_number":"3514921426","reservoir":"DES MOINES","first_production":"2009-05-01","last_production":"2026-03-01"},"geometry":{"type":"Polygon","coordinates":[[[-99.1966235887502,35.4451309319759],[-99.1951235887372,35.4436309319629],[-99.1966235887502,35.4421309319498],[-99.1981235887632,35.4436309319629],[-99.1966235887502,35.4451309319759]]]}},{"type":"Feature","properties":{"county":"Washita","legal":"29-11N-16W-IM","operator":"UNBRIDLED RESOURCES LLC","lease_name":"ELMER 1-29H","api_number":"3514921439","reservoir":"DES MOINES","first_production":"2009-05-01","last_production":"2026-03-01"},"geometry":{"type":"Polygon","coordinates":[[[-98.9145007418761,35.4013446849018],[-98.9130007418631,35.3998446848887],[-98.9145007418761,35.3983446848757],[-98.9160007418891,35.3998446848887],[-98.9145007418761,35.4013446849018]]]}},{"type":"Feature","properties":{"county":"Washita","legal":"04-11N-16W-IM","operator":"MITO RESCOURCES LLC","lease_name":"BOATSMAN 2-4H BOATSMAN 2-4","api_number":"3514921427","reservoir":"DES MOINES","first_production":"2009-04-01","last_production":"2026-03-01"},"geometry":{"type":"Polygon","coordinates":[[[-98.897034750872,35.4592925241983],[-98.8955347508589,35.4577925241852],[-98.897034750872,35.4562925241722],[-98.898534750885,35.4577925241852],[-98.897034750872,35.4592925241983]]]}},{"type":"Feature","properties":{"county":"Washita","legal":"11-11N-17W-IM","operator":"UNBRIDLED RESOURCES LLC","lease_name":"PAUL 1-11H","api_number":"3514921431","reservoir":"DES MOINES GRANITE WASH","first_production":"2009-04-01","last_production":"2026-03-01"},"geometry":{"type":"Polygon","coordinates":[[[-98.9671739570115,35.4448940784952],[-98.9656739569985,35.4433940784822],[-98.9671739570115,35.4418940784692],[-98.9686739570245,35.4433940784822],[-98.9671739570115,35.4448940784952]]]}},{"type":"Feature","properties":{"county":"Washita","legal":"18-11N-16W-IM","operator":"UNBRIDLED RESOURCES LLC","lease_name":"KLIEWER 2-18H","api_number":"3514921432","reservoir":"DES MOINES GRANITE WASH","first_production":"2009-03-01","last_production":"2026-03-01"},"geometry":{"type":"Polygon","coordinates":[[[-98.9319950925326,35.4303663390746],[-98.9304950925196,35.4288663390616],[-98.9319950925326,35.4273663390485],[-98.9334950925457,35.4288663390616],[-98.9319950925326,35.4303663390746]]]}},{"type":"Feature","properties":{"county":"Washita","legal":"13-11N-19W-IM","operator":"DIVERSIFIED PRODUCTION LLC","lease_name":"HULS USA 1-13H","api_number":"3514921417","reservoir":"DES MOINES","first_production":"2009-02-01","last_production":"2026-03-01"},"geometry":{"type":"Polygon","coordinates":[[[-99.1613598526358,35.4305051600622],[-99.1598598526227,35.4290051600492],[-99.1613598526358,35.4275051600361],[-99.1628598526488,35.4290051600492],[-99.1613598526358,35.4305051600622]]]}},{"type":"Feature","properties":{"county":"Washita","legal":"03-11N-17W-IM","operator":"MITO RESCOURCES LLC","lease_name":"PROPHET 1-3H","api_number":"3514921392","reservoir":"DES MOINES GRANITE WASH","first_production":"2008-12-01","last_production":"2026-03-01"},"geometry":{"type":"Polygon","coordinates":[[[-98.9847567673329,35.4594295287116],[-98.9832567673199,35.4579295286985],[-98.9847567673329,35.4564295286855],[-98.9862567673459,35.4579295286985],[-98.9847567673329,35.4594295287116]]]}},{"type":"Feature","properties":{"county":"Washita","legal":"04-11N-16W-IM","operator":"MITO RESCOURCES LLC","lease_name":"BOATSMAN 1-4H","api_number":"3514921383","reservoir":"DES MOINES","first_production":"2008-11-01","last_production":"2026-03-01"},"geometry":{"type":"Polygon","coordinates":[[[-98.897034750872,35.4592925241983],[-98.8955347508589,35.4577925241852],[-98.897034750872,35.4562925241722],[-98.898534750885,35.4577925241852],[-98.897034750872,35.4592925241983]]]}},{"type":"Feature","properties":{"county":"Washita","legal":"04-11N-17W-IM","operator":"UNBRIDLED RESOURCES LLC","lease_name":"DERBY 1-4H","api_number":"3514921404","reservoir":"DES MOINES","first_production":"2008-12-01","last_production":"2026-03-01"},"geometry":{"type":"Polygon","coordinates":[[[-99.0024699189415,35.4594878927625],[-99.0009699189284,35.4579878927495],[-99.0024699189415,35.4564878927364],[-99.0039699189545,35.4579878927495],[-99.0024699189415,35.4594878927625]]]}},{"type":"Feature","properties":{"county":"Washita","legal":"22-11N-17W-IM","operator":"UNBRIDLED RESOURCES LLC","lease_name":"GWENDOLYN 1-22H","api_number":"3514921401","reservoir":"DES MOINES","first_production":"2008-11-01","last_production":"2026-03-01"},"geometry":{"type":"Polygon","coordinates":[[[-98.9848624194643,35.4159407042117],[-98.9833624194512,35.4144407041987],[-98.9848624194643,35.4129407041856],[-98.9863624194773,35.4144407041987],[-98.9848624194643,35.4159407042117]]]}},{"type":"Feature","properties":{"county":"Washita","legal":"03-11N-18W-IM","operator":"UNBRIDLED RESOURCES LLC","lease_name":"CINDY 1-3H","api_number":"3514921379","reservoir":"DES MOINES","first_production":"2008-08-01","last_production":"2026-03-01"},"geometry":{"type":"Polygon","coordinates":[[[-99.0904718557515,35.4594044062576],[-99.0889718557384,35.4579044062446],[-99.0904718557515,35.4564044062316],[-99.0919718557645,35.4579044062446],[-99.0904718557515,35.4594044062576]]]}},{"type":"Feature","properties":{"county":"Washita","legal":"03-11N-18W-IM","operator":"UNBRIDLED RESOURCES LLC","lease_name":"JIMMIE 1-3H","api_number":"3514921374","reservoir":"DES MOINES","first_production":"2008-08-01","last_production":"2026-03-01"},"geometry":{"type":"Polygon","coordinates":[[[-99.0904718557515,35.4594044062576],[-99.0889718557384,35.4579044062446],[-99.0904718557515,35.4564044062316],[-99.0919718557645,35.4579044062446],[-99.0904718557515,35.4594044062576]]]}},{"type":"Feature","properties":{"county":"Washita","legal":"13-11N-17W-IM","operator":"DIVERSIFIED PRODUCTION LLC","lease_name":"SAWATZKY 1-13H","api_number":"3514921333","reservoir":"DES MOINES GRANITE WASH","first_production":"2008-03-01","last_production":"2026-03-01"},"geometry":{"type":"Polygon","coordinates":[[[-98.9494828157435,35.4303726155912],[-98.9479828157304,35.4288726155781],[-98.9494828157435,35.4273726155651],[-98.9509828157565,35.4288726155781],[-98.9494828157435,35.4303726155912]]]}},{"type":"Feature","properties":{"county":"Washita","legal":"07-11N-18W-IM","operator":"DIVERSIFIED PRODUCTION LLC","lease_name":"SHELTON 1-7H","api_number":"3514921298;3514921298","reservoir":"DES MOINES","first_production":"2007-09-01","last_production":"2026-03-01"},"geometry":{"type":"Polygon","coordinates":[[[-99.1437157497892,35.4450529154225],[-99.1422157497762,35.4435529154094],[-99.1437157497892,35.4420529153964],[-99.1452157498023,35.4435529154094],[-99.1437157497892,35.4450529154225]]]}},{"type":"Feature","properties":{"county":"Washita","legal":"24-11N-19W-IM","operator":"CRAWLEY PETROLEUM","lease_name":"HULS #3","api_number":"3514921107","reservoir":"DES MOINES","first_production":"2004-01-01","last_production":"2026-03-01"},"geometry":{"type":"Polygon","coordinates":[[[-99.1613537804318,35.4160096567156],[-99.1598537804188,35.4145096567026],[-99.1613537804318,35.4130096566896],[-99.1628537804448,35.4145096567026],[-99.1613537804318,35.4160096567156]]]}},{"type":"Feature","properties":{"county":"Washita","legal":"18-11N-19W-IM","operator":"TEOCALLI EXPLORATION","lease_name":"EDITH 1-18","api_number":"3514921018","reservoir":"ATOKA","first_production":"2003-04-01","last_production":"2026-03-01"},"geometry":{"type":"Polygon","coordinates":[[[-99.2495288911,35.4306765164526],[-99.2480288910869,35.4291765164395],[-99.2495288911,35.4276765164265],[-99.251028891113,35.4291765164395],[-99.2495288911,35.4306765164526]]]}},{"type":"Feature","properties":{"county":"Washita","legal":"07-11N-19W-IM","operator":"TEOCALLI EXPLORATION","lease_name":"EUGENE 1-7","api_number":"3514921000","reservoir":"ATOKA, DES MOINES","first_production":"2002-08-01","last_production":"2026-03-01"},"geometry":{"type":"Polygon","coordinates":[[[-99.2495101782517,35.4451276439617],[-99.2480101782386,35.4436276439487],[-99.2495101782517,35.4421276439356],[-99.2510101782647,35.4436276439487],[-99.2495101782517,35.4451276439617]]]}},{"type":"Feature","properties":{"county":"Washita","legal":"06-11N-15W-IM","operator":"TEOCALLI EXPLORATION","lease_name":"HARVEY 2-6","api_number":"3514920975","reservoir":"DES MOINES","first_production":"2001-11-01","last_production":"2026-03-01"},"geometry":{"type":"Polygon","coordinates":[[[-98.8263997155107,35.4593232872252],[-98.8248997154977,35.4578232872121],[-98.8263997155107,35.4563232871991],[-98.8278997155238,35.4578232872121],[-98.8263997155107,35.4593232872252]]]}},{"type":"Feature","properties":{"county":"Caddo","legal":"05-11N-11W-IM","operator":"TEOCALLI EXPLORATION","lease_name":"HINZ 1-5","api_number":"3514920927","reservoir":"DES MOINES","first_production":"2001-07-01","last_production":"2026-03-01"},"geometry":{"type":"Polygon","coordinates":[[[-98.3857842005437,35.4584469950872],[-98.3842842005306,35.4569469950742],[-98.3857842005437,35.4554469950612],[-98.3872842005567,35.4569469950742],[-98.3857842005437,35.4584469950872]]]}},{"type":"Feature","properties":{"county":"Washita","legal":"12-11N-20W-IM","operator":"UNBRIDLED RESOURCES LLC","lease_name":"DORIS PAT #4A-12","api_number":"3514920829","reservoir":"DES MOINES","first_production":"1998-08-01","last_production":"2026-03-01"},"geometry":{"type":"Polygon","coordinates":[[[-99.2669398388717,35.4450277063548],[-99.2654398388587,35.4435277063418],[-99.2669398388717,35.4420277063288],[-99.2684398388848,35.4435277063418],[-99.2669398388717,35.4450277063548]]]}},{"type":"Feature","properties":{"county":"Washita","legal":"30-11N-18W-IM","operator":"TEOCALLI EXPLORATION","lease_name":"DUGGER #1-30","api_number":"3514920807","reservoir":"MISSOURIAN GRANITE WASH, DES MOINES","first_production":"1997-10-01","last_production":"2026-03-01"},"geometry":{"type":"Polygon","coordinates":[[[-99.1436244430079,35.4016216360137],[-99.1421244429949,35.4001216360006],[-99.1436244430079,35.3986216359876],[-99.1451244430209,35.4001216360006],[-99.1436244430079,35.4016216360137]]]}},{"type":"Feature","properties":{"county":"Washita","legal":"11-11N-20W-IM","operator":"TEOCALLI EXPLORATION","lease_name":"MERZ 3-11","api_number":"3514920784","reservoir":"DES MOINES, LOWER (REDFORK)","first_production":"1997-05-01","last_production":"2026-03-01"},"geometry":{"type":"Polygon","coordinates":[[[-99.2846361270368,35.4449912277728],[-99.2831361270238,35.4434912277597],[-99.2846361270368,35.4419912277467],[-99.2861361270499,35.4434912277597],[-99.2846361270368,35.4449912277728]]]}},{"type":"Feature","properties":{"county":"Washita","legal":"06-11N-19W-IM","operator":"BRG","lease_name":"SPIEKER #1-6","api_number":"3514920562","reservoir":"UPPER,LOWER DES MOINES","first_production":"1995-01-01","last_production":"2026-03-01"},"geometry":{"type":"Polygon","coordinates":[[[-99.2495035338646,35.4596114918795],[-99.2480035338516,35.4581114918665],[-99.2495035338646,35.4566114918535],[-99.2510035338777,35.4581114918665],[-99.2495035338646,35.4596114918795]]]}},{"type":"Feature","properties":{"county":"Washita","legal":"02-11N-16W-IM","operator":"TEOCALLI EXPLORATION","lease_name":"ROGER #1-2","api_number":"3514920225","reservoir":"RED FORK","first_production":"1995-01-01","last_production":"2026-03-01"},"geometry":{"type":"Polygon","coordinates":[[[-98.8614847174314,35.4593799576791],[-98.8599847174183,35.457879957666],[-98.8614847174314,35.456379957653],[-98.8629847174444,35.457879957666],[-98.8614847174314,35.4593799576791]]]}},{"type":"Feature","properties":{"county":"Washita","legal":"11-11N-20W-IM","operator":"MUSTANG","lease_name":"KEPHART 1-11","api_number":"3514920583","reservoir":"LOWER DES MOINES","first_production":"1995-01-01","last_production":"2026-03-01"},"geometry":{"type":"Polygon","coordinates":[[[-99.2846361270368,35.4449912277728],[-99.2831361270238,35.4434912277597],[-99.2846361270368,35.4419912277467],[-99.2861361270499,35.4434912277597],[-99.2846361270368,35.4449912277728]]]}},{"type":"Feature","properties":{"county":"Roger Mills","legal":"12-11N-23W-IM","operator":"JMA ENERGY","lease_name":"WHITLEDGE 5-13H","api_number":"3512924113","reservoir":"MARMATON","first_production":"2018-08-01","last_production":"2026-03-01"},"geometry":{"type":"Polygon","coordinates":[[[-99.5843482080754,35.4447214130482],[-99.5828482080623,35.4432214130351],[-99.5843482080754,35.4417214130221],[-99.5858482080884,35.4432214130351],[-99.5843482080754,35.4447214130482]]]}},{"type":"Feature","properties":{"county":"Roger Mills","legal":"15-11N-23W-IM","operator":"UNBRIDLED RESOURCES LLC","lease_name":"SMITH 11-11-23 1HA","api_number":"3512924100","reservoir":"MARMATON","first_production":"2017-09-01","last_production":"2026-03-01"},"geometry":{"type":"Polygon","coordinates":[[[-99.6198295533371,35.430215895884],[-99.618329553324,35.428715895871],[-99.6198295533371,35.4272158958579],[-99.6213295533501,35.428715895871],[-99.6198295533371,35.430215895884]]]}},{"type":"Feature","properties":{"county":"Roger Mills","legal":"12-11N-23W-IM","operator":"JMA ENERGY","lease_name":"WYATT BRIDGER 1-12H","api_number":"3512924098","reservoir":"DES MOINES","first_production":"2017-08-01","last_production":"2026-03-01"},"geometry":{"type":"Polygon","coordinates":[[[-99.5843482080754,35.4447214130482],[-99.5828482080623,35.4432214130351],[-99.5843482080754,35.4417214130221],[-99.5858482080884,35.4432214130351],[-99.5843482080754,35.4447214130482]]]}},{"type":"Feature","properties":{"county":"Roger Mills","legal":"01-11N-23W-IM","operator":"JMA ENERGY","lease_name":"FORREST BAKER 1-1H","api_number":"3512924091","reservoir":"DES MOINES","first_production":"2017-06-01","last_production":"2026-03-01"},"geometry":{"type":"Polygon","coordinates":[[[-99.5844277995791,35.4593530052602],[-99.5829277995661,35.4578530052472],[-99.5844277995791,35.4563530052341],[-99.5859277995921,35.4578530052472],[-99.5844277995791,35.4593530052602]]]}},{"type":"Feature","properties":{"county":"Roger Mills","legal":"10-11N-23W-IM","operator":"UNBRIDLED RESOURCES LLC","lease_name":"WHEELER 10-11-23 1H","api_number":"3512923686","reservoir":"COTTAGE GROVE","first_production":"2012-09-01","last_production":"2026-03-01"},"geometry":{"type":"Polygon","coordinates":[[[-99.6198457210671,35.4447379301752],[-99.618345721054,35.4432379301621],[-99.6198457210671,35.4417379301491],[-99.6213457210801,35.4432379301621],[-99.6198457210671,35.4447379301752]]]}},{"type":"Feature","properties":{"county":"Roger Mills","legal":"12-13N-23W-IM","operator":"MUSTANG","lease_name":"MOORE 12-13-23 1H","api_number":"3512923671","reservoir":"DOUGLAS, TONKAWA","first_production":"2012-08-01","last_production":"2026-03-01"},"geometry":{"type":"Polygon","coordinates":[[[-99.5977977048408,35.6185877538262],[-99.5962977048278,35.6170877538131],[-99.5977977048408,35.6155877538001],[-99.5992977048539,35.6170877538131],[-99.5977977048408,35.6185877538262]]]}},{"type":"Feature","properties":{"county":"Roger Mills","legal":"06-13N-22W-IM","operator":"MUSTANG","lease_name":"MOLER 1-6H","api_number":"3512923622","reservoir":"TONKAWA","first_production":"2012-05-01","last_production":"2026-03-01"},"geometry":{"type":"Polygon","coordinates":[[[-99.5799833331738,35.633163869268],[-99.5784833331608,35.6316638692549],[-99.5799833331738,35.6301638692419],[-99.5814833331869,35.6316638692549],[-99.5799833331738,35.633163869268]]]}},{"type":"Feature","properties":{"county":"Roger Mills","legal":"17-13N-21W-IM","operator":"MUSTANG","lease_name":"GWARTNEY 13-17","api_number":"3512923132","reservoir":"DES MOINES","first_production":"2006-12-01","last_production":"2026-03-01"},"geometry":{"type":"Polygon","coordinates":[[[-99.4568702762503,35.6039293044588],[-99.4553702762373,35.6024293044457],[-99.4568702762503,35.6009293044327],[-99.4583702762634,35.6024293044457],[-99.4568702762503,35.6039293044588]]]}},{"type":"Feature","properties":{"county":"Roger Mills","legal":"15-13N-21W-IM","operator":"UNBRIDLED RESOURCES LLC","lease_name":"A CROSS RANCH 3-15","api_number":"3512923340","reservoir":"CHEROKEE","first_production":"2008-09-01","last_production":"2026-03-01"},"geometry":{"type":"Polygon","coordinates":[[[-99.4213642264101,35.6040071203164],[-99.419864226397,35.6025071203034],[-99.4213642264101,35.6010071202903],[-99.4228642264231,35.6025071203034],[-99.4213642264101,35.6040071203164]]]}},{"type":"Feature","properties":{"county":"Roger Mills","legal":"18-13N-21W-IM","operator":"MUSTANG","lease_name":"FISHER 9-18","api_number":"3512923306","reservoir":"DES MOINES","first_production":"2008-05-01","last_production":"2026-03-01"},"geometry":{"type":"Polygon","coordinates":[[[-99.474376723598,35.6039868185895],[-99.4728767235849,35.6024868185764],[-99.474376723598,35.6009868185634],[-99.475876723611,35.6024868185764],[-99.474376723598,35.6039868185895]]]}},{"type":"Feature","properties":{"county":"Roger Mills","legal":"17-13N-21W-IM","operator":"MUSTANG","lease_name":"ALLEN 10-17","api_number":"3512923146","reservoir":"DES MOINES","first_production":"2007-01-01","last_production":"2026-03-01"},"geometry":{"type":"Polygon","coordinates":[[[-99.4568702762503,35.6039293044588],[-99.4553702762373,35.6024293044457],[-99.4568702762503,35.6009293044327],[-99.4583702762634,35.6024293044457],[-99.4568702762503,35.6039293044588]]]}},{"type":"Feature","properties":{"county":"Roger Mills","legal":"11-13N-22W-IM","operator":"MUSTANG","lease_name":"FISHER 2-11","api_number":"3512923133","reservoir":"REDFORK","first_production":"2007-01-01","last_production":"2026-03-01"},"geometry":{"type":"Polygon","coordinates":[[[-99.5093122987606,35.6186786024487],[-99.5078122987475,35.6171786024356],[-99.5093122987606,35.6156786024226],[-99.5108122987736,35.6171786024356],[-99.5093122987606,35.6186786024487]]]}},{"type":"Feature","properties":{"county":"Roger Mills","legal":"24-13N-22W-IM","operator":"MUSTANG","lease_name":"WALKER 6-24","api_number":"3512923111","reservoir":"DES MOINES","first_production":"2006-11-01","last_production":"2026-03-01"},"geometry":{"type":"Polygon","coordinates":[[[-99.491840731104,35.5895166779153],[-99.490340731091,35.5880166779023],[-99.491840731104,35.5865166778893],[-99.4933407311171,35.5880166779023],[-99.491840731104,35.5895166779153]]]}},{"type":"Feature","properties":{"county":"Roger Mills","legal":"18-13N-21W-IM","operator":"MUSTANG","lease_name":"FISHER 7-18","api_number":"3512923138","reservoir":"DES MOINES","first_production":"2006-12-01","last_production":"2026-03-01"},"geometry":{"type":"Polygon","coordinates":[[[-99.474376723598,35.6039868185895],[-99.4728767235849,35.6024868185764],[-99.474376723598,35.6009868185634],[-99.475876723611,35.6024868185764],[-99.474376723598,35.6039868185895]]]}},{"type":"Feature","properties":{"county":"Roger Mills","legal":"17-13N-21W-IM","operator":"MUSTANG","lease_name":"GWARTNEY 12-17","api_number":"3512923098","reservoir":"DES MOINES","first_production":"2006-09-01","last_production":"2026-03-01"},"geometry":{"type":"Polygon","coordinates":[[[-99.4568702762503,35.6039293044588],[-99.4553702762373,35.6024293044457],[-99.4568702762503,35.6009293044327],[-99.4583702762634,35.6024293044457],[-99.4568702762503,35.6039293044588]]]}},{"type":"Feature","properties":{"county":"Roger Mills","legal":"07-13N-21W-IM","operator":"MUSTANG","lease_name":"HART 4-7","api_number":"3512923077","reservoir":"DES MOINES","first_production":"2006-08-01","last_production":"2026-03-01"},"geometry":{"type":"Polygon","coordinates":[[[-99.474325327083,35.6185310955254],[-99.47282532707,35.6170310955124],[-99.474325327083,35.6155310954994],[-99.475825327096,35.6170310955124],[-99.474325327083,35.6185310955254]]]}},{"type":"Feature","properties":{"county":"Roger Mills","legal":"04-13N-22W-IM","operator":"MUSTANG","lease_name":"MERRICK 2-4","api_number":"3512923068","reservoir":"DES MOINES","first_production":"2006-07-01","last_production":"2026-03-01"},"geometry":{"type":"Polygon","coordinates":[[[-99.5446222223517,35.6332748483862],[-99.5431222223387,35.6317748483731],[-99.5446222223517,35.6302748483601],[-99.5461222223648,35.6317748483731],[-99.5446222223517,35.6332748483862]]]}},{"type":"Feature","properties":{"county":"Roger Mills","legal":"15-13N-22W-IM","operator":"MUSTANG","lease_name":"MOORE 6-15","api_number":"3512923029","reservoir":"REDFORK","first_production":"2006-07-01","last_production":"2026-03-01"},"geometry":{"type":"Polygon","coordinates":[[[-99.5270218212831,35.6041891031029],[-99.5255218212701,35.6026891030898],[-99.5270218212831,35.6011891030768],[-99.5285218212962,35.6026891030898],[-99.5270218212831,35.6041891031029]]]}},{"type":"Feature","properties":{"county":"Roger Mills","legal":"24-13N-22W-IM","operator":"MUSTANG","lease_name":"WALKER 5-24","api_number":"3512922958","reservoir":"DES MOINES","first_production":"2006-02-01","last_production":"2026-03-01"},"geometry":{"type":"Polygon","coordinates":[[[-99.491840731104,35.5895166779153],[-99.490340731091,35.5880166779023],[-99.491840731104,35.5865166778893],[-99.4933407311171,35.5880166779023],[-99.491840731104,35.5895166779153]]]}},{"type":"Feature","properties":{"county":"Roger Mills","legal":"18-13N-21W-IM","operator":"MUSTANG","lease_name":"FISHER 6-18","api_number":"3512922988","reservoir":"TNKWA,CTTG GRV,CLVLND,DS MNS,DGLS","first_production":"2006-03-01","last_production":"2026-03-01"},"geometry":{"type":"Polygon","coordinates":[[[-99.474376723598,35.6039868185895],[-99.4728767235849,35.6024868185764],[-99.474376723598,35.6009868185634],[-99.475876723611,35.6024868185764],[-99.474376723598,35.6039868185895]]]}},{"type":"Feature","properties":{"county":"Roger Mills","legal":"15-13N-21W-IM","operator":"TEOCALLI EXPLORATION","lease_name":"FIMPLE 1-15","api_number":"3512922950","reservoir":"CHEROKEE","first_production":"2006-01-01","last_production":"2026-03-01"},"geometry":{"type":"Polygon","coordinates":[[[-99.4213642264101,35.6040071203164],[-99.419864226397,35.6025071203034],[-99.4213642264101,35.6010071202903],[-99.4228642264231,35.6025071203034],[-99.4213642264101,35.6040071203164]]]}},{"type":"Feature","properties":{"county":"Roger Mills","legal":"07-13N-21W-IM","operator":"MUSTANG","lease_name":"HART 3-7","api_number":"3512922939","reservoir":"DES MOINES","first_production":"2006-01-01","last_production":"2026-03-01"},"geometry":{"type":"Polygon","coordinates":[[[-99.474325327083,35.6185310955254],[-99.47282532707,35.6170310955124],[-99.474325327083,35.6155310954994],[-99.475825327096,35.6170310955124],[-99.474325327083,35.6185310955254]]]}},{"type":"Feature","properties":{"county":"Roger Mills","legal":"17-13N-21W-IM","operator":"MUSTANG","lease_name":"GWARTNEY 11-17","api_number":"3512922922","reservoir":"DES MOINES","first_production":"2005-12-01","last_production":"2026-03-01"},"geometry":{"type":"Polygon","coordinates":[[[-99.4568702762503,35.6039293044588],[-99.4553702762373,35.6024293044457],[-99.4568702762503,35.6009293044327],[-99.4583702762634,35.6024293044457],[-99.4568702762503,35.6039293044588]]]}},{"type":"Feature","properties":{"county":"Roger Mills","legal":"10-13N-22W-IM","operator":"MUSTANG","lease_name":"MOORE 4-10","api_number":"3512922878","reservoir":"DES MOINES","first_production":"2005-10-01","last_production":"2026-03-01"},"geometry":{"type":"Polygon","coordinates":[[[-99.5270361538152,35.6187291756062],[-99.5255361538021,35.6172291755931],[-99.5270361538152,35.6157291755801],[-99.5285361538282,35.6172291755931],[-99.5270361538152,35.6187291756062]]]}},{"type":"Feature","properties":{"county":"Roger Mills","legal":"07-13N-21W-IM","operator":"MUSTANG","lease_name":"HART 2-7","api_number":"3512922900","reservoir":"DES MOINES","first_production":"2005-12-01","last_production":"2026-03-01"},"geometry":{"type":"Polygon","coordinates":[[[-99.474325327083,35.6185310955254],[-99.47282532707,35.6170310955124],[-99.474325327083,35.6155310954994],[-99.475825327096,35.6170310955124],[-99.474325327083,35.6185310955254]]]}},{"type":"Feature","properties":{"county":"Roger Mills","legal":"11-13N-22W-IM","operator":"MUSTANG","lease_name":"FISHER 1-11","api_number":"3512922883","reservoir":"RED FORK","first_production":"2005-12-01","last_production":"2026-03-01"},"geometry":{"type":"Polygon","coordinates":[[[-99.5093122987606,35.6186786024487],[-99.5078122987475,35.6171786024356],[-99.5093122987606,35.6156786024226],[-99.5108122987736,35.6171786024356],[-99.5093122987606,35.6186786024487]]]}},{"type":"Feature","properties":{"county":"Roger Mills","legal":"21-13N-22W-IM","operator":"MUSTANG","lease_name":"BOGGES 5-21","api_number":"3512922868","reservoir":"RED FORK","first_production":"2005-09-01","last_production":"2026-03-01"},"geometry":{"type":"Polygon","coordinates":[[[-99.5447973326065,35.5897214840453],[-99.5432973325934,35.5882214840322],[-99.5447973326065,35.5867214840192],[-99.5462973326195,35.5882214840322],[-99.5447973326065,35.5897214840453]]]}},{"type":"Feature","properties":{"county":"Roger Mills","legal":"17-13N-21W-IM","operator":"MUSTANG","lease_name":"MC CALLAY 9-17","api_number":"3512922813","reservoir":"DES MOINES","first_production":"2005-07-01","last_production":"2026-03-01"},"geometry":{"type":"Polygon","coordinates":[[[-99.4568702762503,35.6039293044588],[-99.4553702762373,35.6024293044457],[-99.4568702762503,35.6009293044327],[-99.4583702762634,35.6024293044457],[-99.4568702762503,35.6039293044588]]]}},{"type":"Feature","properties":{"county":"Roger Mills","legal":"08-11N-23W-IM","operator":"UNBRIDLED RESOURCES LLC","lease_name":"FIREY 1-8","api_number":"3512922746","reservoir":"CHEROKEE","first_production":"2005-05-01","last_production":"2026-03-01"},"geometry":{"type":"Polygon","coordinates":[[[-99.6552640885576,35.4448377266347],[-99.6537640885446,35.4433377266216],[-99.6552640885576,35.4418377266086],[-99.6567640885707,35.4433377266216],[-99.6552640885576,35.4448377266347]]]}},{"type":"Feature","properties":{"county":"Roger Mills","legal":"15-13N-22W-IM","operator":"MUSTANG","lease_name":"CHUNKY FINGERNAIL 2-15","api_number":"3512922685","reservoir":"RED FORK","first_production":"2005-03-01","last_production":"2026-03-01"},"geometry":{"type":"Polygon","coordinates":[[[-99.5270218212831,35.6041891031029],[-99.5255218212701,35.6026891030898],[-99.5270218212831,35.6011891030768],[-99.5285218212962,35.6026891030898],[-99.5270218212831,35.6041891031029]]]}},{"type":"Feature","properties":{"county":"Roger Mills","legal":"19-13N-22W-IM","operator":"MUSTANG","lease_name":"ROARK 4-19","api_number":"3512922704","reservoir":"RED FORK","first_production":"2005-01-01","last_production":"2026-03-01"},"geometry":{"type":"Polygon","coordinates":[[[-99.5804562963555,35.5895954622758],[-99.5789562963424,35.5880954622628],[-99.5804562963555,35.5865954622497],[-99.5819562963685,35.5880954622628],[-99.5804562963555,35.5895954622758]]]}},{"type":"Feature","properties":{"county":"Roger Mills","legal":"17-13N-21W-IM","operator":"MUSTANG","lease_name":"GWARTNEY 4-17","api_number":"3512922684","reservoir":"DES MOINES","first_production":"2004-12-01","last_production":"2026-03-01"},"geometry":{"type":"Polygon","coordinates":[[[-99.4568702762503,35.6039293044588],[-99.4553702762373,35.6024293044457],[-99.4568702762503,35.6009293044327],[-99.4583702762634,35.6024293044457],[-99.4568702762503,35.6039293044588]]]}},{"type":"Feature","properties":{"county":"Roger Mills","legal":"08-12N-21W-IM","operator":"UNBRIDLED RESOURCES LLC","lease_name":"ROARK 1-8","api_number":"3512922676","reservoir":"DES MOINES","first_production":"2004-11-01","last_production":"2026-03-01"},"geometry":{"type":"Polygon","coordinates":[[[-99.4438379985774,35.532142449825],[-99.4423379985644,35.5306424498119],[-99.4438379985774,35.5291424497989],[-99.4453379985905,35.5306424498119],[-99.4438379985774,35.532142449825]]]}},{"type":"Feature","properties":{"county":"Roger Mills","legal":"13-13N-22W-IM","operator":"MUSTANG","lease_name":"DODSON 10-13","api_number":"3512922582","reservoir":"DES MOINES","first_production":"2004-10-01","last_production":"2026-03-01"},"geometry":{"type":"Polygon","coordinates":[[[-99.4917618940803,35.6040658929382],[-99.4902618940673,35.6025658929252],[-99.4917618940803,35.6010658929122],[-99.4932618940934,35.6025658929252],[-99.4917618940803,35.6040658929382]]]}},{"type":"Feature","properties":{"county":"Roger Mills","legal":"13-13N-21W-IM","operator":"TEOCALLI EXPLORATION","lease_name":"DUGGER 3-13","api_number":"3512922618","reservoir":"CHEROKEE","first_production":"2004-08-01","last_production":"2026-03-01"},"geometry":{"type":"Polygon","coordinates":[[[-99.3858284018491,35.6039210933204],[-99.3843284018361,35.6024210933074],[-99.3858284018491,35.6009210932944],[-99.3873284018622,35.6024210933074],[-99.3858284018491,35.6039210933204]]]}},{"type":"Feature","properties":{"county":"Roger Mills","legal":"17-13N-21W-IM","operator":"MUSTANG","lease_name":"GWARTNEY 3-17","api_number":"3512922543","reservoir":"RED FORK","first_production":"2003-12-01","last_production":"2026-03-01"},"geometry":{"type":"Polygon","coordinates":[[[-99.4568702762503,35.6039293044588],[-99.4553702762373,35.6024293044457],[-99.4568702762503,35.6009293044327],[-99.4583702762634,35.6024293044457],[-99.4568702762503,35.6039293044588]]]}},{"type":"Feature","properties":{"county":"Roger Mills","legal":"13-12N-22W-IM","operator":"TEOCALLI EXPLORATION","lease_name":"TAYLOR 6-13","api_number":"3512922558","reservoir":"DES MOINES","first_production":"2003-12-01","last_production":"2026-03-01"},"geometry":{"type":"Polygon","coordinates":[[[-99.4787811960165,35.5175324903927],[-99.4772811960035,35.5160324903796],[-99.4787811960165,35.5145324903666],[-99.4802811960295,35.5160324903796],[-99.4787811960165,35.5175324903927]]]}},{"type":"Feature","properties":{"county":"Roger Mills","legal":"30-12N-23W-IM","operator":"MUSTANG","lease_name":"KENNER #3H-30","api_number":"3512922518","reservoir":"CHEROKEE UP,CHEROKEE LOW","first_production":"2003-12-01","last_production":"2026-03-01"},"geometry":{"type":"Polygon","coordinates":[[[-99.672739444117,35.4883278029414],[-99.671239444104,35.4868278029284],[-99.672739444117,35.4853278029153],[-99.6742394441301,35.4868278029284],[-99.672739444117,35.4883278029414]]]}},{"type":"Feature","properties":{"county":"Roger Mills","legal":"17-13N-22W-IM","operator":"TEOCALLI EXPLORATION","lease_name":"NISTLER 5-17","api_number":"3512922548","reservoir":"RED FORK","first_production":"2003-12-01","last_production":"2026-03-01"},"geometry":{"type":"Polygon","coordinates":[[[-99.5626865144293,35.604174391134],[-99.5611865144162,35.602674391121],[-99.5626865144293,35.6011743911079],[-99.5641865144423,35.602674391121],[-99.5626865144293,35.604174391134]]]}},{"type":"Feature","properties":{"county":"Roger Mills","legal":"12-13N-21W-IM","operator":"TEOCALLI EXPLORATION","lease_name":"RAY CLARK 2-12","api_number":"3512922528","reservoir":"CHEROKEE","first_production":"2003-11-01","last_production":"2026-03-01"},"geometry":{"type":"Polygon","coordinates":[[[-99.3858181793284,35.6185255984057],[-99.3843181793154,35.6170255983927],[-99.3858181793284,35.6155255983797],[-99.3873181793415,35.6170255983927],[-99.3858181793284,35.6185255984057]]]}},{"type":"Feature","properties":{"county":"Roger Mills","legal":"28-13N-23W-IM","operator":"UNBRIDLED RESOURCES LLC","lease_name":"SPROWLS 9-28","api_number":"3512922500","reservoir":"CHEROKEE","first_production":"2003-07-01","last_production":"2026-03-01"},"geometry":{"type":"Polygon","coordinates":[[[-99.6515262356878,35.5750200247921],[-99.6500262356747,35.5735200247791],[-99.6515262356878,35.5720200247661],[-99.6530262357008,35.5735200247791],[-99.6515262356878,35.5750200247921]]]}},{"type":"Feature","properties":{"county":"Roger Mills","legal":"14-12N-22W-IM","operator":"TEOCALLI EXPLORATION","lease_name":"PERRYMAN 4-14","api_number":"3512922492","reservoir":"CHEROKEE","first_production":"2003-07-01","last_production":"2026-03-01"},"geometry":{"type":"Polygon","coordinates":[[[-99.4962246868462,35.5176053169611],[-99.4947246868332,35.5161053169481],[-99.4962246868462,35.514605316935],[-99.4977246868592,35.5161053169481],[-99.4962246868462,35.5176053169611]]]}},{"type":"Feature","properties":{"county":"Roger Mills","legal":"18-12N-21W-IM","operator":"TEOCALLI EXPLORATION","lease_name":"MONTE 1-18","api_number":"3512922447","reservoir":"DES MOINES.","first_production":"2003-03-01","last_production":"2026-03-01"},"geometry":{"type":"Polygon","coordinates":[[[-99.4612188709957,35.5176441228046],[-99.4597188709826,35.5161441227916],[-99.4612188709957,35.5146441227786],[-99.4627188710087,35.5161441227916],[-99.4612188709957,35.5176441228046]]]}},{"type":"Feature","properties":{"county":"Roger Mills","legal":"07-11N-23W-IM","operator":"JMA ENERGY","lease_name":"LORIS #1-7; JONES TRUST #1-7","api_number":"3512922693;3512922442;3512922490","reservoir":"MARMATON","first_production":"2003-02-01","last_production":"2026-03-01"},"geometry":{"type":"Polygon","coordinates":[[[-99.6729042585367,35.4448433287094],[-99.6714042585237,35.4433433286963],[-99.6729042585367,35.4418433286833],[-99.6744042585497,35.4433433286963],[-99.6729042585367,35.4448433287094]]]}},{"type":"Feature","properties":{"county":"Roger Mills","legal":"05-11N-23W-IM","operator":"UNBRIDLED RESOURCES LLC","lease_name":"BEASON 1-5","api_number":"3512922393","reservoir":"CHEROKEE WASH","first_production":"2002-10-01","last_production":"2026-03-01"},"geometry":{"type":"Polygon","coordinates":[[[-99.6552211222585,35.4593865410795],[-99.6537211222455,35.4578865410664],[-99.6552211222585,35.4563865410534],[-99.6567211222715,35.4578865410664],[-99.6552211222585,35.4593865410795]]]}},{"type":"Feature","properties":{"county":"Roger Mills","legal":"17-12N-21W-IM","operator":"TEOCALLI EXPLORATION","lease_name":"BENNIE 1-17","api_number":"3512922396","reservoir":"DES MOINES","first_production":"2002-09-01","last_production":"2026-03-01"},"geometry":{"type":"Polygon","coordinates":[[[-99.4437417742759,35.5176436289134],[-99.4422417742629,35.5161436289003],[-99.4437417742759,35.5146436288873],[-99.445241774289,35.5161436289003],[-99.4437417742759,35.5176436289134]]]}},{"type":"Feature","properties":{"county":"Roger Mills","legal":"32-13N-22W-IM","operator":"MUSTANG","lease_name":"STATE 3-32","api_number":"3512922384","reservoir":"RED FORK","first_production":"2002-08-01","last_production":"2026-03-01"},"geometry":{"type":"Polygon","coordinates":[[[-99.5627725217295,35.5606846261568],[-99.5612725217165,35.5591846261438],[-99.5627725217295,35.5576846261307],[-99.5642725217426,35.5591846261438],[-99.5627725217295,35.5606846261568]]]}},{"type":"Feature","properties":{"county":"Roger Mills","legal":"34-13N-23W-IM","operator":"UNBRIDLED RESOURCES LLC","lease_name":"FRANCIS 2-34","api_number":"3512922324","reservoir":"CHEROKEE","first_production":"2002-02-01","last_production":"2026-03-01"},"geometry":{"type":"Polygon","coordinates":[[[-99.6339541977505,35.5605784838096],[-99.6324541977375,35.5590784837965],[-99.6339541977505,35.5575784837835],[-99.6354541977636,35.5590784837965],[-99.6339541977505,35.5605784838096]]]}},{"type":"Feature","properties":{"county":"Roger Mills","legal":"13-13N-22W-IM","operator":"MUSTANG","lease_name":"DODSON 9-13","api_number":"3512922314","reservoir":"DES MOINES","first_production":"2001-07-01","last_production":"2026-03-01"},"geometry":{"type":"Polygon","coordinates":[[[-99.4917618940803,35.6040658929382],[-99.4902618940673,35.6025658929252],[-99.4917618940803,35.6010658929122],[-99.4932618940934,35.6025658929252],[-99.4917618940803,35.6040658929382]]]}},{"type":"Feature","properties":{"county":"Roger Mills","legal":"24-13N-22W-IM","operator":"MUSTANG","lease_name":"WALKER 4-24","api_number":"3512922299","reservoir":"DES MOINES","first_production":"2001-07-01","last_production":"2026-03-01"},"geometry":{"type":"Polygon","coordinates":[[[-99.491840731104,35.5895166779153],[-99.490340731091,35.5880166779023],[-99.491840731104,35.5865166778893],[-99.4933407311171,35.5880166779023],[-99.491840731104,35.5895166779153]]]}},{"type":"Feature","properties":{"county":"Roger Mills","legal":"08-13N-22W-IM","operator":"MUSTANG","lease_name":"BLAIR PAYNE 3-8","api_number":"3512922285","reservoir":"REDFORK","first_production":"2001-04-01","last_production":"2026-03-01"},"geometry":{"type":"Polygon","coordinates":[[[-99.5624427330486,35.6187317247128],[-99.5609427330356,35.6172317246997],[-99.5624427330486,35.6157317246867],[-99.5639427330617,35.6172317246997],[-99.5624427330486,35.6187317247128]]]}},{"type":"Feature","properties":{"county":"Roger Mills","legal":"13-13N-22W-IM","operator":"MUSTANG","lease_name":"DODSON 8-13","api_number":"3512922284","reservoir":"DES MOINES","first_production":"2001-03-01","last_production":"2026-03-01"},"geometry":{"type":"Polygon","coordinates":[[[-99.4917618940803,35.6040658929382],[-99.4902618940673,35.6025658929252],[-99.4917618940803,35.6010658929122],[-99.4932618940934,35.6025658929252],[-99.4917618940803,35.6040658929382]]]}},{"type":"Feature","properties":{"county":"Roger Mills","legal":"30-12N-23W-IM","operator":"MUSTANG","lease_name":"KENNER #2-30","api_number":"3512922256","reservoir":"UPPER CHEROKEE","first_production":"2000-12-01","last_production":"2026-03-01"},"geometry":{"type":"Polygon","coordinates":[[[-99.672739444117,35.4883278029414],[-99.671239444104,35.4868278029284],[-99.672739444117,35.4853278029153],[-99.6742394441301,35.4868278029284],[-99.672739444117,35.4883278029414]]]}},{"type":"Feature","properties":{"county":"Roger Mills","legal":"19-13N-21W-IM","operator":"MUSTANG","lease_name":"ALLEN 5-19","api_number":"3512922255","reservoir":"DES MOINES","first_production":"2000-10-01","last_production":"2026-03-01"},"geometry":{"type":"Polygon","coordinates":[[[-99.474375709382,35.5893988100462],[-99.4728757093689,35.5878988100332],[-99.474375709382,35.5863988100202],[-99.475875709395,35.5878988100332],[-99.474375709382,35.5893988100462]]]}},{"type":"Feature","properties":{"county":"Roger Mills","legal":"13-13N-22W-IM","operator":"MUSTANG","lease_name":"DODSON 7-13","api_number":"3512922234","reservoir":"DES MOINES","first_production":"2000-07-01","last_production":"2026-03-01"},"geometry":{"type":"Polygon","coordinates":[[[-99.4917618940803,35.6040658929382],[-99.4902618940673,35.6025658929252],[-99.4917618940803,35.6010658929122],[-99.4932618940934,35.6025658929252],[-99.4917618940803,35.6040658929382]]]}},{"type":"Feature","properties":{"county":"Roger Mills","legal":"15-13N-22W-IM","operator":"MUSTANG","lease_name":"CHUNKY FINGER NAIL #1-15","api_number":"3512922048","reservoir":"RED FORK","first_production":"2000-06-01","last_production":"2026-03-01"},"geometry":{"type":"Polygon","coordinates":[[[-99.5270218212831,35.6041891031029],[-99.5255218212701,35.6026891030898],[-99.5270218212831,35.6011891030768],[-99.5285218212962,35.6026891030898],[-99.5270218212831,35.6041891031029]]]}},{"type":"Feature","properties":{"county":"Roger Mills","legal":"10-13N-22W-IM","operator":"MUSTANG","lease_name":"MOORE 2-10","api_number":"3512922220","reservoir":"DES MOINES","first_production":"2000-09-01","last_production":"2026-03-01"},"geometry":{"type":"Polygon","coordinates":[[[-99.5270361538152,35.6187291756062],[-99.5255361538021,35.6172291755931],[-99.5270361538152,35.6157291755801],[-99.5285361538282,35.6172291755931],[-99.5270361538152,35.6187291756062]]]}},{"type":"Feature","properties":{"county":"Roger Mills","legal":"13-12N-22W-IM","operator":"UNBRIDLED RESOURCES LLC","lease_name":"PERRYMAN 13-2","api_number":"3512922218","reservoir":"DES MOINES(RED FORK)","first_production":"2000-04-01","last_production":"2026-03-01"},"geometry":{"type":"Polygon","coordinates":[[[-99.4787811960165,35.5175324903927],[-99.4772811960035,35.5160324903796],[-99.4787811960165,35.5145324903666],[-99.4802811960295,35.5160324903796],[-99.4787811960165,35.5175324903927]]]}},{"type":"Feature","properties":{"county":"Roger Mills","legal":"17-13N-21W-IM","operator":"MUSTANG","lease_name":"ALLEN 4-17","api_number":"3512922213","reservoir":"DES MOINES","first_production":"1998-11-01","last_production":"2026-03-01"},"geometry":{"type":"Polygon","coordinates":[[[-99.4568702762503,35.6039293044588],[-99.4553702762373,35.6024293044457],[-99.4568702762503,35.6009293044327],[-99.4583702762634,35.6024293044457],[-99.4568702762503,35.6039293044588]]]}},{"type":"Feature","properties":{"county":"Roger Mills","legal":"13-13N-22W-IM","operator":"MUSTANG","lease_name":"DODSON 6-13","api_number":"3512922163","reservoir":"DES MOINES","first_production":"1998-11-01","last_production":"2026-03-01"},"geometry":{"type":"Polygon","coordinates":[[[-99.4917618940803,35.6040658929382],[-99.4902618940673,35.6025658929252],[-99.4917618940803,35.6010658929122],[-99.4932618940934,35.6025658929252],[-99.4917618940803,35.6040658929382]]]}},{"type":"Feature","properties":{"county":"Roger Mills","legal":"09-13N-22W-IM","operator":"MUSTANG","lease_name":"MERRICK 2-9","api_number":"3512922000","reservoir":"TONKAWA,CLEVELAND,DES MOINES","first_production":"1997-03-01","last_production":"2026-03-01"},"geometry":{"type":"Polygon","coordinates":[[[-99.5447831345382,35.6187671145692],[-99.5432831345252,35.6172671145561],[-99.5447831345382,35.6157671145431],[-99.5462831345513,35.6172671145561],[-99.5447831345382,35.6187671145692]]]}},{"type":"Feature","properties":{"county":"Roger Mills","legal":"18-13N-21W-IM","operator":"MUSTANG","lease_name":"RATCLIFF 4-18","api_number":"3512921990","reservoir":"DES MOINES","first_production":"1996-10-01","last_production":"2026-03-01"},"geometry":{"type":"Polygon","coordinates":[[[-99.474376723598,35.6039868185895],[-99.4728767235849,35.6024868185764],[-99.474376723598,35.6009868185634],[-99.475876723611,35.6024868185764],[-99.474376723598,35.6039868185895]]]}},{"type":"Feature","properties":{"county":"Roger Mills","legal":"13-12N-22W-IM","operator":"UNBRIDLED RESOURCES LLC","lease_name":"THORNTON A 2-13","api_number":"3512921518","reservoir":"RED FORK","first_production":"1995-01-01","last_production":"2026-03-01"},"geometry":{"type":"Polygon","coordinates":[[[-99.4787811960165,35.5175324903927],[-99.4772811960035,35.5160324903796],[-99.4787811960165,35.5145324903666],[-99.4802811960295,35.5160324903796],[-99.4787811960165,35.5175324903927]]]}},{"type":"Feature","properties":{"county":"Roger Mills","legal":"08-13N-22W-IM","operator":"MUSTANG","lease_name":"BLAIR-PAIN 2-8","api_number":"3512921935","reservoir":"RED FORK","first_production":"1996-01-01","last_production":"2026-03-01"},"geometry":{"type":"Polygon","coordinates":[[[-99.5624427330486,35.6187317247128],[-99.5609427330356,35.6172317246997],[-99.5624427330486,35.6157317246867],[-99.5639427330617,35.6172317246997],[-99.5624427330486,35.6187317247128]]]}},{"type":"Feature","properties":{"county":"Roger Mills","legal":"13-13N-22W-IM","operator":"MUSTANG","lease_name":"DODSON 5-13","api_number":"3512921879","reservoir":"DES MOINES","first_production":"1995-02-01","last_production":"2026-03-01"},"geometry":{"type":"Polygon","coordinates":[[[-99.4917618940803,35.6040658929382],[-99.4902618940673,35.6025658929252],[-99.4917618940803,35.6010658929122],[-99.4932618940934,35.6025658929252],[-99.4917618940803,35.6040658929382]]]}},{"type":"Feature","properties":{"county":"Roger Mills","legal":"14-11N-23W-IM","operator":"CRAWLEY PETROLEUM","lease_name":"MOORE NO. 2-14","api_number":"3512921862","reservoir":"GRANITE WASH","first_production":"1995-01-01","last_production":"2026-03-01"},"geometry":{"type":"Polygon","coordinates":[[[-99.6020612676459,35.4301738037278],[-99.6005612676329,35.4286738037148],[-99.6020612676459,35.4271738037017],[-99.6035612676589,35.4286738037148],[-99.6020612676459,35.4301738037278]]]}},{"type":"Feature","properties":{"county":"Roger Mills","legal":"14-13N-22W-IM","operator":"TEOCALLI EXPLORATION","lease_name":"DODSON UNIT #1","api_number":"3512921843","reservoir":"REDFORK","first_production":"1995-01-01","last_production":"2026-03-01"},"geometry":{"type":"Polygon","coordinates":[[[-99.5092754278782,35.6040922776977],[-99.5077754278652,35.6025922776846],[-99.5092754278782,35.6010922776716],[-99.5107754278913,35.6025922776846],[-99.5092754278782,35.6040922776977]]]}},{"type":"Feature","properties":{"county":"Roger Mills","legal":"17-13N-21W-IM","operator":"MUSTANG","lease_name":"ALLEN 3-17","api_number":"3512921624","reservoir":"REDFORK","first_production":"1995-01-01","last_production":"2026-03-01"},"geometry":{"type":"Polygon","coordinates":[[[-99.4568702762503,35.6039293044588],[-99.4553702762373,35.6024293044457],[-99.4568702762503,35.6009293044327],[-99.4583702762634,35.6024293044457],[-99.4568702762503,35.6039293044588]]]}},{"type":"Feature","properties":{"county":"Roger Mills","legal":"13-13N-22W-IM","operator":"MUSTANG","lease_name":"DODSON 2-13","api_number":"3512921604","reservoir":"RED FORK","first_production":"1995-01-01","last_production":"2026-03-01"},"geometry":{"type":"Polygon","coordinates":[[[-99.4917618940803,35.6040658929382],[-99.4902618940673,35.6025658929252],[-99.4917618940803,35.6010658929122],[-99.4932618940934,35.6025658929252],[-99.4917618940803,35.6040658929382]]]}},{"type":"Feature","properties":{"county":"Roger Mills","legal":"11-13N-22W-IM","operator":"MUSTANG","lease_name":"K K #1","api_number":"3512921397","reservoir":"REDFORK","first_production":"1995-01-01","last_production":"2026-03-01"},"geometry":{"type":"Polygon","coordinates":[[[-99.5093122987606,35.6186786024487],[-99.5078122987475,35.6171786024356],[-99.5093122987606,35.6156786024226],[-99.5108122987736,35.6171786024356],[-99.5093122987606,35.6186786024487]]]}},{"type":"Feature","properties":{"county":"Roger Mills","legal":"34-12N-23W-IM","operator":"MUSTANG","lease_name":"THETFORD #1-34","api_number":"3512921352","reservoir":"UPPER MORROW","first_production":"1995-01-01","last_production":"2026-03-01"},"geometry":{"type":"Polygon","coordinates":[[[-99.6198288420209,35.4739182432921],[-99.6183288420078,35.472418243279],[-99.6198288420209,35.470918243266],[-99.6213288420339,35.472418243279],[-99.6198288420209,35.4739182432921]]]}},{"type":"Feature","properties":{"county":"Roger Mills","legal":"35-13N-23W-IM","operator":"TEOCALLI EXPLORATION","lease_name":"BRICE #1-35","api_number":"3512921311","reservoir":"CHEROKEE","first_production":"1995-01-01","last_production":"2026-03-01"},"geometry":{"type":"Polygon","coordinates":[[[-99.6162540174324,35.5605112089438],[-99.6147540174194,35.5590112089307],[-99.6162540174324,35.5575112089177],[-99.6177540174455,35.5590112089307],[-99.6162540174324,35.5605112089438]]]}},{"type":"Feature","properties":{"county":"Roger Mills","legal":"35-12N-23W-IM","operator":"MUSTANG","lease_name":"HARRINGTON #1-35","api_number":"3512921248","reservoir":"PURYEAR","first_production":"1995-01-01","last_production":"2026-03-01"},"geometry":{"type":"Polygon","coordinates":[[[-99.6021514226413,35.4739770754878],[-99.6006514226282,35.4724770754747],[-99.6021514226413,35.4709770754617],[-99.6036514226543,35.4724770754747],[-99.6021514226413,35.4739770754878]]]}},{"type":"Feature","properties":{"county":"Roger Mills","legal":"13-12N-21W-IM","operator":"BP AMERICA PRODUCTION","lease_name":"BEUTLER 2-13","api_number":"3512921478","reservoir":"DESMOINES","first_production":"1995-01-01","last_production":"2026-03-01"},"geometry":{"type":"Polygon","coordinates":[[[-99.3729198154284,35.5175016749278],[-99.3714198154154,35.5160016749148],[-99.3729198154284,35.5145016749017],[-99.3744198154415,35.5160016749148],[-99.3729198154284,35.5175016749278]]]}},{"type":"Feature","properties":{"county":"Roger Mills","legal":"13-12N-21W-IM","operator":"MUSTANG","lease_name":"BEUTLER 1-13","api_number":"3512921442","reservoir":"DES MOINES","first_production":"1995-01-01","last_production":"2026-03-01"},"geometry":{"type":"Polygon","coordinates":[[[-99.3729198154284,35.5175016749278],[-99.3714198154154,35.5160016749148],[-99.3729198154284,35.5145016749017],[-99.3744198154415,35.5160016749148],[-99.3729198154284,35.5175016749278]]]}},{"type":"Feature","properties":{"county":"Roger Mills","legal":"13-12N-21W-IM","operator":"BP AMERICA PRODUCTION","lease_name":"BILLAU #1","api_number":"3512920807","reservoir":"RED FORK","first_production":"1995-01-01","last_production":"2026-03-01"},"geometry":{"type":"Polygon","coordinates":[[[-99.3729198154284,35.5175016749278],[-99.3714198154154,35.5160016749148],[-99.3729198154284,35.5145016749017],[-99.3744198154415,35.5160016749148],[-99.3729198154284,35.5175016749278]]]}},{"type":"Feature","properties":{"county":"Roger Mills","legal":"28-12N-23W-IM","operator":"MUSTANG","lease_name":"BAKER #1-28","api_number":"3512920834","reservoir":"CHEROKEE","first_production":"1995-01-01","last_production":"2026-03-01"},"geometry":{"type":"Polygon","coordinates":[[[-99.6374248549374,35.4884407179541],[-99.6359248549244,35.486940717941],[-99.6374248549374,35.485440717928],[-99.6389248549505,35.486940717941],[-99.6374248549374,35.4884407179541]]]}},{"type":"Feature","properties":{"county":"Roger Mills","legal":"14-11N-23W-IM","operator":"CHACO ENERGY","lease_name":"MOORE 1-14","api_number":"3512921108","reservoir":"GRANITE WASH","first_production":"1995-01-01","last_production":"2026-03-01"},"geometry":{"type":"Polygon","coordinates":[[[-99.6020612676459,35.4301738037278],[-99.6005612676329,35.4286738037148],[-99.6020612676459,35.4271738037017],[-99.6035612676589,35.4286738037148],[-99.6020612676459,35.4301738037278]]]}},{"type":"Feature","properties":{"county":"Roger Mills","legal":"07-13N-21W-IM","operator":"MUSTANG","lease_name":"RATCLIFF #1-7","api_number":"3512920911","reservoir":"REDFORK","first_production":"1995-01-01","last_production":"2026-03-01"},"geometry":{"type":"Polygon","coordinates":[[[-99.474325327083,35.6185310955254],[-99.47282532707,35.6170310955124],[-99.474325327083,35.6155310954994],[-99.475825327096,35.6170310955124],[-99.474325327083,35.6185310955254]]]}},{"type":"Feature","properties":{"county":"Roger Mills","legal":"20-12N-23W-IM","operator":"MUSTANG","lease_name":"BAKER-FLENNER #1-20","api_number":"3512920641","reservoir":"UPPER MORROW","first_production":"1995-01-01","last_production":"2026-03-01"},"geometry":{"type":"Polygon","coordinates":[[[-99.6550323549703,35.5028443490357],[-99.6535323549572,35.5013443490226],[-99.6550323549703,35.4998443490096],[-99.6565323549833,35.5013443490226],[-99.6550323549703,35.5028443490357]]]}},{"type":"Feature","properties":{"county":"Roger Mills","legal":"10-13N-22W-IM","operator":"MUSTANG","lease_name":"MOORE #1-10","api_number":"3512921357","reservoir":"ATOKA","first_production":"1995-01-01","last_production":"2026-03-01"},"geometry":{"type":"Polygon","coordinates":[[[-99.5270361538152,35.6187291756062],[-99.5255361538021,35.6172291755931],[-99.5270361538152,35.6157291755801],[-99.5285361538282,35.6172291755931],[-99.5270361538152,35.6187291756062]]]}},{"type":"Feature","properties":{"county":"Roger Mills","legal":"15-13N-22W-IM","operator":"MUSTANG","lease_name":"CHAPMAN #2-15","api_number":"3512920931","reservoir":"RED FORK","first_production":"1995-01-01","last_production":"2026-03-01"},"geometry":{"type":"Polygon","coordinates":[[[-99.5270218212831,35.6041891031029],[-99.5255218212701,35.6026891030898],[-99.5270218212831,35.6011891030768],[-99.5285218212962,35.6026891030898],[-99.5270218212831,35.6041891031029]]]}},{"type":"Feature","properties":{"county":"Roger Mills","legal":"03-13N-22W-IM","operator":"MUSTANG","lease_name":"MERRICK #1-3","api_number":"3512920809","reservoir":"RED FORK","first_production":"1995-01-01","last_production":"2026-03-01"},"geometry":{"type":"Polygon","coordinates":[[[-99.5270063308205,35.6333000763927],[-99.5255063308075,35.6318000763796],[-99.5270063308205,35.6303000763666],[-99.5285063308335,35.6318000763796],[-99.5270063308205,35.6333000763927]]]}},{"type":"Feature","properties":{"county":"Roger Mills","legal":"13-13N-22W-IM","operator":"MUSTANG","lease_name":"DODSON 4-13","api_number":"3512921771","reservoir":"RED FORK","first_production":"1995-01-01","last_production":"2026-03-01"},"geometry":{"type":"Polygon","coordinates":[[[-99.4917618940803,35.6040658929382],[-99.4902618940673,35.6025658929252],[-99.4917618940803,35.6010658929122],[-99.4932618940934,35.6025658929252],[-99.4917618940803,35.6040658929382]]]}},{"type":"Feature","properties":{"county":"Roger Mills","legal":"13-13N-22W-IM","operator":"MUSTANG","lease_name":"DODSON 3-13","api_number":"3512921666","reservoir":"RED FORK","first_production":"1995-01-01","last_production":"2026-03-01"},"geometry":{"type":"Polygon","coordinates":[[[-99.4917618940803,35.6040658929382],[-99.4902618940673,35.6025658929252],[-99.4917618940803,35.6010658929122],[-99.4932618940934,35.6025658929252],[-99.4917618940803,35.6040658929382]]]}},{"type":"Feature","properties":{"county":"Roger Mills","legal":"13-13N-22W-IM","operator":"MUSTANG","lease_name":"DODSON #1-13","api_number":"3512920653","reservoir":"RED FORK","first_production":"1995-01-01","last_production":"2026-03-01"},"geometry":{"type":"Polygon","coordinates":[[[-99.4917618940803,35.6040658929382],[-99.4902618940673,35.6025658929252],[-99.4917618940803,35.6010658929122],[-99.4932618940934,35.6025658929252],[-99.4917618940803,35.6040658929382]]]}},{"type":"Feature","properties":{"county":"Roger Mills","legal":"21-13N-22W-IM","operator":"MUSTANG","lease_name":"JASON #1-21","api_number":"3512920616","reservoir":"REDFORK","first_production":"1995-01-01","last_production":"2026-03-01"},"geometry":{"type":"Polygon","coordinates":[[[-99.5447973326065,35.5897214840453],[-99.5432973325934,35.5882214840322],[-99.5447973326065,35.5867214840192],[-99.5462973326195,35.5882214840322],[-99.5447973326065,35.5897214840453]]]}},{"type":"Feature","properties":{"county":"Roger Mills","legal":"24-13N-22W-IM","operator":"MUSTANG","lease_name":"WALKER #2-24","api_number":"3512921754","reservoir":"RED FORK","first_production":"1995-01-01","last_production":"2026-03-01"},"geometry":{"type":"Polygon","coordinates":[[[-99.491840731104,35.5895166779153],[-99.490340731091,35.5880166779023],[-99.491840731104,35.5865166778893],[-99.4933407311171,35.5880166779023],[-99.491840731104,35.5895166779153]]]}},{"type":"Feature","properties":{"county":"Roger Mills","legal":"24-13N-22W-IM","operator":"MUSTANG","lease_name":"ALLEN #1-24","api_number":"3512921359","reservoir":"RED FORK","first_production":"1995-01-01","last_production":"2026-03-01"},"geometry":{"type":"Polygon","coordinates":[[[-99.491840731104,35.5895166779153],[-99.490340731091,35.5880166779023],[-99.491840731104,35.5865166778893],[-99.4933407311171,35.5880166779023],[-99.491840731104,35.5895166779153]]]}},{"type":"Feature","properties":{"county":"Roger Mills","legal":"08-13N-22W-IM","operator":"MUSTANG","lease_name":"BLAIR PAINE #1-8","api_number":"3512920678","reservoir":"RED FORK","first_production":"1995-01-01","last_production":"2026-03-01"},"geometry":{"type":"Polygon","coordinates":[[[-99.5624427330486,35.6187317247128],[-99.5609427330356,35.6172317246997],[-99.5624427330486,35.6157317246867],[-99.5639427330617,35.6172317246997],[-99.5624427330486,35.6187317247128]]]}},{"type":"Feature","properties":{"county":"Roger Mills","legal":"17-13N-21W-IM","operator":"MUSTANG","lease_name":"GWARTNEY #2-17","api_number":"3512921741","reservoir":"RED FORK","first_production":"1995-01-01","last_production":"2026-03-01"},"geometry":{"type":"Polygon","coordinates":[[[-99.4568702762503,35.6039293044588],[-99.4553702762373,35.6024293044457],[-99.4568702762503,35.6009293044327],[-99.4583702762634,35.6024293044457],[-99.4568702762503,35.6039293044588]]]}},{"type":"Feature","properties":{"county":"Roger Mills","legal":"17-13N-21W-IM","operator":"MUSTANG","lease_name":"ALLEN #2-17","api_number":"3512921474","reservoir":"RED FORK B. & D.","first_production":"1995-01-01","last_production":"2026-03-01"},"geometry":{"type":"Polygon","coordinates":[[[-99.4568702762503,35.6039293044588],[-99.4553702762373,35.6024293044457],[-99.4568702762503,35.6009293044327],[-99.4583702762634,35.6024293044457],[-99.4568702762503,35.6039293044588]]]}},{"type":"Feature","properties":{"county":"Roger Mills","legal":"17-13N-21W-IM","operator":"MUSTANG","lease_name":"GWARTNEY 1-17","api_number":"3512921237","reservoir":"CHEROKEE","first_production":"1995-01-01","last_production":"2026-03-01"},"geometry":{"type":"Polygon","coordinates":[[[-99.4568702762503,35.6039293044588],[-99.4553702762373,35.6024293044457],[-99.4568702762503,35.6009293044327],[-99.4583702762634,35.6024293044457],[-99.4568702762503,35.6039293044588]]]}},{"type":"Feature","properties":{"county":"Roger Mills","legal":"17-13N-21W-IM","operator":"MUSTANG","lease_name":"ALLEN 1-17","api_number":"3512920718","reservoir":"CHEROKEE (RED FORK)","first_production":"1995-01-01","last_production":"2026-03-01"},"geometry":{"type":"Polygon","coordinates":[[[-99.4568702762503,35.6039293044588],[-99.4553702762373,35.6024293044457],[-99.4568702762503,35.6009293044327],[-99.4583702762634,35.6024293044457],[-99.4568702762503,35.6039293044588]]]}},{"type":"Feature","properties":{"county":"Roger Mills","legal":"16-13N-22W-IM","operator":"MUSTANG","lease_name":"CONCHO 1-16","api_number":"3512921452;3512921546","reservoir":"REDFORK","first_production":"1995-01-01","last_production":"2026-03-01"},"geometry":{"type":"Polygon","coordinates":[[[-99.5448663476214,35.6042238333709],[-99.5433663476083,35.6027238333579],[-99.5448663476214,35.6012238333448],[-99.5463663476344,35.6027238333579],[-99.5448663476214,35.6042238333709]]]}},{"type":"Feature","properties":{"county":"Roger Mills","legal":"27-13N-22W-IM","operator":"TEOCALLI EXPLORATION","lease_name":"SAVAGE #1-27","api_number":"3512921602","reservoir":"RED FORK","first_production":"1995-01-01","last_production":"2026-03-01"},"geometry":{"type":"Polygon","coordinates":[[[-99.5271159675873,35.5751837637185],[-99.5256159675743,35.5736837637055],[-99.5271159675873,35.5721837636924],[-99.5286159676004,35.5736837637055],[-99.5271159675873,35.5751837637185]]]}},{"type":"Feature","properties":{"county":"Roger Mills","legal":"14-13N-22W-IM","operator":"UNBRIDLED RESOURCES LLC","lease_name":"HIGHLEY DODSON 1-14","api_number":"3512921515","reservoir":"RED FORK","first_production":"1995-01-01","last_production":"2026-03-01"},"geometry":{"type":"Polygon","coordinates":[[[-99.5092754278782,35.6040922776977],[-99.5077754278652,35.6025922776846],[-99.5092754278782,35.6010922776716],[-99.5107754278913,35.6025922776846],[-99.5092754278782,35.6040922776977]]]}},{"type":"Feature","properties":{"county":"Roger Mills","legal":"19-13N-21W-IM","operator":"MUSTANG","lease_name":"ALLEN #2-19","api_number":"3512921283","reservoir":"CHEROKEE","first_production":"1995-01-01","last_production":"2026-03-01"},"geometry":{"type":"Polygon","coordinates":[[[-99.474375709382,35.5893988100462],[-99.4728757093689,35.5878988100332],[-99.474375709382,35.5863988100202],[-99.475875709395,35.5878988100332],[-99.474375709382,35.5893988100462]]]}},{"type":"Feature","properties":{"county":"Roger Mills","legal":"19-13N-21W-IM","operator":"MUSTANG","lease_name":"ALLEN #1-19","api_number":"3512920623","reservoir":"CHEROKEE","first_production":"1995-01-01","last_production":"2026-03-01"},"geometry":{"type":"Polygon","coordinates":[[[-99.474375709382,35.5893988100462],[-99.4728757093689,35.5878988100332],[-99.474375709382,35.5863988100202],[-99.475875709395,35.5878988100332],[-99.474375709382,35.5893988100462]]]}},{"type":"Feature","properties":{"county":"Roger Mills","legal":"11-11N-23W-IM","operator":"CADDO EXPIRATION","lease_name":"MILLINGTON #2-11","api_number":"3512921221","reservoir":"DES MOINES GRANITE WASH","first_production":"1996-12-01","last_production":"2026-03-01"},"geometry":{"type":"Polygon","coordinates":[[[-99.602061476599,35.4446873702518],[-99.600561476586,35.4431873702388],[-99.602061476599,35.4416873702258],[-99.6035614766121,35.4431873702388],[-99.602061476599,35.4446873702518]]]}},{"type":"Feature","properties":{"county":"Roger Mills","legal":"07-12N-21W-IM","operator":"TEOCALLI EXPLORATION","lease_name":"MERRICK 7-B","api_number":"3512921328","reservoir":"RED FORK","first_production":"1995-01-01","last_production":"2026-03-01"},"geometry":{"type":"Polygon","coordinates":[[[-99.4612451044874,35.5321144175688],[-99.4597451044744,35.5306144175558],[-99.4612451044874,35.5291144175427],[-99.4627451045005,35.5306144175558],[-99.4612451044874,35.5321144175688]]]}},{"type":"Feature","properties":{"county":"Roger Mills","legal":"29-13N-22W-IM","operator":"MUSTANG","lease_name":"BOGGES 1;4-29","api_number":"3512922579;3512920340","reservoir":"REDFORK (CHEROKEE)","first_production":"1995-01-01","last_production":"2026-03-01"},"geometry":{"type":"Polygon","coordinates":[[[-99.5627501196953,35.5751892310661],[-99.5612501196822,35.5736892310531],[-99.5627501196953,35.57218923104],[-99.5642501197083,35.5736892310531],[-99.5627501196953,35.5751892310661]]]}},{"type":"Feature","properties":{"county":"Roger Mills","legal":"19-13N-22W-IM","operator":"MUSTANG","lease_name":"SMITH #2-19","api_number":"3512921493","reservoir":"RED FORK B","first_production":"1995-01-01","last_production":"2026-03-01"},"geometry":{"type":"Polygon","coordinates":[[[-99.5804562963555,35.5895954622758],[-99.5789562963424,35.5880954622628],[-99.5804562963555,35.5865954622497],[-99.5819562963685,35.5880954622628],[-99.5804562963555,35.5895954622758]]]}},{"type":"Feature","properties":{"county":"Roger Mills","legal":"08-13N-23W-IM","operator":"URBAN O&G","lease_name":"BERRYMAN 2-8","api_number":"3504522234","reservoir":"ATOKA","first_production":"2002-07-01","last_production":"2026-03-01"},"geometry":{"type":"Polygon","coordinates":[[[-99.6690579048144,35.6185321034303],[-99.6675579048014,35.6170321034172],[-99.6690579048144,35.6155321034042],[-99.6705579048274,35.6170321034172],[-99.6690579048144,35.6185321034303]]]}},{"type":"Feature","properties":{"county":"Custer","legal":"08-13N-19W-IM","operator":"NADEL & GUSSMAN","api_number":"3503900036","reservoir":"DES MOINES","first_production":"2025-12-01","last_production":"2026-03-01"},"geometry":{"type":"Polygon","coordinates":[[[-99.2441344548132,35.6186302608681],[-99.2426344548002,35.6171302608551],[-99.2441344548132,35.615630260842],[-99.2456344548263,35.6171302608551],[-99.2441344548132,35.6186302608681]]]}},{"type":"Feature","properties":{"county":"Custer","legal":"29-14N-19W-IM","operator":"NADEL & GUSSMAN","api_number":"3503900039","reservoir":"DES MOINES","first_production":"2025-12-01","last_production":"2026-03-01"},"geometry":{"type":"Polygon","coordinates":[[[-99.2441442468326,35.6619772645003],[-99.2426442468196,35.6604772644873],[-99.2441442468326,35.6589772644743],[-99.2456442468456,35.6604772644873],[-99.2441442468326,35.6619772645003]]]}},{"type":"Feature","properties":{"county":"Custer","legal":"31-13N-19W-IM","operator":"NADEL & GUSSMAN","lease_name":"1-6-7XHR","api_number":"3503922656","reservoir":"DES MOINES","first_production":"2025-06-01","last_production":"2026-03-01"},"geometry":{"type":"Polygon","coordinates":[[[-99.2662645915754,35.5569857220326],[-99.2647645915624,35.5554857220195],[-99.2662645915754,35.5539857220065],[-99.2677645915884,35.5554857220195],[-99.2662645915754,35.5569857220326]]]}},{"type":"Feature","properties":{"county":"Custer","legal":"26-13N-20W-IM","operator":"NADEL & GUSSMAN","lease_name":"COTINGA","api_number":"3503922663","reservoir":"DES MOINES","first_production":"2025-07-01","last_production":"2026-03-01"},"geometry":{"type":"Polygon","coordinates":[[[-99.2928561772809,35.5787294375239],[-99.2913561772679,35.5772294375109],[-99.2928561772809,35.5757294374979],[-99.294356177294,35.5772294375109],[-99.2928561772809,35.5787294375239]]]}},{"type":"Feature","properties":{"county":"Custer","legal":"15-13N-19W-IM","operator":"NADEL & GUSSMAN","lease_name":"OSPREY","api_number":"3503922640","first_production":"2024-11-01","last_production":"2026-03-01"},"geometry":{"type":"Polygon","coordinates":[[[-99.2042044151599,35.6003119608465],[-99.2027044151469,35.5988119608335],[-99.2042044151599,35.5973119608204],[-99.205704415173,35.5988119608335],[-99.2042044151599,35.6003119608465]]]}},{"type":"Feature","properties":{"county":"Custer","legal":"07-13N-16W-IM","operator":"MEWBOURNE","lease_name":"COLLINS 6 OA","api_number":"3503922623","first_production":"2023-06-01","last_production":"2026-03-01"},"geometry":{"type":"Polygon","coordinates":[[[-98.9425177648969,35.618227512614],[-98.9410177648839,35.616727512601],[-98.9425177648969,35.615227512588],[-98.94401776491,35.616727512601],[-98.9425177648969,35.618227512614]]]}},{"type":"Feature","properties":{"county":"Custer","legal":"09-13N-19W-IM","operator":"NADEL & GUSSMAN","lease_name":"PUFFIN 1-4-9XH","api_number":"3535034226;3503922624","reservoir":"DES MOINES","first_production":"2023-11-01","last_production":"2026-03-01"},"geometry":{"type":"Polygon","coordinates":[[[-99.2309199114879,35.6221517422577],[-99.2294199114749,35.6206517422447],[-99.2309199114879,35.6191517422316],[-99.2324199115009,35.6206517422447],[-99.2309199114879,35.6221517422577]]]}},{"type":"Feature","properties":{"county":"Custer","legal":"07-13N-16W-IM","operator":"MEWBOURNE","lease_name":"BAKER 7 CN 1H","api_number":"3503922595","reservoir":"CHEROKEE","first_production":"2021-10-01","last_production":"2026-03-01"},"geometry":{"type":"Polygon","coordinates":[[[-98.9425177648969,35.618227512614],[-98.9410177648839,35.616727512601],[-98.9425177648969,35.615227512588],[-98.94401776491,35.616727512601],[-98.9425177648969,35.618227512614]]]}},{"type":"Feature","properties":{"county":"Custer","legal":"07-13N-16W-IM","operator":"MEWBOURNE","lease_name":"COLLINS 6 MD 1H","api_number":"3503922589","reservoir":"CHEROKEE","first_production":"2021-01-01","last_production":"2026-03-01"},"geometry":{"type":"Polygon","coordinates":[[[-98.9425177648969,35.618227512614],[-98.9410177648839,35.616727512601],[-98.9425177648969,35.615227512588],[-98.94401776491,35.616727512601],[-98.9425177648969,35.618227512614]]]}},{"type":"Feature","properties":{"county":"Custer","legal":"06-15N-20W-IM","operator":"DUNCAN OIL PROPERTIES","lease_name":"CARTER 2-6HLC","api_number":"3503922505","reservoir":"CLEVELAND","first_production":"2017-10-01","last_production":"2026-03-01"},"geometry":{"type":"Polygon","coordinates":[[[-99.3671889187689,35.8062649981346],[-99.3656889187558,35.8047649981216],[-99.3671889187689,35.8032649981085],[-99.3686889187819,35.8047649981216],[-99.3671889187689,35.8062649981346]]]}},{"type":"Feature","properties":{"county":"Custer","legal":"21-13N-17W-IM","operator":"ARNOLD OIL PROPERTIES","lease_name":"COULSON 1-21H","api_number":"3503922389","reservoir":"CHEROKEE, SKINNER","first_production":"2011-11-01","last_production":"2026-03-01"},"geometry":{"type":"Polygon","coordinates":[[[-99.0133426438082,35.5891768845811],[-99.0118426437952,35.587676884568],[-99.0133426438082,35.586176884555],[-99.0148426438213,35.587676884568],[-99.0133426438082,35.5891768845811]]]}},{"type":"Feature","properties":{"county":"Custer","legal":"04-15N-19W-IM","operator":"TE-RAY RESOURCES","lease_name":"BRAY 5H-4","api_number":"3503922361","reservoir":"CLEVELAND","first_production":"2010-07-01","last_production":"2026-03-01"},"geometry":{"type":"Polygon","coordinates":[[[-99.2257995252702,35.8065773318139],[-99.2242995252572,35.8050773318009],[-99.2257995252702,35.8035773317878],[-99.2272995252833,35.8050773318009],[-99.2257995252702,35.8065773318139]]]}},{"type":"Feature","properties":{"county":"Custer","legal":"06-15N-20W-IM","operator":"JMA ENERGY","lease_name":"QUATTLEBAUM 1-6H","api_number":"3503922378","reservoir":"CLEVELAND","first_production":"2011-03-01","last_production":"2026-03-01"},"geometry":{"type":"Polygon","coordinates":[[[-99.3671889187689,35.8062649981346],[-99.3656889187558,35.8047649981216],[-99.3671889187689,35.8032649981085],[-99.3686889187819,35.8047649981216],[-99.3671889187689,35.8062649981346]]]}},{"type":"Feature","properties":{"county":"Custer","legal":"05-13N-18W-IM","operator":"TEOCALLI EXPLORATION","lease_name":"VELVA 1-5","api_number":"3503922325","reservoir":"SPRINGER","first_production":"2008-11-01","last_production":"2026-03-01"},"geometry":{"type":"Polygon","coordinates":[[[-99.1375668619197,35.6329423880048],[-99.1360668619067,35.6314423879918],[-99.1375668619197,35.6299423879787],[-99.1390668619328,35.6314423879918],[-99.1375668619197,35.6329423880048]]]}},{"type":"Feature","properties":{"county":"Custer","legal":"20-12N-19W-IM","operator":"DIVERSIFIED PRODUCTION LLC","lease_name":"J R 9-20","api_number":"3503922292","reservoir":"DES MOINES","first_production":"2008-03-01","last_production":"2026-03-01"},"geometry":{"type":"Polygon","coordinates":[[[-99.2321894307455,35.503006416266],[-99.2306894307325,35.5015064162529],[-99.2321894307455,35.5000064162399],[-99.2336894307585,35.5015064162529],[-99.2321894307455,35.503006416266]]]}},{"type":"Feature","properties":{"county":"Custer","legal":"18-12N-18W-IM","operator":"TEOCALLI EXPLORATION","lease_name":"LYLE 1-18","api_number":"3503922223","reservoir":"ATOKA","first_production":"2006-11-01","last_production":"2026-03-01"},"geometry":{"type":"Polygon","coordinates":[[[-99.1436387532656,35.5174420111856],[-99.1421387532526,35.5159420111726],[-99.1436387532656,35.5144420111595],[-99.1451387532787,35.5159420111726],[-99.1436387532656,35.5174420111856]]]}},{"type":"Feature","properties":{"county":"Custer","legal":"24-12N-20W-IM","operator":"MUSTANG","lease_name":"KC CATTLE 10-24","api_number":"3503922206","reservoir":"DES MOINES,ATOKA,CLINTON LAKE","first_production":"2006-05-01","last_production":"2026-03-01"},"geometry":{"type":"Polygon","coordinates":[[[-99.2668915344262,35.5031890517855],[-99.2653915344132,35.5016890517724],[-99.2668915344262,35.5001890517594],[-99.2683915344392,35.5016890517724],[-99.2668915344262,35.5031890517855]]]}},{"type":"Feature","properties":{"county":"Custer","legal":"20-12N-19W-IM","operator":"DIVERSIFIED PRODUCTION LLC","lease_name":"J R 8-20","api_number":"3503922198","reservoir":"DES MOINES","first_production":"2006-03-01","last_production":"2026-03-01"},"geometry":{"type":"Polygon","coordinates":[[[-99.2321894307455,35.503006416266],[-99.2306894307325,35.5015064162529],[-99.2321894307455,35.5000064162399],[-99.2336894307585,35.5015064162529],[-99.2321894307455,35.503006416266]]]}},{"type":"Feature","properties":{"county":"Custer","legal":"24-12N-20W-IM","operator":"MUSTANG","lease_name":"KC CATTLE CO 8-24","api_number":"3503922168","reservoir":"LOWER DES MOINES","first_production":"2005-09-01","last_production":"2026-03-01"},"geometry":{"type":"Polygon","coordinates":[[[-99.2668915344262,35.5031890517855],[-99.2653915344132,35.5016890517724],[-99.2668915344262,35.5001890517594],[-99.2683915344392,35.5016890517724],[-99.2668915344262,35.5031890517855]]]}},{"type":"Feature","properties":{"county":"Custer","legal":"24-12N-20W-IM","operator":"MUSTANG","lease_name":"KC CATTLE CO 7-24","api_number":"3503922152","reservoir":"LOWER DES MOINES","first_production":"2005-09-01","last_production":"2026-03-01"},"geometry":{"type":"Polygon","coordinates":[[[-99.2668915344262,35.5031890517855],[-99.2653915344132,35.5016890517724],[-99.2668915344262,35.5001890517594],[-99.2683915344392,35.5016890517724],[-99.2668915344262,35.5031890517855]]]}},{"type":"Feature","properties":{"county":"Custer","legal":"24-12N-20W-IM","operator":"MUSTANG","lease_name":"K.C. CATTLE CO 6-24","api_number":"3503922118","reservoir":"DES MOINES (LOWER)","first_production":"2004-09-01","last_production":"2026-03-01"},"geometry":{"type":"Polygon","coordinates":[[[-99.2668915344262,35.5031890517855],[-99.2653915344132,35.5016890517724],[-99.2668915344262,35.5001890517594],[-99.2683915344392,35.5016890517724],[-99.2668915344262,35.5031890517855]]]}},{"type":"Feature","properties":{"county":"Custer","legal":"22-12N-19W-IM","operator":"DIVERSIFIED PRODUCTION LLC","lease_name":"LOIS 2-22","api_number":"3503922117","reservoir":"DES MOINES","first_production":"2004-08-01","last_production":"2026-03-01"},"geometry":{"type":"Polygon","coordinates":[[[-99.1968167071438,35.5029906850815],[-99.1953167071308,35.5014906850685],[-99.1968167071438,35.4999906850555],[-99.1983167071569,35.5014906850685],[-99.1968167071438,35.5029906850815]]]}},{"type":"Feature","properties":{"county":"Custer","legal":"18-12N-19W-IM","operator":"DIVERSIFIED PRODUCTION LLC","lease_name":"GREEN 3-18","api_number":"3503922089","reservoir":"LOWER DES MOINES","first_production":"2004-04-01","last_production":"2026-03-01"},"geometry":{"type":"Polygon","coordinates":[[[-99.2495309288611,35.517734671733],[-99.2480309288481,35.51623467172],[-99.2495309288611,35.514734671707],[-99.2510309288741,35.51623467172],[-99.2495309288611,35.517734671733]]]}},{"type":"Feature","properties":{"county":"Custer","legal":"24-12N-20W-IM","operator":"MUSTANG","lease_name":"K C CATTLE CO 4-24","api_number":"3503922078","reservoir":"RED FORK","first_production":"2004-01-01","last_production":"2026-03-01"},"geometry":{"type":"Polygon","coordinates":[[[-99.2668915344262,35.5031890517855],[-99.2653915344132,35.5016890517724],[-99.2668915344262,35.5001890517594],[-99.2683915344392,35.5016890517724],[-99.2668915344262,35.5031890517855]]]}},{"type":"Feature","properties":{"county":"Custer","legal":"19-12N-19W-IM","operator":"DIVERSIFIED PRODUCTION LLC","lease_name":"KENNEY 2-19","api_number":"3503922084","reservoir":"REDFORK","first_production":"2004-02-01","last_production":"2026-03-01"},"geometry":{"type":"Polygon","coordinates":[[[-99.2495911837087,35.5031166358779],[-99.2480911836956,35.5016166358648],[-99.2495911837087,35.5001166358518],[-99.2510911837217,35.5016166358648],[-99.2495911837087,35.5031166358779]]]}},{"type":"Feature","properties":{"county":"Custer","legal":"29-12N-19W-IM","operator":"TEOCALLI EXPLORATION","lease_name":"FRIESEN 5-29","api_number":"3503922080","reservoir":"LOWER DES MOINES","first_production":"2004-01-01","last_production":"2026-03-01"},"geometry":{"type":"Polygon","coordinates":[[[-99.2321806894718,35.4885758868987],[-99.2306806894587,35.4870758868856],[-99.2321806894718,35.4855758868726],[-99.2336806894848,35.4870758868856],[-99.2321806894718,35.4885758868987]]]}},{"type":"Feature","properties":{"county":"Custer","legal":"22-12N-19W-IM","operator":"DIVERSIFIED PRODUCTION LLC","lease_name":"CONEY 1-22","api_number":"3503922079","reservoir":"DES MOINES","first_production":"2004-01-01","last_production":"2026-03-01"},"geometry":{"type":"Polygon","coordinates":[[[-99.1968167071438,35.5029906850815],[-99.1953167071308,35.5014906850685],[-99.1968167071438,35.4999906850555],[-99.1983167071569,35.5014906850685],[-99.1968167071438,35.5029906850815]]]}},{"type":"Feature","properties":{"county":"Custer","legal":"20-12N-19W-IM","operator":"DIVERSIFIED PRODUCTION LLC","lease_name":"J R 6-20","api_number":"3503922067","reservoir":"DES MOINES","first_production":"2003-10-01","last_production":"2026-03-01"},"geometry":{"type":"Polygon","coordinates":[[[-99.2321894307455,35.503006416266],[-99.2306894307325,35.5015064162529],[-99.2321894307455,35.5000064162399],[-99.2336894307585,35.5015064162529],[-99.2321894307455,35.503006416266]]]}},{"type":"Feature","properties":{"county":"Custer","legal":"19-12N-19W-IM","operator":"DIVERSIFIED PRODUCTION LLC","lease_name":"KENNEY 1-19","api_number":"3503922059","reservoir":"RED FORK","first_production":"2003-10-01","last_production":"2026-03-01"},"geometry":{"type":"Polygon","coordinates":[[[-99.2495911837087,35.5031166358779],[-99.2480911836956,35.5016166358648],[-99.2495911837087,35.5001166358518],[-99.2510911837217,35.5016166358648],[-99.2495911837087,35.5031166358779]]]}},{"type":"Feature","properties":{"county":"Custer","legal":"20-12N-19W-IM","operator":"DIVERSIFIED PRODUCTION LLC","lease_name":"JR 5-20","api_number":"3503922056","reservoir":"DES MOINES","first_production":"2003-08-01","last_production":"2026-03-01"},"geometry":{"type":"Polygon","coordinates":[[[-99.2321894307455,35.503006416266],[-99.2306894307325,35.5015064162529],[-99.2321894307455,35.5000064162399],[-99.2336894307585,35.5015064162529],[-99.2321894307455,35.503006416266]]]}},{"type":"Feature","properties":{"county":"Custer","legal":"21-12N-19W-IM","operator":"DIVERSIFIED PRODUCTION LLC","lease_name":"SIMMONS 7-21","api_number":"3503922048","reservoir":"DES MOINESIAN","first_production":"2003-07-01","last_production":"2026-03-01"},"geometry":{"type":"Polygon","coordinates":[[[-99.2144417140352,35.5029916820264],[-99.2129417140221,35.5014916820134],[-99.2144417140352,35.4999916820003],[-99.2159417140482,35.5014916820134],[-99.2144417140352,35.5029916820264]]]}},{"type":"Feature","properties":{"county":"Custer","legal":"20-12N-19W-IM","operator":"DIVERSIFIED PRODUCTION LLC","lease_name":"J R 4-20","api_number":"3503922038","reservoir":"DES MOINES","first_production":"2003-06-01","last_production":"2026-03-01"},"geometry":{"type":"Polygon","coordinates":[[[-99.2321894307455,35.503006416266],[-99.2306894307325,35.5015064162529],[-99.2321894307455,35.5000064162399],[-99.2336894307585,35.5015064162529],[-99.2321894307455,35.503006416266]]]}},{"type":"Feature","properties":{"county":"Custer","legal":"31-14N-19W-IM","operator":"UNBRIDLED RESOURCES LLC","lease_name":"EARL 1-31","api_number":"3503922024","reservoir":"DES MOINES","first_production":"2003-06-01","last_production":"2026-03-01"},"geometry":{"type":"Polygon","coordinates":[[[-99.2616499684967,35.6475075323574],[-99.2601499684837,35.6460075323443],[-99.2616499684967,35.6445075323313],[-99.2631499685097,35.6460075323443],[-99.2616499684967,35.6475075323574]]]}},{"type":"Feature","properties":{"county":"Custer","legal":"05-13N-19W-IM","operator":"TEOCALLI EXPLORATION","lease_name":"RICK 1-5","api_number":"3503922023","reservoir":"DES MOINES","first_production":"2003-04-01","last_production":"2026-03-01"},"geometry":{"type":"Polygon","coordinates":[[[-99.2440791771248,35.633070015626],[-99.2425791771117,35.631570015613],[-99.2440791771248,35.6300700156],[-99.2455791771378,35.631570015613],[-99.2440791771248,35.633070015626]]]}},{"type":"Feature","properties":{"county":"Custer","legal":"23-12N-19W-IM","operator":"SKYCAP ENERGY","lease_name":"CLAUDE 3-23","api_number":"3503922011","reservoir":"DES MOINES","first_production":"2003-03-01","last_production":"2026-03-01"},"geometry":{"type":"Polygon","coordinates":[[[-99.1790409010099,35.5029977124328],[-99.1775409009969,35.5014977124198],[-99.1790409010099,35.4999977124067],[-99.1805409010229,35.5014977124198],[-99.1790409010099,35.5029977124328]]]}},{"type":"Feature","properties":{"county":"Custer","legal":"20-12N-19W-IM","operator":"DIVERSIFIED PRODUCTION LLC","lease_name":"J R 3-20","api_number":"3503922004","reservoir":"DES MOINES","first_production":"2003-01-01","last_production":"2026-03-01"},"geometry":{"type":"Polygon","coordinates":[[[-99.2321894307455,35.503006416266],[-99.2306894307325,35.5015064162529],[-99.2321894307455,35.5000064162399],[-99.2336894307585,35.5015064162529],[-99.2321894307455,35.503006416266]]]}},{"type":"Feature","properties":{"county":"Custer","legal":"29-12N-19W-IM","operator":"TEOCALLI EXPLORATION","lease_name":"FRIESEN 29-4","api_number":"3503922012","reservoir":"DES MOINES","first_production":"2003-03-01","last_production":"2026-03-01"},"geometry":{"type":"Polygon","coordinates":[[[-99.2321806894718,35.4885758868987],[-99.2306806894587,35.4870758868856],[-99.2321806894718,35.4855758868726],[-99.2336806894848,35.4870758868856],[-99.2321806894718,35.4885758868987]]]}},{"type":"Feature","properties":{"county":"Custer","legal":"17-12N-19W-IM","operator":"DIVERSIFIED PRODUCTION LLC","lease_name":"SIMMONS TRUST 1-17","api_number":"3503921989","reservoir":"DES MOINES","first_production":"2002-12-01","last_production":"2026-03-01"},"geometry":{"type":"Polygon","coordinates":[[[-99.2322515833773,35.5174752405368],[-99.2307515833643,35.5159752405238],[-99.2322515833773,35.5144752405108],[-99.2337515833904,35.5159752405238],[-99.2322515833773,35.5174752405368]]]}},{"type":"Feature","properties":{"county":"Custer","legal":"30-14N-20W-IM","operator":"ZENERGY","lease_name":"SMITH 3-30","api_number":"3503921968","reservoir":"REDFORK","first_production":"2002-08-01","last_production":"2026-03-01"},"geometry":{"type":"Polygon","coordinates":[[[-99.3681405348821,35.6619831206883],[-99.366640534869,35.6604831206753],[-99.3681405348821,35.6589831206623],[-99.3696405348951,35.6604831206753],[-99.3681405348821,35.6619831206883]]]}},{"type":"Feature","properties":{"county":"Custer","legal":"23-12N-14W-IM","operator":"TEOCALLI EXPLORATION","lease_name":"WOLFE 23-2","api_number":"3503921958","reservoir":"MORROW","first_production":"2002-06-01","last_production":"2026-03-01"},"geometry":{"type":"Polygon","coordinates":[[[-98.6497019097445,35.50213021261],[-98.6482019097314,35.500630212597],[-98.6497019097445,35.4991302125839],[-98.6512019097575,35.500630212597],[-98.6497019097445,35.50213021261]]]}},{"type":"Feature","properties":{"county":"Custer","legal":"03-13N-20W-IM","operator":"TEOCALLI EXPLORATION","lease_name":"FLICK TR 1-3","api_number":"3503921934","reservoir":"CHEROKEE","first_production":"2001-09-01","last_production":"2026-03-01"},"geometry":{"type":"Polygon","coordinates":[[[-99.3147906682925,35.6329530876298],[-99.3132906682795,35.6314530876168],[-99.3147906682925,35.6299530876038],[-99.3162906683055,35.6314530876168],[-99.3147906682925,35.6329530876298]]]}},{"type":"Feature","properties":{"county":"Custer","legal":"18-12N-20W-IM","operator":"BP AMERICA PRODUCTION","lease_name":"BECK 2-18","api_number":"3503921890","reservoir":"RED FORK","first_production":"2001-01-01","last_production":"2026-03-01"},"geometry":{"type":"Polygon","coordinates":[[[-99.3553967407844,35.5176010867656],[-99.3538967407713,35.5161010867526],[-99.3553967407844,35.5146010867395],[-99.3568967407974,35.5161010867526],[-99.3553967407844,35.5176010867656]]]}},{"type":"Feature","properties":{"county":"Custer","legal":"31-13N-16W-IM","operator":"TEOCALLI EXPLORATION","lease_name":"BANJO 1-31","api_number":"3503921895","reservoir":"SKINNER","first_production":"2001-02-01","last_production":"2026-03-01"},"geometry":{"type":"Polygon","coordinates":[[[-98.9423969258989,35.5602499740895],[-98.9408969258859,35.5587499740765],[-98.9423969258989,35.5572499740634],[-98.943896925912,35.5587499740765],[-98.9423969258989,35.5602499740895]]]}},{"type":"Feature","properties":{"county":"Custer","legal":"31-13N-16W-IM","operator":"DIVERSIFIED PRODUCTION LLC","lease_name":"EDDIE #1-31","api_number":"3503921883","reservoir":"CHEROKEE(SKINNER)","first_production":"2000-10-01","last_production":"2026-03-01"},"geometry":{"type":"Polygon","coordinates":[[[-98.9423969258989,35.5602499740895],[-98.9408969258859,35.5587499740765],[-98.9423969258989,35.5572499740634],[-98.943896925912,35.5587499740765],[-98.9423969258989,35.5602499740895]]]}},{"type":"Feature","properties":{"county":"Custer","legal":"20-12N-16W-IM","operator":"TEOCALLI EXPLORATION","lease_name":"PECK 2-20","api_number":"3503921838","reservoir":"RED FORK","first_production":"2000-06-01","last_production":"2026-03-01"},"geometry":{"type":"Polygon","coordinates":[[[-98.9147214036121,35.5028271240103],[-98.913221403599,35.5013271239972],[-98.9147214036121,35.4998271239842],[-98.9162214036251,35.5013271239972],[-98.9147214036121,35.5028271240103]]]}},{"type":"Feature","properties":{"county":"Custer","legal":"15-15N-20W-IM","operator":"COMANCHE EXPLORATION","lease_name":"MOSELEY 15-1","api_number":"3503921831","reservoir":"CHEROKEE","first_production":"2000-05-01","last_production":"2026-03-01"},"geometry":{"type":"Polygon","coordinates":[[[-99.3142101587484,35.7776943404288],[-99.3127101587354,35.7761943404158],[-99.3142101587484,35.7746943404028],[-99.3157101587615,35.7761943404158],[-99.3142101587484,35.7776943404288]]]}},{"type":"Feature","properties":{"county":"Custer","legal":"08-15N-20W-IM","operator":"MUSTANG","lease_name":"MILDRED #4-8","api_number":"3503921846","reservoir":"SKINNER","first_production":"2000-05-01","last_production":"2026-03-01"},"geometry":{"type":"Polygon","coordinates":[[[-99.3496444570639,35.7919081891947],[-99.3481444570509,35.7904081891817],[-99.3496444570639,35.7889081891686],[-99.3511444570769,35.7904081891817],[-99.3496444570639,35.7919081891947]]]}},{"type":"Feature","properties":{"county":"Custer","legal":"31-13N-16W-IM","operator":"TEOCALLI EXPLORATION","lease_name":"WEIGAND 1-31","api_number":"3503921841","reservoir":"CHEROKEE","first_production":"2000-03-01","last_production":"2026-03-01"},"geometry":{"type":"Polygon","coordinates":[[[-98.9423969258989,35.5602499740895],[-98.9408969258859,35.5587499740765],[-98.9423969258989,35.5572499740634],[-98.943896925912,35.5587499740765],[-98.9423969258989,35.5602499740895]]]}},{"type":"Feature","properties":{"county":"Custer","legal":"21-13N-15W-IM","operator":"BCE-MACH LLC","lease_name":"RUSSELL 1-21","api_number":"3503921818","reservoir":"MORROW","first_production":"1999-12-01","last_production":"2026-03-01"},"geometry":{"type":"Polygon","coordinates":[[[-98.8005504495411,35.5892315254962],[-98.7990504495281,35.5877315254831],[-98.8005504495411,35.5862315254701],[-98.8020504495541,35.5877315254831],[-98.8005504495411,35.5892315254962]]]}},{"type":"Feature","properties":{"county":"Custer","legal":"31-13N-16W-IM","operator":"TEOCALLI EXPLORATION","lease_name":"FOSTER 1-31","api_number":"3503921825","reservoir":"CHEROKEE","first_production":"1999-11-01","last_production":"2026-03-01"},"geometry":{"type":"Polygon","coordinates":[[[-98.9423969258989,35.5602499740895],[-98.9408969258859,35.5587499740765],[-98.9423969258989,35.5572499740634],[-98.943896925912,35.5587499740765],[-98.9423969258989,35.5602499740895]]]}},{"type":"Feature","properties":{"county":"Custer","legal":"05-15N-20W-IM","operator":"TEOCALLI EXPLORATION","lease_name":"HAMMACK 5B","api_number":"3503921797","reservoir":"PRUE","first_production":"1999-03-01","last_production":"2026-03-01"},"geometry":{"type":"Polygon","coordinates":[[[-99.3497526754816,35.8063732339605],[-99.3482526754686,35.8048732339475],[-99.3497526754816,35.8033732339345],[-99.3512526754947,35.8048732339475],[-99.3497526754816,35.8063732339605]]]}},{"type":"Feature","properties":{"county":"Custer","legal":"21-12N-19W-IM","operator":"TEOCALLI EXPLORATION","lease_name":"SIMMONS 5-21","api_number":"3503921801","reservoir":"DES MOINES","first_production":"1999-03-01","last_production":"2026-03-01"},"geometry":{"type":"Polygon","coordinates":[[[-99.2144417140352,35.5029916820264],[-99.2129417140221,35.5014916820134],[-99.2144417140352,35.4999916820003],[-99.2159417140482,35.5014916820134],[-99.2144417140352,35.5029916820264]]]}},{"type":"Feature","properties":{"county":"Custer","legal":"31-13N-16W-IM","operator":"TEOCALLI EXPLORATION","lease_name":"WILLIAMS 3-31","api_number":"3503921794","reservoir":"CHEROKEE","first_production":"1999-02-01","last_production":"2026-03-01"},"geometry":{"type":"Polygon","coordinates":[[[-98.9423969258989,35.5602499740895],[-98.9408969258859,35.5587499740765],[-98.9423969258989,35.5572499740634],[-98.943896925912,35.5587499740765],[-98.9423969258989,35.5602499740895]]]}},{"type":"Feature","properties":{"county":"Custer","legal":"08-12N-20W-IM","operator":"MUSTANG","lease_name":"WELLS 3-8","api_number":"3503921789","reservoir":"DES MOINES UP","first_production":"1999-01-01","last_production":"2026-03-01"},"geometry":{"type":"Polygon","coordinates":[[[-99.3379642190203,35.5322121283233],[-99.3364642190073,35.5307121283102],[-99.3379642190203,35.5292121282972],[-99.3394642190334,35.5307121283102],[-99.3379642190203,35.5322121283233]]]}},{"type":"Feature","properties":{"county":"Custer","legal":"05-15N-20W-IM","operator":"TEOCALLI EXPLORATION","lease_name":"GRAHAM #2","api_number":"3503921783","reservoir":"PRUE","first_production":"1998-12-01","last_production":"2026-03-01"},"geometry":{"type":"Polygon","coordinates":[[[-99.3497526754816,35.8063732339605],[-99.3482526754686,35.8048732339475],[-99.3497526754816,35.8033732339345],[-99.3512526754947,35.8048732339475],[-99.3497526754816,35.8063732339605]]]}},{"type":"Feature","properties":{"county":"Custer","legal":"11-13N-19W-IM","operator":"TEOCALLI EXPLORATION","lease_name":"CARPENTER 2-11","api_number":"3503921759","reservoir":"RED FORK","first_production":"1998-08-01","last_production":"2026-03-01"},"geometry":{"type":"Polygon","coordinates":[[[-99.1909522136057,35.6184598487351],[-99.1894522135927,35.616959848722],[-99.1909522136057,35.615459848709],[-99.1924522136188,35.616959848722],[-99.1909522136057,35.6184598487351]]]}},{"type":"Feature","properties":{"county":"Custer","legal":"21-12N-16W-IM","operator":"TEOCALLI EXPLORATION","lease_name":"DEPUTY 2-21","api_number":"3503921768","reservoir":"DES MOINESIAN","first_production":"1998-08-01","last_production":"2026-03-01"},"geometry":{"type":"Polygon","coordinates":[[[-98.8970394577867,35.5027937147837],[-98.8955394577737,35.5012937147706],[-98.8970394577867,35.4997937147576],[-98.8985394577997,35.5012937147706],[-98.8970394577867,35.5027937147837]]]}},{"type":"Feature","properties":{"county":"Custer","legal":"07-12N-18W-IM","operator":"TEOCALLI EXPLORATION","lease_name":"HUEY 7-1","api_number":"3503921762","reservoir":"CHEROKEE","first_production":"1998-06-01","last_production":"2026-03-01"},"geometry":{"type":"Polygon","coordinates":[[[-99.1436246713996,35.5319760972793],[-99.1421246713866,35.5304760972662],[-99.1436246713996,35.5289760972532],[-99.1451246714126,35.5304760972662],[-99.1436246713996,35.5319760972793]]]}},{"type":"Feature","properties":{"county":"Custer","legal":"08-12N-18W-IM","operator":"SKYCAP ENERGY","lease_name":"REINHARD #8-2","api_number":"3503921740","reservoir":"CHEROKEE","first_production":"1998-04-01","last_production":"2026-03-01"},"geometry":{"type":"Polygon","coordinates":[[[-99.125954725745,35.531907787819],[-99.124454725732,35.530407787806],[-99.125954725745,35.528907787793],[-99.127454725758,35.530407787806],[-99.125954725745,35.531907787819]]]}},{"type":"Feature","properties":{"county":"Custer","legal":"35-13N-20W-IM","operator":"BUFFCO PRODUCTION","lease_name":"CLARK \"P\" #35-2","api_number":"3503921738","reservoir":"DES MOINES, LOWER","first_production":"1998-02-01","last_production":"2026-03-01"},"geometry":{"type":"Polygon","coordinates":[[[-99.2973279472424,35.5605279056851],[-99.2958279472293,35.5590279056721],[-99.2973279472424,35.5575279056591],[-99.2988279472554,35.5590279056721],[-99.2973279472424,35.5605279056851]]]}},{"type":"Feature","properties":{"county":"Custer","legal":"21-12N-19W-IM","operator":"TEOCALLI EXPLORATION","lease_name":"SIMMONS 4-21","api_number":"3503921716","reservoir":"DES MOINES","first_production":"1998-01-01","last_production":"2026-03-01"},"geometry":{"type":"Polygon","coordinates":[[[-99.2144417140352,35.5029916820264],[-99.2129417140221,35.5014916820134],[-99.2144417140352,35.4999916820003],[-99.2159417140482,35.5014916820134],[-99.2144417140352,35.5029916820264]]]}},{"type":"Feature","properties":{"county":"Custer","legal":"21-12N-19W-IM","operator":"TEOCALLI EXPLORATION","lease_name":"SIMMONS 3-21","api_number":"3503921693","reservoir":"DES MOINES","first_production":"1997-08-01","last_production":"2026-03-01"},"geometry":{"type":"Polygon","coordinates":[[[-99.2144417140352,35.5029916820264],[-99.2129417140221,35.5014916820134],[-99.2144417140352,35.4999916820003],[-99.2159417140482,35.5014916820134],[-99.2144417140352,35.5029916820264]]]}},{"type":"Feature","properties":{"county":"Custer","legal":"16-12N-18W-IM","operator":"DIVERSIFIED PRODUCTION LLC","lease_name":"SNIDER #16-2","api_number":"3503921680","reservoir":"RED FORK","first_production":"1997-05-01","last_production":"2026-03-01"},"geometry":{"type":"Polygon","coordinates":[[[-99.1082010332181,35.517391444334],[-99.106701033205,35.5158914443209],[-99.1082010332181,35.5143914443079],[-99.1097010332311,35.5158914443209],[-99.1082010332181,35.517391444334]]]}},{"type":"Feature","properties":{"county":"Custer","legal":"21-12N-19W-IM","operator":"DIVERSIFIED PRODUCTION LLC","lease_name":"SIMMONS 21-2","api_number":"3503921500","reservoir":"DES MOINES","first_production":"1995-01-01","last_production":"2026-03-01"},"geometry":{"type":"Polygon","coordinates":[[[-99.2144417140352,35.5029916820264],[-99.2129417140221,35.5014916820134],[-99.2144417140352,35.4999916820003],[-99.2159417140482,35.5014916820134],[-99.2144417140352,35.5029916820264]]]}},{"type":"Feature","properties":{"county":"Custer","legal":"20-14N-20W-IM","operator":"TEOCALLI EXPLORATION","lease_name":"BANKS 2-20","api_number":"3503921459","reservoir":"CHEROKEE","first_production":"1995-01-01","last_production":"2026-03-01"},"geometry":{"type":"Polygon","coordinates":[[[-99.3502982146757,35.676463484289],[-99.3487982146627,35.674963484276],[-99.3502982146757,35.6734634842629],[-99.3517982146888,35.674963484276],[-99.3502982146757,35.676463484289]]]}},{"type":"Feature","properties":{"county":"Custer","legal":"18-15N-20W-IM","operator":"TEOCALLI EXPLORATION","lease_name":"HEIRFORD #4-18","api_number":"3503921427","reservoir":"PRUE","first_production":"1995-01-01","last_production":"2026-03-01"},"geometry":{"type":"Polygon","coordinates":[[[-99.3673946434708,35.7773886137338],[-99.3658946434577,35.7758886137208],[-99.3673946434708,35.7743886137077],[-99.3688946434838,35.7758886137208],[-99.3673946434708,35.7773886137338]]]}},{"type":"Feature","properties":{"county":"Custer","legal":"10-12N-16W-IM","operator":"ARNOLD OIL PROPERTIES","lease_name":"NEWCOMB 1-10","api_number":"3503921394","reservoir":"MORROW","first_production":"1995-01-01","last_production":"2026-03-01"},"geometry":{"type":"Polygon","coordinates":[[[-98.8790303902727,35.53171766422],[-98.8775303902596,35.5302176642069],[-98.8790303902727,35.5287176641939],[-98.8805303902857,35.5302176642069],[-98.8790303902727,35.53171766422]]]}},{"type":"Feature","properties":{"county":"Custer","legal":"17-12N-19W-IM","operator":"TEOCALLI EXPLORATION","lease_name":"MAMIE #1A-17","api_number":"3503921227","reservoir":"RED FORK","first_production":"1995-01-01","last_production":"2026-03-01"},"geometry":{"type":"Polygon","coordinates":[[[-99.2322515833773,35.5174752405368],[-99.2307515833643,35.5159752405238],[-99.2322515833773,35.5144752405108],[-99.2337515833904,35.5159752405238],[-99.2322515833773,35.5174752405368]]]}},{"type":"Feature","properties":{"county":"Custer","legal":"13-12N-19W-IM","operator":"DIVERSIFIED PRODUCTION LLC","lease_name":"DERBY 1-13","api_number":"3503921263","reservoir":"CHEROKEE","first_production":"1995-01-01","last_production":"2026-03-01"},"geometry":{"type":"Polygon","coordinates":[[[-99.1612986622101,35.517519205074],[-99.159798662197,35.516019205061],[-99.1612986622101,35.5145192050479],[-99.1627986622231,35.516019205061],[-99.1612986622101,35.517519205074]]]}},{"type":"Feature","properties":{"county":"Custer","legal":"13-12N-19W-IM","operator":"TEOCALLI EXPLORATION","lease_name":"DIPPEL #1-13","api_number":"3503921195","reservoir":"RED FORK","first_production":"1995-01-01","last_production":"2026-03-01"},"geometry":{"type":"Polygon","coordinates":[[[-99.1612986622101,35.517519205074],[-99.159798662197,35.516019205061],[-99.1612986622101,35.5145192050479],[-99.1627986622231,35.516019205061],[-99.1612986622101,35.517519205074]]]}},{"type":"Feature","properties":{"county":"Custer","legal":"26-14N-19W-IM","operator":"MUSTANG","lease_name":"FRANSEN FARMS #1","api_number":"3503921168","reservoir":"REDFORK","first_production":"1995-01-01","last_production":"2026-03-01"},"geometry":{"type":"Polygon","coordinates":[[[-99.1908121699371,35.6618644557767],[-99.189312169924,35.6603644557637],[-99.1908121699371,35.6588644557506],[-99.1923121699501,35.6603644557637],[-99.1908121699371,35.6618644557767]]]}},{"type":"Feature","properties":{"county":"Custer","legal":"23-12N-19W-IM","operator":"TEOCALLI EXPLORATION","lease_name":"CLAUDE #1-23","api_number":"3503921116","reservoir":"RED FORK","first_production":"1995-01-01","last_production":"2026-03-01"},"geometry":{"type":"Polygon","coordinates":[[[-99.1790409010099,35.5029977124328],[-99.1775409009969,35.5014977124198],[-99.1790409010099,35.4999977124067],[-99.1805409010229,35.5014977124198],[-99.1790409010099,35.5029977124328]]]}},{"type":"Feature","properties":{"county":"Custer","legal":"14-12N-19W-IM","operator":"SKYCAP ENERGY","lease_name":"NINA #1-14","api_number":"3503921104","reservoir":"REDFORK","first_production":"1995-01-01","last_production":"2026-03-01"},"geometry":{"type":"Polygon","coordinates":[[[-99.1791054466264,35.5174785610685],[-99.1776054466133,35.5159785610555],[-99.1791054466264,35.5144785610425],[-99.1806054466394,35.5159785610555],[-99.1791054466264,35.5174785610685]]]}},{"type":"Feature","properties":{"county":"Custer","legal":"22-12N-19W-IM","operator":"DIVERSIFIED PRODUCTION LLC","lease_name":"NINA PEARL 2-22","api_number":"3503921370","reservoir":"DES MOINES","first_production":"1995-01-01","last_production":"2026-03-01"},"geometry":{"type":"Polygon","coordinates":[[[-99.1968167071438,35.5029906850815],[-99.1953167071308,35.5014906850685],[-99.1968167071438,35.4999906850555],[-99.1983167071569,35.5014906850685],[-99.1968167071438,35.5029906850815]]]}},{"type":"Feature","properties":{"county":"Custer","legal":"22-12N-19W-IM","operator":"DIVERSIFIED PRODUCTION LLC","lease_name":"LOIS#1-22","api_number":"3503921096","reservoir":"RED FORK","first_production":"1995-01-01","last_production":"2026-03-01"},"geometry":{"type":"Polygon","coordinates":[[[-99.1968167071438,35.5029906850815],[-99.1953167071308,35.5014906850685],[-99.1968167071438,35.4999906850555],[-99.1983167071569,35.5014906850685],[-99.1968167071438,35.5029906850815]]]}},{"type":"Feature","properties":{"county":"Custer","legal":"23-12N-14W-IM","operator":"TEOCALLI EXPLORATION","lease_name":"ALBRIGHT FARMS #1-23","api_number":"3503921087","reservoir":"DES MOINES(RED FORK)","first_production":"1995-01-01","last_production":"2026-03-01"},"geometry":{"type":"Polygon","coordinates":[[[-98.6497019097445,35.50213021261],[-98.6482019097314,35.500630212597],[-98.6497019097445,35.4991302125839],[-98.6512019097575,35.500630212597],[-98.6497019097445,35.50213021261]]]}},{"type":"Feature","properties":{"county":"Custer","legal":"06-12N-18W-IM","operator":"PRENTICE NAPIER GREEN INC","lease_name":"LLOYD SMITH 1-6","api_number":"3503920550","reservoir":"ATOKA","first_production":"1995-01-01","last_production":"2026-03-01"},"geometry":{"type":"Polygon","coordinates":[[[-99.1436287767066,35.5461443894628],[-99.1421287766935,35.5446443894498],[-99.1436287767066,35.5431443894368],[-99.1451287767196,35.5446443894498],[-99.1436287767066,35.5461443894628]]]}},{"type":"Feature","properties":{"county":"Custer","legal":"12-12N-19W-IM","operator":"MUSTANG","lease_name":"VESTA VINEYARD #1-12","api_number":"3503920533","reservoir":"REDFORK","first_production":"1995-01-01","last_production":"2026-03-01"},"geometry":{"type":"Polygon","coordinates":[[[-99.1612882684349,35.5320119114639],[-99.1597882684219,35.5305119114508],[-99.1612882684349,35.5290119114378],[-99.162788268448,35.5305119114508],[-99.1612882684349,35.5320119114639]]]}},{"type":"Feature","properties":{"county":"Custer","legal":"34-12N-14W-IM","operator":"TEOCALLI EXPLORATION","lease_name":"QUIRING #1-34","api_number":"3503920911","reservoir":"SPRINGER-BRITT","first_production":"1995-01-01","last_production":"2026-03-01"},"geometry":{"type":"Polygon","coordinates":[[[-98.6674254004052,35.4730386343837],[-98.6659254003922,35.4715386343707],[-98.6674254004052,35.4700386343576],[-98.6689254004183,35.4715386343707],[-98.6674254004052,35.4730386343837]]]}},{"type":"Feature","properties":{"county":"Custer","legal":"02-13N-18W-IM","operator":"FX ENERGY OPERATING, LLC","lease_name":"BOBBY GENE SMITH 2-1","api_number":"3503920971","reservoir":"CHEROKEE","first_production":"1995-01-01","last_production":"2026-03-01"},"geometry":{"type":"Polygon","coordinates":[[[-99.0843236550848,35.6328164610438],[-99.0828236550718,35.6313164610308],[-99.0843236550848,35.6298164610177],[-99.0858236550978,35.6313164610308],[-99.0843236550848,35.6328164610438]]]}},{"type":"Feature","properties":{"county":"Custer","legal":"30-13N-19W-IM","operator":"SONAT","lease_name":"U.S.A. MILFORD #1-30","reservoir":"REDFORK","first_production":"1996-09-01","last_production":"2026-03-01"},"geometry":{"type":"Polygon","coordinates":[[[-99.2618376759972,35.5751507698295],[-99.2603376759841,35.5736507698164],[-99.2618376759972,35.5721507698034],[-99.2633376760102,35.5736507698164],[-99.2618376759972,35.5751507698295]]]}},{"type":"Feature","properties":{"county":"Custer","legal":"31-13N-16W-IM","operator":"TEOCALLI EXPLORATION","lease_name":"WILLIAMS 1-31","api_number":"3503920883","reservoir":"CHEROKEE","first_production":"1995-01-01","last_production":"2026-03-01"},"geometry":{"type":"Polygon","coordinates":[[[-98.9423969258989,35.5602499740895],[-98.9408969258859,35.5587499740765],[-98.9423969258989,35.5572499740634],[-98.943896925912,35.5587499740765],[-98.9423969258989,35.5602499740895]]]}},{"type":"Feature","properties":{"county":"Custer","legal":"33-15N-19W-IM","operator":"PRESIDIO","lease_name":"KILHOFFER #1-33","api_number":"3503920877","reservoir":"CHEROKEE","first_production":"1995-01-01","last_production":"2026-03-01"},"geometry":{"type":"Polygon","coordinates":[[[-99.2261608539138,35.734383556817],[-99.2246608539008,35.732883556804],[-99.2261608539138,35.7313835567909],[-99.2276608539269,35.732883556804],[-99.2261608539138,35.734383556817]]]}},{"type":"Feature","properties":{"county":"Custer","legal":"20-13N-18W-IM","operator":"TEOCALLI EXPLORATION","lease_name":"HUNNICUTT #20-1","api_number":"3503920694","reservoir":"RED FORK","first_production":"1995-01-01","last_production":"2026-03-01"},"geometry":{"type":"Polygon","coordinates":[[[-99.1376063998112,35.5893680646347],[-99.1361063997982,35.5878680646217],[-99.1376063998112,35.5863680646086],[-99.1391063998242,35.5878680646217],[-99.1376063998112,35.5893680646347]]]}},{"type":"Feature","properties":{"county":"Custer","legal":"28-12N-20W-IM","operator":"HALCYON NATURAL GAS","lease_name":"GRAYBILL 1-28","api_number":"3503920820","reservoir":"ATOKA","first_production":"1995-01-01","last_production":"2026-03-01"},"geometry":{"type":"Polygon","coordinates":[[[-99.3201672873206,35.4883804603588],[-99.3186672873075,35.4868804603458],[-99.3201672873206,35.4853804603327],[-99.3216672873336,35.4868804603458],[-99.3201672873206,35.4883804603588]]]}},{"type":"Feature","properties":{"county":"Custer","legal":"30-13N-20W-IM","operator":"CRAWLEY PETROLEUM","lease_name":"K.C. CATTLE CO. #1-30","api_number":"3503920678","reservoir":"RED FORK","first_production":"1995-01-01","last_production":"2026-03-01"},"geometry":{"type":"Polygon","coordinates":[[[-99.3680642431843,35.5749052588873],[-99.3665642431712,35.5734052588742],[-99.3680642431843,35.5719052588612],[-99.3695642431973,35.5734052588742],[-99.3680642431843,35.5749052588873]]]}},{"type":"Feature","properties":{"county":"Custer","legal":"07-13N-18W-IM","operator":"CANVAS ENERGY LLC","lease_name":"PARKER #7-1","api_number":"3503920761","reservoir":"RED FORK","first_production":"1995-01-01","last_production":"2026-03-01"},"geometry":{"type":"Polygon","coordinates":[[[-99.1554593701811,35.6184370218329],[-99.1539593701681,35.6169370218199],[-99.1554593701811,35.6154370218069],[-99.1569593701941,35.6169370218199],[-99.1554593701811,35.6184370218329]]]}},{"type":"Feature","properties":{"county":"Custer","legal":"20-12N-20W-IM","operator":"BP AMERICA PRODUCTION","lease_name":"KEPHART #1;2-20","api_number":"3503921290;3503920589","reservoir":"REDFORK","first_production":"1995-01-01","last_production":"2026-03-01"},"geometry":{"type":"Polygon","coordinates":[[[-99.3378867757974,35.5029783228885],[-99.3363867757843,35.5014783228755],[-99.3378867757974,35.4999783228624],[-99.3393867758104,35.5014783228755],[-99.3378867757974,35.5029783228885]]]}},{"type":"Feature","properties":{"county":"Custer","legal":"25-15N-20W-IM","operator":"TEOCALLI EXPLORATION","lease_name":"MOSELEY #25-2","api_number":"3503921008","reservoir":"PRUE","first_production":"1995-01-01","last_production":"2026-03-01"},"geometry":{"type":"Polygon","coordinates":[[[-99.2790497720572,35.7485861561113],[-99.2775497720442,35.7470861560983],[-99.2790497720572,35.7455861560852],[-99.2805497720703,35.7470861560983],[-99.2790497720572,35.7485861561113]]]}},{"type":"Feature","properties":{"county":"Custer","legal":"31-14N-19W-IM","operator":"UNBRIDLED RESOURCES LLC","lease_name":"ANNIE HARDIN #31-1","api_number":"3503920620","reservoir":"PRUE","first_production":"1995-01-01","last_production":"2026-03-01"},"geometry":{"type":"Polygon","coordinates":[[[-99.2616499684967,35.6475075323574],[-99.2601499684837,35.6460075323443],[-99.2616499684967,35.6445075323313],[-99.2631499685097,35.6460075323443],[-99.2616499684967,35.6475075323574]]]}},{"type":"Feature","properties":{"county":"Custer","legal":"04-13N-19W-IM","operator":"TEOCALLI EXPLORATION","lease_name":"NICHOLS #1-4","api_number":"3503921148","reservoir":"CHEROKEE","first_production":"1995-01-01","last_production":"2026-03-01"},"geometry":{"type":"Polygon","coordinates":[[[-99.226408488818,35.6329442408712],[-99.2249084888049,35.6314442408582],[-99.226408488818,35.6299442408451],[-99.227908488831,35.6314442408582],[-99.226408488818,35.6329442408712]]]}},{"type":"Feature","properties":{"county":"Custer","legal":"20-14N-20W-IM","operator":"TEOCALLI EXPLORATION","lease_name":"HODGE FARMS 1-20","api_number":"3503921291","reservoir":"CHEROKEE","first_production":"1995-01-01","last_production":"2026-03-01"},"geometry":{"type":"Polygon","coordinates":[[[-99.3502982146757,35.676463484289],[-99.3487982146627,35.674963484276],[-99.3502982146757,35.6734634842629],[-99.3517982146888,35.674963484276],[-99.3502982146757,35.676463484289]]]}},{"type":"Feature","properties":{"county":"Custer","legal":"20-14N-20W-IM","operator":"DIVERSIFIED PRODUCTION LLC","lease_name":"HODGE 1-20","api_number":"3503920688","reservoir":"RED FORK","first_production":"1995-01-01","last_production":"2026-03-01"},"geometry":{"type":"Polygon","coordinates":[[[-99.3502982146757,35.676463484289],[-99.3487982146627,35.674963484276],[-99.3502982146757,35.6734634842629],[-99.3517982146888,35.674963484276],[-99.3502982146757,35.676463484289]]]}},{"type":"Feature","properties":{"county":"Custer","legal":"11-13N-20W-IM","operator":"TEOCALLI EXPLORATION","lease_name":"WHITE #1-11","api_number":"3503920623","reservoir":"CHEROKEE","first_production":"1995-01-01","last_production":"2026-03-01"},"geometry":{"type":"Polygon","coordinates":[[[-99.2970431847019,35.6185250529008],[-99.2955431846889,35.6170250528878],[-99.2970431847019,35.6155250528748],[-99.2985431847149,35.6170250528878],[-99.2970431847019,35.6185250529008]]]}},{"type":"Feature","properties":{"county":"Custer","legal":"05-13N-19W-IM","operator":"TEOCALLI EXPLORATION","lease_name":"FLAMING #1-5","api_number":"3503920627","reservoir":"CHEROKEE","first_production":"1995-01-01","last_production":"2026-03-01"},"geometry":{"type":"Polygon","coordinates":[[[-99.2440791771248,35.633070015626],[-99.2425791771117,35.631570015613],[-99.2440791771248,35.6300700156],[-99.2455791771378,35.631570015613],[-99.2440791771248,35.633070015626]]]}},{"type":"Feature","properties":{"county":"Custer","legal":"20-12N-16W-IM","operator":"TEOCALLI EXPLORATION","lease_name":"PECK #1-20","api_number":"3503921215;3503920961","reservoir":"RED FORK","first_production":"1995-01-01","last_production":"2026-03-01"},"geometry":{"type":"Polygon","coordinates":[[[-98.9147214036121,35.5028271240103],[-98.913221403599,35.5013271239972],[-98.9147214036121,35.4998271239842],[-98.9162214036251,35.5013271239972],[-98.9147214036121,35.5028271240103]]]}},{"type":"Feature","properties":{"county":"Custer","legal":"07-12N-18W-IM","operator":"MUSTANG","lease_name":"KLEMME #1-7","api_number":"3503920426","reservoir":"RED FORK","first_production":"1995-01-01","last_production":"2026-03-01"},"geometry":{"type":"Polygon","coordinates":[[[-99.1436246713996,35.5319760972793],[-99.1421246713866,35.5304760972662],[-99.1436246713996,35.5289760972532],[-99.1451246714126,35.5304760972662],[-99.1436246713996,35.5319760972793]]]}},{"type":"Feature","properties":{"county":"Custer","legal":"20-14N-19W-IM","operator":"TEOCALLI EXPLORATION","lease_name":"NOBLE #1-20","api_number":"3503920561","reservoir":"RED FORK","first_production":"1995-01-01","last_production":"2026-03-01"},"geometry":{"type":"Polygon","coordinates":[[[-99.2439984558288,35.6764867809821],[-99.2424984558158,35.6749867809691],[-99.2439984558288,35.673486780956],[-99.2454984558419,35.6749867809691],[-99.2439984558288,35.6764867809821]]]}},{"type":"Feature","properties":{"county":"Custer","legal":"33-14N-19W-IM","operator":"TEOCALLI EXPLORATION","lease_name":"MULLINS #1-33","api_number":"3503920576","reservoir":"CHEROKEE","first_production":"1995-01-01","last_production":"2026-03-01"},"geometry":{"type":"Polygon","coordinates":[[[-99.2264084806647,35.6473999002251],[-99.2249084806516,35.6458999002121],[-99.2264084806647,35.6443999001991],[-99.2279084806777,35.6458999002121],[-99.2264084806647,35.6473999002251]]]}},{"type":"Feature","properties":{"county":"Custer","legal":"12-13N-19W-IM","operator":"TEOCALLI EXPLORATION","lease_name":"KLEIN #1-12","api_number":"3503920545","reservoir":"UPPER RED FORK","first_production":"1995-01-01","last_production":"2026-03-01"},"geometry":{"type":"Polygon","coordinates":[[[-99.1732425301296,35.6183803045151],[-99.1717425301165,35.6168803045021],[-99.1732425301296,35.6153803044891],[-99.1747425301426,35.6168803045021],[-99.1732425301296,35.6183803045151]]]}},{"type":"Feature","properties":{"county":"Custer","legal":"18-15N-20W-IM","operator":"TEOCALLI EXPLORATION","lease_name":"HERIFORD #7-18","api_number":"3503921561","reservoir":"PRUE","first_production":"1995-01-01","last_production":"2026-03-01"},"geometry":{"type":"Polygon","coordinates":[[[-99.3673946434708,35.7773886137338],[-99.3658946434577,35.7758886137208],[-99.3673946434708,35.7743886137077],[-99.3688946434838,35.7758886137208],[-99.3673946434708,35.7773886137338]]]}},{"type":"Feature","properties":{"county":"Custer","legal":"18-15N-20W-IM","operator":"TEOCALLI EXPLORATION","lease_name":"HERIFORD #3-18","api_number":"3503921208","reservoir":"PRUE","first_production":"1995-01-01","last_production":"2026-03-01"},"geometry":{"type":"Polygon","coordinates":[[[-99.3673946434708,35.7773886137338],[-99.3658946434577,35.7758886137208],[-99.3673946434708,35.7743886137077],[-99.3688946434838,35.7758886137208],[-99.3673946434708,35.7773886137338]]]}},{"type":"Feature","properties":{"county":"Custer","legal":"18-15N-20W-IM","operator":"TEOCALLI EXPLORATION","lease_name":"HERIFORD #1-18","api_number":"3503920496","reservoir":"RED FORK","first_production":"1995-01-01","last_production":"2026-03-01"},"geometry":{"type":"Polygon","coordinates":[[[-99.3673946434708,35.7773886137338],[-99.3658946434577,35.7758886137208],[-99.3673946434708,35.7743886137077],[-99.3688946434838,35.7758886137208],[-99.3673946434708,35.7773886137338]]]}},{"type":"Feature","properties":{"county":"Custer","legal":"20-13N-16W-IM","operator":"KINGFISHER RESOURCES","lease_name":"ESSARY-HUSEBY #1-20","api_number":"3503920419","reservoir":"MORROW","first_production":"1995-01-01","last_production":"2026-03-01"},"geometry":{"type":"Polygon","coordinates":[[[-98.9246774075647,35.5890950755938],[-98.9231774075517,35.5875950755807],[-98.9246774075647,35.5860950755677],[-98.9261774075778,35.5875950755807],[-98.9246774075647,35.5890950755938]]]}},{"type":"Feature","properties":{"county":"Custer","legal":"36-13N-20W-IM","operator":"TEOCALLI EXPLORATION","lease_name":"HINKLE #1-36","api_number":"3503920549","reservoir":"RED FORK","first_production":"1995-01-01","last_production":"2026-03-01"},"geometry":{"type":"Polygon","coordinates":[[[-99.2796576323248,35.5605789379581],[-99.2781576323117,35.5590789379451],[-99.2796576323248,35.5575789379321],[-99.2811576323378,35.5590789379451],[-99.2796576323248,35.5605789379581]]]}},{"type":"Feature","properties":{"county":"Custer","legal":"32-14N-19W-IM","operator":"TEOCALLI EXPLORATION","lease_name":"RUTHER #1-32","api_number":"3503920381","reservoir":"CHEROKEE","first_production":"1995-01-01","last_production":"2026-03-01"},"geometry":{"type":"Polygon","coordinates":[[[-99.2441158687476,35.6474548594956],[-99.2426158687346,35.6459548594826],[-99.2441158687476,35.6444548594695],[-99.2456158687607,35.6459548594826],[-99.2441158687476,35.6474548594956]]]}},{"type":"Feature","properties":{"county":"Custer","legal":"18-12N-18W-IM","operator":"CARBON ECONOMY LLC","lease_name":"MILLER #1-18","api_number":"3503921292","reservoir":"UPPER REDFORK","first_production":"1995-01-01","last_production":"2026-03-01"},"geometry":{"type":"Polygon","coordinates":[[[-99.1436387532656,35.5174420111856],[-99.1421387532526,35.5159420111726],[-99.1436387532656,35.5144420111595],[-99.1451387532787,35.5159420111726],[-99.1436387532656,35.5174420111856]]]}},{"type":"Feature","properties":{"county":"Custer","legal":"18-12N-18W-IM","operator":"LARKSPUR OPERATING LLC","lease_name":"G. KLEMME 2-18","api_number":"3503920516","reservoir":"RED FORK","first_production":"1995-01-01","last_production":"2026-03-01"},"geometry":{"type":"Polygon","coordinates":[[[-99.1436387532656,35.5174420111856],[-99.1421387532526,35.5159420111726],[-99.1436387532656,35.5144420111595],[-99.1451387532787,35.5159420111726],[-99.1436387532656,35.5174420111856]]]}},{"type":"Feature","properties":{"county":"Custer","legal":"04-12N-20W-IM","operator":"MUSTANG","lease_name":"OAKS #1-4","api_number":"3503920509","reservoir":"RED FORK","first_production":"1995-01-01","last_production":"2026-03-01"},"geometry":{"type":"Polygon","coordinates":[[[-99.320366934743,35.5463667746514],[-99.31886693473,35.5448667746384],[-99.320366934743,35.5433667746253],[-99.3218669347561,35.5448667746384],[-99.320366934743,35.5463667746514]]]}},{"type":"Feature","properties":{"county":"Custer","legal":"10-13N-20W-IM","operator":"TEOCALLI EXPLORATION","lease_name":"WHITE #1-10","api_number":"3503920507","reservoir":"ATOKA","first_production":"1995-01-01","last_production":"2026-03-01"},"geometry":{"type":"Polygon","coordinates":[[[-99.3147660160645,35.6184967605283],[-99.3132660160514,35.6169967605153],[-99.3147660160645,35.6154967605023],[-99.3162660160775,35.6169967605153],[-99.3147660160645,35.6184967605283]]]}},{"type":"Feature","properties":{"county":"Custer","legal":"33-13N-20W-IM","operator":"CRAWLEY PETROLEUM","lease_name":"K.C. CATTLE 1-33","api_number":"3503920440","reservoir":"RED FORK","first_production":"1995-01-01","last_production":"2026-03-01"},"geometry":{"type":"Polygon","coordinates":[[[-99.3329069436584,35.5605046156143],[-99.3314069436454,35.5590046156012],[-99.3329069436584,35.5575046155882],[-99.3344069436715,35.5590046156012],[-99.3329069436584,35.5605046156143]]]}},{"type":"Feature","properties":{"county":"Custer","legal":"16-12N-15W-IM","operator":"TEOCALLI EXPLORATION","lease_name":"BOESE 1-16","api_number":"3503921286","reservoir":"REDFORK","first_production":"1995-01-01","last_production":"2026-03-01"},"geometry":{"type":"Polygon","coordinates":[[[-98.7910568221642,35.5168531743423],[-98.7895568221511,35.5153531743293],[-98.7910568221642,35.5138531743162],[-98.7925568221772,35.5153531743293],[-98.7910568221642,35.5168531743423]]]}},{"type":"Feature","properties":{"county":"Custer","legal":"26-12N-16W-IM","operator":"TEOCALLI EXPLORATION","lease_name":"SAWATZKY #26-1","api_number":"3503920402","reservoir":"ATOKA, DES MOINES","first_production":"1995-01-01","last_production":"2026-03-01"},"geometry":{"type":"Polygon","coordinates":[[[-98.8615154689863,35.4882628161299],[-98.8600154689732,35.4867628161168],[-98.8615154689863,35.4852628161038],[-98.8630154689993,35.4867628161168],[-98.8615154689863,35.4882628161299]]]}},{"type":"Feature","properties":{"county":"Custer","legal":"20-12N-15W-IM","operator":"TEOCALLI EXPLORATION","lease_name":"MELBA JEAN #1-20","api_number":"3503921049","reservoir":"RED FORK","first_production":"1995-01-01","last_production":"2026-03-01"},"geometry":{"type":"Polygon","coordinates":[[[-98.8090023373094,35.5025631313188],[-98.8075023372964,35.5010631313057],[-98.8090023373094,35.4995631312927],[-98.8105023373225,35.5010631313057],[-98.8090023373094,35.5025631313188]]]}},{"type":"Feature","properties":{"county":"Custer","legal":"26-13N-20W-IM","operator":"EVOLUTION ENERGY, LLC","lease_name":"RAY CLARK 26-3;CLARK 26-4","api_number":"3503921564;3503921691","reservoir":"RED FORK","first_production":"1995-01-01","last_production":"2026-03-01"},"geometry":{"type":"Polygon","coordinates":[[[-99.2972472486256,35.5751168679226],[-99.2957472486125,35.5736168679095],[-99.2972472486256,35.5721168678965],[-99.2987472486386,35.5736168679095],[-99.2972472486256,35.5751168679226]]]}},{"type":"Feature","properties":{"county":"Custer","legal":"23-12N-16W-IM","operator":"TEOCALLI EXPLORATION","lease_name":"M.L.AGAN  1-23","api_number":"3503920332","reservoir":"RED FORK","first_production":"1995-01-01","last_production":"2026-03-01"},"geometry":{"type":"Polygon","coordinates":[[[-98.8614150620355,35.5026768209324],[-98.8599150620224,35.5011768209194],[-98.8614150620355,35.4996768209064],[-98.8629150620485,35.5011768209194],[-98.8614150620355,35.5026768209324]]]}},{"type":"Feature","properties":{"county":"Caddo","legal":"18-11N-12W-IM","operator":"LYNX OKLAHOMA OPERATING LLC","lease_name":"GUNNERY SERGEANT 7-18-11-12","api_number":"3501523326","first_production":"2022-11-01","last_production":"2026-03-01"},"geometry":{"type":"Polygon","coordinates":[[[-98.5091180308489,35.4295953703509],[-98.5076180308359,35.4280953703379],[-98.5091180308489,35.4265953703249],[-98.510618030862,35.4280953703379],[-98.5091180308489,35.4295953703509]]]}},{"type":"Feature","properties":{"county":"Caddo","legal":"06-11N-12W-IM;31-12N-12W-IM","operator":"LYNX OKLAHOMA OPERATING LLC","lease_name":"CAPTAIN 6-31-11-12 1HXL","api_number":"3501523312","reservoir":"HOXBAR","first_production":"2019-10-01","last_production":"2026-03-01"},"geometry":{"type":"Polygon","coordinates":[[[-98.5089979112494,35.4658327035878],[-98.5074979112364,35.4643327035747],[-98.5089979112494,35.4628327035617],[-98.5104979112624,35.4643327035747],[-98.5089979112494,35.4658327035878]]]}},{"type":"Feature","properties":{"county":"Caddo","legal":"24-11N-13W-IM","operator":"BCE-MACH LLC","lease_name":"WYATT 1H-24","api_number":"3501523277","reservoir":"MARCHAND","first_production":"2017-07-01","last_production":"2026-03-01"},"geometry":{"type":"Polygon","coordinates":[[[-98.5264434775415,35.4150652345124],[-98.5249434775285,35.4135652344993],[-98.5264434775415,35.4120652344863],[-98.5279434775546,35.4135652344993],[-98.5264434775415,35.4150652345124]]]}},{"type":"Feature","properties":{"county":"Caddo","legal":"20-11N-12W-IM","operator":"BCE-MACH LLC","lease_name":"RUCKMAN 2H-20","api_number":"3501523270","reservoir":"MARCHAND","first_production":"2016-11-01","last_production":"2026-03-01"},"geometry":{"type":"Polygon","coordinates":[[[-98.4916828274258,35.4149249246702],[-98.4901828274127,35.4134249246572],[-98.4916828274258,35.4119249246442],[-98.4931828274388,35.4134249246572],[-98.4916828274258,35.4149249246702]]]}},{"type":"Feature","properties":{"county":"Caddo","legal":"01-11N-12W-IM","operator":"RIVIERA OPERATING","lease_name":"JUANITA 1-2","api_number":"3501523223","reservoir":"MARCHAND","first_production":"2013-09-01","last_production":"2026-03-01"},"geometry":{"type":"Polygon","coordinates":[[[-98.420862455911,35.4584527960655],[-98.4193624558979,35.4569527960524],[-98.420862455911,35.4554527960394],[-98.422362455924,35.4569527960524],[-98.420862455911,35.4584527960655]]]}},{"type":"Feature","properties":{"county":"Caddo","legal":"33-11N-12W-IM","operator":"CREST RESOURCES","lease_name":"BRIANNA 2-33","api_number":"3501523165","reservoir":"ATOKA, SKINNER, REDFORK","first_production":"2011-08-01","last_production":"2026-03-01"},"geometry":{"type":"Polygon","coordinates":[[[-98.4738702906746,35.3859428697003],[-98.4723702906616,35.3844428696872],[-98.4738702906746,35.3829428696742],[-98.4753702906877,35.3844428696872],[-98.4738702906746,35.3859428697003]]]}},{"type":"Feature","properties":{"county":"Caddo","legal":"05-11N-11W-IM","operator":"OKLAND OIL","lease_name":"BYRD 2-5","api_number":"3501523106","reservoir":"MARCHAND","first_production":"2009-10-01","last_production":"2026-03-01"},"geometry":{"type":"Polygon","coordinates":[[[-98.3857842005437,35.4584469950872],[-98.3842842005306,35.4569469950742],[-98.3857842005437,35.4554469950612],[-98.3872842005567,35.4569469950742],[-98.3857842005437,35.4584469950872]]]}},{"type":"Feature","properties":{"county":"Caddo","legal":"28-11N-12W-IM","operator":"DIVERSIFIED PRODUCTION LLC","lease_name":"BAKER 1-28","api_number":"3501523088","reservoir":"CHEROKEE","first_production":"2009-06-01","last_production":"2026-03-01"},"geometry":{"type":"Polygon","coordinates":[[[-98.4739329834977,35.4003648090412],[-98.4724329834847,35.3988648090282],[-98.4739329834977,35.3973648090152],[-98.4754329835108,35.3988648090282],[-98.4739329834977,35.4003648090412]]]}},{"type":"Feature","properties":{"county":"Caddo","legal":"05-11N-11W-IM","operator":"OKLAND OIL","lease_name":"HOUSE 1-5","api_number":"3501523071","reservoir":"MARCHAND","first_production":"2008-12-01","last_production":"2026-03-01"},"geometry":{"type":"Polygon","coordinates":[[[-98.3857842005437,35.4584469950872],[-98.3842842005306,35.4569469950742],[-98.3857842005437,35.4554469950612],[-98.3872842005567,35.4569469950742],[-98.3857842005437,35.4584469950872]]]}},{"type":"Feature","properties":{"county":"Caddo","legal":"33-11N-12W-IM","operator":"MUSTANG","lease_name":"BRIANNA 1-33","api_number":"3501522973","reservoir":"ATOKA/SPRINGER","first_production":"2007-07-01","last_production":"2026-03-01"},"geometry":{"type":"Polygon","coordinates":[[[-98.4738702906746,35.3859428697003],[-98.4723702906616,35.3844428696872],[-98.4738702906746,35.3829428696742],[-98.4753702906877,35.3844428696872],[-98.4738702906746,35.3859428697003]]]}},{"type":"Feature","properties":{"county":"Caddo","legal":"08-11N-11W-IM","operator":"STAGHORN","lease_name":"CLINT 1-8","api_number":"3501522946","reservoir":"MARCHAND","first_production":"2006-10-01","last_production":"2026-03-01"},"geometry":{"type":"Polygon","coordinates":[[[-98.3856877761175,35.4440692203965],[-98.3841877761045,35.4425692203834],[-98.3856877761175,35.4410692203704],[-98.3871877761306,35.4425692203834],[-98.3856877761175,35.4440692203965]]]}},{"type":"Feature","properties":{"county":"Caddo","legal":"01-11N-12W-IM","operator":"RIVIERA OPERATING","lease_name":"JUANITA 1-1","api_number":"3501522658","reservoir":"SPRINGER, SKINNER","first_production":"2006-09-01","last_production":"2026-03-01"},"geometry":{"type":"Polygon","coordinates":[[[-98.420862455911,35.4584527960655],[-98.4193624558979,35.4569527960524],[-98.420862455911,35.4554527960394],[-98.422362455924,35.4569527960524],[-98.420862455911,35.4584527960655]]]}},{"type":"Feature","properties":{"county":"Caddo","legal":"03-11N-11W-IM","operator":"RIVIERA OPERATING","lease_name":"REDROCK CANYON 1-3","api_number":"3501522896","reservoir":"MARCHAND","first_production":"2006-06-01","last_production":"2026-03-01"},"geometry":{"type":"Polygon","coordinates":[[[-98.3503774927138,35.4582333259924],[-98.3488774927008,35.4567333259794],[-98.3503774927138,35.4552333259664],[-98.3518774927268,35.4567333259794],[-98.3503774927138,35.4582333259924]]]}},{"type":"Feature","properties":{"county":"Caddo","legal":"29-11N-12W-IM","operator":"CREST RESOURCES","lease_name":"YOUNKIN TRUST 2-29","api_number":"3501522845","reservoir":"ATOKA","first_production":"2005-11-01","last_production":"2026-03-01"},"geometry":{"type":"Polygon","coordinates":[[[-98.491614946347,35.4004718178866],[-98.490114946334,35.3989718178736],[-98.491614946347,35.3974718178606],[-98.49311494636,35.3989718178736],[-98.491614946347,35.4004718178866]]]}},{"type":"Feature","properties":{"county":"Caddo","legal":"06-11N-11W-IM","operator":"RIVIERA OPERATING","lease_name":"KIMBLE 1-6","api_number":"3501522857","reservoir":"OSWEGO","first_production":"2005-09-01","last_production":"2026-03-01"},"geometry":{"type":"Polygon","coordinates":[[[-98.403364450604,35.4584855493426],[-98.4018644505909,35.4569855493296],[-98.403364450604,35.4554855493165],[-98.404864450617,35.4569855493296],[-98.403364450604,35.4584855493426]]]}},{"type":"Feature","properties":{"county":"Caddo","legal":"01-11N-11W-IM","operator":"TEOCALLI EXPLORATION","lease_name":"HAMPTON 1-1","api_number":"3501522744","reservoir":"MORROW","first_production":"2004-03-01","last_production":"2026-03-01"},"geometry":{"type":"Polygon","coordinates":[[[-98.3150423678555,35.4582015027878],[-98.3135423678425,35.4567015027748],[-98.3150423678555,35.4552015027618],[-98.3165423678685,35.4567015027748],[-98.3150423678555,35.4582015027878]]]}},{"type":"Feature","properties":{"county":"Caddo","legal":"33-11N-11W-IM","operator":"MUSTANG","lease_name":"DRAKE 3-33","api_number":"3501522752","reservoir":"CHEROKEE","first_production":"2004-02-01","last_production":"2026-03-01"},"geometry":{"type":"Polygon","coordinates":[[[-98.3680312338375,35.3860990767809],[-98.3665312338244,35.3845990767679],[-98.3680312338375,35.3830990767548],[-98.3695312338505,35.3845990767679],[-98.3680312338375,35.3860990767809]]]}},{"type":"Feature","properties":{"county":"Caddo","legal":"29-11N-11W-IM","operator":"MUSTANG","lease_name":"BESSIE NOVY #3-29","api_number":"3501522689","reservoir":"CHEROKEE","first_production":"2003-04-01","last_production":"2026-03-01"},"geometry":{"type":"Polygon","coordinates":[[[-98.3857193876901,35.4006097544195],[-98.3842193876771,35.3991097544065],[-98.3857193876901,35.3976097543935],[-98.3872193877032,35.3991097544065],[-98.3857193876901,35.4006097544195]]]}},{"type":"Feature","properties":{"county":"Caddo","legal":"29-11N-11W-IM","operator":"MUSTANG","lease_name":"BESSIE NOVY #2-29","api_number":"3501522671","reservoir":"CHEROKEE","first_production":"1999-04-01","last_production":"2026-03-01"},"geometry":{"type":"Polygon","coordinates":[[[-98.3857193876901,35.4006097544195],[-98.3842193876771,35.3991097544065],[-98.3857193876901,35.3976097543935],[-98.3872193877032,35.3991097544065],[-98.3857193876901,35.4006097544195]]]}},{"type":"Feature","properties":{"county":"Caddo","legal":"28-11N-11W-IM","operator":"MUSTANG","lease_name":"LOULA #3","api_number":"3501522667","reservoir":"CHEROKEE","first_production":"2003-01-01","last_production":"2026-03-01"},"geometry":{"type":"Polygon","coordinates":[[[-98.3680498937818,35.4006090849174],[-98.3665498937688,35.3991090849043],[-98.3680498937818,35.3976090848913],[-98.3695498937948,35.3991090849043],[-98.3680498937818,35.4006090849174]]]}},{"type":"Feature","properties":{"county":"Caddo","legal":"20-11N-12W-IM","operator":"BCE-MACH LLC","lease_name":"RUCKMAN 1-20","api_number":"3501522622","reservoir":"U ATOKA","first_production":"2001-11-01","last_production":"2026-03-01"},"geometry":{"type":"Polygon","coordinates":[[[-98.4916828274258,35.4149249246702],[-98.4901828274127,35.4134249246572],[-98.4916828274258,35.4119249246442],[-98.4931828274388,35.4134249246572],[-98.4916828274258,35.4149249246702]]]}},{"type":"Feature","properties":{"county":"Caddo","legal":"07-11N-13W-IM","operator":"ZEPHYR OPERATING","lease_name":"ENTZ #1-7","api_number":"3501521373","reservoir":"ATOKA","first_production":"1995-01-01","last_production":"2026-03-01"},"geometry":{"type":"Polygon","coordinates":[[[-98.6146768205643,35.444023394167],[-98.6131768205513,35.4425233941539],[-98.6146768205643,35.4410233941409],[-98.6161768205774,35.4425233941539],[-98.6146768205643,35.444023394167]]]}},{"type":"Feature","properties":{"county":"Caddo","legal":"09-11N-12W-IM","operator":"TEOCALLI EXPLORATION","lease_name":"COFFEY #1-9","api_number":"3501521117","reservoir":"CHEROKEE","first_production":"1995-01-01","last_production":"2026-03-01"},"geometry":{"type":"Polygon","coordinates":[[[-98.473941524709,35.44383588896],[-98.472441524696,35.4423358889469],[-98.473941524709,35.4408358889339],[-98.4754415247221,35.4423358889469],[-98.473941524709,35.44383588896]]]}},{"type":"Feature","properties":{"county":"Caddo","legal":"04-11N-11W-IM","operator":"RIVIERA OPERATING","lease_name":"TROY #1","api_number":"3501522019","reservoir":"MARCHAND","first_production":"1995-01-01","last_production":"2026-03-01"},"geometry":{"type":"Polygon","coordinates":[[[-98.3680593813054,35.4583599615909],[-98.3665593812924,35.4568599615779],[-98.3680593813054,35.4553599615649],[-98.3695593813185,35.4568599615779],[-98.3680593813054,35.4583599615909]]]}},{"type":"Feature","properties":{"county":"Caddo","legal":"04-11N-11W-IM","operator":"SANGUINE","lease_name":"ELLEN #1-4","api_number":"3501521955","reservoir":"MARCHAND","first_production":"1995-01-01","last_production":"2026-03-01"},"geometry":{"type":"Polygon","coordinates":[[[-98.3680593813054,35.4583599615909],[-98.3665593812924,35.4568599615779],[-98.3680593813054,35.4553599615649],[-98.3695593813185,35.4568599615779],[-98.3680593813054,35.4583599615909]]]}},{"type":"Feature","properties":{"county":"Caddo","legal":"29-11N-11W-IM","operator":"MUSTANG","lease_name":"BESSIE NOVY #1-29","api_number":"3501520934","reservoir":"RED FORK","first_production":"1995-01-01","last_production":"2026-03-01"},"geometry":{"type":"Polygon","coordinates":[[[-98.3857193876901,35.4006097544195],[-98.3842193876771,35.3991097544065],[-98.3857193876901,35.3976097543935],[-98.3872193877032,35.3991097544065],[-98.3857193876901,35.4006097544195]]]}},{"type":"Feature","properties":{"county":"Caddo","legal":"30-11N-11W-IM","operator":"TROY ENERGY OPERATING, LLC","lease_name":"B. LINDLEY \"A\" #2-30","api_number":"3501521558","reservoir":"SPRINGER","first_production":"1995-01-01","last_production":"2026-03-01"},"geometry":{"type":"Polygon","coordinates":[[[-98.4033491665696,35.4005718245335],[-98.4018491665565,35.3990718245205],[-98.4033491665696,35.3975718245075],[-98.4048491665826,35.3990718245205],[-98.4033491665696,35.4005718245335]]]}},{"type":"Feature","properties":{"county":"Caddo","legal":"30-11N-11W-IM","operator":"TECHNICAL ENERGY SERVICES INC","lease_name":"BENNIE LINDLEY 1-30","api_number":"3501520772","reservoir":"SPRINGER/RED FORK","first_production":"1995-04-01","last_production":"2026-03-01"},"geometry":{"type":"Polygon","coordinates":[[[-98.3989920030562,35.3969537969701],[-98.3974920030431,35.395453796957],[-98.3989920030562,35.393953796944],[-98.4004920030692,35.395453796957],[-98.3989920030562,35.3969537969701]]]}},{"type":"Feature","properties":{"county":"Caddo","legal":"26-11N-12W-IM","operator":"CRAWLEY PETROLEUM","lease_name":"SEMINARY #1","api_number":"3501520871","reservoir":"MORROW,SPRINGER","first_production":"1995-01-01","last_production":"2026-03-01"},"geometry":{"type":"Polygon","coordinates":[[[-98.438517839075,35.4004800230478],[-98.437017839062,35.3989800230348],[-98.438517839075,35.3974800230218],[-98.4400178390881,35.3989800230348],[-98.438517839075,35.4004800230478]]]}},{"type":"Feature","properties":{"county":"Caddo","legal":"28-11N-11W-IM","operator":"MUSTANG","lease_name":"LOULA UNIT #1-A","api_number":"3501520874","reservoir":"RED FORK","first_production":"1995-01-01","last_production":"2026-03-01"},"geometry":{"type":"Polygon","coordinates":[[[-98.3680498937818,35.4006090849174],[-98.3665498937688,35.3991090849043],[-98.3680498937818,35.3976090848913],[-98.3695498937948,35.3991090849043],[-98.3680498937818,35.4006090849174]]]}},{"type":"Feature","properties":{"county":"Caddo","legal":"06-11N-11W-IM","operator":"RIVIERA OPERATING","lease_name":"CORNELL 1-6","api_number":"3501521901","reservoir":"MARCHAND","first_production":"1995-01-01","last_production":"2026-03-01"},"geometry":{"type":"Polygon","coordinates":[[[-98.403364450604,35.4584855493426],[-98.4018644505909,35.4569855493296],[-98.403364450604,35.4554855493165],[-98.404864450617,35.4569855493296],[-98.403364450604,35.4584855493426]]]}},{"type":"Feature","properties":{"county":"Beckham","legal":"06-11N-22W-IM","operator":"UNBRIDLED RESOURCES LLC","lease_name":"RUTH 6-11-22 1HA","api_number":"3500921987","reservoir":"DES MOINES","first_production":"2017-11-01","last_production":"2026-03-01"},"geometry":{"type":"Polygon","coordinates":[[[-99.5670999601327,35.4594017826227],[-99.5655999601197,35.4579017826096],[-99.5670999601327,35.4564017825966],[-99.5685999601458,35.4579017826096],[-99.5670999601327,35.4594017826227]]]}},{"type":"Feature","properties":{"county":"Beckham","legal":"26-11N-23W-IM","operator":"BCE-MACH II LLC","lease_name":"BECK REAL ESTATE 26-3HC","api_number":"3500921928","reservoir":"DES MOINES","first_production":"2014-09-01","last_production":"2026-03-01"},"geometry":{"type":"Polygon","coordinates":[[[-99.6021706610907,35.401162870734],[-99.6006706610776,35.3996628707209],[-99.6021706610907,35.3981628707079],[-99.6036706611037,35.3996628707209],[-99.6021706610907,35.401162870734]]]}},{"type":"Feature","properties":{"county":"Beckham","legal":"29-11N-22W-IM","operator":"SKYCAP ENERGY","lease_name":"DAVIS #3-29H","api_number":"3500921839","reservoir":"DES MOINES","first_production":"2012-05-01","last_production":"2026-03-01"},"geometry":{"type":"Polygon","coordinates":[[[-99.5495359037453,35.4014580378305],[-99.5480359037322,35.3999580378175],[-99.5495359037453,35.3984580378045],[-99.5510359037583,35.3999580378175],[-99.5495359037453,35.4014580378305]]]}},{"type":"Feature","properties":{"county":"Beckham","legal":"19-11N-23W-IM","operator":"JMA ENERGY","lease_name":"CARNAHAN 2-19H","api_number":"3500921823","reservoir":"MISSOURI","first_production":"2012-01-01","last_production":"2026-03-01"},"geometry":{"type":"Polygon","coordinates":[[[-99.6729863631298,35.415878300383],[-99.6714863631167,35.41437830037],[-99.6729863631298,35.412878300357],[-99.6744863631428,35.41437830037],[-99.6729863631298,35.415878300383]]]}},{"type":"Feature","properties":{"county":"Beckham","legal":"24-11N-23W-IM","operator":"JMA ENERGY","lease_name":"CHARLEY 1-24H","api_number":"3500921807","reservoir":"MANCHAND","first_production":"2011-10-01","last_production":"2026-03-01"},"geometry":{"type":"Polygon","coordinates":[[[-99.5843399919156,35.4157523023491],[-99.5828399919025,35.414252302336],[-99.5843399919156,35.412752302323],[-99.5858399919286,35.414252302336],[-99.5843399919156,35.4157523023491]]]}},{"type":"Feature","properties":{"county":"Beckham","legal":"22-11N-23W-IM","operator":"UNBRIDLED RESOURCES LLC","lease_name":"KAY MARTIN 1-22H","api_number":"3500921798","reservoir":"HOGSHOOTER","first_production":"2011-06-01","last_production":"2026-03-01"},"geometry":{"type":"Polygon","coordinates":[[[-99.6198607484686,35.4157347698417],[-99.6183607484556,35.4142347698286],[-99.6198607484686,35.4127347698156],[-99.6213607484816,35.4142347698286],[-99.6198607484686,35.4157347698417]]]}},{"type":"Feature","properties":{"county":"Beckham","legal":"33-11N-23W-IM","operator":"UNBRIDLED RESOURCES LLC","lease_name":"ROBERTA 1-33","api_number":"3500921748","reservoir":"UPPER DES MOINES","first_production":"2008-09-01","last_production":"2026-03-01"},"geometry":{"type":"Polygon","coordinates":[[[-99.6377069237503,35.3868057312604],[-99.6362069237372,35.3853057312474],[-99.6377069237503,35.3838057312343],[-99.6392069237633,35.3853057312474],[-99.6377069237503,35.3868057312604]]]}},{"type":"Feature","properties":{"county":"Beckham","legal":"24-11N-22W-IM","operator":"CRAWLEY PETROLEUM","lease_name":"SUMMERS 2-24","api_number":"3500921692","reservoir":"ATOKA","first_production":"2007-08-01","last_production":"2026-03-01"},"geometry":{"type":"Polygon","coordinates":[[[-99.4787077521441,35.4160467782255],[-99.4772077521311,35.4145467782125],[-99.4787077521441,35.4130467781994],[-99.4802077521571,35.4145467782125],[-99.4787077521441,35.4160467782255]]]}},{"type":"Feature","properties":{"county":"Beckham","legal":"22-11N-22W-IM","operator":"MUSTANG","lease_name":"MIKLES 1-22","api_number":"3500921670","reservoir":"UPPER TONKAWA(DOUGLAS),ATOKA","first_production":"2007-06-01","last_production":"2026-03-01"},"geometry":{"type":"Polygon","coordinates":[[[-99.5141793535177,35.4160094457842],[-99.5126793535046,35.4145094457712],[-99.5141793535177,35.4130094457581],[-99.5156793535307,35.4145094457712],[-99.5141793535177,35.4160094457842]]]}},{"type":"Feature","properties":{"county":"Beckham","legal":"24-12N-21W-IM","operator":"TEOCALLI EXPLORATION","lease_name":"EGGLESTON 1-24","api_number":"3500921308","reservoir":"DES MOINES","first_production":"2003-06-01","last_production":"2026-03-01"},"geometry":{"type":"Polygon","coordinates":[[[-99.3728118434525,35.5029043107058],[-99.3713118434395,35.5014043106928],[-99.3728118434525,35.4999043106797],[-99.3743118434656,35.5014043106928],[-99.3728118434525,35.5029043107058]]]}},{"type":"Feature","properties":{"county":"Beckham","legal":"31-11N-22W-IM","operator":"TEOCALLI EXPLORATION","lease_name":"HART 1-31","api_number":"3500921289","reservoir":"DES MOINES","first_production":"2003-02-01","last_production":"2026-03-01"},"geometry":{"type":"Polygon","coordinates":[[[-99.5669729080227,35.3869090018971],[-99.5654729080096,35.385409001884],[-99.5669729080227,35.383909001871],[-99.5684729080357,35.385409001884],[-99.5669729080227,35.3869090018971]]]}},{"type":"Feature","properties":{"county":"Beckham","legal":"31-12N-21W-IM","operator":"MUSTANG","lease_name":"SMITH 3-31","api_number":"3500921283","reservoir":"UPPER CHEROKEE","first_production":"2004-03-01","last_production":"2026-03-01"},"geometry":{"type":"Polygon","coordinates":[[[-99.4610182050546,35.4741895536371],[-99.4595182050415,35.4726895536241],[-99.4610182050546,35.471189553611],[-99.4625182050676,35.4726895536241],[-99.4610182050546,35.4741895536371]]]}},{"type":"Feature","properties":{"county":"Beckham","legal":"30-12N-21W-IM","operator":"TEOCALLI EXPLORATION","lease_name":"THORNTON 4-30","api_number":"3500921277","reservoir":"RED FORK","first_production":"2002-12-01","last_production":"2026-03-01"},"geometry":{"type":"Polygon","coordinates":[[[-99.4609795229731,35.4886820770155],[-99.45947952296,35.4871820770024],[-99.4609795229731,35.4856820769894],[-99.4624795229861,35.4871820770024],[-99.4609795229731,35.4886820770155]]]}},{"type":"Feature","properties":{"county":"Beckham","legal":"20-12N-21W-IM","operator":"UNBRIDLED RESOURCES LLC","lease_name":"FOWLER #1-20","api_number":"3500921257","reservoir":"DES MOINES (RED FORK)","first_production":"2002-07-01","last_production":"2026-03-01"},"geometry":{"type":"Polygon","coordinates":[[[-99.4434946349773,35.5031480309783],[-99.4419946349642,35.5016480309652],[-99.4434946349773,35.5001480309522],[-99.4449946349903,35.5016480309652],[-99.4434946349773,35.5031480309783]]]}},{"type":"Feature","properties":{"county":"Beckham","legal":"31-11N-22W-IM","operator":"UNBRIDLED RESOURCES LLC","lease_name":"HALEY 3-31","api_number":"3500921242","reservoir":"DES MOINES","first_production":"2002-03-01","last_production":"2026-03-01"},"geometry":{"type":"Polygon","coordinates":[[[-99.5669729080227,35.3869090018971],[-99.5654729080096,35.385409001884],[-99.5669729080227,35.383909001871],[-99.5684729080357,35.385409001884],[-99.5669729080227,35.3869090018971]]]}},{"type":"Feature","properties":{"county":"Beckham","legal":"31-11N-22W-IM","operator":"UNBRIDLED RESOURCES LLC","lease_name":"HALEY 2-31","api_number":"3500921228","reservoir":"DES MOINES","first_production":"2001-09-01","last_production":"2026-03-01"},"geometry":{"type":"Polygon","coordinates":[[[-99.5669729080227,35.3869090018971],[-99.5654729080096,35.385409001884],[-99.5669729080227,35.383909001871],[-99.5684729080357,35.385409001884],[-99.5669729080227,35.3869090018971]]]}},{"type":"Feature","properties":{"county":"Beckham","legal":"28-12N-21W-IM","operator":"MUSTANG","lease_name":"TIPTON HOME 1-28","api_number":"3500921149","reservoir":"ATOKA","first_production":"1999-11-01","last_production":"2026-03-01"},"geometry":{"type":"Polygon","coordinates":[[[-99.4257083975046,35.48851408816],[-99.4242083974916,35.4870140881469],[-99.4257083975046,35.4855140881339],[-99.4272083975176,35.4870140881469],[-99.4257083975046,35.48851408816]]]}},{"type":"Feature","properties":{"county":"Beckham","legal":"24-12N-22W-IM","operator":"EVOLUTION ENERGY, LLC","lease_name":"PERRYMAN #5-24","api_number":"3500921143","reservoir":"DES MOINES","first_production":"1999-06-01","last_production":"2026-03-01"},"geometry":{"type":"Polygon","coordinates":[[[-99.4786124751317,35.5031666889449],[-99.4771124751187,35.5016666889319],[-99.4786124751317,35.5001666889188],[-99.4801124751448,35.5016666889319],[-99.4786124751317,35.5031666889449]]]}},{"type":"Feature","properties":{"county":"Beckham","legal":"24-12N-22W-IM","operator":"EVOLUTION ENERGY, LLC","lease_name":"PERRYMAN #24-3","api_number":"3500921096","reservoir":"RED FORK","first_production":"1998-01-01","last_production":"2026-03-01"},"geometry":{"type":"Polygon","coordinates":[[[-99.4786124751317,35.5031666889449],[-99.4771124751187,35.5016666889319],[-99.4786124751317,35.5001666889188],[-99.4801124751448,35.5016666889319],[-99.4786124751317,35.5031666889449]]]}},{"type":"Feature","properties":{"county":"Beckham","legal":"24-12N-22W-IM","operator":"EVOLUTION ENERGY, LLC","lease_name":"BUGHER1-24;PERRYMAN 24-2**","api_number":"3500921070;3500920987","reservoir":"DES MOINES, REDFORK","first_production":"1995-01-01","last_production":"2026-03-01"},"geometry":{"type":"Polygon","coordinates":[[[-99.4786124751317,35.5031666889449],[-99.4771124751187,35.5016666889319],[-99.4786124751317,35.5001666889188],[-99.4801124751448,35.5016666889319],[-99.4786124751317,35.5031666889449]]]}},{"type":"Feature","properties":{"county":"Beckham","legal":"23-11N-23W-IM","operator":"MUSTANG","lease_name":"THETFORD 3-23","api_number":"3500920950","reservoir":"GRANITE WASH","first_production":"1995-01-01","last_production":"2026-03-01"},"geometry":{"type":"Polygon","coordinates":[[[-99.6020890737446,35.4156788363777],[-99.6005890737316,35.4141788363647],[-99.6020890737446,35.4126788363517],[-99.6035890737576,35.4141788363647],[-99.6020890737446,35.4156788363777]]]}},{"type":"Feature","properties":{"county":"Beckham","legal":"25-12N-21W-IM","operator":"BP AMERICA PRODUCTION","lease_name":"R.C. GREEN#1","api_number":"3500920570","reservoir":"RED FORK","first_production":"1995-01-01","last_production":"2026-03-01"},"geometry":{"type":"Polygon","coordinates":[[[-99.3726957197756,35.4882619864702],[-99.3711957197626,35.4867619864571],[-99.3726957197756,35.4852619864441],[-99.3741957197887,35.4867619864571],[-99.3726957197756,35.4882619864702]]]}},{"type":"Feature","properties":{"county":"Beckham","legal":"32-12N-22W-IM","operator":"MUSTANG","lease_name":"TERRY #1-32","api_number":"3500920888","reservoir":"ATOKA","first_production":"1995-01-01","last_production":"2026-03-01"},"geometry":{"type":"Polygon","coordinates":[[[-99.5497781562881,35.4741182514259],[-99.548278156275,35.4726182514128],[-99.5497781562881,35.4711182513998],[-99.5512781563011,35.4726182514128],[-99.5497781562881,35.4741182514259]]]}},{"type":"Feature","properties":{"county":"Beckham","legal":"23-12N-22W-IM","operator":"MUSTANG","lease_name":"RED ROCK RANCH 1-23","api_number":"3500920389","reservoir":"REDFORK","first_production":"1995-01-01","last_production":"2026-03-01"},"geometry":{"type":"Polygon","coordinates":[[[-99.4963289577868,35.5031701949264],[-99.4948289577737,35.5016701949133],[-99.4963289577868,35.5001701949003],[-99.4978289577998,35.5016701949133],[-99.4963289577868,35.5031701949264]]]}},{"type":"Feature","properties":{"county":"Beckham","legal":"07-11N-22W-IM","operator":"LONE TREE OIL AND GAS LLC","lease_name":"KENT #3","api_number":"3500920427","reservoir":"ATOKA","first_production":"1995-01-01","last_production":"2026-03-01"},"geometry":{"type":"Polygon","coordinates":[[[-99.5669894622445,35.4448478506967],[-99.5654894622315,35.4433478506836],[-99.5669894622445,35.4418478506706],[-99.5684894622576,35.4433478506836],[-99.5669894622445,35.4448478506967]]]}},{"type":"Feature","properties":{"county":"Beckham","legal":"22-12N-22W-IM","operator":"MUSTANG","lease_name":"MERRICK #2-22","api_number":"3500920844","reservoir":"ATOKA","first_production":"1995-01-01","last_production":"2026-03-01"},"geometry":{"type":"Polygon","coordinates":[[[-99.5139549195752,35.5032999441784],[-99.5124549195622,35.5017999441654],[-99.5139549195752,35.5002999441523],[-99.5154549195883,35.5017999441654],[-99.5139549195752,35.5032999441784]]]}},{"type":"Feature","properties":{"county":"Beckham","legal":"22-12N-22W-IM","operator":"MUSTANG","lease_name":"MERRICK #1-22","api_number":"3500920844;3500920367","reservoir":"ATOKA","first_production":"1995-01-01","last_production":"2026-03-01"},"geometry":{"type":"Polygon","coordinates":[[[-99.5139549195752,35.5032999441784],[-99.5124549195622,35.5017999441654],[-99.5139549195752,35.5002999441523],[-99.5154549195883,35.5017999441654],[-99.5139549195752,35.5032999441784]]]}},{"type":"Feature","properties":{"county":"Beckham","legal":"29-12N-22W-IM","operator":"MUSTANG","lease_name":"SIMMONS#2-29","api_number":"3500920903","reservoir":"ATOKA","first_production":"1995-01-01","last_production":"2026-03-01"},"geometry":{"type":"Polygon","coordinates":[[[-99.5496866284361,35.4886072278127],[-99.548186628423,35.4871072277996],[-99.5496866284361,35.4856072277866],[-99.5511866284491,35.4871072277996],[-99.5496866284361,35.4886072278127]]]}},{"type":"Feature","properties":{"county":"Beckham","legal":"11-11N-22W-IM","operator":"PRESIDIO","lease_name":"K C CATTLE #1-11","api_number":"3500920337","reservoir":"ATOKA,DES MOINES","first_production":"1995-01-01","last_production":"2026-03-01"},"geometry":{"type":"Polygon","coordinates":[[[-99.4964457285257,35.4452498789733],[-99.4949457285126,35.4437498789603],[-99.4964457285257,35.4422498789472],[-99.4979457285387,35.4437498789603],[-99.4964457285257,35.4452498789733]]]}},{"type":"Feature","properties":{"county":"Beckham","legal":"19-12N-21W-IM","operator":"MUSTANG","lease_name":"THORNTON 1-19","api_number":"3500920310","reservoir":"RED FORK","first_production":"1995-01-01","last_production":"2026-03-01"},"geometry":{"type":"Polygon","coordinates":[[[-99.4610556024163,35.5031693904751],[-99.4595556024033,35.501669390462],[-99.4610556024163,35.500169390449],[-99.4625556024293,35.501669390462],[-99.4610556024163,35.5031693904751]]]}},{"type":"Feature","properties":{"county":"Beckham","legal":"28-12N-21W-IM","operator":"MUSTANG","lease_name":"ARLOS KENT 1-28","api_number":"3500920923","reservoir":"RED FORK/ATOKA","first_production":"1995-01-01","last_production":"2026-03-01"},"geometry":{"type":"Polygon","coordinates":[[[-99.4257083975046,35.48851408816],[-99.4242083974916,35.4870140881469],[-99.4257083975046,35.4855140881339],[-99.4272083975176,35.4870140881469],[-99.4257083975046,35.48851408816]]]}}]}