{"type":"FeatureCollection","name":"OCC spacing units","crs":{"type":"name","properties":{"name":"urn:ogc:def:crs:OGC:1.3:CRS84"}},"features":[{"type":"Feature","properties":{"county":"Caddo","applicant":"STAGHORN","legal":"14-11N-13W-IM","section":"14","township":"11N","range":"13W","cause_number":"2023001257","order_number":"735047"},"geometry":{"type":"Polygon","coordinates":[[[-98.553044,35.420831],[-98.553075,35.435277],[-98.53536,35.435215],[-98.53537,35.420743],[-98.553044,35.420831]]]}},{"type":"Feature","properties":{"county":"Caddo","applicant":"STAGHORN","legal":"11-11N-13W-IM","section":"11","township":"11N","range":"13W","cause_number":"2023001257","order_number":"735047"},"geometry":{"type":"Polygon","coordinates":[[[-98.553075,35.435275],[-98.553099,35.449762],[-98.535386,35.449668],[-98.53536,35.435213],[-98.553075,35.435275]]]}},{"type":"Feature","properties":{"county":"Caddo","applicant":"STAGHORN","legal":"14-11N-13W-IM","section":"14","township":"11N","range":"13W","cause_number":"2023001259","order_number":"735064"},"geometry":{"type":"Polygon","coordinates":[[[-98.553044,35.420831],[-98.553075,35.435277],[-98.53536,35.435215],[-98.53537,35.420743],[-98.553044,35.420831]]]}},{"type":"Feature","properties":{"county":"Caddo","applicant":"STAGHORN","legal":"11-11N-13W-IM","section":"11","township":"11N","range":"13W","cause_number":"2023001259","order_number":"735064"},"geometry":{"type":"Polygon","coordinates":[[[-98.553075,35.435275],[-98.553099,35.449762],[-98.535386,35.449668],[-98.53536,35.435213],[-98.553075,35.435275]]]}},{"type":"Feature","properties":{"county":"Caddo","applicant":"STAGHORN","legal":"33-11N-12W-IM","section":"33","township":"11N","range":"12W","cause_number":"2023001067","order_number":"735199"},"geometry":{"type":"Polygon","coordinates":[[[-98.482753,35.37732],[-98.482737,35.391807],[-98.4651,35.391803],[-98.465089,35.377327],[-98.482753,35.37732]]]}},{"type":"Feature","properties":{"county":"Caddo","applicant":"STAGHORN","legal":"16-11N-12W-IM","section":"16","township":"11N","range":"12W","cause_number":"2023001440","order_number":"735235"},"geometry":{"type":"Polygon","coordinates":[[[-98.482744,35.420751],[-98.482689,35.43525],[-98.465035,35.435206],[-98.465069,35.420725],[-98.482744,35.420751]]]}},{"type":"Feature","properties":{"county":"Caddo","applicant":"STAGHORN","legal":"22-11N-12W-IM","section":"22","township":"11N","range":"12W","cause_number":"2023001581","order_number":"735270"},"geometry":{"type":"Polygon","coordinates":[[[-98.465101,35.406279],[-98.465071,35.420727],[-98.4474,35.420746],[-98.447411,35.406295],[-98.465101,35.406279]]]}},{"type":"Feature","properties":{"county":"Caddo","applicant":"STAGHORN","legal":"15-11N-12W-IM","section":"15","township":"11N","range":"12W","cause_number":"2023001580","order_number":"735269"},"geometry":{"type":"Polygon","coordinates":[[[-98.465071,35.420725],[-98.465037,35.435206],[-98.447369,35.435147],[-98.447401,35.420744],[-98.465071,35.420725]]]}},{"type":"Feature","properties":{"county":"Custer","applicant":"MEWBOURNE","legal":"36-15N-20W-IM","section":"36","township":"15N","range":"20W","cause_number":"2023001103","order_number":"735291"},"geometry":{"type":"Polygon","coordinates":[[[-99.28804,35.725528],[-99.28802,35.740002],[-99.270337,35.74002],[-99.270384,35.725582],[-99.28804,35.725528]]]}},{"type":"Feature","properties":{"county":"Custer","applicant":"MEWBOURNE","legal":"01-14N-20W-IM","section":"01","township":"14N","range":"20W","cause_number":"2023001103","order_number":"735291"},"geometry":{"type":"Polygon","coordinates":[[[-99.288004,35.71103],[-99.28804,35.72553],[-99.270383,35.725584],[-99.270391,35.71109],[-99.288004,35.71103]]]}},{"type":"Feature","properties":{"county":"Caddo","applicant":"STAGHORN","legal":"10-11N-12W-IM","section":"10","township":"11N","range":"12W","cause_number":"2023001579","order_number":"735754"},"geometry":{"type":"Polygon","coordinates":[[[-98.465037,35.435204],[-98.464997,35.449673],[-98.447344,35.449625],[-98.447369,35.435145],[-98.465037,35.435204]]]}},{"type":"Feature","properties":{"county":"Caddo","applicant":"STAGHORN","legal":"33-11N-12W-IM","section":"33","township":"11N","range":"12W","cause_number":"2023001070","order_number":"735752"},"geometry":{"type":"Polygon","coordinates":[[[-98.482753,35.37732],[-98.482737,35.391807],[-98.4651,35.391803],[-98.465089,35.377327],[-98.482753,35.37732]]]}},{"type":"Feature","properties":{"county":"Caddo","applicant":"STAGHORN","legal":"28-11N-12W-IM","section":"28","township":"11N","range":"12W","cause_number":"2023001070","order_number":"735752"},"geometry":{"type":"Polygon","coordinates":[[[-98.482736,35.391805],[-98.482759,35.40626],[-98.465099,35.406281],[-98.465099,35.391801],[-98.482736,35.391805]]]}},{"type":"Feature","properties":{"county":"Caddo","applicant":"STAGHORN","legal":"33-11N-12W-IM","section":"33","township":"11N","range":"12W","cause_number":"2023001068","order_number":"735750"},"geometry":{"type":"Polygon","coordinates":[[[-98.482753,35.37732],[-98.482737,35.391807],[-98.4651,35.391803],[-98.465089,35.377327],[-98.482753,35.37732]]]}},{"type":"Feature","properties":{"county":"Caddo","applicant":"STAGHORN","legal":"28-11N-12W-IM","section":"28","township":"11N","range":"12W","cause_number":"2023001068","order_number":"735750"},"geometry":{"type":"Polygon","coordinates":[[[-98.482736,35.391805],[-98.482759,35.40626],[-98.465099,35.406281],[-98.465099,35.391801],[-98.482736,35.391805]]]}},{"type":"Feature","properties":{"county":"Caddo","applicant":"STAGHORN","legal":"21-11N-12W-IM","section":"21","township":"11N","range":"12W","cause_number":"2023001450","order_number":"735776"},"geometry":{"type":"Polygon","coordinates":[[[-98.482759,35.406258],[-98.482744,35.420753],[-98.465069,35.420727],[-98.465099,35.406279],[-98.482759,35.406258]]]}},{"type":"Feature","properties":{"county":"Caddo","applicant":"STAGHORN","legal":"16-11N-12W-IM","section":"16","township":"11N","range":"12W","cause_number":"2023001450","order_number":"735776"},"geometry":{"type":"Polygon","coordinates":[[[-98.482744,35.420751],[-98.482689,35.43525],[-98.465035,35.435206],[-98.465069,35.420725],[-98.482744,35.420751]]]}},{"type":"Feature","properties":{"county":"Caddo","applicant":"STAGHORN","legal":"21-11N-12W-IM","section":"21","township":"11N","range":"12W","cause_number":"2023001448","order_number":"735774"},"geometry":{"type":"Polygon","coordinates":[[[-98.482759,35.406258],[-98.482744,35.420753],[-98.465069,35.420727],[-98.465099,35.406279],[-98.482759,35.406258]]]}},{"type":"Feature","properties":{"county":"Caddo","applicant":"STAGHORN","legal":"16-11N-12W-IM","section":"16","township":"11N","range":"12W","cause_number":"2023001448","order_number":"735774"},"geometry":{"type":"Polygon","coordinates":[[[-98.482744,35.420751],[-98.482689,35.43525],[-98.465035,35.435206],[-98.465069,35.420725],[-98.482744,35.420751]]]}},{"type":"Feature","properties":{"county":"Caddo","applicant":"STAGHORN","legal":"16-11N-12W-IM","section":"16","township":"11N","range":"12W","cause_number":"2023001443","order_number":"735772"},"geometry":{"type":"Polygon","coordinates":[[[-98.482744,35.420751],[-98.482689,35.43525],[-98.465035,35.435206],[-98.465069,35.420725],[-98.482744,35.420751]]]}},{"type":"Feature","properties":{"county":"Caddo","applicant":"STAGHORN","legal":"09-11N-12W-IM","section":"09","township":"11N","range":"12W","cause_number":"2023001443","order_number":"735772"},"geometry":{"type":"Polygon","coordinates":[[[-98.48269,35.435248],[-98.48261,35.4497],[-98.464995,35.449673],[-98.465036,35.435204],[-98.48269,35.435248]]]}},{"type":"Feature","properties":{"county":"Caddo","applicant":"STAGHORN","legal":"16-11N-12W-IM","section":"16","township":"11N","range":"12W","cause_number":"2023001441","order_number":"735770"},"geometry":{"type":"Polygon","coordinates":[[[-98.482744,35.420751],[-98.482689,35.43525],[-98.465035,35.435206],[-98.465069,35.420725],[-98.482744,35.420751]]]}},{"type":"Feature","properties":{"county":"Caddo","applicant":"STAGHORN","legal":"09-11N-12W-IM","section":"09","township":"11N","range":"12W","cause_number":"2023001441","order_number":"735770"},"geometry":{"type":"Polygon","coordinates":[[[-98.48269,35.435248],[-98.48261,35.4497],[-98.464995,35.449673],[-98.465036,35.435204],[-98.48269,35.435248]]]}},{"type":"Feature","properties":{"county":"Caddo","applicant":"STAGHORN","legal":"22-11N-12W-IM","section":"22","township":"11N","range":"12W","cause_number":"2023001604","order_number":"735813"},"geometry":{"type":"Polygon","coordinates":[[[-98.465101,35.406279],[-98.465071,35.420727],[-98.4474,35.420746],[-98.447411,35.406295],[-98.465101,35.406279]]]}},{"type":"Feature","properties":{"county":"Caddo","applicant":"STAGHORN","legal":"15-11N-12W-IM","section":"15","township":"11N","range":"12W","cause_number":"2023001604","order_number":"735813"},"geometry":{"type":"Polygon","coordinates":[[[-98.465071,35.420725],[-98.465037,35.435206],[-98.447369,35.435147],[-98.447401,35.420744],[-98.465071,35.420725]]]}},{"type":"Feature","properties":{"county":"Caddo","applicant":"STAGHORN","legal":"22-11N-12W-IM","section":"22","township":"11N","range":"12W","cause_number":"2023001602","order_number":"735811"},"geometry":{"type":"Polygon","coordinates":[[[-98.465101,35.406279],[-98.465071,35.420727],[-98.4474,35.420746],[-98.447411,35.406295],[-98.465101,35.406279]]]}},{"type":"Feature","properties":{"county":"Caddo","applicant":"STAGHORN","legal":"15-11N-12W-IM","section":"15","township":"11N","range":"12W","cause_number":"2023001602","order_number":"735811"},"geometry":{"type":"Polygon","coordinates":[[[-98.465071,35.420725],[-98.465037,35.435206],[-98.447369,35.435147],[-98.447401,35.420744],[-98.465071,35.420725]]]}},{"type":"Feature","properties":{"county":"Custer","applicant":"CRAWLEY PETROLEUM","legal":"32-15N-20W-IM","section":"32","township":"15N","range":"20W","cause_number":"2023000937","order_number":"735831"},"geometry":{"type":"Polygon","coordinates":[[[-99.358984,35.725671],[-99.358967,35.740104],[-99.341162,35.740135],[-99.341193,35.725707],[-99.358984,35.725671]]]}},{"type":"Feature","properties":{"county":"Custer","applicant":"CRAWLEY PETROLEUM","legal":"05-14N-20W-IM","section":"05","township":"14N","range":"20W","cause_number":"2023000928","order_number":"735830"},"geometry":{"type":"Polygon","coordinates":[[[-99.359008,35.711225],[-99.358984,35.725673],[-99.341193,35.725709],[-99.341191,35.711296],[-99.359008,35.711225]]]}},{"type":"Feature","properties":{"county":"Caddo","applicant":"STAGHORN","legal":"34-11N-12W-IM","section":"34","township":"11N","range":"12W","cause_number":"2023001694","order_number":"735879"},"geometry":{"type":"Polygon","coordinates":[[[-98.46509,35.377327],[-98.465101,35.391803],[-98.447427,35.39186],[-98.447432,35.377372],[-98.46509,35.377327]]]}},{"type":"Feature","properties":{"county":"Caddo","applicant":"STAGHORN","legal":"27-11N-12W-IM","section":"27","township":"11N","range":"12W","cause_number":"2023001693","order_number":"735878"},"geometry":{"type":"Polygon","coordinates":[[[-98.465101,35.391801],[-98.465101,35.406281],[-98.447411,35.406297],[-98.447427,35.391858],[-98.465101,35.391801]]]}},{"type":"Feature","properties":{"county":"Caddo","applicant":"STAGHORN","legal":"20-11N-12W-IM","section":"20","township":"11N","range":"12W","cause_number":"2023001815","order_number":"735918"},"geometry":{"type":"Polygon","coordinates":[[[-98.500423,35.406269],[-98.500438,35.420758],[-98.482742,35.420753],[-98.482757,35.406258],[-98.500423,35.406269]]]}},{"type":"Feature","properties":{"county":"Caddo","applicant":"STAGHORN","legal":"17-11N-12W-IM","section":"17","township":"11N","range":"12W","cause_number":"2023001813","order_number":"735917"},"geometry":{"type":"Polygon","coordinates":[[[-98.500439,35.420756],[-98.500431,35.435244],[-98.482688,35.43525],[-98.482742,35.420751],[-98.500439,35.420756]]]}},{"type":"Feature","properties":{"county":"Custer","applicant":"MEWBOURNE","legal":"30-15N-20W-IM","section":"30","township":"15N","range":"20W","cause_number":"2023001349","order_number":"735910"},"geometry":{"type":"Polygon","coordinates":[[[-99.376584,35.740091],[-99.376356,35.754379],[-99.358865,35.754568],[-99.358965,35.740102],[-99.376584,35.740091]]]}},{"type":"Feature","properties":{"county":"Custer","applicant":"MEWBOURNE","legal":"19-15N-20W-IM","section":"19","township":"15N","range":"20W","cause_number":"2023001349","order_number":"735910"},"geometry":{"type":"Polygon","coordinates":[[[-99.376356,35.754377],[-99.37621,35.768805],[-99.358847,35.768961],[-99.358865,35.754566],[-99.376356,35.754377]]]}},{"type":"Feature","properties":{"county":"Custer","applicant":"NADEL & GUSSMAN","legal":"09-13N-19W-IM","section":"09","township":"13N","range":"19W","cause_number":"2023000971","order_number":"736038"},"geometry":{"type":"Polygon","coordinates":[[[-99.235141,35.609729],[-99.235207,35.624236],[-99.21738,35.624237],[-99.217339,35.609705],[-99.235141,35.609729]]]}},{"type":"Feature","properties":{"county":"Custer","applicant":"NADEL & GUSSMAN","legal":"04-13N-19W-IM","section":"04","township":"13N","range":"19W","cause_number":"2023000971","order_number":"736038"},"geometry":{"type":"Polygon","coordinates":[[[-99.235207,35.624234],[-99.235124,35.638653],[-99.217392,35.638626],[-99.21738,35.624236],[-99.235207,35.624234]]]}},{"type":"Feature","properties":{"county":"Custer","applicant":"NADEL & GUSSMAN","legal":"09-13N-19W-IM","section":"09","township":"13N","range":"19W","cause_number":"2023000969","order_number":"736036"},"geometry":{"type":"Polygon","coordinates":[[[-99.235141,35.609729],[-99.235207,35.624236],[-99.21738,35.624237],[-99.217339,35.609705],[-99.235141,35.609729]]]}},{"type":"Feature","properties":{"county":"Custer","applicant":"NADEL & GUSSMAN","legal":"04-13N-19W-IM","section":"04","township":"13N","range":"19W","cause_number":"2023000968","order_number":"736035"},"geometry":{"type":"Polygon","coordinates":[[[-99.235207,35.624234],[-99.235124,35.638653],[-99.217392,35.638626],[-99.21738,35.624236],[-99.235207,35.624234]]]}},{"type":"Feature","properties":{"county":"Caddo","applicant":"STAGHORN","legal":"20-11N-12W-IM","section":"20","township":"11N","range":"12W","cause_number":"2023001823","order_number":"736109"},"geometry":{"type":"Polygon","coordinates":[[[-98.500423,35.406269],[-98.500438,35.420758],[-98.482742,35.420753],[-98.482757,35.406258],[-98.500423,35.406269]]]}},{"type":"Feature","properties":{"county":"Caddo","applicant":"STAGHORN","legal":"17-11N-12W-IM","section":"17","township":"11N","range":"12W","cause_number":"2023001823","order_number":"736109"},"geometry":{"type":"Polygon","coordinates":[[[-98.500439,35.420756],[-98.500431,35.435244],[-98.482688,35.43525],[-98.482742,35.420751],[-98.500439,35.420756]]]}},{"type":"Feature","properties":{"county":"Caddo","applicant":"STAGHORN","legal":"20-11N-12W-IM","section":"20","township":"11N","range":"12W","cause_number":"2023001821","order_number":"736107"},"geometry":{"type":"Polygon","coordinates":[[[-98.500423,35.406269],[-98.500438,35.420758],[-98.482742,35.420753],[-98.482757,35.406258],[-98.500423,35.406269]]]}},{"type":"Feature","properties":{"county":"Caddo","applicant":"STAGHORN","legal":"17-11N-12W-IM","section":"17","township":"11N","range":"12W","cause_number":"2023001821","order_number":"736107"},"geometry":{"type":"Polygon","coordinates":[[[-98.500439,35.420756],[-98.500431,35.435244],[-98.482688,35.43525],[-98.482742,35.420751],[-98.500439,35.420756]]]}},{"type":"Feature","properties":{"county":"Caddo","applicant":"STAGHORN","legal":"15-11N-12W-IM","section":"15","township":"11N","range":"12W","cause_number":"2023001582","order_number":"736101"},"geometry":{"type":"Polygon","coordinates":[[[-98.465071,35.420725],[-98.465037,35.435206],[-98.447369,35.435147],[-98.447401,35.420744],[-98.465071,35.420725]]]}},{"type":"Feature","properties":{"county":"Caddo","applicant":"STAGHORN","legal":"10-11N-12W-IM","section":"10","township":"11N","range":"12W","cause_number":"2023001582","order_number":"736101"},"geometry":{"type":"Polygon","coordinates":[[[-98.465037,35.435204],[-98.464997,35.449673],[-98.447344,35.449625],[-98.447369,35.435145],[-98.465037,35.435204]]]}},{"type":"Feature","properties":{"county":"Caddo","applicant":"STAGHORN","legal":"34-11N-12W-IM","section":"34","township":"11N","range":"12W","cause_number":"2023001715","order_number":"736138"},"geometry":{"type":"Polygon","coordinates":[[[-98.46509,35.377327],[-98.465101,35.391803],[-98.447427,35.39186],[-98.447432,35.377372],[-98.46509,35.377327]]]}},{"type":"Feature","properties":{"county":"Caddo","applicant":"STAGHORN","legal":"27-11N-12W-IM","section":"27","township":"11N","range":"12W","cause_number":"2023001715","order_number":"736138"},"geometry":{"type":"Polygon","coordinates":[[[-98.465101,35.391801],[-98.465101,35.406281],[-98.447411,35.406297],[-98.447427,35.391858],[-98.465101,35.391801]]]}},{"type":"Feature","properties":{"county":"Caddo","applicant":"STAGHORN","legal":"34-11N-12W-IM","section":"34","township":"11N","range":"12W","cause_number":"2023001713","order_number":"736136"},"geometry":{"type":"Polygon","coordinates":[[[-98.46509,35.377327],[-98.465101,35.391803],[-98.447427,35.39186],[-98.447432,35.377372],[-98.46509,35.377327]]]}},{"type":"Feature","properties":{"county":"Caddo","applicant":"STAGHORN","legal":"27-11N-12W-IM","section":"27","township":"11N","range":"12W","cause_number":"2023001713","order_number":"736136"},"geometry":{"type":"Polygon","coordinates":[[[-98.465101,35.391801],[-98.465101,35.406281],[-98.447411,35.406297],[-98.447427,35.391858],[-98.465101,35.391801]]]}},{"type":"Feature","properties":{"county":"Caddo","applicant":"STAGHORN","legal":"15-11N-12W-IM","section":"15","township":"11N","range":"12W","cause_number":"2023001584","order_number":"736133"},"geometry":{"type":"Polygon","coordinates":[[[-98.465071,35.420725],[-98.465037,35.435206],[-98.447369,35.435147],[-98.447401,35.420744],[-98.465071,35.420725]]]}},{"type":"Feature","properties":{"county":"Caddo","applicant":"STAGHORN","legal":"10-11N-12W-IM","section":"10","township":"11N","range":"12W","cause_number":"2023001584","order_number":"736133"},"geometry":{"type":"Polygon","coordinates":[[[-98.465037,35.435204],[-98.464997,35.449673],[-98.447344,35.449625],[-98.447369,35.435145],[-98.465037,35.435204]]]}},{"type":"Feature","properties":{"county":"Caddo","applicant":"LYNX OIL PROPERTIES LLC; LYNX OKLAHOMA OPERATING LLC","legal":"12-11N-11W-IM","section":"12","township":"11N","range":"11W","cause_number":"2019003692","order_number":"736198"},"geometry":{"type":"Polygon","coordinates":[[[-98.324009,35.435114],[-98.323993,35.449592],[-98.306355,35.449458],[-98.306355,35.435027],[-98.324009,35.435114]]]}},{"type":"Feature","properties":{"county":"Caddo","applicant":"LYNX OIL PROPERTIES LLC; LYNX OKLAHOMA OPERATING LLC","legal":"01-11N-11W-IM","section":"01","township":"11N","range":"11W","cause_number":"2019003692","order_number":"736198"},"geometry":{"type":"Polygon","coordinates":[[[-98.323992,35.44959],[-98.324034,35.463932],[-98.306377,35.463919],[-98.306355,35.449456],[-98.323992,35.44959]]]}},{"type":"Feature","properties":{"county":"Custer","applicant":"NADEL & GUSSMAN","legal":"09-13N-19W-IM","section":"09","township":"13N","range":"19W","cause_number":"2023000969","order_number":"736543"},"geometry":{"type":"Polygon","coordinates":[[[-99.235141,35.609729],[-99.235207,35.624236],[-99.21738,35.624237],[-99.217339,35.609705],[-99.235141,35.609729]]]}},{"type":"Feature","properties":{"county":"Custer","applicant":"NADEL & GUSSMAN","legal":"04-13N-19W-IM","section":"04","township":"13N","range":"19W","cause_number":"2023000968","order_number":"736542"},"geometry":{"type":"Polygon","coordinates":[[[-99.235207,35.624234],[-99.235124,35.638653],[-99.217392,35.638626],[-99.21738,35.624236],[-99.235207,35.624234]]]}},{"type":"Feature","properties":{"county":"Caddo","applicant":"BLAKE PRODUCTION","legal":"08-11N-12W-IM","section":"08","township":"11N","range":"12W","cause_number":"2023000591","order_number":"736657"},"geometry":{"type":"Polygon","coordinates":[[[-98.50043,35.435242],[-98.500376,35.449737],[-98.482608,35.449699],[-98.482688,35.435248],[-98.50043,35.435242]]]}},{"type":"Feature","properties":{"county":"Caddo","applicant":"BLAKE PRODUCTION","legal":"05-11N-12W-IM","section":"05","township":"11N","range":"12W","cause_number":"2023000591","order_number":"736657"},"geometry":{"type":"Polygon","coordinates":[[[-98.500375,35.449735],[-98.500227,35.464296],[-98.482598,35.464204],[-98.482608,35.449698],[-98.500375,35.449735]]]}},{"type":"Feature","properties":{"county":"Custer","applicant":"NADEL & GUSSMAN","legal":"09-13N-19W-IM","section":"09","township":"13N","range":"19W","cause_number":"2023000971","order_number":"736746"},"geometry":{"type":"Polygon","coordinates":[[[-99.235141,35.609729],[-99.235207,35.624236],[-99.21738,35.624237],[-99.217339,35.609705],[-99.235141,35.609729]]]}},{"type":"Feature","properties":{"county":"Custer","applicant":"NADEL & GUSSMAN","legal":"04-13N-19W-IM","section":"04","township":"13N","range":"19W","cause_number":"2023000971","order_number":"736746"},"geometry":{"type":"Polygon","coordinates":[[[-99.235207,35.624234],[-99.235124,35.638653],[-99.217392,35.638626],[-99.21738,35.624236],[-99.235207,35.624234]]]}},{"type":"Feature","properties":{"county":"Blaine","applicant":"CONTINENTAL RESOURCES","legal":"30-13N-13W-IM","section":"30","township":"13N","range":"13W","cause_number":"2022001355","order_number":"737292"},"geometry":{"type":"Polygon","coordinates":[[[-98.632164,35.565966],[-98.632155,35.580469],[-98.614434,35.580546],[-98.614476,35.566046],[-98.632164,35.565966]]]}},{"type":"Feature","properties":{"county":"Blaine","applicant":"CONTINENTAL RESOURCES","legal":"19-13N-13W-IM","section":"19","township":"13N","range":"13W","cause_number":"2022001355","order_number":"737292"},"geometry":{"type":"Polygon","coordinates":[[[-98.632129,35.594976],[-98.614446,35.595044],[-98.614434,35.580544],[-98.632154,35.580467],[-98.632129,35.594976]]]}},{"type":"Feature","properties":{"county":"Blaine","applicant":"CONTINENTAL RESOURCES","legal":"30-13N-13W-IM","section":"30","township":"13N","range":"13W","cause_number":"2022001362","order_number":"737319"},"geometry":{"type":"Polygon","coordinates":[[[-98.632164,35.565966],[-98.632155,35.580469],[-98.614434,35.580546],[-98.614476,35.566046],[-98.632164,35.565966]]]}},{"type":"Feature","properties":{"county":"Blaine","applicant":"CONTINENTAL RESOURCES","legal":"19-13N-13W-IM","section":"19","township":"13N","range":"13W","cause_number":"2022001362","order_number":"737319"},"geometry":{"type":"Polygon","coordinates":[[[-98.632129,35.594976],[-98.614446,35.595044],[-98.614434,35.580544],[-98.632154,35.580467],[-98.632129,35.594976]]]}},{"type":"Feature","properties":{"county":"Roger Mills","applicant":"CRAWLEY PETROLEUM","legal":"01-14N-21W-IM","section":"01","township":"14N","range":"21W","cause_number":"2023000941","order_number":"737399"},"geometry":{"type":"Polygon","coordinates":[[[-99.394425,35.711224],[-99.394376,35.725679],[-99.376632,35.725672],[-99.376685,35.711221],[-99.394425,35.711224]]]}},{"type":"Feature","properties":{"county":"Custer","applicant":"CRAWLEY PETROLEUM","legal":"35-15N-20W-IM","section":"35","township":"15N","range":"20W","cause_number":"2023000939","order_number":"737398"},"geometry":{"type":"Polygon","coordinates":[[[-99.305733,35.725549],[-99.305686,35.740045],[-99.288018,35.740002],[-99.288038,35.725529],[-99.305733,35.725549]]]}},{"type":"Feature","properties":{"county":"Custer","applicant":"CRAWLEY PETROLEUM","legal":"34-15N-20W-IM","section":"34","township":"15N","range":"20W","cause_number":"2023000938","order_number":"737397"},"geometry":{"type":"Polygon","coordinates":[[[-99.323437,35.725624],[-99.323398,35.740093],[-99.305684,35.740045],[-99.305732,35.725549],[-99.323437,35.725624]]]}},{"type":"Feature","properties":{"county":"Custer","applicant":"CRAWLEY PETROLEUM","legal":"31-15N-20W-IM","section":"31","township":"15N","range":"20W","cause_number":"2023000936","order_number":"737396"},"geometry":{"type":"Polygon","coordinates":[[[-99.376633,35.72567],[-99.376583,35.740093],[-99.358965,35.740104],[-99.358982,35.725671],[-99.376633,35.72567]]]}},{"type":"Feature","properties":{"county":"Custer","applicant":"CRAWLEY PETROLEUM","legal":"29-15N-20W-IM","section":"29","township":"15N","range":"20W","cause_number":"2023000934","order_number":"737395"},"geometry":{"type":"Polygon","coordinates":[[[-99.358967,35.740102],[-99.358867,35.754568],[-99.341093,35.754598],[-99.341163,35.740134],[-99.358967,35.740102]]]}},{"type":"Feature","properties":{"county":"Custer","applicant":"CRAWLEY PETROLEUM","legal":"28-15N-20W-IM","section":"28","township":"15N","range":"20W","cause_number":"2023000933","order_number":"737394"},"geometry":{"type":"Polygon","coordinates":[[[-99.341164,35.740134],[-99.341095,35.754599],[-99.323311,35.754568],[-99.323396,35.740091],[-99.341164,35.740134]]]}},{"type":"Feature","properties":{"county":"Custer","applicant":"CRAWLEY PETROLEUM","legal":"27-15N-20W-IM","section":"27","township":"15N","range":"20W","cause_number":"2023000932","order_number":"737393"},"geometry":{"type":"Polygon","coordinates":[[[-99.323397,35.740091],[-99.323313,35.754568],[-99.305634,35.754532],[-99.305685,35.740043],[-99.323397,35.740091]]]}},{"type":"Feature","properties":{"county":"Custer","applicant":"CRAWLEY PETROLEUM","legal":"20-15N-20W-IM","section":"20","township":"15N","range":"20W","cause_number":"2023000931","order_number":"737392"},"geometry":{"type":"Polygon","coordinates":[[[-99.358867,35.754566],[-99.358849,35.768961],[-99.340957,35.76904],[-99.341093,35.754597],[-99.358867,35.754566]]]}},{"type":"Feature","properties":{"county":"Custer","applicant":"CRAWLEY PETROLEUM","legal":"10-14N-20W-IM","section":"10","township":"14N","range":"20W","cause_number":"2023000930","order_number":"737391"},"geometry":{"type":"Polygon","coordinates":[[[-99.323463,35.696744],[-99.323437,35.711186],[-99.305693,35.711149],[-99.305728,35.69668],[-99.323463,35.696744]]]}},{"type":"Feature","properties":{"county":"Custer","applicant":"CRAWLEY PETROLEUM","legal":"06-14N-20W-IM","section":"06","township":"14N","range":"20W","cause_number":"2023000929","order_number":"737390"},"geometry":{"type":"Polygon","coordinates":[[[-99.376687,35.711221],[-99.376634,35.725672],[-99.358982,35.725673],[-99.359007,35.711225],[-99.376687,35.711221]]]}},{"type":"Feature","properties":{"county":"Custer","applicant":"CRAWLEY PETROLEUM","legal":"03-14N-20W-IM","section":"03","township":"14N","range":"20W","cause_number":"2023000926","order_number":"737389"},"geometry":{"type":"Polygon","coordinates":[[[-99.323436,35.711184],[-99.323438,35.725626],[-99.305732,35.725551],[-99.305693,35.711147],[-99.323436,35.711184]]]}},{"type":"Feature","properties":{"county":"Custer","applicant":"CRAWLEY PETROLEUM","legal":"02-14N-20W-IM","section":"02","township":"14N","range":"20W","cause_number":"2023000925","order_number":"737388"},"geometry":{"type":"Polygon","coordinates":[[[-99.305694,35.711147],[-99.305733,35.725551],[-99.288038,35.72553],[-99.288002,35.711031],[-99.305694,35.711147]]]}},{"type":"Feature","properties":{"county":"Custer","applicant":"MEWBOURNE","legal":"02-13N-17W-IM","section":"02","township":"13N","range":"17W","cause_number":"2022004886","order_number":"737474"},"geometry":{"type":"Polygon","coordinates":[[[-98.986753,35.623993],[-98.986729,35.638575],[-98.969022,35.638585],[-98.969014,35.624001],[-98.986753,35.623993]]]}},{"type":"Feature","properties":{"county":"Custer","applicant":"CITIZEN ENERGY III","legal":"24-13N-14W-IM","section":"24","township":"13N","range":"14W","cause_number":"2022003319","order_number":"737528"},"geometry":{"type":"Polygon","coordinates":[[[-98.632127,35.594976],[-98.632154,35.580467],[-98.649898,35.580496],[-98.649917,35.595014],[-98.632127,35.594976]]]}},{"type":"Feature","properties":{"county":"Custer","applicant":"CITIZEN ENERGY III","legal":"13-13N-14W-IM","section":"13","township":"13N","range":"14W","cause_number":"2022003319","order_number":"737528"},"geometry":{"type":"Polygon","coordinates":[[[-98.632127,35.594974],[-98.649917,35.595012],[-98.649949,35.609534],[-98.632125,35.609498],[-98.632127,35.594974]]]}},{"type":"Feature","properties":{"county":"Custer","applicant":"CITIZEN ENERGY III","legal":"13-13N-14W-IM","section":"13","township":"13N","range":"14W","cause_number":"2022003316","order_number":"737526"},"geometry":{"type":"Polygon","coordinates":[[[-98.632127,35.594974],[-98.649917,35.595012],[-98.649949,35.609534],[-98.632125,35.609498],[-98.632127,35.594974]]]}},{"type":"Feature","properties":{"county":"Custer","applicant":"CITIZEN ENERGY III","legal":"12-13N-14W-IM","section":"12","township":"13N","range":"14W","cause_number":"2022003316","order_number":"737526"},"geometry":{"type":"Polygon","coordinates":[[[-98.632125,35.609497],[-98.649949,35.609532],[-98.649938,35.624006],[-98.632136,35.623994],[-98.632125,35.609497]]]}},{"type":"Feature","properties":{"county":"Custer","applicant":"CITIZEN ENERGY III","legal":"13-13N-14W-IM","section":"13","township":"13N","range":"14W","cause_number":"2022003313","order_number":"737524"},"geometry":{"type":"Polygon","coordinates":[[[-98.632127,35.594974],[-98.649917,35.595012],[-98.649949,35.609534],[-98.632125,35.609498],[-98.632127,35.594974]]]}},{"type":"Feature","properties":{"county":"Custer","applicant":"CITIZEN ENERGY III","legal":"12-13N-14W-IM","section":"12","township":"13N","range":"14W","cause_number":"2022003313","order_number":"737524"},"geometry":{"type":"Polygon","coordinates":[[[-98.632125,35.609497],[-98.649949,35.609532],[-98.649938,35.624006],[-98.632136,35.623994],[-98.632125,35.609497]]]}},{"type":"Feature","properties":{"county":"Custer","applicant":"CITIZEN ENERGY III","legal":"24-13N-14W-IM","section":"24","township":"13N","range":"14W","cause_number":"2022003312","order_number":"737523"},"geometry":{"type":"Polygon","coordinates":[[[-98.632127,35.594976],[-98.632154,35.580467],[-98.649898,35.580496],[-98.649917,35.595014],[-98.632127,35.594976]]]}},{"type":"Feature","properties":{"county":"Custer","applicant":"CITIZEN ENERGY III","legal":"13-13N-14W-IM","section":"13","township":"13N","range":"14W","cause_number":"2022003312","order_number":"737523"},"geometry":{"type":"Polygon","coordinates":[[[-98.632127,35.594974],[-98.649917,35.595012],[-98.649949,35.609534],[-98.632125,35.609498],[-98.632127,35.594974]]]}},{"type":"Feature","properties":{"county":"Custer","applicant":"CITIZEN ENERGY III","legal":"12-13N-14W-IM","section":"12","township":"13N","range":"14W","cause_number":"2022003312","order_number":"737523"},"geometry":{"type":"Polygon","coordinates":[[[-98.632125,35.609497],[-98.649949,35.609532],[-98.649938,35.624006],[-98.632136,35.623994],[-98.632125,35.609497]]]}},{"type":"Feature","properties":{"county":"Custer","applicant":"CITIZEN ENERGY III","legal":"23-13N-14W-IM","section":"23","township":"13N","range":"14W","cause_number":"2022003308","order_number":"737520"},"geometry":{"type":"Polygon","coordinates":[[[-98.649916,35.595014],[-98.649896,35.580496],[-98.667714,35.580512],[-98.667725,35.595015],[-98.649916,35.595014]]]}},{"type":"Feature","properties":{"county":"Custer","applicant":"CITIZEN ENERGY III","legal":"14-13N-14W-IM","section":"14","township":"13N","range":"14W","cause_number":"2022003308","order_number":"737520"},"geometry":{"type":"Polygon","coordinates":[[[-98.649915,35.595012],[-98.667725,35.595013],[-98.667738,35.609494],[-98.649947,35.609534],[-98.649915,35.595012]]]}},{"type":"Feature","properties":{"county":"Custer","applicant":"CITIZEN ENERGY III","legal":"23-13N-14W-IM","section":"23","township":"13N","range":"14W","cause_number":"2022003306","order_number":"737518"},"geometry":{"type":"Polygon","coordinates":[[[-98.649916,35.595014],[-98.649896,35.580496],[-98.667714,35.580512],[-98.667725,35.595015],[-98.649916,35.595014]]]}},{"type":"Feature","properties":{"county":"Custer","applicant":"CITIZEN ENERGY III","legal":"14-13N-14W-IM","section":"14","township":"13N","range":"14W","cause_number":"2022003306","order_number":"737518"},"geometry":{"type":"Polygon","coordinates":[[[-98.649915,35.595012],[-98.667725,35.595013],[-98.667738,35.609494],[-98.649947,35.609534],[-98.649915,35.595012]]]}},{"type":"Feature","properties":{"county":"Custer","applicant":"CITIZEN ENERGY III","legal":"14-13N-14W-IM","section":"14","township":"13N","range":"14W","cause_number":"2022003304","order_number":"737516"},"geometry":{"type":"Polygon","coordinates":[[[-98.649915,35.595012],[-98.667725,35.595013],[-98.667738,35.609494],[-98.649947,35.609534],[-98.649915,35.595012]]]}},{"type":"Feature","properties":{"county":"Custer","applicant":"CITIZEN ENERGY III","legal":"11-13N-14W-IM","section":"11","township":"13N","range":"14W","cause_number":"2022003304","order_number":"737516"},"geometry":{"type":"Polygon","coordinates":[[[-98.667737,35.609492],[-98.667736,35.623991],[-98.649936,35.624007],[-98.649947,35.609532],[-98.667737,35.609492]]]}},{"type":"Feature","properties":{"county":"Custer","applicant":"CITIZEN ENERGY III","legal":"14-13N-14W-IM","section":"14","township":"13N","range":"14W","cause_number":"2022003302","order_number":"737514"},"geometry":{"type":"Polygon","coordinates":[[[-98.649915,35.595012],[-98.667725,35.595013],[-98.667738,35.609494],[-98.649947,35.609534],[-98.649915,35.595012]]]}},{"type":"Feature","properties":{"county":"Custer","applicant":"CITIZEN ENERGY III","legal":"11-13N-14W-IM","section":"11","township":"13N","range":"14W","cause_number":"2022003302","order_number":"737514"},"geometry":{"type":"Polygon","coordinates":[[[-98.667737,35.609492],[-98.667736,35.623991],[-98.649936,35.624007],[-98.649947,35.609532],[-98.667737,35.609492]]]}},{"type":"Feature","properties":{"county":"Custer","applicant":"CITIZEN ENERGY III","legal":"14-13N-14W-IM","section":"14","township":"13N","range":"14W","cause_number":"2022003301","order_number":"737513"},"geometry":{"type":"Polygon","coordinates":[[[-98.649915,35.595012],[-98.667725,35.595013],[-98.667738,35.609494],[-98.649947,35.609534],[-98.649915,35.595012]]]}},{"type":"Feature","properties":{"county":"Custer","applicant":"CITIZEN ENERGY III","legal":"11-13N-14W-IM","section":"11","township":"13N","range":"14W","cause_number":"2022003301","order_number":"737513"},"geometry":{"type":"Polygon","coordinates":[[[-98.667737,35.609492],[-98.667736,35.623991],[-98.649936,35.624007],[-98.649947,35.609532],[-98.667737,35.609492]]]}},{"type":"Feature","properties":{"county":"Custer","applicant":"CITIZEN ENERGY III","legal":"23-13N-14W-IM","section":"23","township":"13N","range":"14W","cause_number":"2022004259","order_number":"737572"},"geometry":{"type":"Polygon","coordinates":[[[-98.649916,35.595014],[-98.649896,35.580496],[-98.667714,35.580512],[-98.667725,35.595015],[-98.649916,35.595014]]]}},{"type":"Feature","properties":{"county":"Custer","applicant":"CITIZEN ENERGY III","legal":"14-13N-14W-IM","section":"14","township":"13N","range":"14W","cause_number":"2022004259","order_number":"737572"},"geometry":{"type":"Polygon","coordinates":[[[-98.649915,35.595012],[-98.667725,35.595013],[-98.667738,35.609494],[-98.649947,35.609534],[-98.649915,35.595012]]]}},{"type":"Feature","properties":{"county":"Custer","applicant":"CITIZEN ENERGY III","legal":"11-13N-14W-IM","section":"11","township":"13N","range":"14W","cause_number":"2022004259","order_number":"737572"},"geometry":{"type":"Polygon","coordinates":[[[-98.667737,35.609492],[-98.667736,35.623991],[-98.649936,35.624007],[-98.649947,35.609532],[-98.667737,35.609492]]]}},{"type":"Feature","properties":{"county":"Custer","applicant":"CITIZEN ENERGY III","legal":"27-13N-14W-IM","section":"27","township":"13N","range":"14W","cause_number":"2022003331","order_number":"737558"},"geometry":{"type":"Polygon","coordinates":[[[-98.66768,35.565992],[-98.685391,35.565972],[-98.685391,35.580485],[-98.667712,35.580513],[-98.66768,35.565992]]]}},{"type":"Feature","properties":{"county":"Custer","applicant":"CITIZEN ENERGY III","legal":"22-13N-14W-IM","section":"22","township":"13N","range":"14W","cause_number":"2022003331","order_number":"737558"},"geometry":{"type":"Polygon","coordinates":[[[-98.667712,35.580512],[-98.685392,35.580483],[-98.68539,35.594969],[-98.667723,35.595015],[-98.667712,35.580512]]]}},{"type":"Feature","properties":{"county":"Custer","applicant":"CITIZEN ENERGY III","legal":"27-13N-14W-IM","section":"27","township":"13N","range":"14W","cause_number":"2022003329","order_number":"737556"},"geometry":{"type":"Polygon","coordinates":[[[-98.66768,35.565992],[-98.685391,35.565972],[-98.685391,35.580485],[-98.667712,35.580513],[-98.66768,35.565992]]]}},{"type":"Feature","properties":{"county":"Custer","applicant":"CITIZEN ENERGY III","legal":"22-13N-14W-IM","section":"22","township":"13N","range":"14W","cause_number":"2022003329","order_number":"737556"},"geometry":{"type":"Polygon","coordinates":[[[-98.667712,35.580512],[-98.685392,35.580483],[-98.68539,35.594969],[-98.667723,35.595015],[-98.667712,35.580512]]]}},{"type":"Feature","properties":{"county":"Custer","applicant":"CITIZEN ENERGY III","legal":"22-13N-14W-IM","section":"22","township":"13N","range":"14W","cause_number":"2022003327","order_number":"737554"},"geometry":{"type":"Polygon","coordinates":[[[-98.667712,35.580512],[-98.685392,35.580483],[-98.68539,35.594969],[-98.667723,35.595015],[-98.667712,35.580512]]]}},{"type":"Feature","properties":{"county":"Custer","applicant":"CITIZEN ENERGY III","legal":"15-13N-14W-IM","section":"15","township":"13N","range":"14W","cause_number":"2022003327","order_number":"737554"},"geometry":{"type":"Polygon","coordinates":[[[-98.685395,35.609462],[-98.667736,35.609494],[-98.667723,35.595013],[-98.68539,35.594967],[-98.685395,35.609462]]]}},{"type":"Feature","properties":{"county":"Custer","applicant":"CITIZEN ENERGY III","legal":"22-13N-14W-IM","section":"22","township":"13N","range":"14W","cause_number":"2022003325","order_number":"737552"},"geometry":{"type":"Polygon","coordinates":[[[-98.667712,35.580512],[-98.685392,35.580483],[-98.68539,35.594969],[-98.667723,35.595015],[-98.667712,35.580512]]]}},{"type":"Feature","properties":{"county":"Custer","applicant":"CITIZEN ENERGY III","legal":"15-13N-14W-IM","section":"15","township":"13N","range":"14W","cause_number":"2022003325","order_number":"737552"},"geometry":{"type":"Polygon","coordinates":[[[-98.685395,35.609462],[-98.667736,35.609494],[-98.667723,35.595013],[-98.68539,35.594967],[-98.685395,35.609462]]]}},{"type":"Feature","properties":{"county":"Custer","applicant":"CITIZEN ENERGY III","legal":"27-13N-14W-IM","section":"27","township":"13N","range":"14W","cause_number":"2022003324","order_number":"737551"},"geometry":{"type":"Polygon","coordinates":[[[-98.66768,35.565992],[-98.685391,35.565972],[-98.685391,35.580485],[-98.667712,35.580513],[-98.66768,35.565992]]]}},{"type":"Feature","properties":{"county":"Custer","applicant":"CITIZEN ENERGY III","legal":"22-13N-14W-IM","section":"22","township":"13N","range":"14W","cause_number":"2022003324","order_number":"737551"},"geometry":{"type":"Polygon","coordinates":[[[-98.667712,35.580512],[-98.685392,35.580483],[-98.68539,35.594969],[-98.667723,35.595015],[-98.667712,35.580512]]]}},{"type":"Feature","properties":{"county":"Custer","applicant":"CITIZEN ENERGY III","legal":"15-13N-14W-IM","section":"15","township":"13N","range":"14W","cause_number":"2022003324","order_number":"737551"},"geometry":{"type":"Polygon","coordinates":[[[-98.685395,35.609462],[-98.667736,35.609494],[-98.667723,35.595013],[-98.68539,35.594967],[-98.685395,35.609462]]]}},{"type":"Feature","properties":{"county":"Custer","applicant":"CITIZEN ENERGY III","legal":"24-13N-14W-IM","section":"24","township":"13N","range":"14W","cause_number":"2022003321","order_number":"737548"},"geometry":{"type":"Polygon","coordinates":[[[-98.632127,35.594976],[-98.632154,35.580467],[-98.649898,35.580496],[-98.649917,35.595014],[-98.632127,35.594976]]]}},{"type":"Feature","properties":{"county":"Custer","applicant":"CITIZEN ENERGY III","legal":"13-13N-14W-IM","section":"13","township":"13N","range":"14W","cause_number":"2022003321","order_number":"737548"},"geometry":{"type":"Polygon","coordinates":[[[-98.632127,35.594974],[-98.649917,35.595012],[-98.649949,35.609534],[-98.632125,35.609498],[-98.632127,35.594974]]]}},{"type":"Feature","properties":{"county":"Custer","applicant":"MEWBOURNE","legal":"28-15N-20W-IM","section":"28","township":"15N","range":"20W","cause_number":"2023001081","order_number":"737811"},"geometry":{"type":"Polygon","coordinates":[[[-99.341164,35.740134],[-99.341095,35.754599],[-99.323311,35.754568],[-99.323396,35.740091],[-99.341164,35.740134]]]}},{"type":"Feature","properties":{"county":"Custer","applicant":"MEWBOURNE","legal":"21-15N-20W-IM","section":"21","township":"15N","range":"20W","cause_number":"2023001081","order_number":"737811"},"geometry":{"type":"Polygon","coordinates":[[[-99.341095,35.754597],[-99.340958,35.76904],[-99.323202,35.769027],[-99.323311,35.754566],[-99.341095,35.754597]]]}},{"type":"Feature","properties":{"county":"Custer","applicant":"CRAWLEY PETROLEUM","legal":"30-15N-20W-IM","section":"30","township":"15N","range":"20W","cause_number":"2023000935","order_number":"737980"},"geometry":{"type":"Polygon","coordinates":[[[-99.376584,35.740091],[-99.376356,35.754379],[-99.358865,35.754568],[-99.358965,35.740102],[-99.376584,35.740091]]]}},{"type":"Feature","properties":{"county":"Caddo","applicant":"STAGHORN","legal":"04-11N-12W-IM","section":"04","township":"11N","range":"12W","cause_number":"2023002300","order_number":"738089"},"geometry":{"type":"Polygon","coordinates":[[[-98.48261,35.449698],[-98.482599,35.464204],[-98.464978,35.464268],[-98.464995,35.449671],[-98.48261,35.449698]]]}},{"type":"Feature","properties":{"county":"Caddo","applicant":"BLAKE PRODUCTION","legal":"08-11N-12W-IM","section":"08","township":"11N","range":"12W","cause_number":"2023002497","order_number":"738176"},"geometry":{"type":"Polygon","coordinates":[[[-98.50043,35.435242],[-98.500376,35.449737],[-98.482608,35.449699],[-98.482688,35.435248],[-98.50043,35.435242]]]}},{"type":"Feature","properties":{"county":"Caddo","applicant":"BLAKE PRODUCTION","legal":"05-11N-12W-IM","section":"05","township":"11N","range":"12W","cause_number":"2023002497","order_number":"738176"},"geometry":{"type":"Polygon","coordinates":[[[-98.500375,35.449735],[-98.500227,35.464296],[-98.482598,35.464204],[-98.482608,35.449698],[-98.500375,35.449735]]]}},{"type":"Feature","properties":{"county":"Caddo","applicant":"STAGHORN","legal":"04-11N-12W-IM","section":"04","township":"11N","range":"12W","cause_number":"2023002304","order_number":"738382"},"geometry":{"type":"Polygon","coordinates":[[[-98.48261,35.449698],[-98.482599,35.464204],[-98.464978,35.464268],[-98.464995,35.449671],[-98.48261,35.449698]]]}},{"type":"Feature","properties":{"county":"Caddo","applicant":"STAGHORN","legal":"04-11N-12W-IM","section":"04","township":"11N","range":"12W","cause_number":"2023002302","order_number":"738380"},"geometry":{"type":"Polygon","coordinates":[[[-98.48261,35.449698],[-98.482599,35.464204],[-98.464978,35.464268],[-98.464995,35.449671],[-98.48261,35.449698]]]}},{"type":"Feature","properties":{"county":"Custer","applicant":"MEWBOURNE","legal":"28-15N-20W-IM","section":"28","township":"15N","range":"20W","cause_number":"2023001081","order_number":"738366"},"geometry":{"type":"Polygon","coordinates":[[[-99.341164,35.740134],[-99.341095,35.754599],[-99.323311,35.754568],[-99.323396,35.740091],[-99.341164,35.740134]]]}},{"type":"Feature","properties":{"county":"Custer","applicant":"MEWBOURNE","legal":"21-15N-20W-IM","section":"21","township":"15N","range":"20W","cause_number":"2023001081","order_number":"738366"},"geometry":{"type":"Polygon","coordinates":[[[-99.341095,35.754597],[-99.340958,35.76904],[-99.323202,35.769027],[-99.323311,35.754566],[-99.341095,35.754597]]]}},{"type":"Feature","properties":{"county":"Roger Mills","applicant":"MEWBOURNE","legal":"01-14N-21W-IM","section":"01","township":"14N","range":"21W","cause_number":"2023001039","order_number":"738365"},"geometry":{"type":"Polygon","coordinates":[[[-99.394425,35.711224],[-99.394376,35.725679],[-99.376632,35.725672],[-99.376685,35.711221],[-99.394425,35.711224]]]}},{"type":"Feature","properties":{"county":"Custer","applicant":"MEWBOURNE","legal":"31-15N-20W-IM","section":"31","township":"15N","range":"20W","cause_number":"2023001035","order_number":"738364"},"geometry":{"type":"Polygon","coordinates":[[[-99.376633,35.72567],[-99.376583,35.740093],[-99.358965,35.740104],[-99.358982,35.725671],[-99.376633,35.72567]]]}},{"type":"Feature","properties":{"county":"Custer","applicant":"MEWBOURNE","legal":"06-14N-20W-IM","section":"06","township":"14N","range":"20W","cause_number":"2023001035","order_number":"738364"},"geometry":{"type":"Polygon","coordinates":[[[-99.376687,35.711221],[-99.376634,35.725672],[-99.358982,35.725673],[-99.359007,35.711225],[-99.376687,35.711221]]]}},{"type":"Feature","properties":{"county":"Custer","applicant":"MEWBOURNE","legal":"34-15N-20W-IM","section":"34","township":"15N","range":"20W","cause_number":"2023001031","order_number":"738495"},"geometry":{"type":"Polygon","coordinates":[[[-99.323437,35.725624],[-99.323398,35.740093],[-99.305684,35.740045],[-99.305732,35.725549],[-99.323437,35.725624]]]}},{"type":"Feature","properties":{"county":"Custer","applicant":"MEWBOURNE","legal":"27-15N-20W-IM","section":"27","township":"15N","range":"20W","cause_number":"2023001031","order_number":"738495"},"geometry":{"type":"Polygon","coordinates":[[[-99.323397,35.740091],[-99.323313,35.754568],[-99.305634,35.754532],[-99.305685,35.740043],[-99.323397,35.740091]]]}},{"type":"Feature","properties":{"county":"Custer","applicant":"CITIZEN ENERGY III","legal":"03-13N-14W-IM","section":"03","township":"13N","range":"14W","cause_number":"2021002091","order_number":"738485"},"geometry":{"type":"Polygon","coordinates":[[[-98.667734,35.623989],[-98.685458,35.623958],[-98.68539,35.638464],[-98.667661,35.63848],[-98.667734,35.623989]]]}},{"type":"Feature","properties":{"county":"Custer","applicant":"CONTINENTAL RESOURCES","legal":"22-13N-14W-IM","section":"22","township":"13N","range":"14W","cause_number":"2022004150","order_number":"738599"},"geometry":{"type":"Polygon","coordinates":[[[-98.667712,35.580512],[-98.685392,35.580483],[-98.68539,35.594969],[-98.667723,35.595015],[-98.667712,35.580512]]]}},{"type":"Feature","properties":{"county":"Custer","applicant":"CONTINENTAL RESOURCES","legal":"15-13N-14W-IM","section":"15","township":"13N","range":"14W","cause_number":"2022004150","order_number":"738599"},"geometry":{"type":"Polygon","coordinates":[[[-98.685395,35.609462],[-98.667736,35.609494],[-98.667723,35.595013],[-98.68539,35.594967],[-98.685395,35.609462]]]}},{"type":"Feature","properties":{"county":"Custer","applicant":"CONTINENTAL RESOURCES","legal":"27-13N-14W-IM","section":"27","township":"13N","range":"14W","cause_number":"2022004149","order_number":"738598"},"geometry":{"type":"Polygon","coordinates":[[[-98.66768,35.565992],[-98.685391,35.565972],[-98.685391,35.580485],[-98.667712,35.580513],[-98.66768,35.565992]]]}},{"type":"Feature","properties":{"county":"Custer","applicant":"CONTINENTAL RESOURCES","legal":"22-13N-14W-IM","section":"22","township":"13N","range":"14W","cause_number":"2022004149","order_number":"738598"},"geometry":{"type":"Polygon","coordinates":[[[-98.667712,35.580512],[-98.685392,35.580483],[-98.68539,35.594969],[-98.667723,35.595015],[-98.667712,35.580512]]]}},{"type":"Feature","properties":{"county":"Custer","applicant":"CONTINENTAL RESOURCES","legal":"15-13N-14W-IM","section":"15","township":"13N","range":"14W","cause_number":"2022004149","order_number":"738598"},"geometry":{"type":"Polygon","coordinates":[[[-98.685395,35.609462],[-98.667736,35.609494],[-98.667723,35.595013],[-98.68539,35.594967],[-98.685395,35.609462]]]}},{"type":"Feature","properties":{"county":"Custer","applicant":"CONTINENTAL RESOURCES","legal":"23-13N-14W-IM","section":"23","township":"13N","range":"14W","cause_number":"2022004098","order_number":"738588"},"geometry":{"type":"Polygon","coordinates":[[[-98.649916,35.595014],[-98.649896,35.580496],[-98.667714,35.580512],[-98.667725,35.595015],[-98.649916,35.595014]]]}},{"type":"Feature","properties":{"county":"Custer","applicant":"CONTINENTAL RESOURCES","legal":"14-13N-14W-IM","section":"14","township":"13N","range":"14W","cause_number":"2022004098","order_number":"738588"},"geometry":{"type":"Polygon","coordinates":[[[-98.649915,35.595012],[-98.667725,35.595013],[-98.667738,35.609494],[-98.649947,35.609534],[-98.649915,35.595012]]]}},{"type":"Feature","properties":{"county":"Custer","applicant":"CONTINENTAL RESOURCES","legal":"23-13N-14W-IM","section":"23","township":"13N","range":"14W","cause_number":"2022004093","order_number":"738586"},"geometry":{"type":"Polygon","coordinates":[[[-98.649916,35.595014],[-98.649896,35.580496],[-98.667714,35.580512],[-98.667725,35.595015],[-98.649916,35.595014]]]}},{"type":"Feature","properties":{"county":"Custer","applicant":"CONTINENTAL RESOURCES","legal":"14-13N-14W-IM","section":"14","township":"13N","range":"14W","cause_number":"2022004093","order_number":"738586"},"geometry":{"type":"Polygon","coordinates":[[[-98.649915,35.595012],[-98.667725,35.595013],[-98.667738,35.609494],[-98.649947,35.609534],[-98.649915,35.595012]]]}},{"type":"Feature","properties":{"county":"Custer","applicant":"CONTINENTAL RESOURCES","legal":"23-13N-14W-IM","section":"23","township":"13N","range":"14W","cause_number":"2022004090","order_number":"738584"},"geometry":{"type":"Polygon","coordinates":[[[-98.649916,35.595014],[-98.649896,35.580496],[-98.667714,35.580512],[-98.667725,35.595015],[-98.649916,35.595014]]]}},{"type":"Feature","properties":{"county":"Custer","applicant":"CONTINENTAL RESOURCES","legal":"14-13N-14W-IM","section":"14","township":"13N","range":"14W","cause_number":"2022004090","order_number":"738584"},"geometry":{"type":"Polygon","coordinates":[[[-98.649915,35.595012],[-98.667725,35.595013],[-98.667738,35.609494],[-98.649947,35.609534],[-98.649915,35.595012]]]}},{"type":"Feature","properties":{"county":"Custer","applicant":"CONTINENTAL RESOURCES","legal":"23-13N-14W-IM","section":"23","township":"13N","range":"14W","cause_number":"2022004088","order_number":"738582"},"geometry":{"type":"Polygon","coordinates":[[[-98.649916,35.595014],[-98.649896,35.580496],[-98.667714,35.580512],[-98.667725,35.595015],[-98.649916,35.595014]]]}},{"type":"Feature","properties":{"county":"Custer","applicant":"CONTINENTAL RESOURCES","legal":"14-13N-14W-IM","section":"14","township":"13N","range":"14W","cause_number":"2022004088","order_number":"738582"},"geometry":{"type":"Polygon","coordinates":[[[-98.649915,35.595012],[-98.667725,35.595013],[-98.667738,35.609494],[-98.649947,35.609534],[-98.649915,35.595012]]]}},{"type":"Feature","properties":{"county":"Custer","applicant":"CONTINENTAL RESOURCES","legal":"12-13N-14W-IM","section":"12","township":"13N","range":"14W","cause_number":"2022004039","order_number":"738578"},"geometry":{"type":"Polygon","coordinates":[[[-98.632125,35.609497],[-98.649949,35.609532],[-98.649938,35.624006],[-98.632136,35.623994],[-98.632125,35.609497]]]}},{"type":"Feature","properties":{"county":"Custer","applicant":"CONTINENTAL RESOURCES","legal":"01-13N-14W-IM","section":"01","township":"13N","range":"14W","cause_number":"2022004039","order_number":"738578"},"geometry":{"type":"Polygon","coordinates":[[[-98.632135,35.623992],[-98.649938,35.624005],[-98.649915,35.638488],[-98.632144,35.638489],[-98.632135,35.623992]]]}},{"type":"Feature","properties":{"county":"Custer","applicant":"CONTINENTAL RESOURCES","legal":"12-13N-14W-IM","section":"12","township":"13N","range":"14W","cause_number":"2022004033","order_number":"738576"},"geometry":{"type":"Polygon","coordinates":[[[-98.632125,35.609497],[-98.649949,35.609532],[-98.649938,35.624006],[-98.632136,35.623994],[-98.632125,35.609497]]]}},{"type":"Feature","properties":{"county":"Custer","applicant":"CONTINENTAL RESOURCES","legal":"01-13N-14W-IM","section":"01","township":"13N","range":"14W","cause_number":"2022004033","order_number":"738576"},"geometry":{"type":"Polygon","coordinates":[[[-98.632135,35.623992],[-98.649938,35.624005],[-98.649915,35.638488],[-98.632144,35.638489],[-98.632135,35.623992]]]}},{"type":"Feature","properties":{"county":"Custer","applicant":"MEWBOURNE","legal":"33-15N-20W-IM","section":"33","township":"15N","range":"20W","cause_number":"2023001089","order_number":"738634"},"geometry":{"type":"Polygon","coordinates":[[[-99.341195,35.725707],[-99.341164,35.740136],[-99.323396,35.740093],[-99.323436,35.725625],[-99.341195,35.725707]]]}},{"type":"Feature","properties":{"county":"Custer","applicant":"MEWBOURNE","legal":"04-14N-20W-IM","section":"04","township":"14N","range":"20W","cause_number":"2023001089","order_number":"738634"},"geometry":{"type":"Polygon","coordinates":[[[-99.341193,35.711296],[-99.341195,35.725709],[-99.323436,35.725626],[-99.323435,35.711185],[-99.341193,35.711296]]]}},{"type":"Feature","properties":{"county":"Custer","applicant":"MEWBOURNE","legal":"35-15N-20W-IM","section":"35","township":"15N","range":"20W","cause_number":"2023001029","order_number":"738632"},"geometry":{"type":"Polygon","coordinates":[[[-99.305733,35.725549],[-99.305686,35.740045],[-99.288018,35.740002],[-99.288038,35.725529],[-99.305733,35.725549]]]}},{"type":"Feature","properties":{"county":"Custer","applicant":"MEWBOURNE","legal":"02-14N-20W-IM","section":"02","township":"14N","range":"20W","cause_number":"2023001029","order_number":"738632"},"geometry":{"type":"Polygon","coordinates":[[[-99.305694,35.711147],[-99.305733,35.725551],[-99.288038,35.72553],[-99.288002,35.711031],[-99.305694,35.711147]]]}},{"type":"Feature","properties":{"county":"Custer","applicant":"CITIZEN ENERGY III","legal":"10-13N-14W-IM","section":"10","township":"13N","range":"14W","cause_number":"2021002093","order_number":"738622"},"geometry":{"type":"Polygon","coordinates":[[[-98.667736,35.609493],[-98.685395,35.609461],[-98.685458,35.623959],[-98.667735,35.623991],[-98.667736,35.609493]]]}},{"type":"Feature","properties":{"county":"Custer","applicant":"CITIZEN ENERGY III","legal":"03-13N-14W-IM","section":"03","township":"13N","range":"14W","cause_number":"2021002093","order_number":"738622"},"geometry":{"type":"Polygon","coordinates":[[[-98.667734,35.623989],[-98.685458,35.623958],[-98.68539,35.638464],[-98.667661,35.63848],[-98.667734,35.623989]]]}},{"type":"Feature","properties":{"county":"Caddo","applicant":"BLAKE PRODUCTION","legal":"08-11N-12W-IM","section":"08","township":"11N","range":"12W","cause_number":"2023002497","order_number":"738710"},"geometry":{"type":"Polygon","coordinates":[[[-98.50043,35.435242],[-98.500376,35.449737],[-98.482608,35.449699],[-98.482688,35.435248],[-98.50043,35.435242]]]}},{"type":"Feature","properties":{"county":"Caddo","applicant":"BLAKE PRODUCTION","legal":"05-11N-12W-IM","section":"05","township":"11N","range":"12W","cause_number":"2023002497","order_number":"738710"},"geometry":{"type":"Polygon","coordinates":[[[-98.500375,35.449735],[-98.500227,35.464296],[-98.482598,35.464204],[-98.482608,35.449698],[-98.500375,35.449735]]]}},{"type":"Feature","properties":{"county":"Custer","applicant":"CONTINENTAL RESOURCES","legal":"22-13N-14W-IM","section":"22","township":"13N","range":"14W","cause_number":"2022004156","order_number":"738694"},"geometry":{"type":"Polygon","coordinates":[[[-98.667712,35.580512],[-98.685392,35.580483],[-98.68539,35.594969],[-98.667723,35.595015],[-98.667712,35.580512]]]}},{"type":"Feature","properties":{"county":"Custer","applicant":"CONTINENTAL RESOURCES","legal":"15-13N-14W-IM","section":"15","township":"13N","range":"14W","cause_number":"2022004156","order_number":"738694"},"geometry":{"type":"Polygon","coordinates":[[[-98.685395,35.609462],[-98.667736,35.609494],[-98.667723,35.595013],[-98.68539,35.594967],[-98.685395,35.609462]]]}},{"type":"Feature","properties":{"county":"Custer","applicant":"CONTINENTAL RESOURCES","legal":"22-13N-14W-IM","section":"22","township":"13N","range":"14W","cause_number":"2022004154","order_number":"738692"},"geometry":{"type":"Polygon","coordinates":[[[-98.667712,35.580512],[-98.685392,35.580483],[-98.68539,35.594969],[-98.667723,35.595015],[-98.667712,35.580512]]]}},{"type":"Feature","properties":{"county":"Custer","applicant":"CONTINENTAL RESOURCES","legal":"15-13N-14W-IM","section":"15","township":"13N","range":"14W","cause_number":"2022004154","order_number":"738692"},"geometry":{"type":"Polygon","coordinates":[[[-98.685395,35.609462],[-98.667736,35.609494],[-98.667723,35.595013],[-98.68539,35.594967],[-98.685395,35.609462]]]}},{"type":"Feature","properties":{"county":"Custer","applicant":"CONTINENTAL RESOURCES","legal":"22-13N-14W-IM","section":"22","township":"13N","range":"14W","cause_number":"2022004152","order_number":"738690"},"geometry":{"type":"Polygon","coordinates":[[[-98.667712,35.580512],[-98.685392,35.580483],[-98.68539,35.594969],[-98.667723,35.595015],[-98.667712,35.580512]]]}},{"type":"Feature","properties":{"county":"Custer","applicant":"CONTINENTAL RESOURCES","legal":"15-13N-14W-IM","section":"15","township":"13N","range":"14W","cause_number":"2022004152","order_number":"738690"},"geometry":{"type":"Polygon","coordinates":[[[-98.685395,35.609462],[-98.667736,35.609494],[-98.667723,35.595013],[-98.68539,35.594967],[-98.685395,35.609462]]]}},{"type":"Feature","properties":{"county":"Custer","applicant":"CONTINENTAL RESOURCES","legal":"11-13N-14W-IM","section":"11","township":"13N","range":"14W","cause_number":"2022003947","order_number":"738685"},"geometry":{"type":"Polygon","coordinates":[[[-98.667737,35.609492],[-98.667736,35.623991],[-98.649936,35.624007],[-98.649947,35.609532],[-98.667737,35.609492]]]}},{"type":"Feature","properties":{"county":"Custer","applicant":"CONTINENTAL RESOURCES","legal":"02-13N-14W-IM","section":"02","township":"13N","range":"14W","cause_number":"2022003947","order_number":"738685"},"geometry":{"type":"Polygon","coordinates":[[[-98.667663,35.638479],[-98.649913,35.638489],[-98.649936,35.624005],[-98.667736,35.623989],[-98.667663,35.638479]]]}},{"type":"Feature","properties":{"county":"Custer","applicant":"CONTINENTAL RESOURCES","legal":"11-13N-14W-IM","section":"11","township":"13N","range":"14W","cause_number":"2022003944","order_number":"738683"},"geometry":{"type":"Polygon","coordinates":[[[-98.667737,35.609492],[-98.667736,35.623991],[-98.649936,35.624007],[-98.649947,35.609532],[-98.667737,35.609492]]]}},{"type":"Feature","properties":{"county":"Custer","applicant":"CONTINENTAL RESOURCES","legal":"02-13N-14W-IM","section":"02","township":"13N","range":"14W","cause_number":"2022003944","order_number":"738683"},"geometry":{"type":"Polygon","coordinates":[[[-98.667663,35.638479],[-98.649913,35.638489],[-98.649936,35.624005],[-98.667736,35.623989],[-98.667663,35.638479]]]}},{"type":"Feature","properties":{"county":"Custer","applicant":"CONTINENTAL RESOURCES","legal":"14-13N-14W-IM","section":"14","township":"13N","range":"14W","cause_number":"2022003942","order_number":"738682"},"geometry":{"type":"Polygon","coordinates":[[[-98.649915,35.595012],[-98.667725,35.595013],[-98.667738,35.609494],[-98.649947,35.609534],[-98.649915,35.595012]]]}},{"type":"Feature","properties":{"county":"Custer","applicant":"CONTINENTAL RESOURCES","legal":"11-13N-14W-IM","section":"11","township":"13N","range":"14W","cause_number":"2022003942","order_number":"738682"},"geometry":{"type":"Polygon","coordinates":[[[-98.667737,35.609492],[-98.667736,35.623991],[-98.649936,35.624007],[-98.649947,35.609532],[-98.667737,35.609492]]]}},{"type":"Feature","properties":{"county":"Custer","applicant":"CONTINENTAL RESOURCES","legal":"27-13N-14W-IM","section":"27","township":"13N","range":"14W","cause_number":"2022004196","order_number":"738730"},"geometry":{"type":"Polygon","coordinates":[[[-98.66768,35.565992],[-98.685391,35.565972],[-98.685391,35.580485],[-98.667712,35.580513],[-98.66768,35.565992]]]}},{"type":"Feature","properties":{"county":"Custer","applicant":"CONTINENTAL RESOURCES","legal":"22-13N-14W-IM","section":"22","township":"13N","range":"14W","cause_number":"2022004196","order_number":"738730"},"geometry":{"type":"Polygon","coordinates":[[[-98.667712,35.580512],[-98.685392,35.580483],[-98.68539,35.594969],[-98.667723,35.595015],[-98.667712,35.580512]]]}},{"type":"Feature","properties":{"county":"Custer","applicant":"CONTINENTAL RESOURCES","legal":"27-13N-14W-IM","section":"27","township":"13N","range":"14W","cause_number":"2022004198","order_number":"738732"},"geometry":{"type":"Polygon","coordinates":[[[-98.66768,35.565992],[-98.685391,35.565972],[-98.685391,35.580485],[-98.667712,35.580513],[-98.66768,35.565992]]]}},{"type":"Feature","properties":{"county":"Custer","applicant":"CONTINENTAL RESOURCES","legal":"22-13N-14W-IM","section":"22","township":"13N","range":"14W","cause_number":"2022004198","order_number":"738732"},"geometry":{"type":"Polygon","coordinates":[[[-98.667712,35.580512],[-98.685392,35.580483],[-98.68539,35.594969],[-98.667723,35.595015],[-98.667712,35.580512]]]}},{"type":"Feature","properties":{"county":"Custer","applicant":"CONTINENTAL RESOURCES","legal":"27-13N-14W-IM","section":"27","township":"13N","range":"14W","cause_number":"2022004194","order_number":"738728"},"geometry":{"type":"Polygon","coordinates":[[[-98.66768,35.565992],[-98.685391,35.565972],[-98.685391,35.580485],[-98.667712,35.580513],[-98.66768,35.565992]]]}},{"type":"Feature","properties":{"county":"Custer","applicant":"CONTINENTAL RESOURCES","legal":"22-13N-14W-IM","section":"22","township":"13N","range":"14W","cause_number":"2022004194","order_number":"738728"},"geometry":{"type":"Polygon","coordinates":[[[-98.667712,35.580512],[-98.685392,35.580483],[-98.68539,35.594969],[-98.667723,35.595015],[-98.667712,35.580512]]]}},{"type":"Feature","properties":{"county":"Custer","applicant":"CONTINENTAL RESOURCES","legal":"27-13N-14W-IM","section":"27","township":"13N","range":"14W","cause_number":"2022004192","order_number":"738726"},"geometry":{"type":"Polygon","coordinates":[[[-98.66768,35.565992],[-98.685391,35.565972],[-98.685391,35.580485],[-98.667712,35.580513],[-98.66768,35.565992]]]}},{"type":"Feature","properties":{"county":"Custer","applicant":"CONTINENTAL RESOURCES","legal":"22-13N-14W-IM","section":"22","township":"13N","range":"14W","cause_number":"2022004192","order_number":"738726"},"geometry":{"type":"Polygon","coordinates":[[[-98.667712,35.580512],[-98.685392,35.580483],[-98.68539,35.594969],[-98.667723,35.595015],[-98.667712,35.580512]]]}},{"type":"Feature","properties":{"county":"Custer","applicant":"MEWBOURNE","legal":"02-13N-17W-IM","section":"02","township":"13N","range":"17W","cause_number":"2022004886","order_number":"738821"},"geometry":{"type":"Polygon","coordinates":[[[-98.986753,35.623993],[-98.986729,35.638575],[-98.969022,35.638585],[-98.969014,35.624001],[-98.986753,35.623993]]]}},{"type":"Feature","properties":{"county":"Custer","applicant":"CONTINENTAL RESOURCES","legal":"25-13N-14W-IM","section":"25","township":"13N","range":"14W","cause_number":"2022003880","order_number":"738854"},"geometry":{"type":"Polygon","coordinates":[[[-98.632162,35.565967],[-98.649907,35.566003],[-98.649898,35.580498],[-98.632153,35.580469],[-98.632162,35.565967]]]}},{"type":"Feature","properties":{"county":"Custer","applicant":"CONTINENTAL RESOURCES","legal":"24-13N-14W-IM","section":"24","township":"13N","range":"14W","cause_number":"2022003880","order_number":"738854"},"geometry":{"type":"Polygon","coordinates":[[[-98.632127,35.594976],[-98.632154,35.580467],[-98.649898,35.580496],[-98.649917,35.595014],[-98.632127,35.594976]]]}},{"type":"Feature","properties":{"county":"Custer","applicant":"CONTINENTAL RESOURCES","legal":"13-13N-14W-IM","section":"13","township":"13N","range":"14W","cause_number":"2022003880","order_number":"738854"},"geometry":{"type":"Polygon","coordinates":[[[-98.632127,35.594974],[-98.649917,35.595012],[-98.649949,35.609534],[-98.632125,35.609498],[-98.632127,35.594974]]]}},{"type":"Feature","properties":{"county":"Custer","applicant":"CONTINENTAL RESOURCES","legal":"25-13N-14W-IM","section":"25","township":"13N","range":"14W","cause_number":"2022003878","order_number":"738852"},"geometry":{"type":"Polygon","coordinates":[[[-98.632162,35.565967],[-98.649907,35.566003],[-98.649898,35.580498],[-98.632153,35.580469],[-98.632162,35.565967]]]}},{"type":"Feature","properties":{"county":"Custer","applicant":"CONTINENTAL RESOURCES","legal":"24-13N-14W-IM","section":"24","township":"13N","range":"14W","cause_number":"2022003878","order_number":"738852"},"geometry":{"type":"Polygon","coordinates":[[[-98.632127,35.594976],[-98.632154,35.580467],[-98.649898,35.580496],[-98.649917,35.595014],[-98.632127,35.594976]]]}},{"type":"Feature","properties":{"county":"Custer","applicant":"CONTINENTAL RESOURCES","legal":"13-13N-14W-IM","section":"13","township":"13N","range":"14W","cause_number":"2022003878","order_number":"738852"},"geometry":{"type":"Polygon","coordinates":[[[-98.632127,35.594974],[-98.649917,35.595012],[-98.649949,35.609534],[-98.632125,35.609498],[-98.632127,35.594974]]]}},{"type":"Feature","properties":{"county":"Custer","applicant":"CONTINENTAL RESOURCES","legal":"25-13N-14W-IM","section":"25","township":"13N","range":"14W","cause_number":"2022003876","order_number":"738850"},"geometry":{"type":"Polygon","coordinates":[[[-98.632162,35.565967],[-98.649907,35.566003],[-98.649898,35.580498],[-98.632153,35.580469],[-98.632162,35.565967]]]}},{"type":"Feature","properties":{"county":"Custer","applicant":"CONTINENTAL RESOURCES","legal":"24-13N-14W-IM","section":"24","township":"13N","range":"14W","cause_number":"2022003876","order_number":"738850"},"geometry":{"type":"Polygon","coordinates":[[[-98.632127,35.594976],[-98.632154,35.580467],[-98.649898,35.580496],[-98.649917,35.595014],[-98.632127,35.594976]]]}},{"type":"Feature","properties":{"county":"Custer","applicant":"CONTINENTAL RESOURCES","legal":"13-13N-14W-IM","section":"13","township":"13N","range":"14W","cause_number":"2022003876","order_number":"738850"},"geometry":{"type":"Polygon","coordinates":[[[-98.632127,35.594974],[-98.649917,35.595012],[-98.649949,35.609534],[-98.632125,35.609498],[-98.632127,35.594974]]]}},{"type":"Feature","properties":{"county":"Custer","applicant":"CONTINENTAL RESOURCES","legal":"25-13N-14W-IM","section":"25","township":"13N","range":"14W","cause_number":"2022003875","order_number":"738849"},"geometry":{"type":"Polygon","coordinates":[[[-98.632162,35.565967],[-98.649907,35.566003],[-98.649898,35.580498],[-98.632153,35.580469],[-98.632162,35.565967]]]}},{"type":"Feature","properties":{"county":"Custer","applicant":"CONTINENTAL RESOURCES","legal":"24-13N-14W-IM","section":"24","township":"13N","range":"14W","cause_number":"2022003875","order_number":"738849"},"geometry":{"type":"Polygon","coordinates":[[[-98.632127,35.594976],[-98.632154,35.580467],[-98.649898,35.580496],[-98.649917,35.595014],[-98.632127,35.594976]]]}},{"type":"Feature","properties":{"county":"Custer","applicant":"CONTINENTAL RESOURCES","legal":"13-13N-14W-IM","section":"13","township":"13N","range":"14W","cause_number":"2022003874","order_number":"738848"},"geometry":{"type":"Polygon","coordinates":[[[-98.632127,35.594974],[-98.649917,35.595012],[-98.649949,35.609534],[-98.632125,35.609498],[-98.632127,35.594974]]]}},{"type":"Feature","properties":{"county":"Custer","applicant":"CONTINENTAL RESOURCES","legal":"12-13N-14W-IM","section":"12","township":"13N","range":"14W","cause_number":"2022003874","order_number":"738848"},"geometry":{"type":"Polygon","coordinates":[[[-98.632125,35.609497],[-98.649949,35.609532],[-98.649938,35.624006],[-98.632136,35.623994],[-98.632125,35.609497]]]}},{"type":"Feature","properties":{"county":"Custer","applicant":"MEWBOURNE","legal":"29-15N-20W-IM","section":"29","township":"15N","range":"20W","cause_number":"2023001083","order_number":"738918"},"geometry":{"type":"Polygon","coordinates":[[[-99.358967,35.740102],[-99.358867,35.754568],[-99.341093,35.754598],[-99.341163,35.740134],[-99.358967,35.740102]]]}},{"type":"Feature","properties":{"county":"Custer","applicant":"MEWBOURNE","legal":"20-15N-20W-IM","section":"20","township":"15N","range":"20W","cause_number":"2023001083","order_number":"738918"},"geometry":{"type":"Polygon","coordinates":[[[-99.358867,35.754566],[-99.358849,35.768961],[-99.340957,35.76904],[-99.341093,35.754597],[-99.358867,35.754566]]]}},{"type":"Feature","properties":{"county":"Custer","applicant":"DEVON ENERGY","legal":"35-14N-20W-IM","section":"35","township":"14N","range":"20W","cause_number":"2023002840","order_number":"739157"},"geometry":{"type":"Polygon","coordinates":[[[-99.305937,35.638711],[-99.30588,35.653133],[-99.288208,35.653092],[-99.28819,35.638704],[-99.305937,35.638711]]]}},{"type":"Feature","properties":{"county":"Custer","applicant":"DEVON ENERGY","legal":"26-14N-20W-IM","section":"26","township":"14N","range":"20W","cause_number":"2023002840","order_number":"739157"},"geometry":{"type":"Polygon","coordinates":[[[-99.305881,35.653131],[-99.305737,35.667686],[-99.287959,35.667576],[-99.288208,35.65309],[-99.305881,35.653131]]]}},{"type":"Feature","properties":{"county":"Caddo","applicant":"BLAKE PRODUCTION","legal":"08-11N-12W-IM","section":"08","township":"11N","range":"12W","cause_number":"2023002497","order_number":"739139"},"geometry":{"type":"Polygon","coordinates":[[[-98.50043,35.435242],[-98.500376,35.449737],[-98.482608,35.449699],[-98.482688,35.435248],[-98.50043,35.435242]]]}},{"type":"Feature","properties":{"county":"Caddo","applicant":"BLAKE PRODUCTION","legal":"05-11N-12W-IM","section":"05","township":"11N","range":"12W","cause_number":"2023002497","order_number":"739139"},"geometry":{"type":"Polygon","coordinates":[[[-98.500375,35.449735],[-98.500227,35.464296],[-98.482598,35.464204],[-98.482608,35.449698],[-98.500375,35.449735]]]}},{"type":"Feature","properties":{"county":"Custer","applicant":"NADEL & GUSSMAN","legal":"24-13N-20W-IM","section":"24","township":"13N","range":"20W","cause_number":"2023002669","order_number":"739212"},"geometry":{"type":"Polygon","coordinates":[[[-99.288498,35.58061],[-99.288354,35.595117],[-99.270708,35.595132],[-99.270704,35.580626],[-99.288498,35.58061]]]}},{"type":"Feature","properties":{"county":"Custer","applicant":"NADEL & GUSSMAN","legal":"13-13N-20W-IM","section":"13","township":"13N","range":"20W","cause_number":"2023002669","order_number":"739212"},"geometry":{"type":"Polygon","coordinates":[[[-99.28836,35.60965],[-99.270663,35.609669],[-99.270708,35.59513],[-99.288354,35.595115],[-99.28836,35.60965]]]}},{"type":"Feature","properties":{"county":"Custer","applicant":"MEWBOURNE","legal":"12-13N-17W-IM","section":"12","township":"13N","range":"17W","cause_number":"2023000319","order_number":"739274"},"geometry":{"type":"Polygon","coordinates":[[[-98.969032,35.609474],[-98.969016,35.624003],[-98.951291,35.624049],[-98.951319,35.609546],[-98.969032,35.609474]]]}},{"type":"Feature","properties":{"county":"Custer","applicant":"MEWBOURNE","legal":"01-13N-17W-IM","section":"01","township":"13N","range":"17W","cause_number":"2023000319","order_number":"739274"},"geometry":{"type":"Polygon","coordinates":[[[-98.969015,35.624001],[-98.969024,35.638585],[-98.951287,35.638536],[-98.951292,35.624047],[-98.969015,35.624001]]]}},{"type":"Feature","properties":{"county":"Custer","applicant":"NADEL & GUSSMAN","legal":"24-13N-20W-IM","section":"24","township":"13N","range":"20W","cause_number":"2023002669","order_number":"739332"},"geometry":{"type":"Polygon","coordinates":[[[-99.288498,35.58061],[-99.288354,35.595117],[-99.270708,35.595132],[-99.270704,35.580626],[-99.288498,35.58061]]]}},{"type":"Feature","properties":{"county":"Custer","applicant":"NADEL & GUSSMAN","legal":"13-13N-20W-IM","section":"13","township":"13N","range":"20W","cause_number":"2023002669","order_number":"739332"},"geometry":{"type":"Polygon","coordinates":[[[-99.28836,35.60965],[-99.270663,35.609669],[-99.270708,35.59513],[-99.288354,35.595115],[-99.28836,35.60965]]]}},{"type":"Feature","properties":{"county":"Custer","applicant":"NADEL & GUSSMAN","legal":"12-13N-20W-IM","section":"12","township":"13N","range":"20W","cause_number":"2023002665","order_number":"739331"},"geometry":{"type":"Polygon","coordinates":[[[-99.288319,35.624177],[-99.270552,35.624215],[-99.270663,35.609667],[-99.28836,35.609649],[-99.288319,35.624177]]]}},{"type":"Feature","properties":{"county":"Custer","applicant":"NADEL & GUSSMAN","legal":"01-13N-20W-IM","section":"01","township":"13N","range":"20W","cause_number":"2023002665","order_number":"739331"},"geometry":{"type":"Polygon","coordinates":[[[-99.288192,35.638706],[-99.270455,35.638694],[-99.270552,35.624213],[-99.288319,35.624175],[-99.288192,35.638706]]]}},{"type":"Feature","properties":{"county":"Custer","applicant":"MEWBOURNE","legal":"02-13N-17W-IM","section":"02","township":"13N","range":"17W","cause_number":"2023001375","order_number":"739340"},"geometry":{"type":"Polygon","coordinates":[[[-98.986753,35.623993],[-98.986729,35.638575],[-98.969022,35.638585],[-98.969014,35.624001],[-98.986753,35.623993]]]}},{"type":"Feature","properties":{"county":"Custer","applicant":"MEWBOURNE","legal":"10-14N-20W-IM","section":"10","township":"14N","range":"20W","cause_number":"2023001101","order_number":"739452"},"geometry":{"type":"Polygon","coordinates":[[[-99.323463,35.696744],[-99.323437,35.711186],[-99.305693,35.711149],[-99.305728,35.69668],[-99.323463,35.696744]]]}},{"type":"Feature","properties":{"county":"Custer","applicant":"MEWBOURNE","legal":"03-14N-20W-IM","section":"03","township":"14N","range":"20W","cause_number":"2023001101","order_number":"739452"},"geometry":{"type":"Polygon","coordinates":[[[-99.323436,35.711184],[-99.323438,35.725626],[-99.305732,35.725551],[-99.305693,35.711147],[-99.323436,35.711184]]]}},{"type":"Feature","properties":{"county":"Custer","applicant":"MEWBOURNE","legal":"33-15N-20W-IM","section":"33","township":"15N","range":"20W","cause_number":"2023001089","order_number":"739450"},"geometry":{"type":"Polygon","coordinates":[[[-99.341195,35.725707],[-99.341164,35.740136],[-99.323396,35.740093],[-99.323436,35.725625],[-99.341195,35.725707]]]}},{"type":"Feature","properties":{"county":"Custer","applicant":"MEWBOURNE","legal":"04-14N-20W-IM","section":"04","township":"14N","range":"20W","cause_number":"2023001089","order_number":"739450"},"geometry":{"type":"Polygon","coordinates":[[[-99.341193,35.711296],[-99.341195,35.725709],[-99.323436,35.725626],[-99.323435,35.711185],[-99.341193,35.711296]]]}},{"type":"Feature","properties":{"county":"Custer","applicant":"MEWBOURNE","legal":"19-15N-19W-IM","section":"19","township":"15N","range":"19W","cause_number":"2023002983","order_number":"739605"},"geometry":{"type":"Polygon","coordinates":[[[-99.270286,35.754479],[-99.270235,35.768946],[-99.252559,35.76894],[-99.252626,35.754496],[-99.270286,35.754479]]]}},{"type":"Feature","properties":{"county":"Custer","applicant":"MEWBOURNE","legal":"18-15N-19W-IM","section":"18","township":"15N","range":"19W","cause_number":"2023002983","order_number":"739605"},"geometry":{"type":"Polygon","coordinates":[[[-99.270235,35.768944],[-99.270175,35.783394],[-99.252506,35.783389],[-99.252559,35.768938],[-99.270235,35.768944]]]}},{"type":"Feature","properties":{"county":"Custer","applicant":"NADEL & GUSSMAN","legal":"33-14N-19W-IM","section":"33","township":"14N","range":"19W","cause_number":"2023002972","order_number":"739643"},"geometry":{"type":"Polygon","coordinates":[[[-99.235123,35.638651],[-99.235128,35.653138],[-99.217402,35.653099],[-99.217392,35.638624],[-99.235123,35.638651]]]}},{"type":"Feature","properties":{"county":"Custer","applicant":"NADEL & GUSSMAN","legal":"28-14N-19W-IM","section":"28","township":"14N","range":"19W","cause_number":"2023002972","order_number":"739643"},"geometry":{"type":"Polygon","coordinates":[[[-99.235129,35.653136],[-99.235134,35.667619],[-99.217378,35.667597],[-99.217402,35.653098],[-99.235129,35.653136]]]}},{"type":"Feature","properties":{"county":"Custer","applicant":"NADEL & GUSSMAN","legal":"15-13N-19W-IM","section":"15","township":"13N","range":"19W","cause_number":"2023002969","order_number":"739640"},"geometry":{"type":"Polygon","coordinates":[[[-99.217308,35.595203],[-99.217341,35.609707],[-99.199697,35.609674],[-99.199681,35.595199],[-99.217308,35.595203]]]}},{"type":"Feature","properties":{"county":"Custer","applicant":"NADEL & GUSSMAN","legal":"10-13N-19W-IM","section":"10","township":"13N","range":"19W","cause_number":"2023002969","order_number":"739640"},"geometry":{"type":"Polygon","coordinates":[[[-99.21734,35.609705],[-99.217382,35.624237],[-99.19968,35.624197],[-99.199696,35.609673],[-99.21734,35.609705]]]}},{"type":"Feature","properties":{"county":"Custer","applicant":"NADEL & GUSSMAN","legal":"08-13N-19W-IM","section":"08","township":"13N","range":"19W","cause_number":"2023002949","order_number":"739637"},"geometry":{"type":"Polygon","coordinates":[[[-99.252906,35.616964],[-99.250693,35.616965],[-99.250692,35.618783],[-99.248475,35.618783],[-99.248475,35.62421],[-99.235205,35.624236],[-99.235139,35.609729],[-99.252902,35.609694],[-99.252906,35.616964]]]}},{"type":"Feature","properties":{"county":"Custer","applicant":"NADEL & GUSSMAN","legal":"05-13N-19W-IM","section":"05","township":"13N","range":"19W","cause_number":"2023002949","order_number":"739637"},"geometry":{"type":"Polygon","coordinates":[[[-99.252883,35.638671],[-99.235122,35.638653],[-99.235205,35.624234],[-99.25291,35.624191],[-99.252883,35.638671]]]}},{"type":"Feature","properties":{"county":"Custer","applicant":"NADEL & GUSSMAN","legal":"32-14N-19W-IM","section":"32","township":"14N","range":"19W","cause_number":"2023002859","order_number":"739634"},"geometry":{"type":"Polygon","coordinates":[[[-99.252882,35.638669],[-99.25284,35.653175],[-99.235128,35.653138],[-99.235122,35.638651],[-99.252882,35.638669]]]}},{"type":"Feature","properties":{"county":"Custer","applicant":"NADEL & GUSSMAN","legal":"29-14N-19W-IM","section":"29","township":"14N","range":"19W","cause_number":"2023002859","order_number":"739634"},"geometry":{"type":"Polygon","coordinates":[[[-99.25284,35.653173],[-99.252827,35.667651],[-99.235132,35.667619],[-99.235127,35.653136],[-99.25284,35.653173]]]}},{"type":"Feature","properties":{"county":"Custer","applicant":"NADEL & GUSSMAN","legal":"09-13N-19W-IM","section":"09","township":"13N","range":"19W","cause_number":"2023000971","order_number":"739808"},"geometry":{"type":"Polygon","coordinates":[[[-99.235141,35.609729],[-99.235207,35.624236],[-99.21738,35.624237],[-99.217339,35.609705],[-99.235141,35.609729]]]}},{"type":"Feature","properties":{"county":"Custer","applicant":"NADEL & GUSSMAN","legal":"04-13N-19W-IM","section":"04","township":"13N","range":"19W","cause_number":"2023000971","order_number":"739808"},"geometry":{"type":"Polygon","coordinates":[[[-99.235207,35.624234],[-99.235124,35.638653],[-99.217392,35.638626],[-99.21738,35.624236],[-99.235207,35.624234]]]}},{"type":"Feature","properties":{"county":"Custer","applicant":"NADEL & GUSSMAN","legal":"07-13N-19W-IM","section":"07","township":"13N","range":"19W","cause_number":"2023002811","order_number":"739914"},"geometry":{"type":"Polygon","coordinates":[[[-99.270664,35.609667],[-99.270554,35.624215],[-99.252909,35.624193],[-99.2529,35.609694],[-99.270664,35.609667]]]}},{"type":"Feature","properties":{"county":"Custer","applicant":"NADEL & GUSSMAN","legal":"06-13N-19W-IM","section":"06","township":"13N","range":"19W","cause_number":"2023002811","order_number":"739914"},"geometry":{"type":"Polygon","coordinates":[[[-99.270553,35.624213],[-99.270456,35.638694],[-99.252881,35.638671],[-99.252908,35.624191],[-99.270553,35.624213]]]}},{"type":"Feature","properties":{"county":"Custer","applicant":"NADEL & GUSSMAN","legal":"09-13N-19W-IM","section":"09","township":"13N","range":"19W","cause_number":"2023000971","order_number":"739996"},"geometry":{"type":"Polygon","coordinates":[[[-99.235141,35.609729],[-99.235207,35.624236],[-99.21738,35.624237],[-99.217339,35.609705],[-99.235141,35.609729]]]}},{"type":"Feature","properties":{"county":"Custer","applicant":"NADEL & GUSSMAN","legal":"04-13N-19W-IM","section":"04","township":"13N","range":"19W","cause_number":"2023000971","order_number":"739996"},"geometry":{"type":"Polygon","coordinates":[[[-99.235207,35.624234],[-99.235124,35.638653],[-99.217392,35.638626],[-99.21738,35.624236],[-99.235207,35.624234]]]}},{"type":"Feature","properties":{"county":"Custer","applicant":"DEVON ENERGY","legal":"10-13N-20W-IM","section":"10","township":"13N","range":"20W","cause_number":"2024000231"},"geometry":{"type":"Polygon","coordinates":[[[-99.323797,35.609736],[-99.323756,35.624254],[-99.305993,35.624306],[-99.306048,35.609753],[-99.323797,35.609736]]]}},{"type":"Feature","properties":{"county":"Custer","applicant":"DEVON ENERGY","legal":"03-13N-20W-IM","section":"03","township":"13N","range":"20W","cause_number":"2024000231"},"geometry":{"type":"Polygon","coordinates":[[[-99.323756,35.624252],[-99.32376,35.638768],[-99.305935,35.638712],[-99.305994,35.624304],[-99.323756,35.624252]]]}},{"type":"Feature","properties":{"county":"Custer","applicant":"DEVON ENERGY","legal":"25-13N-20W-IM","section":"25","township":"13N","range":"20W","cause_number":"2023003102","order_number":"740082"},"geometry":{"type":"Polygon","coordinates":[[[-99.288498,35.580612],[-99.270703,35.580628],[-99.270725,35.56621],[-99.288606,35.56612],[-99.288498,35.580612]]]}},{"type":"Feature","properties":{"county":"Custer","applicant":"DEVON ENERGY","legal":"24-13N-20W-IM","section":"24","township":"13N","range":"20W","cause_number":"2023003102","order_number":"740082"},"geometry":{"type":"Polygon","coordinates":[[[-99.288498,35.58061],[-99.288354,35.595117],[-99.270708,35.595132],[-99.270704,35.580626],[-99.288498,35.58061]]]}},{"type":"Feature","properties":{"county":"Custer","applicant":"DEVON ENERGY","legal":"14-13N-20W-IM","section":"14","township":"13N","range":"20W","cause_number":"2023002986","order_number":"740209"},"geometry":{"type":"Polygon","coordinates":[[[-99.306076,35.595209],[-99.30605,35.609755],[-99.288359,35.609651],[-99.288352,35.595115],[-99.306076,35.595209]]]}},{"type":"Feature","properties":{"county":"Custer","applicant":"DEVON ENERGY","legal":"11-13N-20W-IM","section":"11","township":"13N","range":"20W","cause_number":"2023002986","order_number":"740209"},"geometry":{"type":"Polygon","coordinates":[[[-99.30605,35.609753],[-99.305995,35.624306],[-99.288317,35.624177],[-99.288358,35.609649],[-99.30605,35.609753]]]}},{"type":"Feature","properties":{"county":"Custer","applicant":"DEVON ENERGY","legal":"31-14N-19W-IM","section":"31","township":"14N","range":"19W","cause_number":"2024000506"},"geometry":{"type":"Polygon","coordinates":[[[-99.270457,35.638692],[-99.270356,35.653251],[-99.252838,35.653175],[-99.252881,35.638669],[-99.270457,35.638692]]]}},{"type":"Feature","properties":{"county":"Custer","applicant":"DEVON ENERGY","legal":"30-14N-19W-IM","section":"30","township":"14N","range":"19W","cause_number":"2024000506"},"geometry":{"type":"Polygon","coordinates":[[[-99.270356,35.653249],[-99.270418,35.667689],[-99.252826,35.667651],[-99.252838,35.653174],[-99.270356,35.653249]]]}},{"type":"Feature","properties":{"county":"Custer","applicant":"NADEL & GUSSMAN","legal":"32-14N-19W-IM","section":"32","township":"14N","range":"19W","cause_number":"2023002859","order_number":"740820"},"geometry":{"type":"Polygon","coordinates":[[[-99.252882,35.638669],[-99.25284,35.653175],[-99.235128,35.653138],[-99.235122,35.638651],[-99.252882,35.638669]]]}},{"type":"Feature","properties":{"county":"Custer","applicant":"NADEL & GUSSMAN","legal":"29-14N-19W-IM","section":"29","township":"14N","range":"19W","cause_number":"2023002859","order_number":"740820"},"geometry":{"type":"Polygon","coordinates":[[[-99.25284,35.653173],[-99.252827,35.667651],[-99.235132,35.667619],[-99.235127,35.653136],[-99.25284,35.653173]]]}},{"type":"Feature","properties":{"county":"Custer","applicant":"NADEL & GUSSMAN","legal":"08-13N-19W-IM","section":"08","township":"13N","range":"19W","cause_number":"2023002949","order_number":"740984"},"geometry":{"type":"Polygon","coordinates":[[[-99.252906,35.616964],[-99.250693,35.616965],[-99.250692,35.618783],[-99.248475,35.618783],[-99.248475,35.62421],[-99.235205,35.624236],[-99.235139,35.609729],[-99.252902,35.609694],[-99.252906,35.616964]]]}},{"type":"Feature","properties":{"county":"Custer","applicant":"NADEL & GUSSMAN","legal":"05-13N-19W-IM","section":"05","township":"13N","range":"19W","cause_number":"2023002949","order_number":"740984"},"geometry":{"type":"Polygon","coordinates":[[[-99.252883,35.638671],[-99.235122,35.638653],[-99.235205,35.624234],[-99.25291,35.624191],[-99.252883,35.638671]]]}},{"type":"Feature","properties":{"county":"Canadian","applicant":"CITIZEN ENERGY III","legal":"18-11N-10W-IM","section":"18","township":"11N","range":"10W","cause_number":"2023001155","order_number":"740980"},"geometry":{"type":"Polygon","coordinates":[[[-98.306365,35.420577],[-98.306357,35.435029],[-98.289196,35.434815],[-98.289208,35.420494],[-98.306365,35.420577]]]}},{"type":"Feature","properties":{"county":"Canadian","applicant":"CITIZEN ENERGY III","legal":"07-11N-10W-IM","section":"07","township":"11N","range":"10W","cause_number":"2023001155","order_number":"740980"},"geometry":{"type":"Polygon","coordinates":[[[-98.306356,35.435027],[-98.306357,35.449458],[-98.289116,35.449303],[-98.289196,35.434813],[-98.306356,35.435027]]]}},{"type":"Feature","properties":{"county":"Custer","applicant":"NADEL & GUSSMAN","legal":"33-14N-19W-IM","section":"33","township":"14N","range":"19W","cause_number":"2023002972","order_number":"741309"},"geometry":{"type":"Polygon","coordinates":[[[-99.235123,35.638651],[-99.235128,35.653138],[-99.217402,35.653099],[-99.217392,35.638624],[-99.235123,35.638651]]]}},{"type":"Feature","properties":{"county":"Custer","applicant":"NADEL & GUSSMAN","legal":"28-14N-19W-IM","section":"28","township":"14N","range":"19W","cause_number":"2023002972","order_number":"741309"},"geometry":{"type":"Polygon","coordinates":[[[-99.235129,35.653136],[-99.235134,35.667619],[-99.217378,35.667597],[-99.217402,35.653098],[-99.235129,35.653136]]]}},{"type":"Feature","properties":{"county":"Caddo","applicant":"BLAKE PRODUCTION","legal":"08-11N-12W-IM","section":"08","township":"11N","range":"12W","cause_number":"2023002497","order_number":"741335"},"geometry":{"type":"Polygon","coordinates":[[[-98.50043,35.435242],[-98.500376,35.449737],[-98.482608,35.449699],[-98.482688,35.435248],[-98.50043,35.435242]]]}},{"type":"Feature","properties":{"county":"Caddo","applicant":"BLAKE PRODUCTION","legal":"05-11N-12W-IM","section":"05","township":"11N","range":"12W","cause_number":"2023002497","order_number":"741335"},"geometry":{"type":"Polygon","coordinates":[[[-98.500375,35.449735],[-98.500227,35.464296],[-98.482598,35.464204],[-98.482608,35.449698],[-98.500375,35.449735]]]}},{"type":"Feature","properties":{"county":"Custer","applicant":"DEVON ENERGY","legal":"16-15N-20W-IM","section":"16","township":"15N","range":"20W","cause_number":"2024000601","order_number":"741424"},"geometry":{"type":"Polygon","coordinates":[[[-99.340959,35.769038],[-99.340882,35.783388],[-99.323111,35.783471],[-99.323203,35.769025],[-99.340959,35.769038]]]}},{"type":"Feature","properties":{"county":"Custer","applicant":"DEVON ENERGY","legal":"09-15N-20W-IM","section":"09","township":"15N","range":"20W","cause_number":"2024000601","order_number":"741424"},"geometry":{"type":"Polygon","coordinates":[[[-99.340882,35.783386],[-99.340846,35.797857],[-99.32305,35.79791],[-99.323111,35.783469],[-99.340882,35.783386]]]}},{"type":"Feature","properties":{"county":"Custer","applicant":"MEWBOURNE","legal":"16-15N-20W-IM","section":"16","township":"15N","range":"20W","cause_number":"2024000134","order_number":"741424"},"geometry":{"type":"Polygon","coordinates":[[[-99.340959,35.769038],[-99.340882,35.783388],[-99.323111,35.783471],[-99.323203,35.769025],[-99.340959,35.769038]]]}},{"type":"Feature","properties":{"county":"Custer","applicant":"MEWBOURNE","legal":"09-15N-20W-IM","section":"09","township":"15N","range":"20W","cause_number":"2024000134","order_number":"741424"},"geometry":{"type":"Polygon","coordinates":[[[-99.340882,35.783386],[-99.340846,35.797857],[-99.32305,35.79791],[-99.323111,35.783469],[-99.340882,35.783386]]]}},{"type":"Feature","properties":{"county":"Custer","applicant":"DEVON ENERGY","legal":"23-15N-20W-IM","section":"23","township":"15N","range":"20W","cause_number":"2024000190","order_number":"741425"},"geometry":{"type":"Polygon","coordinates":[[[-99.305636,35.754531],[-99.30558,35.769002],[-99.287915,35.768921],[-99.287962,35.754443],[-99.305636,35.754531]]]}},{"type":"Feature","properties":{"county":"Custer","applicant":"DEVON ENERGY","legal":"14-15N-20W-IM","section":"14","township":"15N","range":"20W","cause_number":"2024000190","order_number":"741425"},"geometry":{"type":"Polygon","coordinates":[[[-99.30558,35.769],[-99.305497,35.783441],[-99.287812,35.783387],[-99.287914,35.768919],[-99.30558,35.769]]]}},{"type":"Feature","properties":{"county":"Custer","applicant":"MEWBOURNE","legal":"14-15N-20W-IM","section":"14","township":"15N","range":"20W","cause_number":"2024000137","order_number":"741425"},"geometry":{"type":"Polygon","coordinates":[[[-99.30558,35.769],[-99.305497,35.783441],[-99.287812,35.783387],[-99.287914,35.768919],[-99.30558,35.769]]]}},{"type":"Feature","properties":{"county":"Custer","applicant":"MEWBOURNE","legal":"11-15N-20W-IM","section":"11","township":"15N","range":"20W","cause_number":"2024000137","order_number":"741425"},"geometry":{"type":"Polygon","coordinates":[[[-99.305497,35.783439],[-99.305391,35.797882],[-99.28773,35.797845],[-99.287812,35.783385],[-99.305497,35.783439]]]}},{"type":"Feature","properties":{"county":"Custer","applicant":"NADEL & GUSSMAN","legal":"23-13N-20W-IM","section":"23","township":"13N","range":"20W","cause_number":"2023002672","order_number":"741449"},"geometry":{"type":"Polygon","coordinates":[[[-99.306146,35.580673],[-99.306076,35.595211],[-99.288352,35.595117],[-99.288496,35.58061],[-99.306146,35.580673]]]}},{"type":"Feature","properties":{"county":"Custer","applicant":"NADEL & GUSSMAN","legal":"14-13N-20W-IM","section":"14","township":"13N","range":"20W","cause_number":"2023002672","order_number":"741449"},"geometry":{"type":"Polygon","coordinates":[[[-99.306076,35.595209],[-99.30605,35.609755],[-99.288359,35.609651],[-99.288352,35.595115],[-99.306076,35.595209]]]}},{"type":"Feature","properties":{"county":"Custer","applicant":"DEVON ENERGY","legal":"22-13N-20W-IM","section":"22","township":"13N","range":"20W","cause_number":"2024000524","order_number":"741480"},"geometry":{"type":"Polygon","coordinates":[[[-99.323859,35.580705],[-99.323813,35.595216],[-99.306074,35.595211],[-99.306145,35.580673],[-99.323859,35.580705]]]}},{"type":"Feature","properties":{"county":"Custer","applicant":"DEVON ENERGY","legal":"15-13N-20W-IM","section":"15","township":"13N","range":"20W","cause_number":"2024000524","order_number":"741480"},"geometry":{"type":"Polygon","coordinates":[[[-99.323813,35.595214],[-99.323796,35.609738],[-99.306048,35.609755],[-99.306074,35.595209],[-99.323813,35.595214]]]}},{"type":"Feature","properties":{"county":"Custer","applicant":"NADEL & GUSSMAN","legal":"24-13N-20W-IM","section":"24","township":"13N","range":"20W","cause_number":"2023002669","order_number":"741493"},"geometry":{"type":"Polygon","coordinates":[[[-99.288498,35.58061],[-99.288354,35.595117],[-99.270708,35.595132],[-99.270704,35.580626],[-99.288498,35.58061]]]}},{"type":"Feature","properties":{"county":"Custer","applicant":"NADEL & GUSSMAN","legal":"13-13N-20W-IM","section":"13","township":"13N","range":"20W","cause_number":"2023002669","order_number":"741493"},"geometry":{"type":"Polygon","coordinates":[[[-99.28836,35.60965],[-99.270663,35.609669],[-99.270708,35.59513],[-99.288354,35.595115],[-99.28836,35.60965]]]}},{"type":"Feature","properties":{"county":"Roger Mills","applicant":"MEWBOURNE","legal":"13-15N-21W-IM","section":"13","township":"15N","range":"21W","cause_number":"2024000584","order_number":"741742"},"geometry":{"type":"Polygon","coordinates":[[[-99.394001,35.768949],[-99.393857,35.783391],[-99.376061,35.783231],[-99.376209,35.768803],[-99.394001,35.768949]]]}},{"type":"Feature","properties":{"county":"Roger Mills","applicant":"MEWBOURNE","legal":"18-13N-23W-IM","section":"18","township":"13N","range":"23W","cause_number":"2024000903","order_number":"741752"},"geometry":{"type":"Polygon","coordinates":[[[-99.695734,35.595433],[-99.695638,35.609906],[-99.678049,35.609884],[-99.678035,35.595427],[-99.695734,35.595433]]]}},{"type":"Feature","properties":{"county":"Roger Mills","applicant":"MEWBOURNE","legal":"07-13N-23W-IM","section":"07","township":"13N","range":"23W","cause_number":"2024000903","order_number":"741752"},"geometry":{"type":"Polygon","coordinates":[[[-99.695638,35.609904],[-99.695517,35.624402],[-99.677739,35.624385],[-99.678049,35.609882],[-99.695638,35.609904]]]}},{"type":"Feature","properties":{"county":"Roger Mills","applicant":"CRAWLEY PETROLEUM","legal":"36-14N-24W-IM","section":"36","township":"14N","range":"24W","cause_number":"2024000391","order_number":"741796"},"geometry":{"type":"Polygon","coordinates":[[[-99.71319,35.638908],[-99.713116,35.65332],[-99.695364,35.653252],[-99.695433,35.63887],[-99.71319,35.638908]]]}},{"type":"Feature","properties":{"county":"Roger Mills","applicant":"CRAWLEY PETROLEUM","legal":"01-13N-24W-IM","section":"01","township":"13N","range":"24W","cause_number":"2024000391","order_number":"741796"},"geometry":{"type":"Polygon","coordinates":[[[-99.713385,35.624486],[-99.71319,35.63891],[-99.695433,35.638871],[-99.695515,35.6244],[-99.713385,35.624486]]]}},{"type":"Feature","properties":{"county":"Roger Mills","applicant":"MEWBOURNE","legal":"30-13N-23W-IM","section":"30","township":"13N","range":"23W","cause_number":"2024000905","order_number":"741914"},"geometry":{"type":"Polygon","coordinates":[[[-99.695945,35.566552],[-99.695845,35.581016],[-99.678087,35.580975],[-99.678182,35.566518],[-99.695945,35.566552]]]}},{"type":"Feature","properties":{"county":"Roger Mills","applicant":"MEWBOURNE","legal":"19-13N-23W-IM","section":"19","township":"13N","range":"23W","cause_number":"2024000905","order_number":"741914"},"geometry":{"type":"Polygon","coordinates":[[[-99.695845,35.581014],[-99.695734,35.595435],[-99.678035,35.595429],[-99.678087,35.580973],[-99.695845,35.581014]]]}},{"type":"Feature","properties":{"county":"Custer","applicant":"DEVON ENERGY","legal":"25-13N-20W-IM","section":"25","township":"13N","range":"20W","cause_number":"2023003102","order_number":"741906"},"geometry":{"type":"Polygon","coordinates":[[[-99.288498,35.580612],[-99.270703,35.580628],[-99.270725,35.56621],[-99.288606,35.56612],[-99.288498,35.580612]]]}},{"type":"Feature","properties":{"county":"Custer","applicant":"DEVON ENERGY","legal":"24-13N-20W-IM","section":"24","township":"13N","range":"20W","cause_number":"2023003102","order_number":"741906"},"geometry":{"type":"Polygon","coordinates":[[[-99.288498,35.58061],[-99.288354,35.595117],[-99.270708,35.595132],[-99.270704,35.580626],[-99.288498,35.58061]]]}},{"type":"Feature","properties":{"county":"Custer","applicant":"DEVON ENERGY","legal":"09-13N-20W-IM","section":"09","township":"13N","range":"20W","cause_number":"2024001503"},"geometry":{"type":"Polygon","coordinates":[[[-99.341557,35.609732],[-99.341524,35.624257],[-99.323754,35.624254],[-99.323795,35.609736],[-99.341557,35.609732]]]}},{"type":"Feature","properties":{"county":"Custer","applicant":"DEVON ENERGY","legal":"04-13N-20W-IM","section":"04","township":"13N","range":"20W","cause_number":"2024001503"},"geometry":{"type":"Polygon","coordinates":[[[-99.341525,35.624255],[-99.341526,35.638755],[-99.323758,35.638768],[-99.323754,35.624253],[-99.341525,35.624255]]]}},{"type":"Feature","properties":{"county":"Custer","applicant":"DEVON ENERGY","legal":"21-14N-20W-IM","section":"21","township":"14N","range":"20W","cause_number":"2024000436","order_number":"742192"},"geometry":{"type":"Polygon","coordinates":[[[-99.341335,35.667832],[-99.341302,35.682352],[-99.323471,35.68226],[-99.323484,35.667773],[-99.341335,35.667832]]]}},{"type":"Feature","properties":{"county":"Custer","applicant":"DEVON ENERGY","legal":"16-14N-20W-IM","section":"16","township":"14N","range":"20W","cause_number":"2024000436","order_number":"742192"},"geometry":{"type":"Polygon","coordinates":[[[-99.341301,35.68235],[-99.341279,35.696917],[-99.323461,35.696746],[-99.323471,35.682258],[-99.341301,35.68235]]]}},{"type":"Feature","properties":{"county":"Custer","applicant":"MEWBOURNE","legal":"16-14N-20W-IM","section":"16","township":"14N","range":"20W","cause_number":"2024000330","order_number":"742192"},"geometry":{"type":"Polygon","coordinates":[[[-99.341301,35.68235],[-99.341279,35.696917],[-99.323461,35.696746],[-99.323471,35.682258],[-99.341301,35.68235]]]}},{"type":"Feature","properties":{"county":"Custer","applicant":"MEWBOURNE","legal":"09-14N-20W-IM","section":"09","township":"14N","range":"20W","cause_number":"2024000330","order_number":"742192"},"geometry":{"type":"Polygon","coordinates":[[[-99.341278,35.696915],[-99.341193,35.711298],[-99.323435,35.711186],[-99.323461,35.696744],[-99.341278,35.696915]]]}},{"type":"Feature","properties":{"county":"Custer","applicant":"MEWBOURNE","legal":"16-14N-20W-IM","section":"16","township":"14N","range":"20W","cause_number":"2024000329","order_number":"742192"},"geometry":{"type":"Polygon","coordinates":[[[-99.341301,35.68235],[-99.341279,35.696917],[-99.323461,35.696746],[-99.323471,35.682258],[-99.341301,35.68235]]]}},{"type":"Feature","properties":{"county":"Custer","applicant":"MEWBOURNE","legal":"09-14N-20W-IM","section":"09","township":"14N","range":"20W","cause_number":"2024000329","order_number":"742192"},"geometry":{"type":"Polygon","coordinates":[[[-99.341278,35.696915],[-99.341193,35.711298],[-99.323435,35.711186],[-99.323461,35.696744],[-99.341278,35.696915]]]}},{"type":"Feature","properties":{"county":"Custer","applicant":"NADEL & GUSSMAN","legal":"15-13N-19W-IM","section":"15","township":"13N","range":"19W","cause_number":"2023002969","order_number":"742236"},"geometry":{"type":"Polygon","coordinates":[[[-99.217308,35.595203],[-99.217341,35.609707],[-99.199697,35.609674],[-99.199681,35.595199],[-99.217308,35.595203]]]}},{"type":"Feature","properties":{"county":"Custer","applicant":"NADEL & GUSSMAN","legal":"10-13N-19W-IM","section":"10","township":"13N","range":"19W","cause_number":"2023002969","order_number":"742236"},"geometry":{"type":"Polygon","coordinates":[[[-99.21734,35.609705],[-99.217382,35.624237],[-99.19968,35.624197],[-99.199696,35.609673],[-99.21734,35.609705]]]}},{"type":"Feature","properties":{"county":"Custer","applicant":"MEWBOURNE","legal":"08-13N-17W-IM","section":"08","township":"13N","range":"17W","cause_number":"2024001279","order_number":"742403"},"geometry":{"type":"Polygon","coordinates":[[[-99.039908,35.609523],[-99.0399,35.624012],[-99.02217,35.623987],[-99.022166,35.609485],[-99.039908,35.609523]]]}},{"type":"Feature","properties":{"county":"Custer","applicant":"MEWBOURNE","legal":"05-13N-17W-IM","section":"05","township":"13N","range":"17W","cause_number":"2024001279","order_number":"742403"},"geometry":{"type":"Polygon","coordinates":[[[-99.039901,35.62401],[-99.039908,35.638567],[-99.022188,35.638568],[-99.02217,35.623985],[-99.039901,35.62401]]]}},{"type":"Feature","properties":{"county":"Roger Mills","applicant":"MEWBOURNE","legal":"10-12N-21W-IM","section":"10","township":"12N","range":"21W","cause_number":"2024001276","order_number":"742400"},"geometry":{"type":"Polygon","coordinates":[[[-99.417291,35.523425],[-99.417324,35.537928],[-99.399534,35.537915],[-99.399551,35.523407],[-99.417291,35.523425]]]}},{"type":"Feature","properties":{"county":"Roger Mills","applicant":"MEWBOURNE","legal":"03-12N-21W-IM","section":"03","township":"12N","range":"21W","cause_number":"2024001276","order_number":"742400"},"geometry":{"type":"Polygon","coordinates":[[[-99.417323,35.537926],[-99.41736,35.551784],[-99.399523,35.551775],[-99.399534,35.537914],[-99.417323,35.537926]]]}},{"type":"Feature","properties":{"county":"Roger Mills","applicant":"CRAWLEY PETROLEUM","legal":"31-14N-23W-IM","section":"31","township":"14N","range":"23W","cause_number":"2024000924","order_number":"742386"},"geometry":{"type":"Polygon","coordinates":[[[-99.695435,35.63887],[-99.695366,35.653253],[-99.677429,35.653349],[-99.677565,35.638859],[-99.695435,35.63887]]]}},{"type":"Feature","properties":{"county":"Roger Mills","applicant":"CRAWLEY PETROLEUM","legal":"06-13N-23W-IM","section":"06","township":"13N","range":"23W","cause_number":"2024000924","order_number":"742386"},"geometry":{"type":"Polygon","coordinates":[[[-99.695517,35.6244],[-99.695434,35.638872],[-99.677564,35.638861],[-99.67774,35.624383],[-99.695517,35.6244]]]}},{"type":"Feature","properties":{"county":"Custer","applicant":"MEWBOURNE","legal":"12-13N-17W-IM","section":"12","township":"13N","range":"17W","cause_number":"2023000319","order_number":"742421"},"geometry":{"type":"Polygon","coordinates":[[[-98.969032,35.609474],[-98.969016,35.624003],[-98.951291,35.624049],[-98.951319,35.609546],[-98.969032,35.609474]]]}},{"type":"Feature","properties":{"county":"Custer","applicant":"MEWBOURNE","legal":"01-13N-17W-IM","section":"01","township":"13N","range":"17W","cause_number":"2023000319","order_number":"742421"},"geometry":{"type":"Polygon","coordinates":[[[-98.969015,35.624001],[-98.969024,35.638585],[-98.951287,35.638536],[-98.951292,35.624047],[-98.969015,35.624001]]]}},{"type":"Feature","properties":{"county":"Custer","applicant":"DEVON ENERGY","legal":"31-14N-20W-IM","section":"31","township":"14N","range":"20W","cause_number":"2024001918"},"geometry":{"type":"Polygon","coordinates":[[[-99.37694,35.638891],[-99.37693,35.653321],[-99.35929,35.653299],[-99.359259,35.638787],[-99.37694,35.638891]]]}},{"type":"Feature","properties":{"county":"Custer","applicant":"DEVON ENERGY","legal":"30-14N-20W-IM","section":"30","township":"14N","range":"20W","cause_number":"2024001918"},"geometry":{"type":"Polygon","coordinates":[[[-99.37693,35.653319],[-99.376868,35.667811],[-99.35919,35.667809],[-99.35929,35.653297],[-99.37693,35.653319]]]}},{"type":"Feature","properties":{"county":"Custer","applicant":"DEVON ENERGY","legal":"33-13N-20W-IM","section":"33","township":"13N","range":"20W","cause_number":"2024002124"},"geometry":{"type":"Polygon","coordinates":[[[-99.341659,35.551706],[-99.341647,35.566193],[-99.323894,35.566198],[-99.323927,35.551676],[-99.341659,35.551706]]]}},{"type":"Feature","properties":{"county":"Custer","applicant":"DEVON ENERGY","legal":"28-13N-20W-IM","section":"28","township":"13N","range":"20W","cause_number":"2024002124"},"geometry":{"type":"Polygon","coordinates":[[[-99.341648,35.566191],[-99.341617,35.580702],[-99.323857,35.580707],[-99.323894,35.566196],[-99.341648,35.566191]]]}},{"type":"Feature","properties":{"county":"Caddo","applicant":"STAGHORN","legal":"33-11N-12W-IM","section":"33","township":"11N","range":"12W","cause_number":"2023001070","order_number":"742867"},"geometry":{"type":"Polygon","coordinates":[[[-98.482753,35.37732],[-98.482737,35.391807],[-98.4651,35.391803],[-98.465089,35.377327],[-98.482753,35.37732]]]}},{"type":"Feature","properties":{"county":"Caddo","applicant":"STAGHORN","legal":"28-11N-12W-IM","section":"28","township":"11N","range":"12W","cause_number":"2023001070","order_number":"742867"},"geometry":{"type":"Polygon","coordinates":[[[-98.482736,35.391805],[-98.482759,35.40626],[-98.465099,35.406281],[-98.465099,35.391801],[-98.482736,35.391805]]]}},{"type":"Feature","properties":{"county":"Caddo","applicant":"STAGHORN","legal":"33-11N-12W-IM","section":"33","township":"11N","range":"12W","cause_number":"2023001068","order_number":"743050"},"geometry":{"type":"Polygon","coordinates":[[[-98.482753,35.37732],[-98.482737,35.391807],[-98.4651,35.391803],[-98.465089,35.377327],[-98.482753,35.37732]]]}},{"type":"Feature","properties":{"county":"Caddo","applicant":"STAGHORN","legal":"28-11N-12W-IM","section":"28","township":"11N","range":"12W","cause_number":"2023001068","order_number":"743050"},"geometry":{"type":"Polygon","coordinates":[[[-98.482736,35.391805],[-98.482759,35.40626],[-98.465099,35.406281],[-98.465099,35.391801],[-98.482736,35.391805]]]}},{"type":"Feature","properties":{"county":"Custer","applicant":"DEVON ENERGY","legal":"21-14N-20W-IM","section":"21","township":"14N","range":"20W","cause_number":"2024001391","order_number":"743150"},"geometry":{"type":"Polygon","coordinates":[[[-99.341335,35.667832],[-99.341302,35.682352],[-99.323471,35.68226],[-99.323484,35.667773],[-99.341335,35.667832]]]}},{"type":"Feature","properties":{"county":"Custer","applicant":"DEVON ENERGY","legal":"16-14N-20W-IM","section":"16","township":"14N","range":"20W","cause_number":"2024001391","order_number":"743150"},"geometry":{"type":"Polygon","coordinates":[[[-99.341301,35.68235],[-99.341279,35.696917],[-99.323461,35.696746],[-99.323471,35.682258],[-99.341301,35.68235]]]}},{"type":"Feature","properties":{"county":"Custer","applicant":"DEVON ENERGY","legal":"09-14N-20W-IM","section":"09","township":"14N","range":"20W","cause_number":"2024001391","order_number":"743150"},"geometry":{"type":"Polygon","coordinates":[[[-99.341278,35.696915],[-99.341193,35.711298],[-99.323435,35.711186],[-99.323461,35.696744],[-99.341278,35.696915]]]}},{"type":"Feature","properties":{"county":"Custer","applicant":"DEVON ENERGY","legal":"21-14N-20W-IM","section":"21","township":"14N","range":"20W","cause_number":"2024000436","order_number":"743150"},"geometry":{"type":"Polygon","coordinates":[[[-99.341335,35.667832],[-99.341302,35.682352],[-99.323471,35.68226],[-99.323484,35.667773],[-99.341335,35.667832]]]}},{"type":"Feature","properties":{"county":"Custer","applicant":"DEVON ENERGY","legal":"16-14N-20W-IM","section":"16","township":"14N","range":"20W","cause_number":"2024000436","order_number":"743150"},"geometry":{"type":"Polygon","coordinates":[[[-99.341301,35.68235],[-99.341279,35.696917],[-99.323461,35.696746],[-99.323471,35.682258],[-99.341301,35.68235]]]}},{"type":"Feature","properties":{"county":"Custer","applicant":"MEWBOURNE","legal":"16-14N-20W-IM","section":"16","township":"14N","range":"20W","cause_number":"2024000330","order_number":"743150"},"geometry":{"type":"Polygon","coordinates":[[[-99.341301,35.68235],[-99.341279,35.696917],[-99.323461,35.696746],[-99.323471,35.682258],[-99.341301,35.68235]]]}},{"type":"Feature","properties":{"county":"Custer","applicant":"MEWBOURNE","legal":"09-14N-20W-IM","section":"09","township":"14N","range":"20W","cause_number":"2024000330","order_number":"743150"},"geometry":{"type":"Polygon","coordinates":[[[-99.341278,35.696915],[-99.341193,35.711298],[-99.323435,35.711186],[-99.323461,35.696744],[-99.341278,35.696915]]]}},{"type":"Feature","properties":{"county":"Custer","applicant":"MEWBOURNE","legal":"16-14N-20W-IM","section":"16","township":"14N","range":"20W","cause_number":"2024000329","order_number":"743150"},"geometry":{"type":"Polygon","coordinates":[[[-99.341301,35.68235],[-99.341279,35.696917],[-99.323461,35.696746],[-99.323471,35.682258],[-99.341301,35.68235]]]}},{"type":"Feature","properties":{"county":"Custer","applicant":"MEWBOURNE","legal":"09-14N-20W-IM","section":"09","township":"14N","range":"20W","cause_number":"2024000329","order_number":"743150"},"geometry":{"type":"Polygon","coordinates":[[[-99.341278,35.696915],[-99.341193,35.711298],[-99.323435,35.711186],[-99.323461,35.696744],[-99.341278,35.696915]]]}},{"type":"Feature","properties":{"county":"Custer","applicant":"DEVON ENERGY","legal":"20-13N-20W-IM","section":"20","township":"13N","range":"20W","cause_number":"2024002365"},"geometry":{"type":"Polygon","coordinates":[[[-99.359338,35.580734],[-99.359333,35.595266],[-99.3416,35.59522],[-99.341615,35.5807],[-99.359338,35.580734]]]}},{"type":"Feature","properties":{"county":"Custer","applicant":"DEVON ENERGY","legal":"17-13N-20W-IM","section":"17","township":"13N","range":"20W","cause_number":"2024002365"},"geometry":{"type":"Polygon","coordinates":[[[-99.359333,35.595264],[-99.359354,35.609793],[-99.341556,35.609734],[-99.3416,35.595218],[-99.359333,35.595264]]]}},{"type":"Feature","properties":{"county":"Custer","applicant":"DEVON ENERGY","legal":"08-13N-20W-IM","section":"08","township":"13N","range":"20W","cause_number":"2024002365"},"geometry":{"type":"Polygon","coordinates":[[[-99.359355,35.609791],[-99.359368,35.624309],[-99.341523,35.624257],[-99.341556,35.609732],[-99.359355,35.609791]]]}},{"type":"Feature","properties":{"county":"Custer","applicant":"DEVON ENERGY","legal":"35-14N-20W-IM","section":"35","township":"14N","range":"20W","cause_number":"2023002840","order_number":"743185"},"geometry":{"type":"Polygon","coordinates":[[[-99.305937,35.638711],[-99.30588,35.653133],[-99.288208,35.653092],[-99.28819,35.638704],[-99.305937,35.638711]]]}},{"type":"Feature","properties":{"county":"Custer","applicant":"DEVON ENERGY","legal":"26-14N-20W-IM","section":"26","township":"14N","range":"20W","cause_number":"2023002840","order_number":"743185"},"geometry":{"type":"Polygon","coordinates":[[[-99.305881,35.653131],[-99.305737,35.667686],[-99.287959,35.667576],[-99.288208,35.65309],[-99.305881,35.653131]]]}},{"type":"Feature","properties":{"county":"Roger Mills","applicant":"MEWBOURNE","legal":"10-13N-21W-IM","section":"10","township":"13N","range":"21W","cause_number":"2024001589","order_number":"743239"},"geometry":{"type":"Polygon","coordinates":[[[-99.430157,35.609847],[-99.4301,35.624337],[-99.412365,35.62436],[-99.412387,35.609829],[-99.430157,35.609847]]]}},{"type":"Feature","properties":{"county":"Roger Mills","applicant":"MEWBOURNE","legal":"03-13N-21W-IM","section":"03","township":"13N","range":"21W","cause_number":"2024001589","order_number":"743239"},"geometry":{"type":"Polygon","coordinates":[[[-99.430101,35.624335],[-99.430113,35.638838],[-99.412371,35.638829],[-99.412365,35.624358],[-99.430101,35.624335]]]}},{"type":"Feature","properties":{"county":"Roger Mills","applicant":"MEWBOURNE","legal":"11-12N-21W-IM","section":"11","township":"12N","range":"21W","cause_number":"2024001579","order_number":"743235"},"geometry":{"type":"Polygon","coordinates":[[[-99.399553,35.523407],[-99.399536,35.537915],[-99.381809,35.537923],[-99.381845,35.523393],[-99.399553,35.523407]]]}},{"type":"Feature","properties":{"county":"Roger Mills","applicant":"MEWBOURNE","legal":"02-12N-21W-IM","section":"02","township":"12N","range":"21W","cause_number":"2024001579","order_number":"743235"},"geometry":{"type":"Polygon","coordinates":[[[-99.399536,35.537913],[-99.399525,35.551775],[-99.381791,35.55176],[-99.381809,35.537922],[-99.399536,35.537913]]]}},{"type":"Feature","properties":{"county":"Custer","applicant":"DEVON ENERGY","legal":"22-15N-20W-IM","section":"22","township":"15N","range":"20W","cause_number":"2024001377","order_number":"743233"},"geometry":{"type":"Polygon","coordinates":[[[-99.323313,35.754566],[-99.323204,35.769027],[-99.305578,35.769002],[-99.305634,35.754531],[-99.323313,35.754566]]]}},{"type":"Feature","properties":{"county":"Custer","applicant":"DEVON ENERGY","legal":"15-15N-20W-IM","section":"15","township":"15N","range":"20W","cause_number":"2024001377","order_number":"743233"},"geometry":{"type":"Polygon","coordinates":[[[-99.323204,35.769025],[-99.323112,35.783471],[-99.305495,35.783441],[-99.305578,35.769],[-99.323204,35.769025]]]}},{"type":"Feature","properties":{"county":"Custer","applicant":"DEVON ENERGY","legal":"23-15N-20W-IM","section":"23","township":"15N","range":"20W","cause_number":"2024000190","order_number":"743226"},"geometry":{"type":"Polygon","coordinates":[[[-99.305636,35.754531],[-99.30558,35.769002],[-99.287915,35.768921],[-99.287962,35.754443],[-99.305636,35.754531]]]}},{"type":"Feature","properties":{"county":"Custer","applicant":"DEVON ENERGY","legal":"14-15N-20W-IM","section":"14","township":"15N","range":"20W","cause_number":"2024000190","order_number":"743226"},"geometry":{"type":"Polygon","coordinates":[[[-99.30558,35.769],[-99.305497,35.783441],[-99.287812,35.783387],[-99.287914,35.768919],[-99.30558,35.769]]]}},{"type":"Feature","properties":{"county":"Custer","applicant":"DEVON ENERGY","legal":"26-15N-20W-IM","section":"26","township":"15N","range":"20W","cause_number":"2024001905","order_number":"743468"},"geometry":{"type":"Polygon","coordinates":[[[-99.305686,35.740043],[-99.305635,35.754533],[-99.287962,35.754445],[-99.288019,35.74],[-99.305686,35.740043]]]}},{"type":"Feature","properties":{"county":"Custer","applicant":"DEVON ENERGY","legal":"23-15N-20W-IM","section":"23","township":"15N","range":"20W","cause_number":"2024001905","order_number":"743468"},"geometry":{"type":"Polygon","coordinates":[[[-99.305636,35.754531],[-99.30558,35.769002],[-99.287915,35.768921],[-99.287962,35.754443],[-99.305636,35.754531]]]}},{"type":"Feature","properties":{"county":"Roger Mills","applicant":"MEWBOURNE","legal":"12-12N-21W-IM","section":"12","township":"12N","range":"21W","cause_number":"2024001531","order_number":"743456"},"geometry":{"type":"Polygon","coordinates":[[[-99.381847,35.523393],[-99.381811,35.537923],[-99.364111,35.537861],[-99.364122,35.523368],[-99.381847,35.523393]]]}},{"type":"Feature","properties":{"county":"Roger Mills","applicant":"MEWBOURNE","legal":"01-12N-21W-IM","section":"01","township":"12N","range":"21W","cause_number":"2024001531","order_number":"743456"},"geometry":{"type":"Polygon","coordinates":[[[-99.381811,35.537921],[-99.381792,35.55176],[-99.364106,35.551747],[-99.364111,35.537859],[-99.381811,35.537921]]]}},{"type":"Feature","properties":{"county":"Roger Mills","applicant":"MEWBOURNE","legal":"24-15N-21W-IM","section":"24","township":"15N","range":"21W","cause_number":"2024000586","order_number":"743484"},"geometry":{"type":"Polygon","coordinates":[[[-99.394137,35.75452],[-99.394001,35.768951],[-99.376208,35.768805],[-99.376355,35.754377],[-99.394137,35.75452]]]}},{"type":"Feature","properties":{"county":"Custer","applicant":"MEWBOURNE","legal":"10-15N-20W-IM","section":"10","township":"15N","range":"20W","cause_number":"2024000132","order_number":"743483"},"geometry":{"type":"Polygon","coordinates":[[[-99.323113,35.783469],[-99.323052,35.79791],[-99.305389,35.797882],[-99.305495,35.783439],[-99.323113,35.783469]]]}},{"type":"Feature","properties":{"county":"Custer","applicant":"MEWBOURNE","legal":"03-15N-20W-IM","section":"03","township":"15N","range":"20W","cause_number":"2024000132","order_number":"743483"},"geometry":{"type":"Polygon","coordinates":[[[-99.323052,35.797908],[-99.323181,35.812195],[-99.305415,35.812228],[-99.305389,35.797881],[-99.323052,35.797908]]]}},{"type":"Feature","properties":{"county":"Custer","applicant":"NADEL & GUSSMAN","legal":"01-13N-20W-IM","section":"01","township":"13N","range":"20W","cause_number":"2024002078","order_number":"743527"},"geometry":{"type":"Polygon","coordinates":[[[-99.288192,35.638706],[-99.270455,35.638694],[-99.270552,35.624213],[-99.288319,35.624175],[-99.288192,35.638706]]]}},{"type":"Feature","properties":{"county":"Custer","applicant":"MEWBOURNE","legal":"17-15N-20W-IM","section":"17","township":"15N","range":"20W","cause_number":"2024001102","order_number":"743590"},"geometry":{"type":"Polygon","coordinates":[[[-99.358849,35.768959],[-99.358774,35.783325],[-99.34088,35.783388],[-99.340957,35.769038],[-99.358849,35.768959]]]}},{"type":"Feature","properties":{"county":"Custer","applicant":"MEWBOURNE","legal":"08-15N-20W-IM","section":"08","township":"15N","range":"20W","cause_number":"2024001102","order_number":"743590"},"geometry":{"type":"Polygon","coordinates":[[[-99.358775,35.783323],[-99.358686,35.797738],[-99.340844,35.797857],[-99.34088,35.783386],[-99.358775,35.783323]]]}},{"type":"Feature","properties":{"county":"Custer","applicant":"DEVON ENERGY","legal":"31-13N-20W-IM","section":"31","township":"13N","range":"20W","cause_number":"2024002560"},"geometry":{"type":"Polygon","coordinates":[[[-99.37712,35.551754],[-99.377073,35.566269],[-99.359349,35.566221],[-99.359392,35.551738],[-99.37712,35.551754]]]}},{"type":"Feature","properties":{"county":"Custer","applicant":"DEVON ENERGY","legal":"30-13N-20W-IM","section":"30","township":"13N","range":"20W","cause_number":"2024002560"},"geometry":{"type":"Polygon","coordinates":[[[-99.377072,35.566267],[-99.377036,35.580787],[-99.359336,35.580736],[-99.359349,35.566219],[-99.377072,35.566267]]]}},{"type":"Feature","properties":{"county":"Custer","applicant":"MEWBOURNE","legal":"08-12N-19W-IM","section":"08","township":"12N","range":"19W","cause_number":"2024002051","order_number":"743602"},"geometry":{"type":"Polygon","coordinates":[[[-99.241025,35.523355],[-99.241005,35.537833],[-99.223303,35.537787],[-99.223314,35.523314],[-99.241025,35.523355]]]}},{"type":"Feature","properties":{"county":"Custer","applicant":"MEWBOURNE","legal":"05-12N-19W-IM","section":"05","township":"12N","range":"19W","cause_number":"2024002051","order_number":"743602"},"geometry":{"type":"Polygon","coordinates":[[[-99.241004,35.537831],[-99.241033,35.5516],[-99.223273,35.551622],[-99.223303,35.537785],[-99.241004,35.537831]]]}},{"type":"Feature","properties":{"county":"Custer","applicant":"NADEL & GUSSMAN","legal":"12-13N-20W-IM","section":"12","township":"13N","range":"20W","cause_number":"2024002080","order_number":"743632"},"geometry":{"type":"Polygon","coordinates":[[[-99.288319,35.624177],[-99.270552,35.624215],[-99.270663,35.609667],[-99.28836,35.609649],[-99.288319,35.624177]]]}},{"type":"Feature","properties":{"county":"Custer","applicant":"NADEL & GUSSMAN","legal":"13-13N-20W-IM","section":"13","township":"13N","range":"20W","cause_number":"2024002082","order_number":"743732"},"geometry":{"type":"Polygon","coordinates":[[[-99.28836,35.60965],[-99.270663,35.609669],[-99.270708,35.59513],[-99.288354,35.595115],[-99.28836,35.60965]]]}},{"type":"Feature","properties":{"county":"Custer","applicant":"MEWBOURNE","legal":"14-15N-20W-IM","section":"14","township":"15N","range":"20W","cause_number":"2024000137","order_number":"743759"},"geometry":{"type":"Polygon","coordinates":[[[-99.30558,35.769],[-99.305497,35.783441],[-99.287812,35.783387],[-99.287914,35.768919],[-99.30558,35.769]]]}},{"type":"Feature","properties":{"county":"Custer","applicant":"MEWBOURNE","legal":"11-15N-20W-IM","section":"11","township":"15N","range":"20W","cause_number":"2024000137","order_number":"743759"},"geometry":{"type":"Polygon","coordinates":[[[-99.305497,35.783439],[-99.305391,35.797882],[-99.28773,35.797845],[-99.287812,35.783385],[-99.305497,35.783439]]]}},{"type":"Feature","properties":{"county":"Custer","applicant":"MEWBOURNE","legal":"13-15N-20W-IM","section":"13","township":"15N","range":"20W","cause_number":"2024000129","order_number":"743756"},"geometry":{"type":"Polygon","coordinates":[[[-99.287916,35.768919],[-99.287814,35.783387],[-99.270173,35.783393],[-99.270233,35.768944],[-99.287916,35.768919]]]}},{"type":"Feature","properties":{"county":"Custer","applicant":"MEWBOURNE","legal":"12-15N-20W-IM","section":"12","township":"15N","range":"20W","cause_number":"2024000129","order_number":"743756"},"geometry":{"type":"Polygon","coordinates":[[[-99.287814,35.783385],[-99.287731,35.797846],[-99.27013,35.797854],[-99.270173,35.783392],[-99.287814,35.783385]]]}},{"type":"Feature","properties":{"county":"Roger Mills","applicant":"MEWBOURNE","legal":"24-15N-21W-IM","section":"24","township":"15N","range":"21W","cause_number":"2024000587","order_number":"743956"},"geometry":{"type":"Polygon","coordinates":[[[-99.394137,35.75452],[-99.394001,35.768951],[-99.376208,35.768805],[-99.376355,35.754377],[-99.394137,35.75452]]]}},{"type":"Feature","properties":{"county":"Roger Mills","applicant":"MEWBOURNE","legal":"13-15N-21W-IM","section":"13","township":"15N","range":"21W","cause_number":"2024000587","order_number":"743956"},"geometry":{"type":"Polygon","coordinates":[[[-99.394001,35.768949],[-99.393857,35.783391],[-99.376061,35.783231],[-99.376209,35.768803],[-99.394001,35.768949]]]}},{"type":"Feature","properties":{"county":"Custer","applicant":"NADEL & GUSSMAN","legal":"12-13N-20W-IM","section":"12","township":"13N","range":"20W","cause_number":"2024002084","order_number":"743990"},"geometry":{"type":"Polygon","coordinates":[[[-99.288319,35.624177],[-99.270552,35.624215],[-99.270663,35.609667],[-99.28836,35.609649],[-99.288319,35.624177]]]}},{"type":"Feature","properties":{"county":"Custer","applicant":"NADEL & GUSSMAN","legal":"01-13N-20W-IM","section":"01","township":"13N","range":"20W","cause_number":"2024002084","order_number":"743990"},"geometry":{"type":"Polygon","coordinates":[[[-99.288192,35.638706],[-99.270455,35.638694],[-99.270552,35.624213],[-99.288319,35.624175],[-99.288192,35.638706]]]}},{"type":"Feature","properties":{"county":"Custer","applicant":"MEWBOURNE","legal":"09-12N-20W-IM","section":"09","township":"12N","range":"20W","cause_number":"2024002356","order_number":"744112"},"geometry":{"type":"Polygon","coordinates":[[[-99.329073,35.52338],[-99.329084,35.537893],[-99.311315,35.537905],[-99.311328,35.523369],[-99.329073,35.52338]]]}},{"type":"Feature","properties":{"county":"Custer","applicant":"MEWBOURNE","legal":"04-12N-20W-IM","section":"04","township":"12N","range":"20W","cause_number":"2024002356","order_number":"744112"},"geometry":{"type":"Polygon","coordinates":[[[-99.329084,35.537891],[-99.329091,35.551689],[-99.31131,35.551656],[-99.311315,35.537904],[-99.329084,35.537891]]]}},{"type":"Feature","properties":{"county":"Custer","applicant":"NADEL & GUSSMAN","legal":"13-13N-20W-IM","section":"13","township":"13N","range":"20W","cause_number":"2024002085","order_number":"744101"},"geometry":{"type":"Polygon","coordinates":[[[-99.28836,35.60965],[-99.270663,35.609669],[-99.270708,35.59513],[-99.288354,35.595115],[-99.28836,35.60965]]]}},{"type":"Feature","properties":{"county":"Custer","applicant":"NADEL & GUSSMAN","legal":"12-13N-20W-IM","section":"12","township":"13N","range":"20W","cause_number":"2024002085","order_number":"744101"},"geometry":{"type":"Polygon","coordinates":[[[-99.288319,35.624177],[-99.270552,35.624215],[-99.270663,35.609667],[-99.28836,35.609649],[-99.288319,35.624177]]]}},{"type":"Feature","properties":{"county":"Roger Mills","applicant":"MEWBOURNE","legal":"14-13N-21W-IM","section":"14","township":"13N","range":"21W","cause_number":"2024000973","order_number":"744146"},"geometry":{"type":"Polygon","coordinates":[[[-99.412413,35.595311],[-99.412389,35.609831],[-99.394694,35.609851],[-99.394706,35.595319],[-99.412413,35.595311]]]}},{"type":"Feature","properties":{"county":"Roger Mills","applicant":"MEWBOURNE","legal":"11-13N-21W-IM","section":"11","township":"13N","range":"21W","cause_number":"2024000973","order_number":"744146"},"geometry":{"type":"Polygon","coordinates":[[[-99.412389,35.609829],[-99.412367,35.62436],[-99.394704,35.624397],[-99.394694,35.609849],[-99.412389,35.609829]]]}},{"type":"Feature","properties":{"county":"Roger Mills","applicant":"UPLAND EXPLORATION OKLAHOMA LLC; UPLAND OPERATING LLC","legal":"33-13N-23W-IM","section":"33","township":"13N","range":"23W","cause_number":"2024002888"},"geometry":{"type":"Polygon","coordinates":[[[-99.660497,35.552036],[-99.660421,35.566494],[-99.642629,35.5665],[-99.642713,35.551998],[-99.660497,35.552036]]]}},{"type":"Feature","properties":{"county":"Roger Mills","applicant":"UPLAND EXPLORATION OKLAHOMA LLC; UPLAND OPERATING LLC","legal":"28-13N-23W-IM","section":"28","township":"13N","range":"23W","cause_number":"2024002888"},"geometry":{"type":"Polygon","coordinates":[[[-99.660421,35.566492],[-99.660345,35.580951],[-99.642546,35.580965],[-99.64263,35.566498],[-99.660421,35.566492]]]}},{"type":"Feature","properties":{"county":"Roger Mills","applicant":"UPLAND EXPLORATION OKLAHOMA LLC; UPLAND OPERATING LLC","legal":"21-13N-23W-IM","section":"21","township":"13N","range":"23W","cause_number":"2024002888"},"geometry":{"type":"Polygon","coordinates":[[[-99.660346,35.580949],[-99.66027,35.595407],[-99.642447,35.595416],[-99.642546,35.580963],[-99.660346,35.580949]]]}},{"type":"Feature","properties":{"county":"Roger Mills","applicant":"UPLAND EXPLORATION OKLAHOMA LLC; UPLAND OPERATING LLC","legal":"32-13N-21W-IM","section":"32","township":"13N","range":"21W","cause_number":"2024002939"},"geometry":{"type":"Polygon","coordinates":[[[-99.465733,35.551793],[-99.46573,35.566302],[-99.447975,35.566319],[-99.448004,35.551814],[-99.465733,35.551793]]]}},{"type":"Feature","properties":{"county":"Roger Mills","applicant":"UPLAND EXPLORATION OKLAHOMA LLC; UPLAND OPERATING LLC","legal":"29-13N-21W-IM","section":"29","township":"13N","range":"21W","cause_number":"2024002939"},"geometry":{"type":"Polygon","coordinates":[[[-99.46573,35.5663],[-99.465709,35.58081],[-99.447956,35.580827],[-99.447975,35.566317],[-99.46573,35.5663]]]}},{"type":"Feature","properties":{"county":"Roger Mills","applicant":"UPLAND EXPLORATION OKLAHOMA LLC; UPLAND OPERATING LLC","legal":"20-13N-21W-IM","section":"20","township":"13N","range":"21W","cause_number":"2024002939"},"geometry":{"type":"Polygon","coordinates":[[[-99.46571,35.580808],[-99.465676,35.595308],[-99.447927,35.595327],[-99.447956,35.580825],[-99.46571,35.580808]]]}},{"type":"Feature","properties":{"county":"Roger Mills","applicant":"UPLAND EXPLORATION OKLAHOMA LLC; UPLAND OPERATING LLC","legal":"32-13N-23W-IM","section":"32","township":"13N","range":"23W","cause_number":"2024003016"},"geometry":{"type":"Polygon","coordinates":[[[-99.678254,35.552064],[-99.678183,35.56652],[-99.660419,35.566494],[-99.660495,35.552036],[-99.678254,35.552064]]]}},{"type":"Feature","properties":{"county":"Roger Mills","applicant":"UPLAND EXPLORATION OKLAHOMA LLC; UPLAND OPERATING LLC","legal":"29-13N-23W-IM","section":"29","township":"13N","range":"23W","cause_number":"2024003016"},"geometry":{"type":"Polygon","coordinates":[[[-99.678182,35.566518],[-99.678088,35.580975],[-99.660344,35.580951],[-99.66042,35.566492],[-99.678182,35.566518]]]}},{"type":"Feature","properties":{"county":"Roger Mills","applicant":"UPLAND EXPLORATION OKLAHOMA LLC; UPLAND OPERATING LLC","legal":"20-13N-23W-IM","section":"20","township":"13N","range":"23W","cause_number":"2024003016"},"geometry":{"type":"Polygon","coordinates":[[[-99.678089,35.580973],[-99.678037,35.595429],[-99.660268,35.595407],[-99.660344,35.580949],[-99.678089,35.580973]]]}},{"type":"Feature","properties":{"county":"Roger Mills","applicant":"UPLAND EXPLORATION OKLAHOMA LLC; UPLAND OPERATING LLC","legal":"34-13N-23W-IM","section":"34","township":"13N","range":"23W","cause_number":"2024003093"},"geometry":{"type":"Polygon","coordinates":[[[-99.642715,35.551998],[-99.642631,35.5665],[-99.624868,35.566465],[-99.624958,35.551966],[-99.642715,35.551998]]]}},{"type":"Feature","properties":{"county":"Roger Mills","applicant":"UPLAND EXPLORATION OKLAHOMA LLC; UPLAND OPERATING LLC","legal":"27-13N-23W-IM","section":"27","township":"13N","range":"23W","cause_number":"2024003093"},"geometry":{"type":"Polygon","coordinates":[[[-99.64263,35.566498],[-99.642547,35.580965],[-99.624783,35.580928],[-99.624868,35.566464],[-99.64263,35.566498]]]}},{"type":"Feature","properties":{"county":"Roger Mills","applicant":"UPLAND EXPLORATION OKLAHOMA LLC; UPLAND OPERATING LLC","legal":"22-13N-23W-IM","section":"22","township":"13N","range":"23W","cause_number":"2024003093"},"geometry":{"type":"Polygon","coordinates":[[[-99.642547,35.580963],[-99.642448,35.595417],[-99.624667,35.595392],[-99.624783,35.580926],[-99.642547,35.580963]]]}},{"type":"Feature","properties":{"county":"Custer","applicant":"MEWBOURNE","legal":"07-12N-19W-IM","section":"07","township":"12N","range":"19W","cause_number":"2024002482","order_number":"744748"},"geometry":{"type":"Polygon","coordinates":[[[-99.258137,35.523363],[-99.258114,35.537878],[-99.241003,35.537833],[-99.241024,35.523355],[-99.258137,35.523363]]]}},{"type":"Feature","properties":{"county":"Custer","applicant":"MEWBOURNE","legal":"06-12N-19W-IM","section":"06","township":"12N","range":"19W","cause_number":"2024002482","order_number":"744748"},"geometry":{"type":"Polygon","coordinates":[[[-99.258114,35.537876],[-99.25811,35.551598],[-99.241031,35.5516],[-99.241003,35.537831],[-99.258114,35.537876]]]}},{"type":"Feature","properties":{"county":"Roger Mills","applicant":"MEWBOURNE","legal":"12-13N-23W-IM","section":"12","township":"13N","range":"23W","cause_number":"2024001114","order_number":"744849"},"geometry":{"type":"Polygon","coordinates":[[[-99.606796,35.609874],[-99.606614,35.624324],[-99.588921,35.624333],[-99.589071,35.609851],[-99.606796,35.609874]]]}},{"type":"Feature","properties":{"county":"Roger Mills","applicant":"MEWBOURNE","legal":"01-13N-23W-IM","section":"01","township":"13N","range":"23W","cause_number":"2024001114","order_number":"744849"},"geometry":{"type":"Polygon","coordinates":[[[-99.606615,35.624322],[-99.606527,35.6388],[-99.58883,35.638839],[-99.588921,35.624331],[-99.606615,35.624322]]]}},{"type":"Feature","properties":{"county":"Custer","applicant":"MEWBOURNE","legal":"31-15N-19W-IM","section":"31","township":"15N","range":"19W","cause_number":"2024000607","order_number":"744954"},"geometry":{"type":"Polygon","coordinates":[[[-99.270385,35.725582],[-99.270338,35.74002],[-99.252712,35.740052],[-99.252823,35.725577],[-99.270385,35.725582]]]}},{"type":"Feature","properties":{"county":"Custer","applicant":"CITIZEN ENERGY III","legal":"24-13N-14W-IM","section":"24","township":"13N","range":"14W","cause_number":"2024003323"},"geometry":{"type":"Polygon","coordinates":[[[-98.632127,35.594976],[-98.632154,35.580467],[-98.649898,35.580496],[-98.649917,35.595014],[-98.632127,35.594976]]]}},{"type":"Feature","properties":{"county":"Custer","applicant":"DEVON ENERGY","legal":"07-12N-20W-IM","section":"07","township":"12N","range":"20W","cause_number":"2024003450"},"geometry":{"type":"Polygon","coordinates":[[[-99.364124,35.523368],[-99.364112,35.537861],[-99.346794,35.537894],[-99.346791,35.523411],[-99.364124,35.523368]]]}},{"type":"Feature","properties":{"county":"Custer","applicant":"DEVON ENERGY","legal":"06-12N-20W-IM","section":"06","township":"12N","range":"20W","cause_number":"2024003450"},"geometry":{"type":"Polygon","coordinates":[[[-99.364113,35.537859],[-99.364108,35.551747],[-99.346793,35.551718],[-99.346794,35.537892],[-99.364113,35.537859]]]}},{"type":"Feature","properties":{"county":"Custer","applicant":"MEWBOURNE","legal":"31-15N-19W-IM","section":"31","township":"15N","range":"19W","cause_number":"2024000609","order_number":"745437"},"geometry":{"type":"Polygon","coordinates":[[[-99.270385,35.725582],[-99.270338,35.74002],[-99.252712,35.740052],[-99.252823,35.725577],[-99.270385,35.725582]]]}},{"type":"Feature","properties":{"county":"Custer","applicant":"MEWBOURNE","legal":"30-15N-19W-IM","section":"30","township":"15N","range":"19W","cause_number":"2024000609","order_number":"745437"},"geometry":{"type":"Polygon","coordinates":[[[-99.270339,35.740018],[-99.270286,35.754481],[-99.252626,35.754498],[-99.252712,35.74005],[-99.270339,35.740018]]]}},{"type":"Feature","properties":{"county":"Roger Mills","applicant":"MEWBOURNE","legal":"24-13N-23W-IM","section":"24","township":"13N","range":"23W","cause_number":"2024001116","order_number":"745457"},"geometry":{"type":"Polygon","coordinates":[[[-99.607061,35.580884],[-99.606945,35.595385],[-99.589183,35.595382],[-99.589296,35.580883],[-99.607061,35.580884]]]}},{"type":"Feature","properties":{"county":"Roger Mills","applicant":"MEWBOURNE","legal":"13-13N-23W-IM","section":"13","township":"13N","range":"23W","cause_number":"2024001116","order_number":"745457"},"geometry":{"type":"Polygon","coordinates":[[[-99.606945,35.595383],[-99.606796,35.609876],[-99.589071,35.609852],[-99.589183,35.59538],[-99.606945,35.595383]]]}},{"type":"Feature","properties":{"county":"Custer","applicant":"DUNCAN OIL PROPERTIES; WALTER DUNCAN OIL","legal":"12-14N-19W-IM","section":"12","township":"14N","range":"19W","cause_number":"2024003088","order_number":"745587"},"geometry":{"type":"Polygon","coordinates":[[[-99.181876,35.696522],[-99.181859,35.711019],[-99.164104,35.711037],[-99.164127,35.696536],[-99.181876,35.696522]]]}},{"type":"Feature","properties":{"county":"Custer","applicant":"MEWBOURNE","legal":"16-14N-20W-IM","section":"16","township":"14N","range":"20W","cause_number":"2024000330","order_number":"745565"},"geometry":{"type":"Polygon","coordinates":[[[-99.341301,35.68235],[-99.341279,35.696917],[-99.323461,35.696746],[-99.323471,35.682258],[-99.341301,35.68235]]]}},{"type":"Feature","properties":{"county":"Custer","applicant":"MEWBOURNE","legal":"09-14N-20W-IM","section":"09","township":"14N","range":"20W","cause_number":"2024000330","order_number":"745565"},"geometry":{"type":"Polygon","coordinates":[[[-99.341278,35.696915],[-99.341193,35.711298],[-99.323435,35.711186],[-99.323461,35.696744],[-99.341278,35.696915]]]}},{"type":"Feature","properties":{"county":"Custer","applicant":"MEWBOURNE","legal":"16-14N-20W-IM","section":"16","township":"14N","range":"20W","cause_number":"2024000329","order_number":"745564"},"geometry":{"type":"Polygon","coordinates":[[[-99.341301,35.68235],[-99.341279,35.696917],[-99.323461,35.696746],[-99.323471,35.682258],[-99.341301,35.68235]]]}},{"type":"Feature","properties":{"county":"Custer","applicant":"MEWBOURNE","legal":"09-14N-20W-IM","section":"09","township":"14N","range":"20W","cause_number":"2024000329","order_number":"745564"},"geometry":{"type":"Polygon","coordinates":[[[-99.341278,35.696915],[-99.341193,35.711298],[-99.323435,35.711186],[-99.323461,35.696744],[-99.341278,35.696915]]]}},{"type":"Feature","properties":{"county":"Custer","applicant":"DEVON ENERGY","legal":"23-14N-20W-IM","section":"23","township":"14N","range":"20W","cause_number":"2024001303","order_number":"745760"},"geometry":{"type":"Polygon","coordinates":[[[-99.305737,35.667684],[-99.30573,35.682185],[-99.288026,35.682116],[-99.287959,35.667574],[-99.305737,35.667684]]]}},{"type":"Feature","properties":{"county":"Custer","applicant":"DEVON ENERGY","legal":"14-14N-20W-IM","section":"14","township":"14N","range":"20W","cause_number":"2024001303","order_number":"745760"},"geometry":{"type":"Polygon","coordinates":[[[-99.305729,35.682183],[-99.30573,35.696682],[-99.28804,35.696603],[-99.288026,35.682114],[-99.305729,35.682183]]]}},{"type":"Feature","properties":{"county":"Custer","applicant":"DEVON ENERGY","legal":"23-14N-20W-IM","section":"23","township":"14N","range":"20W","cause_number":"2024001301","order_number":"745758"},"geometry":{"type":"Polygon","coordinates":[[[-99.305737,35.667684],[-99.30573,35.682185],[-99.288026,35.682116],[-99.287959,35.667574],[-99.305737,35.667684]]]}},{"type":"Feature","properties":{"county":"Custer","applicant":"DEVON ENERGY","legal":"14-14N-20W-IM","section":"14","township":"14N","range":"20W","cause_number":"2024001301","order_number":"745758"},"geometry":{"type":"Polygon","coordinates":[[[-99.305729,35.682183],[-99.30573,35.696682],[-99.28804,35.696603],[-99.288026,35.682114],[-99.305729,35.682183]]]}},{"type":"Feature","properties":{"county":"Custer","applicant":"DUNCAN OIL PROPERTIES; TRINCHERA ENERGY PARTNERS","legal":"13-14N-19W-IM","section":"13","township":"14N","range":"19W","cause_number":"2024003405","order_number":"745813"},"geometry":{"type":"Polygon","coordinates":[[[-99.181897,35.68203],[-99.181875,35.696524],[-99.164126,35.696538],[-99.164163,35.682047],[-99.181897,35.68203]]]}},{"type":"Feature","properties":{"county":"Custer","applicant":"DUNCAN OIL PROPERTIES; TRINCHERA ENERGY PARTNERS","legal":"12-14N-19W-IM","section":"12","township":"14N","range":"19W","cause_number":"2024003405","order_number":"745813"},"geometry":{"type":"Polygon","coordinates":[[[-99.181876,35.696522],[-99.181859,35.711019],[-99.164104,35.711037],[-99.164127,35.696536],[-99.181876,35.696522]]]}},{"type":"Feature","properties":{"county":"Custer","applicant":"DEVON ENERGY","legal":"23-14N-20W-IM","section":"23","township":"14N","range":"20W","cause_number":"2024001305","order_number":"745825"},"geometry":{"type":"Polygon","coordinates":[[[-99.305737,35.667684],[-99.30573,35.682185],[-99.288026,35.682116],[-99.287959,35.667574],[-99.305737,35.667684]]]}},{"type":"Feature","properties":{"county":"Custer","applicant":"DEVON ENERGY","legal":"14-14N-20W-IM","section":"14","township":"14N","range":"20W","cause_number":"2024001305","order_number":"745825"},"geometry":{"type":"Polygon","coordinates":[[[-99.305729,35.682183],[-99.30573,35.696682],[-99.28804,35.696603],[-99.288026,35.682114],[-99.305729,35.682183]]]}},{"type":"Feature","properties":{"county":"Custer","applicant":"DUNCAN OIL PROPERTIES; WALTER DUNCAN OIL","legal":"02-14N-19W-IM","section":"02","township":"14N","range":"19W","cause_number":"2024003212","order_number":"745884"},"geometry":{"type":"Polygon","coordinates":[[[-99.199605,35.711055],[-99.199605,35.725558],[-99.181848,35.725541],[-99.181858,35.711017],[-99.199605,35.711055]]]}},{"type":"Feature","properties":{"county":"Roger Mills","applicant":"MEWBOURNE","legal":"13-13N-24W-IM","section":"13","township":"13N","range":"24W","cause_number":"2024001177","order_number":"745869"},"geometry":{"type":"Polygon","coordinates":[[[-99.713494,35.595469],[-99.713402,35.609998],[-99.695636,35.609906],[-99.695732,35.595433],[-99.713494,35.595469]]]}},{"type":"Feature","properties":{"county":"Roger Mills","applicant":"MEWBOURNE","legal":"12-13N-24W-IM","section":"12","township":"13N","range":"24W","cause_number":"2024001177","order_number":"745869"},"geometry":{"type":"Polygon","coordinates":[[[-99.713403,35.609996],[-99.713384,35.624488],[-99.695515,35.624402],[-99.695636,35.609904],[-99.713403,35.609996]]]}},{"type":"Feature","properties":{"county":"Roger Mills","applicant":"MEWBOURNE","legal":"14-13N-22W-IM","section":"14","township":"13N","range":"22W","cause_number":"2024003069","order_number":"745928"},"geometry":{"type":"Polygon","coordinates":[[[-99.518472,35.595335],[-99.518428,35.609819],[-99.500789,35.609791],[-99.500853,35.595306],[-99.518472,35.595335]]]}},{"type":"Feature","properties":{"county":"Roger Mills","applicant":"MEWBOURNE","legal":"11-13N-22W-IM","section":"11","township":"13N","range":"22W","cause_number":"2024003069","order_number":"745928"},"geometry":{"type":"Polygon","coordinates":[[[-99.518429,35.609817],[-99.518427,35.624315],[-99.500721,35.624292],[-99.500789,35.609789],[-99.518429,35.609817]]]}},{"type":"Feature","properties":{"county":"Custer","applicant":"MEWBOURNE","legal":"16-15N-20W-IM","section":"16","township":"15N","range":"20W","cause_number":"2024003023","order_number":"745925"},"geometry":{"type":"Polygon","coordinates":[[[-99.340959,35.769038],[-99.340882,35.783388],[-99.323111,35.783471],[-99.323203,35.769025],[-99.340959,35.769038]]]}},{"type":"Feature","properties":{"county":"Custer","applicant":"MEWBOURNE","legal":"09-15N-20W-IM","section":"09","township":"15N","range":"20W","cause_number":"2024003023","order_number":"745925"},"geometry":{"type":"Polygon","coordinates":[[[-99.340882,35.783386],[-99.340846,35.797857],[-99.32305,35.79791],[-99.323111,35.783469],[-99.340882,35.783386]]]}},{"type":"Feature","properties":{"county":"Custer","applicant":"CITIZEN ENERGY III","legal":"23-13N-14W-IM","section":"23","township":"13N","range":"14W","cause_number":"2024003315","order_number":"745991"},"geometry":{"type":"Polygon","coordinates":[[[-98.649916,35.595014],[-98.649896,35.580496],[-98.667714,35.580512],[-98.667725,35.595015],[-98.649916,35.595014]]]}},{"type":"Feature","properties":{"county":"Custer","applicant":"CITIZEN ENERGY III","legal":"14-13N-14W-IM","section":"14","township":"13N","range":"14W","cause_number":"2024003315","order_number":"745991"},"geometry":{"type":"Polygon","coordinates":[[[-98.649915,35.595012],[-98.667725,35.595013],[-98.667738,35.609494],[-98.649947,35.609534],[-98.649915,35.595012]]]}},{"type":"Feature","properties":{"county":"Custer","applicant":"CITIZEN ENERGY III","legal":"11-13N-14W-IM","section":"11","township":"13N","range":"14W","cause_number":"2024003315","order_number":"745991"},"geometry":{"type":"Polygon","coordinates":[[[-98.667737,35.609492],[-98.667736,35.623991],[-98.649936,35.624007],[-98.649947,35.609532],[-98.667737,35.609492]]]}},{"type":"Feature","properties":{"county":"Custer","applicant":"DEVON ENERGY","legal":"18-15N-20W-IM","section":"18","township":"15N","range":"20W","cause_number":"2024003189","order_number":"745985"},"geometry":{"type":"Polygon","coordinates":[[[-99.376209,35.768803],[-99.376063,35.783231],[-99.358773,35.783325],[-99.358847,35.768959],[-99.376209,35.768803]]]}},{"type":"Feature","properties":{"county":"Custer","applicant":"DEVON ENERGY","legal":"07-15N-20W-IM","section":"07","township":"15N","range":"20W","cause_number":"2024003189","order_number":"745985"},"geometry":{"type":"Polygon","coordinates":[[[-99.376062,35.783229],[-99.375911,35.797689],[-99.358684,35.797738],[-99.358773,35.783323],[-99.376062,35.783229]]]}},{"type":"Feature","properties":{"county":"Custer","applicant":"DEVON ENERGY","legal":"18-15N-20W-IM","section":"18","township":"15N","range":"20W","cause_number":"2024003187","order_number":"745985"},"geometry":{"type":"Polygon","coordinates":[[[-99.376209,35.768803],[-99.376063,35.783231],[-99.358773,35.783325],[-99.358847,35.768959],[-99.376209,35.768803]]]}},{"type":"Feature","properties":{"county":"Custer","applicant":"DEVON ENERGY","legal":"07-15N-20W-IM","section":"07","township":"15N","range":"20W","cause_number":"2024003185","order_number":"745985"},"geometry":{"type":"Polygon","coordinates":[[[-99.376062,35.783229],[-99.375911,35.797689],[-99.358684,35.797738],[-99.358773,35.783323],[-99.376062,35.783229]]]}},{"type":"Feature","properties":{"county":"Custer","applicant":"MEWBOURNE","legal":"18-15N-20W-IM","section":"18","township":"15N","range":"20W","cause_number":"2024002655","order_number":"745985"},"geometry":{"type":"Polygon","coordinates":[[[-99.376209,35.768803],[-99.376063,35.783231],[-99.358773,35.783325],[-99.358847,35.768959],[-99.376209,35.768803]]]}},{"type":"Feature","properties":{"county":"Custer","applicant":"MEWBOURNE","legal":"07-15N-20W-IM","section":"07","township":"15N","range":"20W","cause_number":"2024002655","order_number":"745985"},"geometry":{"type":"Polygon","coordinates":[[[-99.376062,35.783229],[-99.375911,35.797689],[-99.358684,35.797738],[-99.358773,35.783323],[-99.376062,35.783229]]]}},{"type":"Feature","properties":{"county":"Custer","applicant":"MEWBOURNE","legal":"18-15N-20W-IM","section":"18","township":"15N","range":"20W","cause_number":"2024002653","order_number":"745985"},"geometry":{"type":"Polygon","coordinates":[[[-99.376209,35.768803],[-99.376063,35.783231],[-99.358773,35.783325],[-99.358847,35.768959],[-99.376209,35.768803]]]}},{"type":"Feature","properties":{"county":"Custer","applicant":"MEWBOURNE","legal":"07-15N-20W-IM","section":"07","township":"15N","range":"20W","cause_number":"2024002651","order_number":"745985"},"geometry":{"type":"Polygon","coordinates":[[[-99.376062,35.783229],[-99.375911,35.797689],[-99.358684,35.797738],[-99.358773,35.783323],[-99.376062,35.783229]]]}},{"type":"Feature","properties":{"county":"Custer","applicant":"CITIZEN ENERGY III","legal":"23-13N-14W-IM","section":"23","township":"13N","range":"14W","cause_number":"2024003318","order_number":"746026"},"geometry":{"type":"Polygon","coordinates":[[[-98.649916,35.595014],[-98.649896,35.580496],[-98.667714,35.580512],[-98.667725,35.595015],[-98.649916,35.595014]]]}},{"type":"Feature","properties":{"county":"Custer","applicant":"CITIZEN ENERGY III","legal":"14-13N-14W-IM","section":"14","township":"13N","range":"14W","cause_number":"2024003318","order_number":"746026"},"geometry":{"type":"Polygon","coordinates":[[[-98.649915,35.595012],[-98.667725,35.595013],[-98.667738,35.609494],[-98.649947,35.609534],[-98.649915,35.595012]]]}},{"type":"Feature","properties":{"county":"Custer","applicant":"CITIZEN ENERGY III","legal":"11-13N-14W-IM","section":"11","township":"13N","range":"14W","cause_number":"2024003318","order_number":"746026"},"geometry":{"type":"Polygon","coordinates":[[[-98.667737,35.609492],[-98.667736,35.623991],[-98.649936,35.624007],[-98.649947,35.609532],[-98.667737,35.609492]]]}},{"type":"Feature","properties":{"county":"Custer","applicant":"CITIZEN ENERGY III","legal":"24-13N-14W-IM","section":"24","township":"13N","range":"14W","cause_number":"2024003324","order_number":"746054"},"geometry":{"type":"Polygon","coordinates":[[[-98.632127,35.594976],[-98.632154,35.580467],[-98.649898,35.580496],[-98.649917,35.595014],[-98.632127,35.594976]]]}},{"type":"Feature","properties":{"county":"Roger Mills","applicant":"MEWBOURNE","legal":"26-13N-23W-IM","section":"26","township":"13N","range":"23W","cause_number":"2024003275","order_number":"746082"},"geometry":{"type":"Polygon","coordinates":[[[-99.62487,35.566464],[-99.624785,35.580928],[-99.607059,35.580886],[-99.607144,35.566409],[-99.62487,35.566464]]]}},{"type":"Feature","properties":{"county":"Roger Mills","applicant":"MEWBOURNE","legal":"23-13N-23W-IM","section":"23","township":"13N","range":"23W","cause_number":"2024003275","order_number":"746082"},"geometry":{"type":"Polygon","coordinates":[[[-99.624784,35.580926],[-99.624669,35.595392],[-99.606943,35.595385],[-99.607059,35.580884],[-99.624784,35.580926]]]}},{"type":"Feature","properties":{"county":"Custer","applicant":"DUNCAN OIL PROPERTIES; WALTER DUNCAN OIL","legal":"13-14N-19W-IM","section":"13","township":"14N","range":"19W","cause_number":"2024003089","order_number":"746075"},"geometry":{"type":"Polygon","coordinates":[[[-99.181897,35.68203],[-99.181875,35.696524],[-99.164126,35.696538],[-99.164163,35.682047],[-99.181897,35.68203]]]}},{"type":"Feature","properties":{"county":"Custer","applicant":"MEWBOURNE","legal":"10-13N-17W-IM","section":"10","township":"13N","range":"17W","cause_number":"2024003561","order_number":"746170"},"geometry":{"type":"Polygon","coordinates":[[[-99.004436,35.60947],[-99.004423,35.624001],[-98.986752,35.623995],[-98.986754,35.609486],[-99.004436,35.60947]]]}},{"type":"Feature","properties":{"county":"Custer","applicant":"MEWBOURNE","legal":"03-13N-17W-IM","section":"03","township":"13N","range":"17W","cause_number":"2024003561","order_number":"746170"},"geometry":{"type":"Polygon","coordinates":[[[-99.004423,35.623999],[-99.004469,35.638571],[-98.986727,35.638575],[-98.986753,35.623993],[-99.004423,35.623999]]]}},{"type":"Feature","properties":{"county":"Custer","applicant":"MEWBOURNE","legal":"08-12N-20W-IM","section":"08","township":"12N","range":"20W","cause_number":"2024002663","order_number":"746161"},"geometry":{"type":"Polygon","coordinates":[[[-99.346793,35.523411],[-99.346795,35.537894],[-99.329083,35.537893],[-99.329072,35.523381],[-99.346793,35.523411]]]}},{"type":"Feature","properties":{"county":"Custer","applicant":"MEWBOURNE","legal":"05-12N-20W-IM","section":"05","township":"12N","range":"20W","cause_number":"2024002663","order_number":"746161"},"geometry":{"type":"Polygon","coordinates":[[[-99.346795,35.537892],[-99.346794,35.551718],[-99.32909,35.551689],[-99.329082,35.537892],[-99.346795,35.537892]]]}},{"type":"Feature","properties":{"county":"Custer","applicant":"MEWBOURNE","legal":"13-15N-20W-IM","section":"13","township":"15N","range":"20W","cause_number":"2024000129","order_number":"746198"},"geometry":{"type":"Polygon","coordinates":[[[-99.287916,35.768919],[-99.287814,35.783387],[-99.270173,35.783393],[-99.270233,35.768944],[-99.287916,35.768919]]]}},{"type":"Feature","properties":{"county":"Custer","applicant":"MEWBOURNE","legal":"12-15N-20W-IM","section":"12","township":"15N","range":"20W","cause_number":"2024000129","order_number":"746198"},"geometry":{"type":"Polygon","coordinates":[[[-99.287814,35.783385],[-99.287731,35.797846],[-99.27013,35.797854],[-99.270173,35.783392],[-99.287814,35.783385]]]}},{"type":"Feature","properties":{"county":"Roger Mills","applicant":"MEWBOURNE","legal":"36-14N-21W-IM","section":"36","township":"14N","range":"21W","cause_number":"2024003216","order_number":"746245"},"geometry":{"type":"Polygon","coordinates":[[[-99.394632,35.638834],[-99.394488,35.653334],[-99.376928,35.653321],[-99.376938,35.638891],[-99.394632,35.638834]]]}},{"type":"Feature","properties":{"county":"Roger Mills","applicant":"ADPARO LLC","legal":"12-15N-21W-IM","section":"12","township":"15N","range":"21W","cause_number":"2024003175","order_number":"746286"},"geometry":{"type":"Polygon","coordinates":[[[-99.393856,35.783389],[-99.39373,35.797843],[-99.37591,35.797689],[-99.376062,35.783229],[-99.393856,35.783389]]]}},{"type":"Feature","properties":{"county":"Custer","applicant":"MEWBOURNE","legal":"14-15N-20W-IM","section":"14","township":"15N","range":"20W","cause_number":"2024002965","order_number":"746343"},"geometry":{"type":"Polygon","coordinates":[[[-99.30558,35.769],[-99.305497,35.783441],[-99.287812,35.783387],[-99.287914,35.768919],[-99.30558,35.769]]]}},{"type":"Feature","properties":{"county":"Custer","applicant":"MEWBOURNE","legal":"11-15N-20W-IM","section":"11","township":"15N","range":"20W","cause_number":"2024002965","order_number":"746343"},"geometry":{"type":"Polygon","coordinates":[[[-99.305497,35.783439],[-99.305391,35.797882],[-99.28773,35.797845],[-99.287812,35.783385],[-99.305497,35.783439]]]}},{"type":"Feature","properties":{"county":"Custer","applicant":"DUNCAN OIL PROPERTIES; WALTER DUNCAN OIL","legal":"18-14N-18W-IM","section":"18","township":"14N","range":"18W","cause_number":"2024003652","order_number":"746358"},"geometry":{"type":"Polygon","coordinates":[[[-99.164163,35.682047],[-99.164128,35.696538],[-99.146337,35.696454],[-99.146346,35.681969],[-99.164163,35.682047]]]}},{"type":"Feature","properties":{"county":"Custer","applicant":"DEVON ENERGY","legal":"34-13N-20W-IM","section":"34","township":"13N","range":"20W","cause_number":"2024002149","order_number":"746452"},"geometry":{"type":"Polygon","coordinates":[[[-99.323928,35.551676],[-99.323896,35.566198],[-99.306195,35.566158],[-99.306207,35.551645],[-99.323928,35.551676]]]}},{"type":"Feature","properties":{"county":"Custer","applicant":"DEVON ENERGY","legal":"27-13N-20W-IM","section":"27","township":"13N","range":"20W","cause_number":"2024002149","order_number":"746452"},"geometry":{"type":"Polygon","coordinates":[[[-99.323896,35.566196],[-99.323859,35.580707],[-99.306144,35.580675],[-99.306194,35.566156],[-99.323896,35.566196]]]}},{"type":"Feature","properties":{"county":"Custer","applicant":"DEVON ENERGY","legal":"34-13N-20W-IM","section":"34","township":"13N","range":"20W","cause_number":"2024002147","order_number":"746450"},"geometry":{"type":"Polygon","coordinates":[[[-99.323928,35.551676],[-99.323896,35.566198],[-99.306195,35.566158],[-99.306207,35.551645],[-99.323928,35.551676]]]}},{"type":"Feature","properties":{"county":"Custer","applicant":"DEVON ENERGY","legal":"27-13N-20W-IM","section":"27","township":"13N","range":"20W","cause_number":"2024002147","order_number":"746450"},"geometry":{"type":"Polygon","coordinates":[[[-99.323896,35.566196],[-99.323859,35.580707],[-99.306144,35.580675],[-99.306194,35.566156],[-99.323896,35.566196]]]}},{"type":"Feature","properties":{"county":"Custer","applicant":"DEVON ENERGY","legal":"34-13N-20W-IM","section":"34","township":"13N","range":"20W","cause_number":"2024000764","order_number":"746448"},"geometry":{"type":"Polygon","coordinates":[[[-99.323928,35.551676],[-99.323896,35.566198],[-99.306195,35.566158],[-99.306207,35.551645],[-99.323928,35.551676]]]}},{"type":"Feature","properties":{"county":"Custer","applicant":"DEVON ENERGY","legal":"27-13N-20W-IM","section":"27","township":"13N","range":"20W","cause_number":"2024000764","order_number":"746448"},"geometry":{"type":"Polygon","coordinates":[[[-99.323896,35.566196],[-99.323859,35.580707],[-99.306144,35.580675],[-99.306194,35.566156],[-99.323896,35.566196]]]}},{"type":"Feature","properties":{"county":"Custer","applicant":"DEVON ENERGY","legal":"16-15N-20W-IM","section":"16","township":"15N","range":"20W","cause_number":"2024000601","order_number":"746461"},"geometry":{"type":"Polygon","coordinates":[[[-99.340959,35.769038],[-99.340882,35.783388],[-99.323111,35.783471],[-99.323203,35.769025],[-99.340959,35.769038]]]}},{"type":"Feature","properties":{"county":"Custer","applicant":"DEVON ENERGY","legal":"09-15N-20W-IM","section":"09","township":"15N","range":"20W","cause_number":"2024000601","order_number":"746461"},"geometry":{"type":"Polygon","coordinates":[[[-99.340882,35.783386],[-99.340846,35.797857],[-99.32305,35.79791],[-99.323111,35.783469],[-99.340882,35.783386]]]}},{"type":"Feature","properties":{"county":"Custer","applicant":"DUNCAN OIL PROPERTIES; WALTER DUNCAN OIL","legal":"02-14N-19W-IM","section":"02","township":"14N","range":"19W","cause_number":"2024003212","order_number":"746510"},"geometry":{"type":"Polygon","coordinates":[[[-99.199605,35.711055],[-99.199605,35.725558],[-99.181848,35.725541],[-99.181858,35.711017],[-99.199605,35.711055]]]}},{"type":"Feature","properties":{"county":"Custer","applicant":"CRAWLEY PETROLEUM","legal":"31-13N-20W-IM","section":"31","township":"13N","range":"20W","cause_number":"2024000980","order_number":"746504"},"geometry":{"type":"Polygon","coordinates":[[[-99.37712,35.551754],[-99.377073,35.566269],[-99.359349,35.566221],[-99.359392,35.551738],[-99.37712,35.551754]]]}},{"type":"Feature","properties":{"county":"Custer","applicant":"CRAWLEY PETROLEUM","legal":"30-13N-20W-IM","section":"30","township":"13N","range":"20W","cause_number":"2024000980","order_number":"746504"},"geometry":{"type":"Polygon","coordinates":[[[-99.377072,35.566267],[-99.377036,35.580787],[-99.359336,35.580736],[-99.359349,35.566219],[-99.377072,35.566267]]]}},{"type":"Feature","properties":{"county":"Custer","applicant":"CRAWLEY PETROLEUM","legal":"33-13N-20W-IM","section":"33","township":"13N","range":"20W","cause_number":"2024000978","order_number":"746502"},"geometry":{"type":"Polygon","coordinates":[[[-99.341659,35.551706],[-99.341647,35.566193],[-99.323894,35.566198],[-99.323927,35.551676],[-99.341659,35.551706]]]}},{"type":"Feature","properties":{"county":"Custer","applicant":"CRAWLEY PETROLEUM","legal":"28-13N-20W-IM","section":"28","township":"13N","range":"20W","cause_number":"2024000978","order_number":"746502"},"geometry":{"type":"Polygon","coordinates":[[[-99.341648,35.566191],[-99.341617,35.580702],[-99.323857,35.580707],[-99.323894,35.566196],[-99.341648,35.566191]]]}},{"type":"Feature","properties":{"county":"Roger Mills","applicant":"CRAWLEY PETROLEUM","legal":"34-14N-23W-IM","section":"34","township":"14N","range":"23W","cause_number":"2024000922","order_number":"746565"},"geometry":{"type":"Polygon","coordinates":[[[-99.642019,35.638821],[-99.641905,35.653317],[-99.62412,35.65329],[-99.624224,35.638802],[-99.642019,35.638821]]]}},{"type":"Feature","properties":{"county":"Roger Mills","applicant":"CRAWLEY PETROLEUM","legal":"03-13N-23W-IM","section":"03","township":"13N","range":"23W","cause_number":"2024000922","order_number":"746565"},"geometry":{"type":"Polygon","coordinates":[[[-99.642119,35.624338],[-99.642019,35.638823],[-99.624223,35.638803],[-99.624392,35.624352],[-99.642119,35.624338]]]}},{"type":"Feature","properties":{"county":"Roger Mills","applicant":"CRAWLEY PETROLEUM","legal":"35-14N-23W-IM","section":"35","township":"14N","range":"23W","cause_number":"2024000921","order_number":"746564"},"geometry":{"type":"Polygon","coordinates":[[[-99.624225,35.638802],[-99.624122,35.65329],[-99.606416,35.653276],[-99.606525,35.638798],[-99.624225,35.638802]]]}},{"type":"Feature","properties":{"county":"Roger Mills","applicant":"CRAWLEY PETROLEUM","legal":"02-13N-23W-IM","section":"02","township":"13N","range":"23W","cause_number":"2024000921","order_number":"746564"},"geometry":{"type":"Polygon","coordinates":[[[-99.624393,35.624352],[-99.624225,35.638804],[-99.606525,35.6388],[-99.606613,35.624322],[-99.624393,35.624352]]]}},{"type":"Feature","properties":{"county":"Custer","applicant":"DUNCAN OIL PROPERTIES; WALTER DUNCAN OIL","legal":"28-15N-19W-IM","section":"28","township":"15N","range":"19W","cause_number":"2024003763","order_number":"746615"},"geometry":{"type":"Polygon","coordinates":[[[-99.235002,35.74004],[-99.234928,35.75451],[-99.217211,35.754514],[-99.217275,35.740053],[-99.235002,35.74004]]]}},{"type":"Feature","properties":{"county":"Custer","applicant":"DUNCAN OIL PROPERTIES; WALTER DUNCAN OIL","legal":"21-15N-19W-IM","section":"21","township":"15N","range":"19W","cause_number":"2024003763","order_number":"746615"},"geometry":{"type":"Polygon","coordinates":[[[-99.234928,35.754508],[-99.234884,35.768971],[-99.217156,35.768986],[-99.217211,35.754512],[-99.234928,35.754508]]]}},{"type":"Feature","properties":{"county":"Custer","applicant":"DUNCAN OIL PROPERTIES; WALTER DUNCAN OIL","legal":"07-14N-18W-IM","section":"07","township":"14N","range":"18W","cause_number":"2024003651","order_number":"746613"},"geometry":{"type":"Polygon","coordinates":[[[-99.164128,35.696536],[-99.164106,35.711038],[-99.146298,35.710912],[-99.146337,35.696452],[-99.164128,35.696536]]]}},{"type":"Feature","properties":{"county":"Roger Mills","applicant":"MEWBOURNE","legal":"10-13N-23W-IM","section":"10","township":"13N","range":"23W","cause_number":"2024003122","order_number":"746643"},"geometry":{"type":"Polygon","coordinates":[[[-99.642315,35.609876],[-99.642119,35.62434],[-99.624391,35.624353],[-99.624534,35.609863],[-99.642315,35.609876]]]}},{"type":"Feature","properties":{"county":"Custer","applicant":"DEVON ENERGY","legal":"17-13N-20W-IM","section":"17","township":"13N","range":"20W","cause_number":"2024003410","order_number":"746768"},"geometry":{"type":"Polygon","coordinates":[[[-99.359333,35.595264],[-99.359354,35.609793],[-99.341556,35.609734],[-99.3416,35.595218],[-99.359333,35.595264]]]}},{"type":"Feature","properties":{"county":"Custer","applicant":"DEVON ENERGY","legal":"08-13N-20W-IM","section":"08","township":"13N","range":"20W","cause_number":"2024003410","order_number":"746768"},"geometry":{"type":"Polygon","coordinates":[[[-99.359355,35.609791],[-99.359368,35.624309],[-99.341523,35.624257],[-99.341556,35.609732],[-99.359355,35.609791]]]}},{"type":"Feature","properties":{"county":"Custer","applicant":"DEVON ENERGY","legal":"05-13N-20W-IM","section":"05","township":"13N","range":"20W","cause_number":"2024003410","order_number":"746768"},"geometry":{"type":"Polygon","coordinates":[[[-99.359368,35.624307],[-99.359261,35.638789],[-99.341524,35.638755],[-99.341523,35.624255],[-99.359368,35.624307]]]}},{"type":"Feature","properties":{"county":"Custer","applicant":"DUNCAN OIL PROPERTIES; WALTER DUNCAN OIL","legal":"18-14N-18W-IM","section":"18","township":"14N","range":"18W","cause_number":"2024003658","order_number":"746907"},"geometry":{"type":"Polygon","coordinates":[[[-99.164163,35.682047],[-99.164128,35.696538],[-99.146337,35.696454],[-99.146346,35.681969],[-99.164163,35.682047]]]}},{"type":"Feature","properties":{"county":"Custer","applicant":"DUNCAN OIL PROPERTIES; WALTER DUNCAN OIL","legal":"07-14N-18W-IM","section":"07","township":"14N","range":"18W","cause_number":"2024003658","order_number":"746907"},"geometry":{"type":"Polygon","coordinates":[[[-99.164128,35.696536],[-99.164106,35.711038],[-99.146298,35.710912],[-99.146337,35.696452],[-99.164128,35.696536]]]}},{"type":"Feature","properties":{"county":"Custer","applicant":"CITIZEN ENERGY III","legal":"24-13N-14W-IM","section":"24","township":"13N","range":"14W","cause_number":"2024003328","order_number":"746967"},"geometry":{"type":"Polygon","coordinates":[[[-98.632127,35.594976],[-98.632154,35.580467],[-98.649898,35.580496],[-98.649917,35.595014],[-98.632127,35.594976]]]}},{"type":"Feature","properties":{"county":"Custer","applicant":"CITIZEN ENERGY III","legal":"13-13N-14W-IM","section":"13","township":"13N","range":"14W","cause_number":"2024003328","order_number":"746967"},"geometry":{"type":"Polygon","coordinates":[[[-98.632127,35.594974],[-98.649917,35.595012],[-98.649949,35.609534],[-98.632125,35.609498],[-98.632127,35.594974]]]}},{"type":"Feature","properties":{"county":"Custer","applicant":"CITIZEN ENERGY III","legal":"12-13N-14W-IM","section":"12","township":"13N","range":"14W","cause_number":"2024003328","order_number":"746967"},"geometry":{"type":"Polygon","coordinates":[[[-98.632125,35.609497],[-98.649949,35.609532],[-98.649938,35.624006],[-98.632136,35.623994],[-98.632125,35.609497]]]}},{"type":"Feature","properties":{"county":"Custer","applicant":"CITIZEN ENERGY III","legal":"24-13N-14W-IM","section":"24","township":"13N","range":"14W","cause_number":"2024003326","order_number":"746965"},"geometry":{"type":"Polygon","coordinates":[[[-98.632127,35.594976],[-98.632154,35.580467],[-98.649898,35.580496],[-98.649917,35.595014],[-98.632127,35.594976]]]}},{"type":"Feature","properties":{"county":"Custer","applicant":"CITIZEN ENERGY III","legal":"13-13N-14W-IM","section":"13","township":"13N","range":"14W","cause_number":"2024003326","order_number":"746965"},"geometry":{"type":"Polygon","coordinates":[[[-98.632127,35.594974],[-98.649917,35.595012],[-98.649949,35.609534],[-98.632125,35.609498],[-98.632127,35.594974]]]}},{"type":"Feature","properties":{"county":"Custer","applicant":"CITIZEN ENERGY III","legal":"12-13N-14W-IM","section":"12","township":"13N","range":"14W","cause_number":"2024003326","order_number":"746965"},"geometry":{"type":"Polygon","coordinates":[[[-98.632125,35.609497],[-98.649949,35.609532],[-98.649938,35.624006],[-98.632136,35.623994],[-98.632125,35.609497]]]}},{"type":"Feature","properties":{"county":"Custer","applicant":"DEVON ENERGY","legal":"32-14N-20W-IM","section":"32","township":"14N","range":"20W","cause_number":"2025000406"},"geometry":{"type":"Polygon","coordinates":[[[-99.359261,35.638787],[-99.359292,35.653299],[-99.34141,35.653305],[-99.341525,35.638753],[-99.359261,35.638787]]]}},{"type":"Feature","properties":{"county":"Custer","applicant":"DEVON ENERGY","legal":"29-14N-20W-IM","section":"29","township":"14N","range":"20W","cause_number":"2025000406"},"geometry":{"type":"Polygon","coordinates":[[[-99.359291,35.653297],[-99.359191,35.66781],[-99.341334,35.667834],[-99.34141,35.653304],[-99.359291,35.653297]]]}},{"type":"Feature","properties":{"county":"Custer","applicant":"ADPARO LLC","legal":"32-15N-19W-IM","section":"32","township":"15N","range":"19W","cause_number":"2024003308","order_number":"746997"},"geometry":{"type":"Polygon","coordinates":[[[-99.252825,35.725577],[-99.252713,35.740052],[-99.235,35.740042],[-99.235086,35.725574],[-99.252825,35.725577]]]}},{"type":"Feature","properties":{"county":"Custer","applicant":"ADPARO LLC","legal":"29-15N-19W-IM","section":"29","township":"15N","range":"19W","cause_number":"2024003308","order_number":"746997"},"geometry":{"type":"Polygon","coordinates":[[[-99.252714,35.74005],[-99.252628,35.754498],[-99.234926,35.75451],[-99.235,35.74004],[-99.252714,35.74005]]]}},{"type":"Feature","properties":{"county":"Roger Mills","applicant":"CRAWLEY PETROLEUM","legal":"33-14N-23W-IM","section":"33","township":"14N","range":"23W","cause_number":"2024000923","order_number":"746994"},"geometry":{"type":"Polygon","coordinates":[[[-99.659765,35.638822],[-99.659659,35.653321],[-99.641903,35.653317],[-99.642017,35.638821],[-99.659765,35.638822]]]}},{"type":"Feature","properties":{"county":"Roger Mills","applicant":"CRAWLEY PETROLEUM","legal":"04-13N-23W-IM","section":"04","township":"13N","range":"23W","cause_number":"2024000923","order_number":"746994"},"geometry":{"type":"Polygon","coordinates":[[[-99.659967,35.624366],[-99.659764,35.638824],[-99.642017,35.638822],[-99.642117,35.624338],[-99.659967,35.624366]]]}},{"type":"Feature","properties":{"county":"Custer","applicant":"DEVON ENERGY","legal":"20-14N-20W-IM","section":"20","township":"14N","range":"20W","cause_number":"2025000431"},"geometry":{"type":"Polygon","coordinates":[[[-99.359094,35.68232],[-99.3413,35.682352],[-99.341334,35.667832],[-99.359192,35.667808],[-99.359094,35.68232]]]}},{"type":"Feature","properties":{"county":"Custer","applicant":"DEVON ENERGY","legal":"17-14N-20W-IM","section":"17","township":"14N","range":"20W","cause_number":"2025000431"},"geometry":{"type":"Polygon","coordinates":[[[-99.359094,35.682318],[-99.359084,35.69683],[-99.341277,35.696917],[-99.3413,35.68235],[-99.359094,35.682318]]]}},{"type":"Feature","properties":{"county":"Custer","applicant":"DEVON ENERGY","legal":"08-14N-20W-IM","section":"08","township":"14N","range":"20W","cause_number":"2025000431"},"geometry":{"type":"Polygon","coordinates":[[[-99.359009,35.711227],[-99.341191,35.711298],[-99.341277,35.696915],[-99.359083,35.696828],[-99.359009,35.711227]]]}},{"type":"Feature","properties":{"county":"Roger Mills","applicant":"MEWBOURNE","legal":"33-14N-22W-IM","section":"33","township":"14N","range":"22W","cause_number":"2024003783","order_number":"747072"},"geometry":{"type":"Polygon","coordinates":[[[-99.553609,35.638894],[-99.553489,35.653374],[-99.535856,35.653384],[-99.53596,35.638866],[-99.553609,35.638894]]]}},{"type":"Feature","properties":{"county":"Roger Mills","applicant":"MEWBOURNE","legal":"04-13N-22W-IM","section":"04","township":"13N","range":"22W","cause_number":"2024003783","order_number":"747072"},"geometry":{"type":"Polygon","coordinates":[[[-99.553681,35.624397],[-99.55361,35.638896],[-99.53596,35.638868],[-99.536017,35.624363],[-99.553681,35.624397]]]}},{"type":"Feature","properties":{"county":"Roger Mills","applicant":"MEWBOURNE","legal":"34-14N-22W-IM","section":"34","township":"14N","range":"22W","cause_number":"2024003770","order_number":"747070"},"geometry":{"type":"Polygon","coordinates":[[[-99.535962,35.638866],[-99.535858,35.653385],[-99.518227,35.653369],[-99.518283,35.638828],[-99.535962,35.638866]]]}},{"type":"Feature","properties":{"county":"Roger Mills","applicant":"MEWBOURNE","legal":"03-13N-22W-IM","section":"03","township":"13N","range":"22W","cause_number":"2024003770","order_number":"747070"},"geometry":{"type":"Polygon","coordinates":[[[-99.536019,35.624363],[-99.535962,35.638868],[-99.518282,35.63883],[-99.518425,35.624313],[-99.536019,35.624363]]]}},{"type":"Feature","properties":{"county":"Custer","applicant":"DUNCAN OIL PROPERTIES; WALTER DUNCAN OIL","legal":"05-15N-19W-IM","section":"05","township":"15N","range":"19W","cause_number":"2024003748","order_number":"747068"},"geometry":{"type":"Polygon","coordinates":[[[-99.252424,35.797807],[-99.252595,35.812417],[-99.234789,35.812357],[-99.234808,35.797923],[-99.252424,35.797807]]]}},{"type":"Feature","properties":{"county":"Custer","applicant":"DUNCAN OIL PROPERTIES; WALTER DUNCAN OIL","legal":"06-15N-19W-IM","section":"06","township":"15N","range":"19W","cause_number":"2024003746","order_number":"747066"},"geometry":{"type":"Polygon","coordinates":[[[-99.270131,35.797852],[-99.270075,35.812369],[-99.252593,35.812417],[-99.252423,35.797807],[-99.270131,35.797852]]]}},{"type":"Feature","properties":{"county":"Custer","applicant":"MEWBOURNE","legal":"02-13N-17W-IM","section":"02","township":"13N","range":"17W","cause_number":"2023001375","order_number":"747059"},"geometry":{"type":"Polygon","coordinates":[[[-98.986753,35.623993],[-98.986729,35.638575],[-98.969022,35.638585],[-98.969014,35.624001],[-98.986753,35.623993]]]}},{"type":"Feature","properties":{"county":"Custer","applicant":"DEVON ENERGY","legal":"33-14N-20W-IM","section":"33","township":"14N","range":"20W","cause_number":"2025000554"},"geometry":{"type":"Polygon","coordinates":[[[-99.341525,35.638753],[-99.341411,35.653306],[-99.323595,35.653245],[-99.323758,35.638766],[-99.341525,35.638753]]]}},{"type":"Feature","properties":{"county":"Custer","applicant":"DEVON ENERGY","legal":"28-14N-20W-IM","section":"28","township":"14N","range":"20W","cause_number":"2025000554"},"geometry":{"type":"Polygon","coordinates":[[[-99.341412,35.653304],[-99.341336,35.667834],[-99.323484,35.667775],[-99.323595,35.653243],[-99.341412,35.653304]]]}},{"type":"Feature","properties":{"county":"Custer","applicant":"DUNCAN OIL PROPERTIES; WALTER DUNCAN OIL","legal":"36-15N-19W-IM","section":"36","township":"15N","range":"19W","cause_number":"2024003656","order_number":"747207"},"geometry":{"type":"Polygon","coordinates":[[[-99.18185,35.725539],[-99.18187,35.740023],[-99.164004,35.739958],[-99.164079,35.725506],[-99.18185,35.725539]]]}},{"type":"Feature","properties":{"county":"Custer","applicant":"DUNCAN OIL PROPERTIES; WALTER DUNCAN OIL","legal":"01-14N-19W-IM","section":"01","township":"14N","range":"19W","cause_number":"2024003655","order_number":"747206"},"geometry":{"type":"Polygon","coordinates":[[[-99.18186,35.711017],[-99.181849,35.725541],[-99.164079,35.725508],[-99.164104,35.711036],[-99.18186,35.711017]]]}},{"type":"Feature","properties":{"county":"Custer","applicant":"DUNCAN OIL PROPERTIES; WALTER DUNCAN OIL","legal":"28-15N-19W-IM","section":"28","township":"15N","range":"19W","cause_number":"2024003577","order_number":"747204"},"geometry":{"type":"Polygon","coordinates":[[[-99.235002,35.74004],[-99.234928,35.75451],[-99.217211,35.754514],[-99.217275,35.740053],[-99.235002,35.74004]]]}},{"type":"Feature","properties":{"county":"Custer","applicant":"DUNCAN OIL PROPERTIES; WALTER DUNCAN OIL","legal":"21-15N-19W-IM","section":"21","township":"15N","range":"19W","cause_number":"2024003576","order_number":"747203"},"geometry":{"type":"Polygon","coordinates":[[[-99.234928,35.754508],[-99.234884,35.768971],[-99.217156,35.768986],[-99.217211,35.754512],[-99.234928,35.754508]]]}},{"type":"Feature","properties":{"county":"Custer","applicant":"DEVON ENERGY","legal":"22-14N-20W-IM","section":"22","township":"14N","range":"20W","cause_number":"2025000631"},"geometry":{"type":"Polygon","coordinates":[[[-99.323486,35.667773],[-99.323473,35.68226],[-99.305728,35.682185],[-99.305735,35.667685],[-99.323486,35.667773]]]}},{"type":"Feature","properties":{"county":"Custer","applicant":"DEVON ENERGY","legal":"15-14N-20W-IM","section":"15","township":"14N","range":"20W","cause_number":"2025000631"},"geometry":{"type":"Polygon","coordinates":[[[-99.323472,35.682258],[-99.323462,35.696746],[-99.305728,35.696682],[-99.305728,35.682183],[-99.323472,35.682258]]]}},{"type":"Feature","properties":{"county":"Custer","applicant":"MEWBOURNE","legal":"16-15N-20W-IM","section":"16","township":"15N","range":"20W","cause_number":"2024003023","order_number":"747424"},"geometry":{"type":"Polygon","coordinates":[[[-99.340959,35.769038],[-99.340882,35.783388],[-99.323111,35.783471],[-99.323203,35.769025],[-99.340959,35.769038]]]}},{"type":"Feature","properties":{"county":"Custer","applicant":"MEWBOURNE","legal":"09-15N-20W-IM","section":"09","township":"15N","range":"20W","cause_number":"2024003023","order_number":"747424"},"geometry":{"type":"Polygon","coordinates":[[[-99.340882,35.783386],[-99.340846,35.797857],[-99.32305,35.79791],[-99.323111,35.783469],[-99.340882,35.783386]]]}},{"type":"Feature","properties":{"county":"Custer","applicant":"NADEL & GUSSMAN","legal":"13-13N-20W-IM","section":"13","township":"13N","range":"20W","cause_number":"2024002017","order_number":"747419"},"geometry":{"type":"Polygon","coordinates":[[[-99.28836,35.60965],[-99.270663,35.609669],[-99.270708,35.59513],[-99.288354,35.595115],[-99.28836,35.60965]]]}},{"type":"Feature","properties":{"county":"Custer","applicant":"NADEL & GUSSMAN","legal":"12-13N-20W-IM","section":"12","township":"13N","range":"20W","cause_number":"2024002017","order_number":"747419"},"geometry":{"type":"Polygon","coordinates":[[[-99.288319,35.624177],[-99.270552,35.624215],[-99.270663,35.609667],[-99.28836,35.609649],[-99.288319,35.624177]]]}},{"type":"Feature","properties":{"county":"Custer","applicant":"NADEL & GUSSMAN","legal":"12-13N-20W-IM","section":"12","township":"13N","range":"20W","cause_number":"2024002016","order_number":"747418"},"geometry":{"type":"Polygon","coordinates":[[[-99.288319,35.624177],[-99.270552,35.624215],[-99.270663,35.609667],[-99.28836,35.609649],[-99.288319,35.624177]]]}},{"type":"Feature","properties":{"county":"Custer","applicant":"NADEL & GUSSMAN","legal":"01-13N-20W-IM","section":"01","township":"13N","range":"20W","cause_number":"2024002016","order_number":"747418"},"geometry":{"type":"Polygon","coordinates":[[[-99.288192,35.638706],[-99.270455,35.638694],[-99.270552,35.624213],[-99.288319,35.624175],[-99.288192,35.638706]]]}},{"type":"Feature","properties":{"county":"Custer","applicant":"NADEL & GUSSMAN","legal":"13-13N-20W-IM","section":"13","township":"13N","range":"20W","cause_number":"2024002014","order_number":"747416"},"geometry":{"type":"Polygon","coordinates":[[[-99.28836,35.60965],[-99.270663,35.609669],[-99.270708,35.59513],[-99.288354,35.595115],[-99.28836,35.60965]]]}},{"type":"Feature","properties":{"county":"Custer","applicant":"NADEL & GUSSMAN","legal":"12-13N-20W-IM","section":"12","township":"13N","range":"20W","cause_number":"2024002012","order_number":"747414"},"geometry":{"type":"Polygon","coordinates":[[[-99.288319,35.624177],[-99.270552,35.624215],[-99.270663,35.609667],[-99.28836,35.609649],[-99.288319,35.624177]]]}},{"type":"Feature","properties":{"county":"Custer","applicant":"NADEL & GUSSMAN","legal":"01-13N-20W-IM","section":"01","township":"13N","range":"20W","cause_number":"2024002010","order_number":"747412"},"geometry":{"type":"Polygon","coordinates":[[[-99.288192,35.638706],[-99.270455,35.638694],[-99.270552,35.624213],[-99.288319,35.624175],[-99.288192,35.638706]]]}},{"type":"Feature","properties":{"county":"Custer","applicant":"DEVON ENERGY","legal":"20-12N-20W-IM","section":"20","township":"12N","range":"20W","cause_number":"2025000690"},"geometry":{"type":"Polygon","coordinates":[[[-99.34678,35.494413],[-99.346789,35.508916],[-99.329065,35.508883],[-99.329069,35.494398],[-99.34678,35.494413]]]}},{"type":"Feature","properties":{"county":"Custer","applicant":"DEVON ENERGY","legal":"17-12N-20W-IM","section":"17","township":"12N","range":"20W","cause_number":"2025000690"},"geometry":{"type":"Polygon","coordinates":[[[-99.346789,35.508914],[-99.346793,35.523413],[-99.329072,35.523382],[-99.329065,35.508881],[-99.346789,35.508914]]]}},{"type":"Feature","properties":{"county":"Custer","applicant":"MEWBOURNE","legal":"09-12N-20W-IM","section":"09","township":"12N","range":"20W","cause_number":"2024002356","order_number":"747500"},"geometry":{"type":"Polygon","coordinates":[[[-99.329073,35.52338],[-99.329084,35.537893],[-99.311315,35.537905],[-99.311328,35.523369],[-99.329073,35.52338]]]}},{"type":"Feature","properties":{"county":"Custer","applicant":"MEWBOURNE","legal":"04-12N-20W-IM","section":"04","township":"12N","range":"20W","cause_number":"2024002356","order_number":"747500"},"geometry":{"type":"Polygon","coordinates":[[[-99.329084,35.537891],[-99.329091,35.551689],[-99.31131,35.551656],[-99.311315,35.537904],[-99.329084,35.537891]]]}},{"type":"Feature","properties":{"county":"Custer","applicant":"MEWBOURNE","legal":"10-12N-20W-IM","section":"10","township":"12N","range":"20W","cause_number":"2025000837"},"geometry":{"type":"Polygon","coordinates":[[[-99.31133,35.523369],[-99.311317,35.537905],[-99.293636,35.537897],[-99.293629,35.523364],[-99.31133,35.523369]]]}},{"type":"Feature","properties":{"county":"Custer","applicant":"MEWBOURNE","legal":"03-12N-20W-IM","section":"03","township":"12N","range":"20W","cause_number":"2025000837"},"geometry":{"type":"Polygon","coordinates":[[[-99.311317,35.537903],[-99.31131,35.551656],[-99.293642,35.551628],[-99.293636,35.537895],[-99.311317,35.537903]]]}},{"type":"Feature","properties":{"county":"Roger Mills","applicant":"ADPARO LLC","legal":"12-15N-21W-IM","section":"12","township":"15N","range":"21W","cause_number":"2024003176","order_number":"747628"},"geometry":{"type":"Polygon","coordinates":[[[-99.393856,35.783389],[-99.39373,35.797843],[-99.37591,35.797689],[-99.376062,35.783229],[-99.393856,35.783389]]]}},{"type":"Feature","properties":{"county":"Roger Mills","applicant":"ADPARO LLC","legal":"01-15N-21W-IM","section":"01","township":"15N","range":"21W","cause_number":"2024003176","order_number":"747628"},"geometry":{"type":"Polygon","coordinates":[[[-99.39373,35.797841],[-99.393636,35.812147],[-99.375803,35.812164],[-99.37591,35.797687],[-99.39373,35.797841]]]}},{"type":"Feature","properties":{"county":"Custer","applicant":"DEVON ENERGY","legal":"14-13N-20W-IM","section":"14","township":"13N","range":"20W","cause_number":"2023002986","order_number":"747770"},"geometry":{"type":"Polygon","coordinates":[[[-99.306076,35.595209],[-99.30605,35.609755],[-99.288359,35.609651],[-99.288352,35.595115],[-99.306076,35.595209]]]}},{"type":"Feature","properties":{"county":"Custer","applicant":"DEVON ENERGY","legal":"11-13N-20W-IM","section":"11","township":"13N","range":"20W","cause_number":"2023002986","order_number":"747770"},"geometry":{"type":"Polygon","coordinates":[[[-99.30605,35.609753],[-99.305995,35.624306],[-99.288317,35.624177],[-99.288358,35.609649],[-99.30605,35.609753]]]}},{"type":"Feature","properties":{"county":"Roger Mills","applicant":"MEWBOURNE","legal":"15-13N-23W-IM","section":"15","township":"13N","range":"23W","cause_number":"2024003123","order_number":"747832"},"geometry":{"type":"Polygon","coordinates":[[[-99.642449,35.595415],[-99.642316,35.609878],[-99.624534,35.609865],[-99.624667,35.59539],[-99.642449,35.595415]]]}},{"type":"Feature","properties":{"county":"Roger Mills","applicant":"MEWBOURNE","legal":"10-13N-23W-IM","section":"10","township":"13N","range":"23W","cause_number":"2024003123","order_number":"747832"},"geometry":{"type":"Polygon","coordinates":[[[-99.642315,35.609876],[-99.642119,35.62434],[-99.624391,35.624353],[-99.624534,35.609863],[-99.642315,35.609876]]]}},{"type":"Feature","properties":{"county":"Custer","applicant":"DUNCAN OIL PROPERTIES; WALTER DUNCAN OIL","legal":"34-15N-19W-IM","section":"34","township":"15N","range":"19W","cause_number":"2024003744","order_number":"747895"},"geometry":{"type":"Polygon","coordinates":[[[-99.21735,35.725573],[-99.217276,35.740055],[-99.199533,35.740044],[-99.199603,35.725556],[-99.21735,35.725573]]]}},{"type":"Feature","properties":{"county":"Custer","applicant":"DUNCAN OIL PROPERTIES; WALTER DUNCAN OIL","legal":"27-15N-19W-IM","section":"27","township":"15N","range":"19W","cause_number":"2024003744","order_number":"747895"},"geometry":{"type":"Polygon","coordinates":[[[-99.217277,35.740053],[-99.217213,35.754514],[-99.199512,35.754516],[-99.199533,35.740042],[-99.217277,35.740053]]]}},{"type":"Feature","properties":{"county":"Roger Mills","applicant":"MEWBOURNE","legal":"34-14N-22W-IM","section":"34","township":"14N","range":"22W","cause_number":"2025000349","order_number":"748051"},"geometry":{"type":"Polygon","coordinates":[[[-99.535962,35.638866],[-99.535858,35.653385],[-99.518227,35.653369],[-99.518283,35.638828],[-99.535962,35.638866]]]}},{"type":"Feature","properties":{"county":"Roger Mills","applicant":"MEWBOURNE","legal":"03-13N-22W-IM","section":"03","township":"13N","range":"22W","cause_number":"2025000349","order_number":"748051"},"geometry":{"type":"Polygon","coordinates":[[[-99.536019,35.624363],[-99.535962,35.638868],[-99.518282,35.63883],[-99.518425,35.624313],[-99.536019,35.624363]]]}},{"type":"Feature","properties":{"county":"Roger Mills","applicant":"MEWBOURNE","legal":"17-13N-21W-IM","section":"17","township":"13N","range":"21W","cause_number":"2025000415","order_number":"748094"},"geometry":{"type":"Polygon","coordinates":[[[-99.465676,35.595306],[-99.465637,35.609803],[-99.447895,35.609833],[-99.447928,35.595325],[-99.465676,35.595306]]]}},{"type":"Feature","properties":{"county":"Roger Mills","applicant":"MEWBOURNE","legal":"08-13N-21W-IM","section":"08","township":"13N","range":"21W","cause_number":"2025000415","order_number":"748094"},"geometry":{"type":"Polygon","coordinates":[[[-99.465637,35.609801],[-99.465611,35.62429],[-99.447839,35.624335],[-99.447895,35.609831],[-99.465637,35.609801]]]}},{"type":"Feature","properties":{"county":"Custer","applicant":"MEWBOURNE","legal":"16-15N-20W-IM","section":"16","township":"15N","range":"20W","cause_number":"2024000134","order_number":"748148"},"geometry":{"type":"Polygon","coordinates":[[[-99.340959,35.769038],[-99.340882,35.783388],[-99.323111,35.783471],[-99.323203,35.769025],[-99.340959,35.769038]]]}},{"type":"Feature","properties":{"county":"Custer","applicant":"MEWBOURNE","legal":"09-15N-20W-IM","section":"09","township":"15N","range":"20W","cause_number":"2024000134","order_number":"748148"},"geometry":{"type":"Polygon","coordinates":[[[-99.340882,35.783386],[-99.340846,35.797857],[-99.32305,35.79791],[-99.323111,35.783469],[-99.340882,35.783386]]]}},{"type":"Feature","properties":{"county":"Custer","applicant":"MEWBOURNE","legal":"14-15N-20W-IM","section":"14","township":"15N","range":"20W","cause_number":"2024000137","order_number":"748151"},"geometry":{"type":"Polygon","coordinates":[[[-99.30558,35.769],[-99.305497,35.783441],[-99.287812,35.783387],[-99.287914,35.768919],[-99.30558,35.769]]]}},{"type":"Feature","properties":{"county":"Custer","applicant":"MEWBOURNE","legal":"11-15N-20W-IM","section":"11","township":"15N","range":"20W","cause_number":"2024000137","order_number":"748151"},"geometry":{"type":"Polygon","coordinates":[[[-99.305497,35.783439],[-99.305391,35.797882],[-99.28773,35.797845],[-99.287812,35.783385],[-99.305497,35.783439]]]}},{"type":"Feature","properties":{"county":"Custer","applicant":"NADEL & GUSSMAN","legal":"12-13N-20W-IM","section":"12","township":"13N","range":"20W","cause_number":"2023002665","order_number":"748280"},"geometry":{"type":"Polygon","coordinates":[[[-99.288319,35.624177],[-99.270552,35.624215],[-99.270663,35.609667],[-99.28836,35.609649],[-99.288319,35.624177]]]}},{"type":"Feature","properties":{"county":"Custer","applicant":"NADEL & GUSSMAN","legal":"01-13N-20W-IM","section":"01","township":"13N","range":"20W","cause_number":"2023002665","order_number":"748280"},"geometry":{"type":"Polygon","coordinates":[[[-99.288192,35.638706],[-99.270455,35.638694],[-99.270552,35.624213],[-99.288319,35.624175],[-99.288192,35.638706]]]}},{"type":"Feature","properties":{"county":"Roger Mills","applicant":"MEWBOURNE","legal":"36-14N-21W-IM","section":"36","township":"14N","range":"21W","cause_number":"2024003216","order_number":"748389"},"geometry":{"type":"Polygon","coordinates":[[[-99.394632,35.638834],[-99.394488,35.653334],[-99.376928,35.653321],[-99.376938,35.638891],[-99.394632,35.638834]]]}},{"type":"Feature","properties":{"county":"Roger Mills","applicant":"MEWBOURNE","legal":"30-13N-21W-IM","section":"30","township":"13N","range":"21W","cause_number":"2025000641","order_number":"748433"},"geometry":{"type":"Polygon","coordinates":[[[-99.483346,35.566289],[-99.483286,35.580789],[-99.465708,35.58081],[-99.465729,35.5663],[-99.483346,35.566289]]]}},{"type":"Feature","properties":{"county":"Roger Mills","applicant":"MEWBOURNE","legal":"19-13N-21W-IM","section":"19","township":"13N","range":"21W","cause_number":"2025000641","order_number":"748433"},"geometry":{"type":"Polygon","coordinates":[[[-99.483286,35.580787],[-99.483221,35.595296],[-99.465674,35.595308],[-99.465708,35.580808],[-99.483286,35.580787]]]}},{"type":"Feature","properties":{"county":"Roger Mills","applicant":"MEWBOURNE","legal":"33-14N-21W-IM","section":"33","township":"14N","range":"21W","cause_number":"2025000535","order_number":"748480"},"geometry":{"type":"Polygon","coordinates":[[[-99.447858,35.638807],[-99.447782,35.653299],[-99.430053,35.65331],[-99.430111,35.638836],[-99.447858,35.638807]]]}},{"type":"Feature","properties":{"county":"Roger Mills","applicant":"MEWBOURNE","legal":"18-13N-21W-IM","section":"18","township":"13N","range":"21W","cause_number":"2025000467","order_number":"748473"},"geometry":{"type":"Polygon","coordinates":[[[-99.483173,35.609789],[-99.465635,35.609803],[-99.465675,35.595306],[-99.483221,35.595294],[-99.483173,35.609789]]]}},{"type":"Feature","properties":{"county":"Roger Mills","applicant":"MEWBOURNE","legal":"07-13N-21W-IM","section":"07","township":"13N","range":"21W","cause_number":"2025000467","order_number":"748473"},"geometry":{"type":"Polygon","coordinates":[[[-99.483173,35.609787],[-99.483111,35.624273],[-99.465609,35.62429],[-99.465636,35.609801],[-99.483173,35.609787]]]}},{"type":"Feature","properties":{"county":"Custer","applicant":"DEVON ENERGY","legal":"34-13N-20W-IM","section":"34","township":"13N","range":"20W","cause_number":"2024002149","order_number":"748491"},"geometry":{"type":"Polygon","coordinates":[[[-99.323928,35.551676],[-99.323896,35.566198],[-99.306195,35.566158],[-99.306207,35.551645],[-99.323928,35.551676]]]}},{"type":"Feature","properties":{"county":"Custer","applicant":"DEVON ENERGY","legal":"27-13N-20W-IM","section":"27","township":"13N","range":"20W","cause_number":"2024002149","order_number":"748491"},"geometry":{"type":"Polygon","coordinates":[[[-99.323896,35.566196],[-99.323859,35.580707],[-99.306144,35.580675],[-99.306194,35.566156],[-99.323896,35.566196]]]}},{"type":"Feature","properties":{"county":"Custer","applicant":"DEVON ENERGY","legal":"34-13N-20W-IM","section":"34","township":"13N","range":"20W","cause_number":"2024002147","order_number":"748489"},"geometry":{"type":"Polygon","coordinates":[[[-99.323928,35.551676],[-99.323896,35.566198],[-99.306195,35.566158],[-99.306207,35.551645],[-99.323928,35.551676]]]}},{"type":"Feature","properties":{"county":"Custer","applicant":"DEVON ENERGY","legal":"27-13N-20W-IM","section":"27","township":"13N","range":"20W","cause_number":"2024002147","order_number":"748489"},"geometry":{"type":"Polygon","coordinates":[[[-99.323896,35.566196],[-99.323859,35.580707],[-99.306144,35.580675],[-99.306194,35.566156],[-99.323896,35.566196]]]}},{"type":"Feature","properties":{"county":"Custer","applicant":"DEVON ENERGY","legal":"34-13N-20W-IM","section":"34","township":"13N","range":"20W","cause_number":"2024000764","order_number":"748487"},"geometry":{"type":"Polygon","coordinates":[[[-99.323928,35.551676],[-99.323896,35.566198],[-99.306195,35.566158],[-99.306207,35.551645],[-99.323928,35.551676]]]}},{"type":"Feature","properties":{"county":"Custer","applicant":"DEVON ENERGY","legal":"27-13N-20W-IM","section":"27","township":"13N","range":"20W","cause_number":"2024000764","order_number":"748487"},"geometry":{"type":"Polygon","coordinates":[[[-99.323896,35.566196],[-99.323859,35.580707],[-99.306144,35.580675],[-99.306194,35.566156],[-99.323896,35.566196]]]}},{"type":"Feature","properties":{"county":"Roger Mills","applicant":"MEWBOURNE","legal":"36-14N-21W-IM","section":"36","township":"14N","range":"21W","cause_number":"2024003216","order_number":"748506"},"geometry":{"type":"Polygon","coordinates":[[[-99.394632,35.638834],[-99.394488,35.653334],[-99.376928,35.653321],[-99.376938,35.638891],[-99.394632,35.638834]]]}},{"type":"Feature","properties":{"county":"Roger Mills","applicant":"MEWBOURNE","legal":"09-13N-23W-IM","section":"09","township":"13N","range":"23W","cause_number":"2024001057","order_number":"748502"},"geometry":{"type":"Polygon","coordinates":[[[-99.660194,35.609861],[-99.659967,35.624368],[-99.642117,35.62434],[-99.642315,35.609876],[-99.660194,35.609861]]]}},{"type":"Feature","properties":{"county":"Roger Mills","applicant":"MEWBOURNE","legal":"04-13N-23W-IM","section":"04","township":"13N","range":"23W","cause_number":"2024001057","order_number":"748502"},"geometry":{"type":"Polygon","coordinates":[[[-99.659967,35.624366],[-99.659764,35.638824],[-99.642017,35.638822],[-99.642117,35.624338],[-99.659967,35.624366]]]}},{"type":"Feature","properties":{"county":"Custer","applicant":"DUNCAN OIL PROPERTIES; WALTER DUNCAN OIL","legal":"35-15N-19W-IM","section":"35","township":"15N","range":"19W","cause_number":"2024003745","order_number":"748549"},"geometry":{"type":"Polygon","coordinates":[[[-99.199605,35.725556],[-99.199535,35.740044],[-99.181869,35.740023],[-99.181848,35.725539],[-99.199605,35.725556]]]}},{"type":"Feature","properties":{"county":"Custer","applicant":"DUNCAN OIL PROPERTIES; WALTER DUNCAN OIL","legal":"26-15N-19W-IM","section":"26","township":"15N","range":"19W","cause_number":"2024003745","order_number":"748549"},"geometry":{"type":"Polygon","coordinates":[[[-99.199535,35.740042],[-99.199514,35.754516],[-99.181772,35.754483],[-99.181869,35.740021],[-99.199535,35.740042]]]}},{"type":"Feature","properties":{"county":"Roger Mills","applicant":"CRAWLEY PETROLEUM","legal":"33-14N-21W-IM","section":"33","township":"14N","range":"21W","cause_number":"2025000315","order_number":"748683"},"geometry":{"type":"Polygon","coordinates":[[[-99.447858,35.638807],[-99.447782,35.653299],[-99.430053,35.65331],[-99.430111,35.638836],[-99.447858,35.638807]]]}},{"type":"Feature","properties":{"county":"Roger Mills","applicant":"CRAWLEY PETROLEUM","legal":"34-14N-21W-IM","section":"34","township":"14N","range":"21W","cause_number":"2025000178","order_number":"748680"},"geometry":{"type":"Polygon","coordinates":[[[-99.430113,35.638836],[-99.430054,35.65331],[-99.412306,35.653334],[-99.412371,35.638827],[-99.430113,35.638836]]]}},{"type":"Feature","properties":{"county":"Custer","applicant":"CRAWLEY PETROLEUM","legal":"35-12N-19W-IM","section":"35","township":"12N","range":"19W","cause_number":"2025000216","order_number":"748728"},"geometry":{"type":"Polygon","coordinates":[[[-99.187777,35.465278],[-99.187773,35.479795],[-99.170034,35.479775],[-99.17006,35.465264],[-99.187777,35.465278]]]}},{"type":"Feature","properties":{"county":"Custer","applicant":"CRAWLEY PETROLEUM","legal":"26-12N-19W-IM","section":"26","township":"12N","range":"19W","cause_number":"2025000216","order_number":"748728"},"geometry":{"type":"Polygon","coordinates":[[[-99.187774,35.479793],[-99.187792,35.494303],[-99.170037,35.494274],[-99.170034,35.479773],[-99.187774,35.479793]]]}},{"type":"Feature","properties":{"county":"Custer","applicant":"DEVON ENERGY","legal":"19-14N-20W-IM","section":"19","township":"14N","range":"20W","cause_number":"2024001048","order_number":"748785"},"geometry":{"type":"Polygon","coordinates":[[[-99.376868,35.667809],[-99.376843,35.682255],[-99.359092,35.682319],[-99.35919,35.667808],[-99.376868,35.667809]]]}},{"type":"Feature","properties":{"county":"Custer","applicant":"DEVON ENERGY","legal":"18-14N-20W-IM","section":"18","township":"14N","range":"20W","cause_number":"2024001048","order_number":"748785"},"geometry":{"type":"Polygon","coordinates":[[[-99.376842,35.682253],[-99.376743,35.696745],[-99.359082,35.69683],[-99.359092,35.682318],[-99.376842,35.682253]]]}},{"type":"Feature","properties":{"county":"Custer","applicant":"DEVON ENERGY","legal":"32-13N-20W-IM","section":"32","township":"13N","range":"20W","cause_number":"2024000501","order_number":"748781"},"geometry":{"type":"Polygon","coordinates":[[[-99.359394,35.551738],[-99.359351,35.566221],[-99.341646,35.566193],[-99.341657,35.551706],[-99.359394,35.551738]]]}},{"type":"Feature","properties":{"county":"Custer","applicant":"DEVON ENERGY","legal":"29-13N-20W-IM","section":"29","township":"13N","range":"20W","cause_number":"2024000501","order_number":"748781"},"geometry":{"type":"Polygon","coordinates":[[[-99.35935,35.566219],[-99.359337,35.580736],[-99.341615,35.580702],[-99.341646,35.566191],[-99.35935,35.566219]]]}},{"type":"Feature","properties":{"county":"Custer","applicant":"CRAWLEY PETROLEUM","legal":"34-12N-19W-IM","section":"34","township":"12N","range":"19W","cause_number":"2025000612","order_number":"748909"},"geometry":{"type":"Polygon","coordinates":[[[-99.205488,35.465293],[-99.205506,35.479784],[-99.187772,35.479795],[-99.187776,35.465278],[-99.205488,35.465293]]]}},{"type":"Feature","properties":{"county":"Custer","applicant":"CRAWLEY PETROLEUM","legal":"27-12N-19W-IM","section":"27","township":"12N","range":"19W","cause_number":"2025000612","order_number":"748909"},"geometry":{"type":"Polygon","coordinates":[[[-99.205507,35.479782],[-99.205531,35.494283],[-99.187791,35.494303],[-99.187772,35.479793],[-99.205507,35.479782]]]}},{"type":"Feature","properties":{"county":"Custer","applicant":"CRAWLEY PETROLEUM","legal":"32-12N-19W-IM","section":"32","township":"12N","range":"19W","cause_number":"2025000589","order_number":"748908"},"geometry":{"type":"Polygon","coordinates":[[[-99.240862,35.465353],[-99.240956,35.479819],[-99.22322,35.479797],[-99.223181,35.465307],[-99.240862,35.465353]]]}},{"type":"Feature","properties":{"county":"Washita","applicant":"CRAWLEY PETROLEUM","legal":"05-11N-19W-IM","section":"05","township":"11N","range":"19W","cause_number":"2025000589","order_number":"748908"},"geometry":{"type":"Polygon","coordinates":[[[-99.240883,35.450898],[-99.240863,35.465355],[-99.223181,35.465309],[-99.223234,35.450863],[-99.240883,35.450898]]]}},{"type":"Feature","properties":{"county":"Custer","applicant":"CRAWLEY PETROLEUM","legal":"33-12N-19W-IM","section":"33","township":"12N","range":"19W","cause_number":"2025000217","order_number":"748906"},"geometry":{"type":"Polygon","coordinates":[[[-99.223182,35.465307],[-99.223222,35.479797],[-99.205505,35.479784],[-99.205486,35.465293],[-99.223182,35.465307]]]}},{"type":"Feature","properties":{"county":"Washita","applicant":"CRAWLEY PETROLEUM","legal":"04-11N-19W-IM","section":"04","township":"11N","range":"19W","cause_number":"2025000217","order_number":"748906"},"geometry":{"type":"Polygon","coordinates":[[[-99.223235,35.450863],[-99.223183,35.465309],[-99.205486,35.465295],[-99.205461,35.45078],[-99.223235,35.450863]]]}},{"type":"Feature","properties":{"county":"Roger Mills","applicant":"MEWBOURNE","legal":"13-13N-22W-IM","section":"13","township":"13N","range":"22W","cause_number":"2025001014","order_number":"749120"},"geometry":{"type":"Polygon","coordinates":[[[-99.500855,35.595306],[-99.50079,35.609791],[-99.483171,35.609789],[-99.483219,35.595294],[-99.500855,35.595306]]]}},{"type":"Feature","properties":{"county":"Roger Mills","applicant":"MEWBOURNE","legal":"12-13N-22W-IM","section":"12","township":"13N","range":"22W","cause_number":"2025001014","order_number":"749120"},"geometry":{"type":"Polygon","coordinates":[[[-99.50079,35.609789],[-99.500722,35.624292],[-99.483109,35.624273],[-99.483172,35.609787],[-99.50079,35.609789]]]}},{"type":"Feature","properties":{"county":"Custer","applicant":"DEVON ENERGY","legal":"07-13N-20W-IM","section":"07","township":"13N","range":"20W","cause_number":"2025000784","order_number":"749140"},"geometry":{"type":"Polygon","coordinates":[[[-99.376999,35.609853],[-99.376987,35.624421],[-99.359366,35.624309],[-99.359353,35.609791],[-99.376999,35.609853]]]}},{"type":"Feature","properties":{"county":"Custer","applicant":"DEVON ENERGY","legal":"06-13N-20W-IM","section":"06","township":"13N","range":"20W","cause_number":"2025000784","order_number":"749140"},"geometry":{"type":"Polygon","coordinates":[[[-99.376987,35.624419],[-99.376939,35.638893],[-99.359259,35.638789],[-99.359367,35.624307],[-99.376987,35.624419]]]}},{"type":"Feature","properties":{"county":"Custer","applicant":"DEVON ENERGY","legal":"07-13N-20W-IM","section":"07","township":"13N","range":"20W","cause_number":"2025000782","order_number":"749139"},"geometry":{"type":"Polygon","coordinates":[[[-99.376999,35.609853],[-99.376987,35.624421],[-99.359366,35.624309],[-99.359353,35.609791],[-99.376999,35.609853]]]}},{"type":"Feature","properties":{"county":"Custer","applicant":"DEVON ENERGY","legal":"06-13N-20W-IM","section":"06","township":"13N","range":"20W","cause_number":"2025000782","order_number":"749139"},"geometry":{"type":"Polygon","coordinates":[[[-99.376987,35.624419],[-99.376939,35.638893],[-99.359259,35.638789],[-99.359367,35.624307],[-99.376987,35.624419]]]}},{"type":"Feature","properties":{"county":"Custer","applicant":"DEVON ENERGY","legal":"07-13N-20W-IM","section":"07","township":"13N","range":"20W","cause_number":"2025000780","order_number":"749138"},"geometry":{"type":"Polygon","coordinates":[[[-99.376999,35.609853],[-99.376987,35.624421],[-99.359366,35.624309],[-99.359353,35.609791],[-99.376999,35.609853]]]}},{"type":"Feature","properties":{"county":"Custer","applicant":"DEVON ENERGY","legal":"06-13N-20W-IM","section":"06","township":"13N","range":"20W","cause_number":"2025000780","order_number":"749138"},"geometry":{"type":"Polygon","coordinates":[[[-99.376987,35.624419],[-99.376939,35.638893],[-99.359259,35.638789],[-99.359367,35.624307],[-99.376987,35.624419]]]}},{"type":"Feature","properties":{"county":"Custer","applicant":"ADPARO LLC","legal":"32-15N-19W-IM","section":"32","township":"15N","range":"19W","cause_number":"2025001537"},"geometry":{"type":"Polygon","coordinates":[[[-99.252825,35.725577],[-99.252713,35.740052],[-99.235,35.740042],[-99.235086,35.725574],[-99.252825,35.725577]]]}},{"type":"Feature","properties":{"county":"Custer","applicant":"ADPARO LLC","legal":"29-15N-19W-IM","section":"29","township":"15N","range":"19W","cause_number":"2025001537"},"geometry":{"type":"Polygon","coordinates":[[[-99.252714,35.74005],[-99.252628,35.754498],[-99.234926,35.75451],[-99.235,35.74004],[-99.252714,35.74005]]]}},{"type":"Feature","properties":{"county":"Custer","applicant":"ADPARO LLC","legal":"20-15N-19W-IM","section":"20","township":"15N","range":"19W","cause_number":"2025001537"},"geometry":{"type":"Polygon","coordinates":[[[-99.252628,35.754496],[-99.25256,35.76894],[-99.234883,35.76897],[-99.234926,35.754508],[-99.252628,35.754496]]]}},{"type":"Feature","properties":{"county":"Custer","applicant":"DEVON ENERGY","legal":"08-14N-20W-IM","section":"08","township":"14N","range":"20W","cause_number":"2025000430","order_number":"749209"},"geometry":{"type":"Polygon","coordinates":[[[-99.359009,35.711227],[-99.341191,35.711298],[-99.341277,35.696915],[-99.359083,35.696828],[-99.359009,35.711227]]]}},{"type":"Feature","properties":{"county":"Custer","applicant":"DEVON ENERGY","legal":"21-13N-20W-IM","section":"21","township":"13N","range":"20W","cause_number":"2025000747","order_number":"749372"},"geometry":{"type":"Polygon","coordinates":[[[-99.341617,35.5807],[-99.341601,35.59522],[-99.323811,35.595216],[-99.323857,35.580705],[-99.341617,35.5807]]]}},{"type":"Feature","properties":{"county":"Custer","applicant":"DEVON ENERGY","legal":"16-13N-20W-IM","section":"16","township":"13N","range":"20W","cause_number":"2025000747","order_number":"749372"},"geometry":{"type":"Polygon","coordinates":[[[-99.341601,35.595218],[-99.341558,35.609734],[-99.323795,35.609738],[-99.323811,35.595214],[-99.341601,35.595218]]]}},{"type":"Feature","properties":{"county":"Custer","applicant":"DEVON ENERGY","legal":"34-13N-20W-IM","section":"34","township":"13N","range":"20W","cause_number":"2024002147","order_number":"749474"},"geometry":{"type":"Polygon","coordinates":[[[-99.323928,35.551676],[-99.323896,35.566198],[-99.306195,35.566158],[-99.306207,35.551645],[-99.323928,35.551676]]]}},{"type":"Feature","properties":{"county":"Custer","applicant":"DEVON ENERGY","legal":"27-13N-20W-IM","section":"27","township":"13N","range":"20W","cause_number":"2024002147","order_number":"749474"},"geometry":{"type":"Polygon","coordinates":[[[-99.323896,35.566196],[-99.323859,35.580707],[-99.306144,35.580675],[-99.306194,35.566156],[-99.323896,35.566196]]]}},{"type":"Feature","properties":{"county":"Custer","applicant":"DEVON ENERGY","legal":"34-13N-20W-IM","section":"34","township":"13N","range":"20W","cause_number":"2024000764","order_number":"749436"},"geometry":{"type":"Polygon","coordinates":[[[-99.323928,35.551676],[-99.323896,35.566198],[-99.306195,35.566158],[-99.306207,35.551645],[-99.323928,35.551676]]]}},{"type":"Feature","properties":{"county":"Custer","applicant":"DEVON ENERGY","legal":"27-13N-20W-IM","section":"27","township":"13N","range":"20W","cause_number":"2024000764","order_number":"749436"},"geometry":{"type":"Polygon","coordinates":[[[-99.323896,35.566196],[-99.323859,35.580707],[-99.306144,35.580675],[-99.306194,35.566156],[-99.323896,35.566196]]]}},{"type":"Feature","properties":{"county":"Custer","applicant":"DEVON ENERGY","legal":"34-13N-20W-IM","section":"34","township":"13N","range":"20W","cause_number":"2024002149","order_number":"749476"},"geometry":{"type":"Polygon","coordinates":[[[-99.323928,35.551676],[-99.323896,35.566198],[-99.306195,35.566158],[-99.306207,35.551645],[-99.323928,35.551676]]]}},{"type":"Feature","properties":{"county":"Custer","applicant":"DEVON ENERGY","legal":"27-13N-20W-IM","section":"27","township":"13N","range":"20W","cause_number":"2024002149","order_number":"749476"},"geometry":{"type":"Polygon","coordinates":[[[-99.323896,35.566196],[-99.323859,35.580707],[-99.306144,35.580675],[-99.306194,35.566156],[-99.323896,35.566196]]]}},{"type":"Feature","properties":{"county":"Roger Mills","applicant":"MEWBOURNE","legal":"14-13N-22W-IM","section":"14","township":"13N","range":"22W","cause_number":"2024003069","order_number":"749604"},"geometry":{"type":"Polygon","coordinates":[[[-99.518472,35.595335],[-99.518428,35.609819],[-99.500789,35.609791],[-99.500853,35.595306],[-99.518472,35.595335]]]}},{"type":"Feature","properties":{"county":"Roger Mills","applicant":"MEWBOURNE","legal":"11-13N-22W-IM","section":"11","township":"13N","range":"22W","cause_number":"2024003069","order_number":"749604"},"geometry":{"type":"Polygon","coordinates":[[[-99.518429,35.609817],[-99.518427,35.624315],[-99.500721,35.624292],[-99.500789,35.609789],[-99.518429,35.609817]]]}},{"type":"Feature","properties":{"county":"Custer","applicant":"DEVON ENERGY","legal":"32-13N-20W-IM","section":"32","township":"13N","range":"20W","cause_number":"2025001223","order_number":"749777"},"geometry":{"type":"Polygon","coordinates":[[[-99.359394,35.551738],[-99.359351,35.566221],[-99.341646,35.566193],[-99.341657,35.551706],[-99.359394,35.551738]]]}},{"type":"Feature","properties":{"county":"Custer","applicant":"DEVON ENERGY","legal":"29-13N-20W-IM","section":"29","township":"13N","range":"20W","cause_number":"2025001223","order_number":"749777"},"geometry":{"type":"Polygon","coordinates":[[[-99.35935,35.566219],[-99.359337,35.580736],[-99.341615,35.580702],[-99.341646,35.566191],[-99.35935,35.566219]]]}},{"type":"Feature","properties":{"county":"Custer","applicant":"DEVON ENERGY","legal":"32-13N-20W-IM","section":"32","township":"13N","range":"20W","cause_number":"2025001221","order_number":"749775"},"geometry":{"type":"Polygon","coordinates":[[[-99.359394,35.551738],[-99.359351,35.566221],[-99.341646,35.566193],[-99.341657,35.551706],[-99.359394,35.551738]]]}},{"type":"Feature","properties":{"county":"Custer","applicant":"DEVON ENERGY","legal":"29-13N-20W-IM","section":"29","township":"13N","range":"20W","cause_number":"2025001221","order_number":"749775"},"geometry":{"type":"Polygon","coordinates":[[[-99.35935,35.566219],[-99.359337,35.580736],[-99.341615,35.580702],[-99.341646,35.566191],[-99.35935,35.566219]]]}},{"type":"Feature","properties":{"county":"Custer","applicant":"REDHAWK RESOURCES","legal":"27-13N-19W-IM","section":"27","township":"13N","range":"19W","cause_number":"2025001036","order_number":"749915"},"geometry":{"type":"Polygon","coordinates":[[[-99.217199,35.566182],[-99.217308,35.580671],[-99.199715,35.580674],[-99.199786,35.566062],[-99.217199,35.566182]]]}},{"type":"Feature","properties":{"county":"Custer","applicant":"REDHAWK RESOURCES","legal":"22-13N-19W-IM","section":"22","township":"13N","range":"19W","cause_number":"2025001036","order_number":"749915"},"geometry":{"type":"Polygon","coordinates":[[[-99.217309,35.580669],[-99.217307,35.595205],[-99.199681,35.595201],[-99.199715,35.580674],[-99.217309,35.580669]]]}},{"type":"Feature","properties":{"county":"Custer","applicant":"REDHAWK RESOURCES","legal":"23-13N-19W-IM","section":"23","township":"13N","range":"19W","cause_number":"2025001034","order_number":"749913"},"geometry":{"type":"Polygon","coordinates":[[[-99.199717,35.580673],[-99.199682,35.595201],[-99.181957,35.59515],[-99.181983,35.580657],[-99.199717,35.580673]]]}},{"type":"Feature","properties":{"county":"Custer","applicant":"REDHAWK RESOURCES","legal":"14-13N-19W-IM","section":"14","township":"13N","range":"19W","cause_number":"2025001034","order_number":"749913"},"geometry":{"type":"Polygon","coordinates":[[[-99.199683,35.595199],[-99.199698,35.609674],[-99.181953,35.609639],[-99.181957,35.595149],[-99.199683,35.595199]]]}},{"type":"Feature","properties":{"county":"Custer","applicant":"MEWBOURNE","legal":"16-15N-20W-IM","section":"16","township":"15N","range":"20W","cause_number":"2025001297","order_number":"749946"},"geometry":{"type":"Polygon","coordinates":[[[-99.340959,35.769038],[-99.340882,35.783388],[-99.323111,35.783471],[-99.323203,35.769025],[-99.340959,35.769038]]]}},{"type":"Feature","properties":{"county":"Custer","applicant":"MEWBOURNE","legal":"09-15N-20W-IM","section":"09","township":"15N","range":"20W","cause_number":"2025001297","order_number":"749946"},"geometry":{"type":"Polygon","coordinates":[[[-99.340882,35.783386],[-99.340846,35.797857],[-99.32305,35.79791],[-99.323111,35.783469],[-99.340882,35.783386]]]}},{"type":"Feature","properties":{"county":"Roger Mills","applicant":"DEVON ENERGY","legal":"35-14N-21W-IM","section":"35","township":"14N","range":"21W","cause_number":"2024003814","order_number":"749991"},"geometry":{"type":"Polygon","coordinates":[[[-99.412373,35.638827],[-99.412308,35.653334],[-99.394486,35.653334],[-99.394631,35.638834],[-99.412373,35.638827]]]}},{"type":"Feature","properties":{"county":"Roger Mills","applicant":"DEVON ENERGY","legal":"02-13N-21W-IM","section":"02","township":"13N","range":"21W","cause_number":"2024003814","order_number":"749991"},"geometry":{"type":"Polygon","coordinates":[[[-99.412367,35.624358],[-99.412373,35.638829],[-99.39463,35.638836],[-99.394705,35.624395],[-99.412367,35.624358]]]}},{"type":"Feature","properties":{"county":"Custer","applicant":"ARNOLD OIL PROPERTIES","legal":"35-13N-16W-IM","section":"35","township":"13N","range":"16W","cause_number":"2025001512","order_number":"750036"},"geometry":{"type":"Polygon","coordinates":[[[-98.880368,35.5515],[-98.88036,35.565985],[-98.862684,35.56602],[-98.862684,35.551503],[-98.880368,35.5515]]]}},{"type":"Feature","properties":{"county":"Custer","applicant":"ARNOLD OIL PROPERTIES","legal":"26-13N-16W-IM","section":"26","township":"13N","range":"16W","cause_number":"2025001512","order_number":"750036"},"geometry":{"type":"Polygon","coordinates":[[[-98.880359,35.565983],[-98.880376,35.580505],[-98.862705,35.580524],[-98.862684,35.566018],[-98.880359,35.565983]]]}},{"type":"Feature","properties":{"county":"Roger Mills","applicant":"MEWBOURNE","legal":"30-13N-21W-IM","section":"30","township":"13N","range":"21W","cause_number":"2025000641","order_number":"750025"},"geometry":{"type":"Polygon","coordinates":[[[-99.483346,35.566289],[-99.483286,35.580789],[-99.465708,35.58081],[-99.465729,35.5663],[-99.483346,35.566289]]]}},{"type":"Feature","properties":{"county":"Roger Mills","applicant":"MEWBOURNE","legal":"19-13N-21W-IM","section":"19","township":"13N","range":"21W","cause_number":"2025000641","order_number":"750025"},"geometry":{"type":"Polygon","coordinates":[[[-99.483286,35.580787],[-99.483221,35.595296],[-99.465674,35.595308],[-99.465708,35.580808],[-99.483286,35.580787]]]}},{"type":"Feature","properties":{"county":"Roger Mills","applicant":"MEWBOURNE","legal":"33-14N-21W-IM","section":"33","township":"14N","range":"21W","cause_number":"2025000535","order_number":"750023"},"geometry":{"type":"Polygon","coordinates":[[[-99.447858,35.638807],[-99.447782,35.653299],[-99.430053,35.65331],[-99.430111,35.638836],[-99.447858,35.638807]]]}},{"type":"Feature","properties":{"county":"Roger Mills","applicant":"MEWBOURNE","legal":"18-13N-21W-IM","section":"18","township":"13N","range":"21W","cause_number":"2025000467","order_number":"750021"},"geometry":{"type":"Polygon","coordinates":[[[-99.483173,35.609789],[-99.465635,35.609803],[-99.465675,35.595306],[-99.483221,35.595294],[-99.483173,35.609789]]]}},{"type":"Feature","properties":{"county":"Roger Mills","applicant":"MEWBOURNE","legal":"07-13N-21W-IM","section":"07","township":"13N","range":"21W","cause_number":"2025000467","order_number":"750021"},"geometry":{"type":"Polygon","coordinates":[[[-99.483173,35.609787],[-99.483111,35.624273],[-99.465609,35.62429],[-99.465636,35.609801],[-99.483173,35.609787]]]}},{"type":"Feature","properties":{"county":"Custer","applicant":"ARNOLD OIL PROPERTIES","legal":"22-13N-16W-IM","section":"22","township":"13N","range":"16W","cause_number":"2025001325","order_number":"750076"},"geometry":{"type":"Polygon","coordinates":[[[-98.89801,35.580455],[-98.898055,35.594973],[-98.880385,35.59502],[-98.880374,35.580503],[-98.89801,35.580455]]]}},{"type":"Feature","properties":{"county":"Custer","applicant":"ARNOLD OIL PROPERTIES","legal":"15-13N-16W-IM","section":"15","township":"13N","range":"16W","cause_number":"2025001325","order_number":"750076"},"geometry":{"type":"Polygon","coordinates":[[[-98.898056,35.594971],[-98.898081,35.609496],[-98.880378,35.609509],[-98.880385,35.595018],[-98.898056,35.594971]]]}},{"type":"Feature","properties":{"county":"Custer","applicant":"DEVON ENERGY","legal":"31-13N-20W-IM","section":"31","township":"13N","range":"20W","cause_number":"2025001992"},"geometry":{"type":"Polygon","coordinates":[[[-99.37712,35.551754],[-99.377073,35.566269],[-99.359349,35.566221],[-99.359392,35.551738],[-99.37712,35.551754]]]}},{"type":"Feature","properties":{"county":"Custer","applicant":"DEVON ENERGY","legal":"30-13N-20W-IM","section":"30","township":"13N","range":"20W","cause_number":"2025001992"},"geometry":{"type":"Polygon","coordinates":[[[-99.377072,35.566267],[-99.377036,35.580787],[-99.359336,35.580736],[-99.359349,35.566219],[-99.377072,35.566267]]]}},{"type":"Feature","properties":{"county":"Custer","applicant":"DEVON ENERGY","legal":"19-13N-20W-IM","section":"19","township":"13N","range":"20W","cause_number":"2025001992"},"geometry":{"type":"Polygon","coordinates":[[[-99.377036,35.580785],[-99.377007,35.595317],[-99.359332,35.595266],[-99.359336,35.580734],[-99.377036,35.580785]]]}},{"type":"Feature","properties":{"county":"Roger Mills","applicant":"MEWBOURNE","legal":"32-14N-23W-IM","section":"32","township":"14N","range":"23W","cause_number":"2025000413","order_number":"750091"},"geometry":{"type":"Polygon","coordinates":[[[-99.677566,35.638859],[-99.67743,35.653349],[-99.659657,35.65332],[-99.659763,35.638822],[-99.677566,35.638859]]]}},{"type":"Feature","properties":{"county":"Roger Mills","applicant":"MEWBOURNE","legal":"05-13N-23W-IM","section":"05","township":"13N","range":"23W","cause_number":"2025000413","order_number":"750091"},"geometry":{"type":"Polygon","coordinates":[[[-99.677741,35.624383],[-99.677566,35.638861],[-99.659763,35.638823],[-99.659965,35.624366],[-99.677741,35.624383]]]}},{"type":"Feature","properties":{"county":"Custer","applicant":"DEVON ENERGY","legal":"26-13N-20W-IM","section":"26","township":"13N","range":"20W","cause_number":"2025002030"},"geometry":{"type":"Polygon","coordinates":[[[-99.306196,35.566156],[-99.306146,35.580675],[-99.288496,35.580612],[-99.288605,35.56612],[-99.306196,35.566156]]]}},{"type":"Feature","properties":{"county":"Custer","applicant":"MEWBOURNE","legal":"08-13N-17W-IM","section":"08","township":"13N","range":"17W","cause_number":"2024001279","order_number":"750213"},"geometry":{"type":"Polygon","coordinates":[[[-99.039908,35.609523],[-99.0399,35.624012],[-99.02217,35.623987],[-99.022166,35.609485],[-99.039908,35.609523]]]}},{"type":"Feature","properties":{"county":"Custer","applicant":"MEWBOURNE","legal":"05-13N-17W-IM","section":"05","township":"13N","range":"17W","cause_number":"2024001279","order_number":"750213"},"geometry":{"type":"Polygon","coordinates":[[[-99.039901,35.62401],[-99.039908,35.638567],[-99.022188,35.638568],[-99.02217,35.623985],[-99.039901,35.62401]]]}},{"type":"Feature","properties":{"county":"Roger Mills","applicant":"MEWBOURNE","legal":"10-12N-21W-IM","section":"10","township":"12N","range":"21W","cause_number":"2024001276","order_number":"750212"},"geometry":{"type":"Polygon","coordinates":[[[-99.417291,35.523425],[-99.417324,35.537928],[-99.399534,35.537915],[-99.399551,35.523407],[-99.417291,35.523425]]]}},{"type":"Feature","properties":{"county":"Roger Mills","applicant":"MEWBOURNE","legal":"03-12N-21W-IM","section":"03","township":"12N","range":"21W","cause_number":"2024001276","order_number":"750212"},"geometry":{"type":"Polygon","coordinates":[[[-99.417323,35.537926],[-99.41736,35.551784],[-99.399523,35.551775],[-99.399534,35.537914],[-99.417323,35.537926]]]}},{"type":"Feature","properties":{"county":"Custer","applicant":"DUNCAN OIL PROPERTIES; WALTER DUNCAN OIL","legal":"11-14N-19W-IM","section":"11","township":"14N","range":"19W","cause_number":"2024003213","order_number":"750332"},"geometry":{"type":"Polygon","coordinates":[[[-99.199615,35.696563],[-99.199605,35.711057],[-99.181859,35.711019],[-99.181874,35.696522],[-99.199615,35.696563]]]}},{"type":"Feature","properties":{"county":"Roger Mills","applicant":"MEWBOURNE","legal":"36-13N-23W-IM","section":"36","township":"13N","range":"23W","cause_number":"2025001565","order_number":"750393"},"geometry":{"type":"Polygon","coordinates":[[[-99.60723,35.551927],[-99.607146,35.566411],[-99.589395,35.566387],[-99.589519,35.551905],[-99.60723,35.551927]]]}},{"type":"Feature","properties":{"county":"Roger Mills","applicant":"MEWBOURNE","legal":"25-13N-23W-IM","section":"25","township":"13N","range":"23W","cause_number":"2025001565","order_number":"750393"},"geometry":{"type":"Polygon","coordinates":[[[-99.607146,35.566409],[-99.607061,35.580886],[-99.589295,35.580885],[-99.589396,35.566385],[-99.607146,35.566409]]]}},{"type":"Feature","properties":{"county":"Custer","applicant":"MEWBOURNE","legal":"16-15N-20W-IM","section":"16","township":"15N","range":"20W","cause_number":"2025001842","order_number":"750491"},"geometry":{"type":"Polygon","coordinates":[[[-99.340959,35.769038],[-99.340882,35.783388],[-99.323111,35.783471],[-99.323203,35.769025],[-99.340959,35.769038]]]}},{"type":"Feature","properties":{"county":"Custer","applicant":"MEWBOURNE","legal":"09-15N-20W-IM","section":"09","township":"15N","range":"20W","cause_number":"2025001842","order_number":"750491"},"geometry":{"type":"Polygon","coordinates":[[[-99.340882,35.783386],[-99.340846,35.797857],[-99.32305,35.79791],[-99.323111,35.783469],[-99.340882,35.783386]]]}},{"type":"Feature","properties":{"county":"Custer","applicant":"DUNCAN OIL PROPERTIES; WALTER DUNCAN OIL","legal":"11-14N-19W-IM","section":"11","township":"14N","range":"19W","cause_number":"2024003487","order_number":"750497"},"geometry":{"type":"Polygon","coordinates":[[[-99.199615,35.696563],[-99.199605,35.711057],[-99.181859,35.711019],[-99.181874,35.696522],[-99.199615,35.696563]]]}},{"type":"Feature","properties":{"county":"Custer","applicant":"DUNCAN OIL PROPERTIES; WALTER DUNCAN OIL","legal":"02-14N-19W-IM","section":"02","township":"14N","range":"19W","cause_number":"2024003487","order_number":"750497"},"geometry":{"type":"Polygon","coordinates":[[[-99.199605,35.711055],[-99.199605,35.725558],[-99.181848,35.725541],[-99.181858,35.711017],[-99.199605,35.711055]]]}},{"type":"Feature","properties":{"county":"Roger Mills","applicant":"MEWBOURNE","legal":"34-13N-23W-IM","section":"34","township":"13N","range":"23W","cause_number":"2025001716","order_number":"750550"},"geometry":{"type":"Polygon","coordinates":[[[-99.642715,35.551998],[-99.642631,35.5665],[-99.624868,35.566465],[-99.624958,35.551966],[-99.642715,35.551998]]]}},{"type":"Feature","properties":{"county":"Roger Mills","applicant":"MEWBOURNE","legal":"27-13N-23W-IM","section":"27","township":"13N","range":"23W","cause_number":"2025001716","order_number":"750550"},"geometry":{"type":"Polygon","coordinates":[[[-99.64263,35.566498],[-99.642547,35.580965],[-99.624783,35.580928],[-99.624868,35.566464],[-99.64263,35.566498]]]}},{"type":"Feature","properties":{"county":"Roger Mills","applicant":"MEWBOURNE","legal":"22-13N-23W-IM","section":"22","township":"13N","range":"23W","cause_number":"2025001716","order_number":"750550"},"geometry":{"type":"Polygon","coordinates":[[[-99.642547,35.580963],[-99.642448,35.595417],[-99.624667,35.595392],[-99.624783,35.580926],[-99.642547,35.580963]]]}},{"type":"Feature","properties":{"county":"Custer","applicant":"DUNCAN OIL PROPERTIES; TRINCHERA ENERGY PARTNERS","legal":"13-14N-19W-IM","section":"13","township":"14N","range":"19W","cause_number":"2024003405","order_number":"750535"},"geometry":{"type":"Polygon","coordinates":[[[-99.181897,35.68203],[-99.181875,35.696524],[-99.164126,35.696538],[-99.164163,35.682047],[-99.181897,35.68203]]]}},{"type":"Feature","properties":{"county":"Custer","applicant":"DUNCAN OIL PROPERTIES; TRINCHERA ENERGY PARTNERS","legal":"12-14N-19W-IM","section":"12","township":"14N","range":"19W","cause_number":"2024003405","order_number":"750535"},"geometry":{"type":"Polygon","coordinates":[[[-99.181876,35.696522],[-99.181859,35.711019],[-99.164104,35.711037],[-99.164127,35.696536],[-99.181876,35.696522]]]}},{"type":"Feature","properties":{"county":"Custer","applicant":"MEWBOURNE","legal":"18-15N-20W-IM","section":"18","township":"15N","range":"20W","cause_number":"2024002655","order_number":"750593"},"geometry":{"type":"Polygon","coordinates":[[[-99.376209,35.768803],[-99.376063,35.783231],[-99.358773,35.783325],[-99.358847,35.768959],[-99.376209,35.768803]]]}},{"type":"Feature","properties":{"county":"Custer","applicant":"MEWBOURNE","legal":"07-15N-20W-IM","section":"07","township":"15N","range":"20W","cause_number":"2024002655","order_number":"750593"},"geometry":{"type":"Polygon","coordinates":[[[-99.376062,35.783229],[-99.375911,35.797689],[-99.358684,35.797738],[-99.358773,35.783323],[-99.376062,35.783229]]]}},{"type":"Feature","properties":{"county":"Custer","applicant":"MEWBOURNE","legal":"18-15N-20W-IM","section":"18","township":"15N","range":"20W","cause_number":"2024002653","order_number":"750591"},"geometry":{"type":"Polygon","coordinates":[[[-99.376209,35.768803],[-99.376063,35.783231],[-99.358773,35.783325],[-99.358847,35.768959],[-99.376209,35.768803]]]}},{"type":"Feature","properties":{"county":"Custer","applicant":"MEWBOURNE","legal":"07-15N-20W-IM","section":"07","township":"15N","range":"20W","cause_number":"2024002651","order_number":"750589"},"geometry":{"type":"Polygon","coordinates":[[[-99.376062,35.783229],[-99.375911,35.797689],[-99.358684,35.797738],[-99.358773,35.783323],[-99.376062,35.783229]]]}},{"type":"Feature","properties":{"county":"Custer","applicant":"JMA ENERGY; YUKON TRADING","legal":"10-12N-20W-IM","section":"10","township":"12N","range":"20W","cause_number":"2024002673","order_number":"750664"},"geometry":{"type":"Polygon","coordinates":[[[-99.31133,35.523369],[-99.311317,35.537905],[-99.293636,35.537897],[-99.293629,35.523364],[-99.31133,35.523369]]]}},{"type":"Feature","properties":{"county":"Custer","applicant":"JMA ENERGY; YUKON TRADING","legal":"03-12N-20W-IM","section":"03","township":"12N","range":"20W","cause_number":"2024002673","order_number":"750664"},"geometry":{"type":"Polygon","coordinates":[[[-99.311317,35.537903],[-99.31131,35.551656],[-99.293642,35.551628],[-99.293636,35.537895],[-99.311317,35.537903]]]}},{"type":"Feature","properties":{"county":"Custer","applicant":"MEWBOURNE","legal":"14-13N-17W-IM","section":"14","township":"13N","range":"17W","cause_number":"2025001093","order_number":"750765"},"geometry":{"type":"Polygon","coordinates":[[[-98.986763,35.594959],[-98.986755,35.609488],[-98.96903,35.609476],[-98.969047,35.594963],[-98.986763,35.594959]]]}},{"type":"Feature","properties":{"county":"Custer","applicant":"MEWBOURNE","legal":"11-13N-17W-IM","section":"11","township":"13N","range":"17W","cause_number":"2025001093","order_number":"750765"},"geometry":{"type":"Polygon","coordinates":[[[-98.986756,35.609486],[-98.986754,35.623995],[-98.969014,35.624003],[-98.969031,35.609474],[-98.986756,35.609486]]]}},{"type":"Feature","properties":{"county":"Custer","applicant":"MEWBOURNE","legal":"08-12N-19W-IM","section":"08","township":"12N","range":"19W","cause_number":"2024002051","order_number":"750742"},"geometry":{"type":"Polygon","coordinates":[[[-99.241025,35.523355],[-99.241005,35.537833],[-99.223303,35.537787],[-99.223314,35.523314],[-99.241025,35.523355]]]}},{"type":"Feature","properties":{"county":"Custer","applicant":"MEWBOURNE","legal":"05-12N-19W-IM","section":"05","township":"12N","range":"19W","cause_number":"2024002051","order_number":"750742"},"geometry":{"type":"Polygon","coordinates":[[[-99.241004,35.537831],[-99.241033,35.5516],[-99.223273,35.551622],[-99.223303,35.537785],[-99.241004,35.537831]]]}},{"type":"Feature","properties":{"county":"Roger Mills","applicant":"MEWBOURNE","legal":"10-13N-21W-IM","section":"10","township":"13N","range":"21W","cause_number":"2024001589","order_number":"750741"},"geometry":{"type":"Polygon","coordinates":[[[-99.430157,35.609847],[-99.4301,35.624337],[-99.412365,35.62436],[-99.412387,35.609829],[-99.430157,35.609847]]]}},{"type":"Feature","properties":{"county":"Roger Mills","applicant":"MEWBOURNE","legal":"03-13N-21W-IM","section":"03","township":"13N","range":"21W","cause_number":"2024001589","order_number":"750741"},"geometry":{"type":"Polygon","coordinates":[[[-99.430101,35.624335],[-99.430113,35.638838],[-99.412371,35.638829],[-99.412365,35.624358],[-99.430101,35.624335]]]}},{"type":"Feature","properties":{"county":"Roger Mills","applicant":"MEWBOURNE","legal":"11-12N-21W-IM","section":"11","township":"12N","range":"21W","cause_number":"2024001579","order_number":"750740"},"geometry":{"type":"Polygon","coordinates":[[[-99.399553,35.523407],[-99.399536,35.537915],[-99.381809,35.537923],[-99.381845,35.523393],[-99.399553,35.523407]]]}},{"type":"Feature","properties":{"county":"Roger Mills","applicant":"MEWBOURNE","legal":"02-12N-21W-IM","section":"02","township":"12N","range":"21W","cause_number":"2024001579","order_number":"750740"},"geometry":{"type":"Polygon","coordinates":[[[-99.399536,35.537913],[-99.399525,35.551775],[-99.381791,35.55176],[-99.381809,35.537922],[-99.399536,35.537913]]]}},{"type":"Feature","properties":{"county":"Roger Mills","applicant":"MEWBOURNE","legal":"14-13N-21W-IM","section":"14","township":"13N","range":"21W","cause_number":"2024000973","order_number":"750728"},"geometry":{"type":"Polygon","coordinates":[[[-99.412413,35.595311],[-99.412389,35.609831],[-99.394694,35.609851],[-99.394706,35.595319],[-99.412413,35.595311]]]}},{"type":"Feature","properties":{"county":"Roger Mills","applicant":"MEWBOURNE","legal":"11-13N-21W-IM","section":"11","township":"13N","range":"21W","cause_number":"2024000973","order_number":"750728"},"geometry":{"type":"Polygon","coordinates":[[[-99.412389,35.609829],[-99.412367,35.62436],[-99.394704,35.624397],[-99.394694,35.609849],[-99.412389,35.609829]]]}},{"type":"Feature","properties":{"county":"Roger Mills","applicant":"MEWBOURNE","legal":"09-12N-21W-IM","section":"09","township":"12N","range":"21W","cause_number":"2025001729","order_number":"750801"},"geometry":{"type":"Polygon","coordinates":[[[-99.434981,35.523445],[-99.435002,35.537908],[-99.417322,35.537928],[-99.417289,35.523425],[-99.434981,35.523445]]]}},{"type":"Feature","properties":{"county":"Roger Mills","applicant":"MEWBOURNE","legal":"04-12N-21W-IM","section":"04","township":"12N","range":"21W","cause_number":"2025001729","order_number":"750801"},"geometry":{"type":"Polygon","coordinates":[[[-99.435002,35.537906],[-99.435009,35.551812],[-99.417359,35.551784],[-99.417322,35.537926],[-99.435002,35.537906]]]}},{"type":"Feature","properties":{"county":"Custer","applicant":"MEWBOURNE","legal":"14-13N-17W-IM","section":"14","township":"13N","range":"17W","cause_number":"2025001093","order_number":"750815"},"geometry":{"type":"Polygon","coordinates":[[[-98.986763,35.594959],[-98.986755,35.609488],[-98.96903,35.609476],[-98.969047,35.594963],[-98.986763,35.594959]]]}},{"type":"Feature","properties":{"county":"Custer","applicant":"MEWBOURNE","legal":"11-13N-17W-IM","section":"11","township":"13N","range":"17W","cause_number":"2025001093","order_number":"750815"},"geometry":{"type":"Polygon","coordinates":[[[-98.986756,35.609486],[-98.986754,35.623995],[-98.969014,35.624003],[-98.969031,35.609474],[-98.986756,35.609486]]]}},{"type":"Feature","properties":{"county":"Custer","applicant":"DEVON ENERGY","legal":"34-13N-20W-IM","section":"34","township":"13N","range":"20W","cause_number":"2024002149","order_number":"750872"},"geometry":{"type":"Polygon","coordinates":[[[-99.323928,35.551676],[-99.323896,35.566198],[-99.306195,35.566158],[-99.306207,35.551645],[-99.323928,35.551676]]]}},{"type":"Feature","properties":{"county":"Custer","applicant":"DEVON ENERGY","legal":"27-13N-20W-IM","section":"27","township":"13N","range":"20W","cause_number":"2024002149","order_number":"750872"},"geometry":{"type":"Polygon","coordinates":[[[-99.323896,35.566196],[-99.323859,35.580707],[-99.306144,35.580675],[-99.306194,35.566156],[-99.323896,35.566196]]]}},{"type":"Feature","properties":{"county":"Custer","applicant":"DEVON ENERGY","legal":"34-13N-20W-IM","section":"34","township":"13N","range":"20W","cause_number":"2024002147","order_number":"750870"},"geometry":{"type":"Polygon","coordinates":[[[-99.323928,35.551676],[-99.323896,35.566198],[-99.306195,35.566158],[-99.306207,35.551645],[-99.323928,35.551676]]]}},{"type":"Feature","properties":{"county":"Custer","applicant":"DEVON ENERGY","legal":"27-13N-20W-IM","section":"27","township":"13N","range":"20W","cause_number":"2024002147","order_number":"750870"},"geometry":{"type":"Polygon","coordinates":[[[-99.323896,35.566196],[-99.323859,35.580707],[-99.306144,35.580675],[-99.306194,35.566156],[-99.323896,35.566196]]]}},{"type":"Feature","properties":{"county":"Custer","applicant":"DEVON ENERGY","legal":"34-13N-20W-IM","section":"34","township":"13N","range":"20W","cause_number":"2024000764","order_number":"750866"},"geometry":{"type":"Polygon","coordinates":[[[-99.323928,35.551676],[-99.323896,35.566198],[-99.306195,35.566158],[-99.306207,35.551645],[-99.323928,35.551676]]]}},{"type":"Feature","properties":{"county":"Custer","applicant":"DEVON ENERGY","legal":"27-13N-20W-IM","section":"27","township":"13N","range":"20W","cause_number":"2024000764","order_number":"750866"},"geometry":{"type":"Polygon","coordinates":[[[-99.323896,35.566196],[-99.323859,35.580707],[-99.306144,35.580675],[-99.306194,35.566156],[-99.323896,35.566196]]]}},{"type":"Feature","properties":{"county":"Custer","applicant":"DEVON ENERGY","legal":"18-13N-20W-IM","section":"18","township":"13N","range":"20W","cause_number":"2025001857","order_number":"750985"},"geometry":{"type":"Polygon","coordinates":[[[-99.377006,35.595315],[-99.376999,35.609855],[-99.359353,35.609793],[-99.359332,35.595264],[-99.377006,35.595315]]]}},{"type":"Feature","properties":{"county":"Custer","applicant":"DEVON ENERGY","legal":"07-13N-20W-IM","section":"07","township":"13N","range":"20W","cause_number":"2025001857","order_number":"750985"},"geometry":{"type":"Polygon","coordinates":[[[-99.376999,35.609853],[-99.376987,35.624421],[-99.359366,35.624309],[-99.359353,35.609791],[-99.376999,35.609853]]]}},{"type":"Feature","properties":{"county":"Custer","applicant":"DEVON ENERGY","legal":"06-13N-20W-IM","section":"06","township":"13N","range":"20W","cause_number":"2025001857","order_number":"750985"},"geometry":{"type":"Polygon","coordinates":[[[-99.376987,35.624419],[-99.376939,35.638893],[-99.359259,35.638789],[-99.359367,35.624307],[-99.376987,35.624419]]]}},{"type":"Feature","properties":{"county":"Custer","applicant":"NADEL & GUSSMAN","legal":"16-13N-19W-IM","section":"16","township":"13N","range":"19W","cause_number":"2025001590","order_number":"750981"},"geometry":{"type":"Polygon","coordinates":[[[-99.235158,35.595165],[-99.235141,35.609731],[-99.217339,35.609707],[-99.217306,35.595203],[-99.235158,35.595165]]]}},{"type":"Feature","properties":{"county":"Custer","applicant":"NADEL & GUSSMAN","legal":"09-13N-19W-IM","section":"09","township":"13N","range":"19W","cause_number":"2025001590","order_number":"750981"},"geometry":{"type":"Polygon","coordinates":[[[-99.235141,35.609729],[-99.235207,35.624236],[-99.21738,35.624237],[-99.217339,35.609705],[-99.235141,35.609729]]]}},{"type":"Feature","properties":{"county":"Custer","applicant":"MEWBOURNE","legal":"16-15N-20W-IM","section":"16","township":"15N","range":"20W","cause_number":"2025001842","order_number":"751010"},"geometry":{"type":"Polygon","coordinates":[[[-99.340959,35.769038],[-99.340882,35.783388],[-99.323111,35.783471],[-99.323203,35.769025],[-99.340959,35.769038]]]}},{"type":"Feature","properties":{"county":"Custer","applicant":"MEWBOURNE","legal":"09-15N-20W-IM","section":"09","township":"15N","range":"20W","cause_number":"2025001842","order_number":"751010"},"geometry":{"type":"Polygon","coordinates":[[[-99.340882,35.783386],[-99.340846,35.797857],[-99.32305,35.79791],[-99.323111,35.783469],[-99.340882,35.783386]]]}},{"type":"Feature","properties":{"county":"Roger Mills","applicant":"CRAWLEY PETROLEUM","legal":"14-13N-23W-IM","section":"14","township":"13N","range":"23W","cause_number":"2025001581","order_number":"751035"},"geometry":{"type":"Polygon","coordinates":[[[-99.624669,35.59539],[-99.624535,35.609865],[-99.606794,35.609876],[-99.606944,35.595383],[-99.624669,35.59539]]]}},{"type":"Feature","properties":{"county":"Roger Mills","applicant":"CRAWLEY PETROLEUM","legal":"11-13N-23W-IM","section":"11","township":"13N","range":"23W","cause_number":"2025001581","order_number":"751035"},"geometry":{"type":"Polygon","coordinates":[[[-99.624535,35.609863],[-99.624393,35.624354],[-99.606613,35.624324],[-99.606794,35.609874],[-99.624535,35.609863]]]}},{"type":"Feature","properties":{"county":"Custer","applicant":"MEWBOURNE","legal":"14-13N-17W-IM","section":"14","township":"13N","range":"17W","cause_number":"2025001093","order_number":"751112"},"geometry":{"type":"Polygon","coordinates":[[[-98.986763,35.594959],[-98.986755,35.609488],[-98.96903,35.609476],[-98.969047,35.594963],[-98.986763,35.594959]]]}},{"type":"Feature","properties":{"county":"Custer","applicant":"MEWBOURNE","legal":"11-13N-17W-IM","section":"11","township":"13N","range":"17W","cause_number":"2025001093","order_number":"751112"},"geometry":{"type":"Polygon","coordinates":[[[-98.986756,35.609486],[-98.986754,35.623995],[-98.969014,35.624003],[-98.969031,35.609474],[-98.986756,35.609486]]]}},{"type":"Feature","properties":{"county":"Custer","applicant":"MEWBOURNE","legal":"19-12N-20W-IM","section":"19","township":"12N","range":"20W","cause_number":"2025002044","order_number":"751141"},"geometry":{"type":"Polygon","coordinates":[[[-99.364146,35.494391],[-99.364137,35.508879],[-99.346787,35.508916],[-99.346778,35.494413],[-99.364146,35.494391]]]}},{"type":"Feature","properties":{"county":"Custer","applicant":"MEWBOURNE","legal":"18-12N-20W-IM","section":"18","township":"12N","range":"20W","cause_number":"2025002044","order_number":"751141"},"geometry":{"type":"Polygon","coordinates":[[[-99.364137,35.508877],[-99.364124,35.52337],[-99.346791,35.523412],[-99.346788,35.508914],[-99.364137,35.508877]]]}},{"type":"Feature","properties":{"county":"Custer","applicant":"MEWBOURNE","legal":"20-12N-20W-IM","section":"20","township":"12N","range":"20W","cause_number":"2025001744","order_number":"751176"},"geometry":{"type":"Polygon","coordinates":[[[-99.34678,35.494413],[-99.346789,35.508916],[-99.329065,35.508883],[-99.329069,35.494398],[-99.34678,35.494413]]]}},{"type":"Feature","properties":{"county":"Custer","applicant":"MEWBOURNE","legal":"17-12N-20W-IM","section":"17","township":"12N","range":"20W","cause_number":"2025001744","order_number":"751176"},"geometry":{"type":"Polygon","coordinates":[[[-99.346789,35.508914],[-99.346793,35.523413],[-99.329072,35.523382],[-99.329065,35.508881],[-99.346789,35.508914]]]}},{"type":"Feature","properties":{"county":"Custer","applicant":"MEWBOURNE","legal":"20-12N-20W-IM","section":"20","township":"12N","range":"20W","cause_number":"2025001744","order_number":"751216"},"geometry":{"type":"Polygon","coordinates":[[[-99.34678,35.494413],[-99.346789,35.508916],[-99.329065,35.508883],[-99.329069,35.494398],[-99.34678,35.494413]]]}},{"type":"Feature","properties":{"county":"Custer","applicant":"MEWBOURNE","legal":"17-12N-20W-IM","section":"17","township":"12N","range":"20W","cause_number":"2025001744","order_number":"751216"},"geometry":{"type":"Polygon","coordinates":[[[-99.346789,35.508914],[-99.346793,35.523413],[-99.329072,35.523382],[-99.329065,35.508881],[-99.346789,35.508914]]]}},{"type":"Feature","properties":{"county":"Roger Mills","applicant":"MEWBOURNE","legal":"12-12N-21W-IM","section":"12","township":"12N","range":"21W","cause_number":"2024001531","order_number":"751202"},"geometry":{"type":"Polygon","coordinates":[[[-99.381847,35.523393],[-99.381811,35.537923],[-99.364111,35.537861],[-99.364122,35.523368],[-99.381847,35.523393]]]}},{"type":"Feature","properties":{"county":"Roger Mills","applicant":"MEWBOURNE","legal":"01-12N-21W-IM","section":"01","township":"12N","range":"21W","cause_number":"2024001531","order_number":"751202"},"geometry":{"type":"Polygon","coordinates":[[[-99.381811,35.537921],[-99.381792,35.55176],[-99.364106,35.551747],[-99.364111,35.537859],[-99.381811,35.537921]]]}},{"type":"Feature","properties":{"county":"Custer","applicant":"DEVON ENERGY","legal":"17-13N-20W-IM","section":"17","township":"13N","range":"20W","cause_number":"2025001966","order_number":"751416"},"geometry":{"type":"Polygon","coordinates":[[[-99.359333,35.595264],[-99.359354,35.609793],[-99.341556,35.609734],[-99.3416,35.595218],[-99.359333,35.595264]]]}},{"type":"Feature","properties":{"county":"Custer","applicant":"DEVON ENERGY","legal":"08-13N-20W-IM","section":"08","township":"13N","range":"20W","cause_number":"2025001966","order_number":"751416"},"geometry":{"type":"Polygon","coordinates":[[[-99.359355,35.609791],[-99.359368,35.624309],[-99.341523,35.624257],[-99.341556,35.609732],[-99.359355,35.609791]]]}},{"type":"Feature","properties":{"county":"Custer","applicant":"DEVON ENERGY","legal":"05-13N-20W-IM","section":"05","township":"13N","range":"20W","cause_number":"2025001966","order_number":"751416"},"geometry":{"type":"Polygon","coordinates":[[[-99.359368,35.624307],[-99.359261,35.638789],[-99.341524,35.638755],[-99.341523,35.624255],[-99.359368,35.624307]]]}},{"type":"Feature","properties":{"county":"Custer","applicant":"MEWBOURNE","legal":"16-15N-20W-IM","section":"16","township":"15N","range":"20W","cause_number":"2025001842","order_number":"751412"},"geometry":{"type":"Polygon","coordinates":[[[-99.340959,35.769038],[-99.340882,35.783388],[-99.323111,35.783471],[-99.323203,35.769025],[-99.340959,35.769038]]]}},{"type":"Feature","properties":{"county":"Custer","applicant":"MEWBOURNE","legal":"09-15N-20W-IM","section":"09","township":"15N","range":"20W","cause_number":"2025001842","order_number":"751412"},"geometry":{"type":"Polygon","coordinates":[[[-99.340882,35.783386],[-99.340846,35.797857],[-99.32305,35.79791],[-99.323111,35.783469],[-99.340882,35.783386]]]}},{"type":"Feature","properties":{"county":"Custer","applicant":"NADEL & GUSSMAN","legal":"12-13N-20W-IM","section":"12","township":"13N","range":"20W","cause_number":"2025001549","order_number":"751405"},"geometry":{"type":"Polygon","coordinates":[[[-99.288319,35.624177],[-99.270552,35.624215],[-99.270663,35.609667],[-99.28836,35.609649],[-99.288319,35.624177]]]}},{"type":"Feature","properties":{"county":"Custer","applicant":"NADEL & GUSSMAN","legal":"01-13N-20W-IM","section":"01","township":"13N","range":"20W","cause_number":"2025001549","order_number":"751405"},"geometry":{"type":"Polygon","coordinates":[[[-99.288192,35.638706],[-99.270455,35.638694],[-99.270552,35.624213],[-99.288319,35.624175],[-99.288192,35.638706]]]}},{"type":"Feature","properties":{"county":"Custer","applicant":"MEWBOURNE","legal":"16-15N-20W-IM","section":"16","township":"15N","range":"20W","cause_number":"2025001842","order_number":"751462"},"geometry":{"type":"Polygon","coordinates":[[[-99.340959,35.769038],[-99.340882,35.783388],[-99.323111,35.783471],[-99.323203,35.769025],[-99.340959,35.769038]]]}},{"type":"Feature","properties":{"county":"Custer","applicant":"MEWBOURNE","legal":"09-15N-20W-IM","section":"09","township":"15N","range":"20W","cause_number":"2025001842","order_number":"751462"},"geometry":{"type":"Polygon","coordinates":[[[-99.340882,35.783386],[-99.340846,35.797857],[-99.32305,35.79791],[-99.323111,35.783469],[-99.340882,35.783386]]]}},{"type":"Feature","properties":{"county":"Custer","applicant":"MEWBOURNE","legal":"16-15N-20W-IM","section":"16","township":"15N","range":"20W","cause_number":"2025001297","order_number":"751462"},"geometry":{"type":"Polygon","coordinates":[[[-99.340959,35.769038],[-99.340882,35.783388],[-99.323111,35.783471],[-99.323203,35.769025],[-99.340959,35.769038]]]}},{"type":"Feature","properties":{"county":"Custer","applicant":"MEWBOURNE","legal":"09-15N-20W-IM","section":"09","township":"15N","range":"20W","cause_number":"2025001297","order_number":"751462"},"geometry":{"type":"Polygon","coordinates":[[[-99.340882,35.783386],[-99.340846,35.797857],[-99.32305,35.79791],[-99.323111,35.783469],[-99.340882,35.783386]]]}},{"type":"Feature","properties":{"county":"Roger Mills","applicant":"MEWBOURNE","legal":"22-13N-23W-IM","section":"22","township":"13N","range":"23W","cause_number":"2025001814","order_number":"751501"},"geometry":{"type":"Polygon","coordinates":[[[-99.642547,35.580963],[-99.642448,35.595417],[-99.624667,35.595392],[-99.624783,35.580926],[-99.642547,35.580963]]]}},{"type":"Feature","properties":{"county":"Roger Mills","applicant":"MEWBOURNE","legal":"15-13N-23W-IM","section":"15","township":"13N","range":"23W","cause_number":"2025001814","order_number":"751501"},"geometry":{"type":"Polygon","coordinates":[[[-99.642449,35.595415],[-99.642316,35.609878],[-99.624534,35.609865],[-99.624667,35.59539],[-99.642449,35.595415]]]}},{"type":"Feature","properties":{"county":"Roger Mills","applicant":"MEWBOURNE","legal":"10-13N-23W-IM","section":"10","township":"13N","range":"23W","cause_number":"2025001814","order_number":"751501"},"geometry":{"type":"Polygon","coordinates":[[[-99.642315,35.609876],[-99.642119,35.62434],[-99.624391,35.624353],[-99.624534,35.609863],[-99.642315,35.609876]]]}},{"type":"Feature","properties":{"county":"Roger Mills","applicant":"MEWBOURNE","legal":"12-12N-23W-IM","section":"12","township":"12N","range":"23W","cause_number":"2025002246","order_number":"751606"},"geometry":{"type":"Polygon","coordinates":[[[-99.593363,35.52313],[-99.593326,35.537633],[-99.575621,35.537585],[-99.575649,35.523123],[-99.593363,35.52313]]]}},{"type":"Feature","properties":{"county":"Roger Mills","applicant":"MEWBOURNE","legal":"01-12N-23W-IM","section":"01","township":"12N","range":"23W","cause_number":"2025002246","order_number":"751606"},"geometry":{"type":"Polygon","coordinates":[[[-99.593327,35.537631],[-99.593262,35.55191],[-99.57565,35.551902],[-99.575621,35.537584],[-99.593327,35.537631]]]}},{"type":"Feature","properties":{"county":"Custer","applicant":"DEVON ENERGY","legal":"35-14N-20W-IM","section":"35","township":"14N","range":"20W","cause_number":"2024003792","order_number":"751660"},"geometry":{"type":"Polygon","coordinates":[[[-99.305937,35.638711],[-99.30588,35.653133],[-99.288208,35.653092],[-99.28819,35.638704],[-99.305937,35.638711]]]}},{"type":"Feature","properties":{"county":"Custer","applicant":"DEVON ENERGY","legal":"26-14N-20W-IM","section":"26","township":"14N","range":"20W","cause_number":"2024003792","order_number":"751660"},"geometry":{"type":"Polygon","coordinates":[[[-99.305881,35.653131],[-99.305737,35.667686],[-99.287959,35.667576],[-99.288208,35.65309],[-99.305881,35.653131]]]}},{"type":"Feature","properties":{"county":"Roger Mills","applicant":"MEWBOURNE","legal":"13-13N-22W-IM","section":"13","township":"13N","range":"22W","cause_number":"2025001014","order_number":"751702"},"geometry":{"type":"Polygon","coordinates":[[[-99.500855,35.595306],[-99.50079,35.609791],[-99.483171,35.609789],[-99.483219,35.595294],[-99.500855,35.595306]]]}},{"type":"Feature","properties":{"county":"Roger Mills","applicant":"MEWBOURNE","legal":"12-13N-22W-IM","section":"12","township":"13N","range":"22W","cause_number":"2025001014","order_number":"751702"},"geometry":{"type":"Polygon","coordinates":[[[-99.50079,35.609789],[-99.500722,35.624292],[-99.483109,35.624273],[-99.483172,35.609787],[-99.50079,35.609789]]]}},{"type":"Feature","properties":{"county":"Custer","applicant":"DEVON ENERGY","legal":"35-14N-20W-IM","section":"35","township":"14N","range":"20W","cause_number":"2024003796","order_number":"751664"},"geometry":{"type":"Polygon","coordinates":[[[-99.305937,35.638711],[-99.30588,35.653133],[-99.288208,35.653092],[-99.28819,35.638704],[-99.305937,35.638711]]]}},{"type":"Feature","properties":{"county":"Custer","applicant":"DEVON ENERGY","legal":"26-14N-20W-IM","section":"26","township":"14N","range":"20W","cause_number":"2024003796","order_number":"751664"},"geometry":{"type":"Polygon","coordinates":[[[-99.305881,35.653131],[-99.305737,35.667686],[-99.287959,35.667576],[-99.288208,35.65309],[-99.305881,35.653131]]]}},{"type":"Feature","properties":{"county":"Custer","applicant":"DEVON ENERGY","legal":"35-14N-20W-IM","section":"35","township":"14N","range":"20W","cause_number":"2024003794","order_number":"751662"},"geometry":{"type":"Polygon","coordinates":[[[-99.305937,35.638711],[-99.30588,35.653133],[-99.288208,35.653092],[-99.28819,35.638704],[-99.305937,35.638711]]]}},{"type":"Feature","properties":{"county":"Custer","applicant":"DEVON ENERGY","legal":"26-14N-20W-IM","section":"26","township":"14N","range":"20W","cause_number":"2024003794","order_number":"751662"},"geometry":{"type":"Polygon","coordinates":[[[-99.305881,35.653131],[-99.305737,35.667686],[-99.287959,35.667576],[-99.288208,35.65309],[-99.305881,35.653131]]]}},{"type":"Feature","properties":{"county":"Roger Mills","applicant":"MEWBOURNE","legal":"15-13N-22W-IM","section":"15","township":"13N","range":"22W","cause_number":"2025000848","order_number":"751720"},"geometry":{"type":"Polygon","coordinates":[[[-99.536141,35.595369],[-99.536077,35.609867],[-99.518427,35.609818],[-99.51847,35.595335],[-99.536141,35.595369]]]}},{"type":"Feature","properties":{"county":"Roger Mills","applicant":"MEWBOURNE","legal":"10-13N-22W-IM","section":"10","township":"13N","range":"22W","cause_number":"2025000848","order_number":"751720"},"geometry":{"type":"Polygon","coordinates":[[[-99.536077,35.609865],[-99.536019,35.624365],[-99.518425,35.624315],[-99.518427,35.609817],[-99.536077,35.609865]]]}},{"type":"Feature","properties":{"county":"Roger Mills","applicant":"MEWBOURNE","legal":"34-13N-21W-IM","section":"34","township":"13N","range":"21W","cause_number":"2024002742","order_number":"751722"},"geometry":{"type":"Polygon","coordinates":[[[-99.430264,35.551802],[-99.430261,35.566321],[-99.412507,35.566299],[-99.412535,35.551779],[-99.430264,35.551802]]]}},{"type":"Feature","properties":{"county":"Roger Mills","applicant":"MEWBOURNE","legal":"27-13N-21W-IM","section":"27","township":"13N","range":"21W","cause_number":"2024002742","order_number":"751722"},"geometry":{"type":"Polygon","coordinates":[[[-99.430261,35.566319],[-99.430243,35.580829],[-99.412461,35.580802],[-99.412507,35.566297],[-99.430261,35.566319]]]}},{"type":"Feature","properties":{"county":"Custer","applicant":"MEWBOURNE","legal":"16-15N-20W-IM","section":"16","township":"15N","range":"20W","cause_number":"2025001842","order_number":"751737"},"geometry":{"type":"Polygon","coordinates":[[[-99.340959,35.769038],[-99.340882,35.783388],[-99.323111,35.783471],[-99.323203,35.769025],[-99.340959,35.769038]]]}},{"type":"Feature","properties":{"county":"Custer","applicant":"MEWBOURNE","legal":"09-15N-20W-IM","section":"09","township":"15N","range":"20W","cause_number":"2025001842","order_number":"751737"},"geometry":{"type":"Polygon","coordinates":[[[-99.340882,35.783386],[-99.340846,35.797857],[-99.32305,35.79791],[-99.323111,35.783469],[-99.340882,35.783386]]]}},{"type":"Feature","properties":{"county":"Custer","applicant":"DUNCAN OIL PROPERTIES; WALTER DUNCAN OIL","legal":"07-15N-19W-IM","section":"07","township":"15N","range":"19W","cause_number":"2025001758","order_number":"751816"},"geometry":{"type":"Polygon","coordinates":[[[-99.270175,35.783392],[-99.270132,35.797854],[-99.252423,35.797809],[-99.252506,35.783388],[-99.270175,35.783392]]]}},{"type":"Feature","properties":{"county":"Custer","applicant":"DUNCAN OIL PROPERTIES; WALTER DUNCAN OIL","legal":"36-15N-19W-IM","section":"36","township":"15N","range":"19W","cause_number":"2024003764","order_number":"751811"},"geometry":{"type":"Polygon","coordinates":[[[-99.18185,35.725539],[-99.18187,35.740023],[-99.164004,35.739958],[-99.164079,35.725506],[-99.18185,35.725539]]]}},{"type":"Feature","properties":{"county":"Custer","applicant":"DUNCAN OIL PROPERTIES; WALTER DUNCAN OIL","legal":"01-14N-19W-IM","section":"01","township":"14N","range":"19W","cause_number":"2024003764","order_number":"751811"},"geometry":{"type":"Polygon","coordinates":[[[-99.18186,35.711017],[-99.181849,35.725541],[-99.164079,35.725508],[-99.164104,35.711036],[-99.18186,35.711017]]]}},{"type":"Feature","properties":{"county":"Custer","applicant":"YUKON TRADING","legal":"26-13N-20W-IM","section":"26","township":"13N","range":"20W","cause_number":"2025002906"},"geometry":{"type":"Polygon","coordinates":[[[-99.306196,35.566156],[-99.306146,35.580675],[-99.288496,35.580612],[-99.288605,35.56612],[-99.306196,35.566156]]]}},{"type":"Feature","properties":{"county":"Custer","applicant":"YUKON TRADING","legal":"23-13N-20W-IM","section":"23","township":"13N","range":"20W","cause_number":"2025002906"},"geometry":{"type":"Polygon","coordinates":[[[-99.306146,35.580673],[-99.306076,35.595211],[-99.288352,35.595117],[-99.288496,35.58061],[-99.306146,35.580673]]]}},{"type":"Feature","properties":{"county":"Custer","applicant":"YUKON TRADING","legal":"14-13N-20W-IM","section":"14","township":"13N","range":"20W","cause_number":"2025002906"},"geometry":{"type":"Polygon","coordinates":[[[-99.306076,35.595209],[-99.30605,35.609755],[-99.288359,35.609651],[-99.288352,35.595115],[-99.306076,35.595209]]]}},{"type":"Feature","properties":{"county":"Custer","applicant":"YUKON TRADING","legal":"26-13N-20W-IM","section":"26","township":"13N","range":"20W","cause_number":"2025002904"},"geometry":{"type":"Polygon","coordinates":[[[-99.306196,35.566156],[-99.306146,35.580675],[-99.288496,35.580612],[-99.288605,35.56612],[-99.306196,35.566156]]]}},{"type":"Feature","properties":{"county":"Custer","applicant":"YUKON TRADING","legal":"23-13N-20W-IM","section":"23","township":"13N","range":"20W","cause_number":"2025002904"},"geometry":{"type":"Polygon","coordinates":[[[-99.306146,35.580673],[-99.306076,35.595211],[-99.288352,35.595117],[-99.288496,35.58061],[-99.306146,35.580673]]]}},{"type":"Feature","properties":{"county":"Custer","applicant":"YUKON TRADING","legal":"14-13N-20W-IM","section":"14","township":"13N","range":"20W","cause_number":"2025002904"},"geometry":{"type":"Polygon","coordinates":[[[-99.306076,35.595209],[-99.30605,35.609755],[-99.288359,35.609651],[-99.288352,35.595115],[-99.306076,35.595209]]]}},{"type":"Feature","properties":{"county":"Roger Mills","applicant":"MEWBOURNE","legal":"33-14N-21W-IM","section":"33","township":"14N","range":"21W","cause_number":"2025002074","order_number":"751898"},"geometry":{"type":"Polygon","coordinates":[[[-99.447858,35.638807],[-99.447782,35.653299],[-99.430053,35.65331],[-99.430111,35.638836],[-99.447858,35.638807]]]}},{"type":"Feature","properties":{"county":"Custer","applicant":"DEVON ENERGY","legal":"35-13N-20W-IM","section":"35","township":"13N","range":"20W","cause_number":"2025002931"},"geometry":{"type":"Polygon","coordinates":[[[-99.306209,35.551645],[-99.306195,35.566158],[-99.288605,35.566122],[-99.288477,35.551619],[-99.306209,35.551645]]]}},{"type":"Feature","properties":{"county":"Custer","applicant":"DEVON ENERGY","legal":"26-13N-20W-IM","section":"26","township":"13N","range":"20W","cause_number":"2025002931"},"geometry":{"type":"Polygon","coordinates":[[[-99.306196,35.566156],[-99.306146,35.580675],[-99.288496,35.580612],[-99.288605,35.56612],[-99.306196,35.566156]]]}},{"type":"Feature","properties":{"county":"Caddo","applicant":"DUNCAN OIL PROPERTIES; WALTER DUNCAN OIL","legal":"01-10N-11W-IM","section":"01","township":"10N","range":"11W","cause_number":"2025002930"},"geometry":{"type":"Polygon","coordinates":[[[-98.324037,35.362991],[-98.324049,35.377307],[-98.306384,35.377361],[-98.306402,35.362956],[-98.324037,35.362991]]]}},{"type":"Feature","properties":{"county":"Beckham","applicant":"KING ENERGY","legal":"31-11N-23W-IM","section":"31","township":"11N","range":"23W","cause_number":"2025002241","order_number":"752123"},"geometry":{"type":"Polygon","coordinates":[[[-99.681967,35.378295],[-99.68199,35.392806],[-99.664391,35.392787],[-99.664463,35.378272],[-99.681967,35.378295]]]}},{"type":"Feature","properties":{"county":"Beckham","applicant":"KING ENERGY","legal":"30-11N-23W-IM","section":"30","township":"11N","range":"23W","cause_number":"2025002241","order_number":"752123"},"geometry":{"type":"Polygon","coordinates":[[[-99.68199,35.392804],[-99.681972,35.407291],[-99.664373,35.407284],[-99.664391,35.392785],[-99.68199,35.392804]]]}},{"type":"Feature","properties":{"county":"Roger Mills","applicant":"MEWBOURNE","legal":"33-14N-21W-IM","section":"33","township":"14N","range":"21W","cause_number":"2025002074","order_number":"752108"},"geometry":{"type":"Polygon","coordinates":[[[-99.447858,35.638807],[-99.447782,35.653299],[-99.430053,35.65331],[-99.430111,35.638836],[-99.447858,35.638807]]]}},{"type":"Feature","properties":{"county":"Custer","applicant":"DEVON ENERGY","legal":"34-14N-20W-IM","section":"34","township":"14N","range":"20W","cause_number":"2024003718","order_number":"752118"},"geometry":{"type":"Polygon","coordinates":[[[-99.323759,35.638766],[-99.323596,35.653245],[-99.30588,35.653133],[-99.305935,35.638712],[-99.323759,35.638766]]]}},{"type":"Feature","properties":{"county":"Custer","applicant":"DEVON ENERGY","legal":"27-14N-20W-IM","section":"27","township":"14N","range":"20W","cause_number":"2024003718","order_number":"752118"},"geometry":{"type":"Polygon","coordinates":[[[-99.323596,35.653243],[-99.323486,35.667775],[-99.305735,35.667686],[-99.305879,35.653131],[-99.323596,35.653243]]]}},{"type":"Feature","properties":{"county":"Custer","applicant":"DEVON ENERGY","legal":"34-14N-20W-IM","section":"34","township":"14N","range":"20W","cause_number":"2024003716","order_number":"752117"},"geometry":{"type":"Polygon","coordinates":[[[-99.323759,35.638766],[-99.323596,35.653245],[-99.30588,35.653133],[-99.305935,35.638712],[-99.323759,35.638766]]]}},{"type":"Feature","properties":{"county":"Custer","applicant":"DEVON ENERGY","legal":"27-14N-20W-IM","section":"27","township":"14N","range":"20W","cause_number":"2024003716","order_number":"752117"},"geometry":{"type":"Polygon","coordinates":[[[-99.323596,35.653243],[-99.323486,35.667775],[-99.305735,35.667686],[-99.305879,35.653131],[-99.323596,35.653243]]]}},{"type":"Feature","properties":{"county":"Custer","applicant":"NADEL & GUSSMAN","legal":"08-13N-19W-IM","section":"08","township":"13N","range":"19W","cause_number":"2025001608","order_number":"752269"},"geometry":{"type":"Polygon","coordinates":[[[-99.252902,35.609694],[-99.252909,35.624193],[-99.235205,35.624236],[-99.235139,35.609729],[-99.252902,35.609694]]]}},{"type":"Feature","properties":{"county":"Custer","applicant":"NADEL & GUSSMAN","legal":"05-13N-19W-IM","section":"05","township":"13N","range":"19W","cause_number":"2025001608","order_number":"752269"},"geometry":{"type":"Polygon","coordinates":[[[-99.252883,35.638671],[-99.235122,35.638653],[-99.235205,35.624234],[-99.25291,35.624191],[-99.252883,35.638671]]]}},{"type":"Feature","properties":{"county":"Custer","applicant":"DEVON ENERGY","legal":"34-14N-20W-IM","section":"34","township":"14N","range":"20W","cause_number":"2024002244","order_number":"752260"},"geometry":{"type":"Polygon","coordinates":[[[-99.323759,35.638766],[-99.323596,35.653245],[-99.30588,35.653133],[-99.305935,35.638712],[-99.323759,35.638766]]]}},{"type":"Feature","properties":{"county":"Custer","applicant":"DEVON ENERGY","legal":"27-14N-20W-IM","section":"27","township":"14N","range":"20W","cause_number":"2024002244","order_number":"752260"},"geometry":{"type":"Polygon","coordinates":[[[-99.323596,35.653243],[-99.323486,35.667775],[-99.305735,35.667686],[-99.305879,35.653131],[-99.323596,35.653243]]]}},{"type":"Feature","properties":{"county":"Custer","applicant":"MEWBOURNE","legal":"10-13N-17W-IM","section":"10","township":"13N","range":"17W","cause_number":"2024003561","order_number":"752314"},"geometry":{"type":"Polygon","coordinates":[[[-99.004436,35.60947],[-99.004423,35.624001],[-98.986752,35.623995],[-98.986754,35.609486],[-99.004436,35.60947]]]}},{"type":"Feature","properties":{"county":"Custer","applicant":"MEWBOURNE","legal":"03-13N-17W-IM","section":"03","township":"13N","range":"17W","cause_number":"2024003561","order_number":"752314"},"geometry":{"type":"Polygon","coordinates":[[[-99.004423,35.623999],[-99.004469,35.638571],[-98.986727,35.638575],[-98.986753,35.623993],[-99.004423,35.623999]]]}},{"type":"Feature","properties":{"county":"Custer","applicant":"KAISER FRANCIS","legal":"07-13N-18W-IM","section":"07","township":"13N","range":"18W","cause_number":"2025001150","order_number":"752344"},"geometry":{"type":"Polygon","coordinates":[[[-99.16419,35.609577],[-99.164206,35.624078],[-99.146395,35.624057],[-99.146403,35.609555],[-99.16419,35.609577]]]}},{"type":"Feature","properties":{"county":"Custer","applicant":"KAISER FRANCIS","legal":"06-13N-18W-IM","section":"06","township":"13N","range":"18W","cause_number":"2025001150","order_number":"752344"},"geometry":{"type":"Polygon","coordinates":[[[-99.164206,35.624076],[-99.164224,35.638579],[-99.146381,35.638569],[-99.146396,35.624055],[-99.164206,35.624076]]]}},{"type":"Feature","properties":{"county":"Custer","applicant":"MEWBOURNE","legal":"07-12N-19W-IM","section":"07","township":"12N","range":"19W","cause_number":"2024002482","order_number":"752338"},"geometry":{"type":"Polygon","coordinates":[[[-99.258137,35.523363],[-99.258114,35.537878],[-99.241003,35.537833],[-99.241024,35.523355],[-99.258137,35.523363]]]}},{"type":"Feature","properties":{"county":"Custer","applicant":"MEWBOURNE","legal":"06-12N-19W-IM","section":"06","township":"12N","range":"19W","cause_number":"2024002482","order_number":"752338"},"geometry":{"type":"Polygon","coordinates":[[[-99.258114,35.537876],[-99.25811,35.551598],[-99.241031,35.5516],[-99.241003,35.537831],[-99.258114,35.537876]]]}},{"type":"Feature","properties":{"county":"Custer","applicant":"DUNCAN OIL PROPERTIES; WALTER DUNCAN OIL","legal":"16-15N-19W-IM","section":"16","township":"15N","range":"19W","cause_number":"2025003097"},"geometry":{"type":"Polygon","coordinates":[[[-99.234885,35.768969],[-99.234838,35.783446],[-99.217118,35.783478],[-99.217157,35.768984],[-99.234885,35.768969]]]}},{"type":"Feature","properties":{"county":"Custer","applicant":"DUNCAN OIL PROPERTIES; WALTER DUNCAN OIL","legal":"09-15N-19W-IM","section":"09","township":"15N","range":"19W","cause_number":"2025003097"},"geometry":{"type":"Polygon","coordinates":[[[-99.234838,35.783444],[-99.234809,35.797925],[-99.217065,35.797982],[-99.217119,35.783477],[-99.234838,35.783444]]]}},{"type":"Feature","properties":{"county":"Custer","applicant":"MEWBOURNE","legal":"10-13N-17W-IM","section":"10","township":"13N","range":"17W","cause_number":"2024003561","order_number":"752399"},"geometry":{"type":"Polygon","coordinates":[[[-99.004436,35.60947],[-99.004423,35.624001],[-98.986752,35.623995],[-98.986754,35.609486],[-99.004436,35.60947]]]}},{"type":"Feature","properties":{"county":"Custer","applicant":"MEWBOURNE","legal":"03-13N-17W-IM","section":"03","township":"13N","range":"17W","cause_number":"2024003561","order_number":"752399"},"geometry":{"type":"Polygon","coordinates":[[[-99.004423,35.623999],[-99.004469,35.638571],[-98.986727,35.638575],[-98.986753,35.623993],[-99.004423,35.623999]]]}},{"type":"Feature","properties":{"county":"Roger Mills","applicant":"MEWBOURNE","legal":"31-14N-22W-IM","section":"31","township":"14N","range":"22W","cause_number":"2025000700","order_number":"752484"},"geometry":{"type":"Polygon","coordinates":[[[-99.588832,35.638837],[-99.588649,35.653302],[-99.571051,35.653423],[-99.571326,35.638865],[-99.588832,35.638837]]]}},{"type":"Feature","properties":{"county":"Roger Mills","applicant":"MEWBOURNE","legal":"06-13N-22W-IM","section":"06","township":"13N","range":"22W","cause_number":"2025000700","order_number":"752484"},"geometry":{"type":"Polygon","coordinates":[[[-99.588923,35.624331],[-99.588832,35.638839],[-99.571326,35.638867],[-99.571318,35.624382],[-99.588923,35.624331]]]}},{"type":"Feature","properties":{"county":"Roger Mills","applicant":"MEWBOURNE","legal":"32-14N-22W-IM","section":"32","township":"14N","range":"22W","cause_number":"2025000698","order_number":"752483"},"geometry":{"type":"Polygon","coordinates":[[[-99.571327,35.638865],[-99.571053,35.653424],[-99.553487,35.653374],[-99.553609,35.638894],[-99.571327,35.638865]]]}},{"type":"Feature","properties":{"county":"Roger Mills","applicant":"MEWBOURNE","legal":"05-13N-22W-IM","section":"05","township":"13N","range":"22W","cause_number":"2025000698","order_number":"752483"},"geometry":{"type":"Polygon","coordinates":[[[-99.571319,35.624382],[-99.571327,35.638867],[-99.553608,35.638896],[-99.55368,35.624397],[-99.571319,35.624382]]]}},{"type":"Feature","properties":{"county":"Roger Mills","applicant":"JMA ENERGY; YUKON TRADING","legal":"31-14N-22W-IM","section":"31","township":"14N","range":"22W","cause_number":"2024003750","order_number":"752484"},"geometry":{"type":"Polygon","coordinates":[[[-99.588832,35.638837],[-99.588649,35.653302],[-99.571051,35.653423],[-99.571326,35.638865],[-99.588832,35.638837]]]}},{"type":"Feature","properties":{"county":"Roger Mills","applicant":"JMA ENERGY; YUKON TRADING","legal":"06-13N-22W-IM","section":"06","township":"13N","range":"22W","cause_number":"2024003750","order_number":"752484"},"geometry":{"type":"Polygon","coordinates":[[[-99.588923,35.624331],[-99.588832,35.638839],[-99.571326,35.638867],[-99.571318,35.624382],[-99.588923,35.624331]]]}},{"type":"Feature","properties":{"county":"Roger Mills","applicant":"JMA ENERGY; YUKON TRADING","legal":"32-14N-22W-IM","section":"32","township":"14N","range":"22W","cause_number":"2024003742","order_number":"752483"},"geometry":{"type":"Polygon","coordinates":[[[-99.571327,35.638865],[-99.571053,35.653424],[-99.553487,35.653374],[-99.553609,35.638894],[-99.571327,35.638865]]]}},{"type":"Feature","properties":{"county":"Roger Mills","applicant":"JMA ENERGY; YUKON TRADING","legal":"05-13N-22W-IM","section":"05","township":"13N","range":"22W","cause_number":"2024003742","order_number":"752483"},"geometry":{"type":"Polygon","coordinates":[[[-99.571319,35.624382],[-99.571327,35.638867],[-99.553608,35.638896],[-99.55368,35.624397],[-99.571319,35.624382]]]}},{"type":"Feature","properties":{"county":"Custer","applicant":"NADEL & GUSSMAN","legal":"23-13N-20W-IM","section":"23","township":"13N","range":"20W","cause_number":"2025002461","order_number":"752546"},"geometry":{"type":"Polygon","coordinates":[[[-99.306146,35.580673],[-99.306076,35.595211],[-99.288352,35.595117],[-99.288496,35.58061],[-99.306146,35.580673]]]}},{"type":"Feature","properties":{"county":"Custer","applicant":"NADEL & GUSSMAN","legal":"14-13N-20W-IM","section":"14","township":"13N","range":"20W","cause_number":"2025002461","order_number":"752546"},"geometry":{"type":"Polygon","coordinates":[[[-99.306076,35.595209],[-99.30605,35.609755],[-99.288359,35.609651],[-99.288352,35.595115],[-99.306076,35.595209]]]}},{"type":"Feature","properties":{"county":"Custer","applicant":"DEVON ENERGY","legal":"33-13N-20W-IM","section":"33","township":"13N","range":"20W","cause_number":"2025003157"},"geometry":{"type":"Polygon","coordinates":[[[-99.341659,35.551706],[-99.341647,35.566193],[-99.323894,35.566198],[-99.323927,35.551676],[-99.341659,35.551706]]]}},{"type":"Feature","properties":{"county":"Custer","applicant":"DEVON ENERGY","legal":"28-13N-20W-IM","section":"28","township":"13N","range":"20W","cause_number":"2025003157"},"geometry":{"type":"Polygon","coordinates":[[[-99.341648,35.566191],[-99.341617,35.580702],[-99.323857,35.580707],[-99.323894,35.566196],[-99.341648,35.566191]]]}},{"type":"Feature","properties":{"county":"Custer","applicant":"DEVON ENERGY","legal":"21-13N-20W-IM","section":"21","township":"13N","range":"20W","cause_number":"2025003157"},"geometry":{"type":"Polygon","coordinates":[[[-99.341617,35.5807],[-99.341601,35.59522],[-99.323811,35.595216],[-99.323857,35.580705],[-99.341617,35.5807]]]}},{"type":"Feature","properties":{"county":"Roger Mills","applicant":"MEWBOURNE","legal":"33-14N-21W-IM","section":"33","township":"14N","range":"21W","cause_number":"2025002074","order_number":"752583"},"geometry":{"type":"Polygon","coordinates":[[[-99.447858,35.638807],[-99.447782,35.653299],[-99.430053,35.65331],[-99.430111,35.638836],[-99.447858,35.638807]]]}},{"type":"Feature","properties":{"county":"Roger Mills","applicant":"MEWBOURNE","legal":"36-13N-23W-IM","section":"36","township":"13N","range":"23W","cause_number":"2025001565","order_number":"752659"},"geometry":{"type":"Polygon","coordinates":[[[-99.60723,35.551927],[-99.607146,35.566411],[-99.589395,35.566387],[-99.589519,35.551905],[-99.60723,35.551927]]]}},{"type":"Feature","properties":{"county":"Roger Mills","applicant":"MEWBOURNE","legal":"25-13N-23W-IM","section":"25","township":"13N","range":"23W","cause_number":"2025001565","order_number":"752659"},"geometry":{"type":"Polygon","coordinates":[[[-99.607146,35.566409],[-99.607061,35.580886],[-99.589295,35.580885],[-99.589396,35.566385],[-99.607146,35.566409]]]}},{"type":"Feature","properties":{"county":"Caddo","applicant":"DUNCAN OIL PROPERTIES; WALTER DUNCAN OIL","legal":"36-11N-11W-IM","section":"36","township":"11N","range":"11W","cause_number":"2025003210"},"geometry":{"type":"Polygon","coordinates":[[[-98.324048,35.377305],[-98.324078,35.391776],[-98.30635,35.391726],[-98.306384,35.377359],[-98.324048,35.377305]]]}},{"type":"Feature","properties":{"county":"Caddo","applicant":"DUNCAN OIL PROPERTIES; WALTER DUNCAN OIL","legal":"25-11N-11W-IM","section":"25","township":"11N","range":"11W","cause_number":"2025003210"},"geometry":{"type":"Polygon","coordinates":[[[-98.324079,35.391774],[-98.324062,35.406194],[-98.306359,35.406156],[-98.30635,35.391724],[-98.324079,35.391774]]]}},{"type":"Feature","properties":{"county":"Roger Mills","applicant":"MEWBOURNE","legal":"36-14N-20W-IM","section":"36","township":"14N","range":"20W","cause_number":"2025003232"},"geometry":{"type":"Polygon","coordinates":[[[-99.28821,35.653091],[-99.270354,35.653251],[-99.270455,35.638692],[-99.288192,35.638704],[-99.28821,35.653091]]]}},{"type":"Feature","properties":{"county":"Roger Mills","applicant":"MEWBOURNE","legal":"25-14N-20W-IM","section":"25","township":"14N","range":"20W","cause_number":"2025003232"},"geometry":{"type":"Polygon","coordinates":[[[-99.28821,35.65309],[-99.28796,35.667576],[-99.270416,35.667689],[-99.270354,35.653249],[-99.28821,35.65309]]]}},{"type":"Feature","properties":{"county":"Roger Mills","applicant":"MEWBOURNE","legal":"24-14N-20W-IM","section":"24","township":"14N","range":"20W","cause_number":"2025003232"},"geometry":{"type":"Polygon","coordinates":[[[-99.287961,35.667574],[-99.288027,35.682116],[-99.270429,35.682148],[-99.270416,35.667687],[-99.287961,35.667574]]]}},{"type":"Feature","properties":{"county":"Custer","applicant":"DEVON ENERGY","legal":"23-13N-20W-IM","section":"23","township":"13N","range":"20W","cause_number":"2025001305","order_number":"752789"},"geometry":{"type":"Polygon","coordinates":[[[-99.306146,35.580673],[-99.306076,35.595211],[-99.288352,35.595117],[-99.288496,35.58061],[-99.306146,35.580673]]]}},{"type":"Feature","properties":{"county":"Custer","applicant":"DEVON ENERGY","legal":"14-13N-20W-IM","section":"14","township":"13N","range":"20W","cause_number":"2025001305","order_number":"752789"},"geometry":{"type":"Polygon","coordinates":[[[-99.306076,35.595209],[-99.30605,35.609755],[-99.288359,35.609651],[-99.288352,35.595115],[-99.306076,35.595209]]]}},{"type":"Feature","properties":{"county":"Custer","applicant":"DEVON ENERGY","legal":"11-13N-20W-IM","section":"11","township":"13N","range":"20W","cause_number":"2025001305","order_number":"752789"},"geometry":{"type":"Polygon","coordinates":[[[-99.30605,35.609753],[-99.305995,35.624306],[-99.288317,35.624177],[-99.288358,35.609649],[-99.30605,35.609753]]]}},{"type":"Feature","properties":{"county":"Custer","applicant":"DEVON ENERGY","legal":"02-13N-20W-IM","section":"02","township":"13N","range":"20W","cause_number":"2025001305","order_number":"752789"},"geometry":{"type":"Polygon","coordinates":[[[-99.305994,35.624304],[-99.305937,35.638713],[-99.28819,35.638706],[-99.288317,35.624175],[-99.305994,35.624304]]]}},{"type":"Feature","properties":{"county":"Custer","applicant":"DEVON ENERGY","legal":"23-13N-20W-IM","section":"23","township":"13N","range":"20W","cause_number":"2025001303","order_number":"752787"},"geometry":{"type":"Polygon","coordinates":[[[-99.306146,35.580673],[-99.306076,35.595211],[-99.288352,35.595117],[-99.288496,35.58061],[-99.306146,35.580673]]]}},{"type":"Feature","properties":{"county":"Custer","applicant":"DEVON ENERGY","legal":"14-13N-20W-IM","section":"14","township":"13N","range":"20W","cause_number":"2025001303","order_number":"752787"},"geometry":{"type":"Polygon","coordinates":[[[-99.306076,35.595209],[-99.30605,35.609755],[-99.288359,35.609651],[-99.288352,35.595115],[-99.306076,35.595209]]]}},{"type":"Feature","properties":{"county":"Custer","applicant":"DEVON ENERGY","legal":"11-13N-20W-IM","section":"11","township":"13N","range":"20W","cause_number":"2025001303","order_number":"752787"},"geometry":{"type":"Polygon","coordinates":[[[-99.30605,35.609753],[-99.305995,35.624306],[-99.288317,35.624177],[-99.288358,35.609649],[-99.30605,35.609753]]]}},{"type":"Feature","properties":{"county":"Custer","applicant":"DEVON ENERGY","legal":"02-13N-20W-IM","section":"02","township":"13N","range":"20W","cause_number":"2025001303","order_number":"752787"},"geometry":{"type":"Polygon","coordinates":[[[-99.305994,35.624304],[-99.305937,35.638713],[-99.28819,35.638706],[-99.288317,35.624175],[-99.305994,35.624304]]]}},{"type":"Feature","properties":{"county":"Custer","applicant":"DEVON ENERGY","legal":"23-13N-20W-IM","section":"23","township":"13N","range":"20W","cause_number":"2025001301","order_number":"752785"},"geometry":{"type":"Polygon","coordinates":[[[-99.306146,35.580673],[-99.306076,35.595211],[-99.288352,35.595117],[-99.288496,35.58061],[-99.306146,35.580673]]]}},{"type":"Feature","properties":{"county":"Custer","applicant":"DEVON ENERGY","legal":"14-13N-20W-IM","section":"14","township":"13N","range":"20W","cause_number":"2025001301","order_number":"752785"},"geometry":{"type":"Polygon","coordinates":[[[-99.306076,35.595209],[-99.30605,35.609755],[-99.288359,35.609651],[-99.288352,35.595115],[-99.306076,35.595209]]]}},{"type":"Feature","properties":{"county":"Custer","applicant":"DEVON ENERGY","legal":"11-13N-20W-IM","section":"11","township":"13N","range":"20W","cause_number":"2025001301","order_number":"752785"},"geometry":{"type":"Polygon","coordinates":[[[-99.30605,35.609753],[-99.305995,35.624306],[-99.288317,35.624177],[-99.288358,35.609649],[-99.30605,35.609753]]]}},{"type":"Feature","properties":{"county":"Custer","applicant":"DEVON ENERGY","legal":"02-13N-20W-IM","section":"02","township":"13N","range":"20W","cause_number":"2025001301","order_number":"752785"},"geometry":{"type":"Polygon","coordinates":[[[-99.305994,35.624304],[-99.305937,35.638713],[-99.28819,35.638706],[-99.288317,35.624175],[-99.305994,35.624304]]]}},{"type":"Feature","properties":{"county":"Roger Mills","applicant":"MEWBOURNE","legal":"15-13N-23W-IM","section":"15","township":"13N","range":"23W","cause_number":"2024003123","order_number":"752867"},"geometry":{"type":"Polygon","coordinates":[[[-99.642449,35.595415],[-99.642316,35.609878],[-99.624534,35.609865],[-99.624667,35.59539],[-99.642449,35.595415]]]}},{"type":"Feature","properties":{"county":"Roger Mills","applicant":"MEWBOURNE","legal":"10-13N-23W-IM","section":"10","township":"13N","range":"23W","cause_number":"2024003123","order_number":"752867"},"geometry":{"type":"Polygon","coordinates":[[[-99.642315,35.609876],[-99.642119,35.62434],[-99.624391,35.624353],[-99.624534,35.609863],[-99.642315,35.609876]]]}},{"type":"Feature","properties":{"county":"Custer","applicant":"DEVON ENERGY","legal":"01-12N-20W-IM","section":"01","township":"12N","range":"20W","cause_number":"2025002592","order_number":"752882"},"geometry":{"type":"Polygon","coordinates":[[[-99.275852,35.537892],[-99.275849,35.551604],[-99.258109,35.551598],[-99.258112,35.537876],[-99.275852,35.537892]]]}},{"type":"Feature","properties":{"county":"Roger Mills","applicant":"DEVON ENERGY","legal":"36-13N-21W-IM","section":"36","township":"13N","range":"21W","cause_number":"2025003346"},"geometry":{"type":"Polygon","coordinates":[[[-99.394831,35.551769],[-99.394784,35.566291],[-99.377071,35.566269],[-99.377119,35.551754],[-99.394831,35.551769]]]}},{"type":"Feature","properties":{"county":"Roger Mills","applicant":"DEVON ENERGY","legal":"25-13N-21W-IM","section":"25","township":"13N","range":"21W","cause_number":"2025003346"},"geometry":{"type":"Polygon","coordinates":[[[-99.394784,35.566289],[-99.394745,35.580803],[-99.377034,35.580787],[-99.377071,35.566267],[-99.394784,35.566289]]]}},{"type":"Feature","properties":{"county":"Roger Mills","applicant":"DEVON ENERGY","legal":"24-13N-21W-IM","section":"24","township":"13N","range":"21W","cause_number":"2025003346"},"geometry":{"type":"Polygon","coordinates":[[[-99.394745,35.580801],[-99.394708,35.595321],[-99.377005,35.595317],[-99.377034,35.580785],[-99.394745,35.580801]]]}},{"type":"Feature","properties":{"county":"Roger Mills","applicant":"CRAWLEY PETROLEUM","legal":"34-14N-21W-IM","section":"34","township":"14N","range":"21W","cause_number":"2025000178","order_number":"753044"},"geometry":{"type":"Polygon","coordinates":[[[-99.430113,35.638836],[-99.430054,35.65331],[-99.412306,35.653334],[-99.412371,35.638827],[-99.430113,35.638836]]]}},{"type":"Feature","properties":{"county":"Custer","applicant":"REIGN OPERATING LLC","legal":"33-12N-18W-IM","section":"33","township":"12N","range":"18W","cause_number":"2025003503"},"geometry":{"type":"Polygon","coordinates":[[[-99.117096,35.465221],[-99.117102,35.479732],[-99.099379,35.479725],[-99.099372,35.465212],[-99.117096,35.465221]]]}},{"type":"Feature","properties":{"county":"Custer","applicant":"REIGN OPERATING LLC","legal":"28-12N-18W-IM","section":"28","township":"12N","range":"18W","cause_number":"2025003503"},"geometry":{"type":"Polygon","coordinates":[[[-99.117102,35.47973],[-99.117082,35.49426],[-99.099388,35.494231],[-99.099378,35.479724],[-99.117102,35.47973]]]}},{"type":"Feature","properties":{"county":"Custer","applicant":"REIGN OPERATING LLC","legal":"21-12N-18W-IM","section":"21","township":"12N","range":"18W","cause_number":"2025003502"},"geometry":{"type":"Polygon","coordinates":[[[-99.117082,35.494258],[-99.117129,35.508757],[-99.099402,35.508727],[-99.099388,35.49423],[-99.117082,35.494258]]]}},{"type":"Feature","properties":{"county":"Custer","applicant":"REIGN OPERATING LLC","legal":"16-12N-18W-IM","section":"16","township":"12N","range":"18W","cause_number":"2025003502"},"geometry":{"type":"Polygon","coordinates":[[[-99.117129,35.508755],[-99.117141,35.523261],[-99.099405,35.52321],[-99.099402,35.508725],[-99.117129,35.508755]]]}},{"type":"Feature","properties":{"county":"Custer","applicant":"REIGN OPERATING LLC","legal":"32-12N-18W-IM","section":"32","township":"12N","range":"18W","cause_number":"2025003501"},"geometry":{"type":"Polygon","coordinates":[[[-99.134816,35.465229],[-99.134851,35.479737],[-99.1171,35.479732],[-99.117095,35.465221],[-99.134816,35.465229]]]}},{"type":"Feature","properties":{"county":"Custer","applicant":"REIGN OPERATING LLC","legal":"29-12N-18W-IM","section":"29","township":"12N","range":"18W","cause_number":"2025003501"},"geometry":{"type":"Polygon","coordinates":[[[-99.134851,35.479735],[-99.134873,35.494251],[-99.11708,35.49426],[-99.1171,35.47973],[-99.134851,35.479735]]]}},{"type":"Feature","properties":{"county":"Custer","applicant":"REIGN OPERATING LLC","legal":"20-12N-18W-IM","section":"20","township":"12N","range":"18W","cause_number":"2025003500"},"geometry":{"type":"Polygon","coordinates":[[[-99.134873,35.494249],[-99.134868,35.508748],[-99.117127,35.508757],[-99.11708,35.494258],[-99.134873,35.494249]]]}},{"type":"Feature","properties":{"county":"Custer","applicant":"REIGN OPERATING LLC","legal":"17-12N-18W-IM","section":"17","township":"12N","range":"18W","cause_number":"2025003500"},"geometry":{"type":"Polygon","coordinates":[[[-99.134868,35.508746],[-99.134883,35.523254],[-99.11714,35.523261],[-99.117127,35.508755],[-99.134868,35.508746]]]}},{"type":"Feature","properties":{"county":"Custer","applicant":"REIGN OPERATING LLC","legal":"31-12N-18W-IM","section":"31","township":"12N","range":"18W","cause_number":"2025003505"},"geometry":{"type":"Polygon","coordinates":[[[-99.15232,35.465232],[-99.152287,35.479755],[-99.134849,35.479737],[-99.134814,35.465229],[-99.15232,35.465232]]]}},{"type":"Feature","properties":{"county":"Custer","applicant":"REIGN OPERATING LLC","legal":"30-12N-18W-IM","section":"30","township":"12N","range":"18W","cause_number":"2025003505"},"geometry":{"type":"Polygon","coordinates":[[[-99.152288,35.479753],[-99.152286,35.494268],[-99.134871,35.494251],[-99.134849,35.479735],[-99.152288,35.479753]]]}},{"type":"Feature","properties":{"county":"Custer","applicant":"REIGN OPERATING LLC","legal":"31-12N-17W-IM","section":"31","township":"12N","range":"17W","cause_number":"2025003578"},"geometry":{"type":"Polygon","coordinates":[[[-99.046332,35.465098],[-99.046254,35.479662],[-99.029011,35.479652],[-99.029037,35.465117],[-99.046332,35.465098]]]}},{"type":"Feature","properties":{"county":"Custer","applicant":"REIGN OPERATING LLC","legal":"30-12N-17W-IM","section":"30","township":"12N","range":"17W","cause_number":"2025003578"},"geometry":{"type":"Polygon","coordinates":[[[-99.046254,35.47966],[-99.046205,35.49414],[-99.029008,35.494158],[-99.029011,35.479651],[-99.046254,35.47966]]]}},{"type":"Feature","properties":{"county":"Custer","applicant":"DEVON ENERGY","legal":"13-12N-20W-IM","section":"13","township":"12N","range":"20W","cause_number":"2025002593","order_number":"753270"},"geometry":{"type":"Polygon","coordinates":[[[-99.275879,35.508868],[-99.275865,35.523367],[-99.258135,35.523365],[-99.258132,35.508828],[-99.275879,35.508868]]]}},{"type":"Feature","properties":{"county":"Custer","applicant":"DEVON ENERGY","legal":"12-12N-20W-IM","section":"12","township":"12N","range":"20W","cause_number":"2025002593","order_number":"753270"},"geometry":{"type":"Polygon","coordinates":[[[-99.275865,35.523365],[-99.275852,35.537894],[-99.258112,35.537878],[-99.258135,35.523363],[-99.275865,35.523365]]]}},{"type":"Feature","properties":{"county":"Custer","applicant":"DEVON ENERGY","legal":"01-12N-20W-IM","section":"01","township":"12N","range":"20W","cause_number":"2025002593","order_number":"753270"},"geometry":{"type":"Polygon","coordinates":[[[-99.275852,35.537892],[-99.275849,35.551604],[-99.258109,35.551598],[-99.258112,35.537876],[-99.275852,35.537892]]]}},{"type":"Feature","properties":{"county":"Custer","applicant":"ADPARO LLC","legal":"31-13N-19W-IM","section":"31","township":"13N","range":"19W","cause_number":"2025002868","order_number":"753427"},"geometry":{"type":"Polygon","coordinates":[[[-99.270743,35.551595],[-99.270727,35.566212],[-99.252956,35.566144],[-99.253028,35.551598],[-99.270743,35.551595]]]}},{"type":"Feature","properties":{"county":"Custer","applicant":"ADPARO LLC","legal":"30-13N-19W-IM","section":"30","township":"13N","range":"19W","cause_number":"2025002868","order_number":"753427"},"geometry":{"type":"Polygon","coordinates":[[[-99.270727,35.56621],[-99.270705,35.580628],[-99.253033,35.580641],[-99.252956,35.566142],[-99.270727,35.56621]]]}},{"type":"Feature","properties":{"county":"Caddo","applicant":"EPOCH RESOURCES","legal":"02-11N-11W-IM","section":"02","township":"11N","range":"11W","cause_number":"2025002642","order_number":"753420"},"geometry":{"type":"Polygon","coordinates":[[[-98.3416,35.44953],[-98.341638,35.464008],[-98.324032,35.463932],[-98.323991,35.44959],[-98.3416,35.44953]]]}},{"type":"Feature","properties":{"county":"Caddo","applicant":"EPOCH RESOURCES","legal":"12-11N-11W-IM","section":"12","township":"11N","range":"11W","cause_number":"2025002641","order_number":"753419"},"geometry":{"type":"Polygon","coordinates":[[[-98.324009,35.435114],[-98.323993,35.449592],[-98.306355,35.449458],[-98.306355,35.435027],[-98.324009,35.435114]]]}},{"type":"Feature","properties":{"county":"Caddo","applicant":"EPOCH RESOURCES","legal":"01-11N-11W-IM","section":"01","township":"11N","range":"11W","cause_number":"2025002641","order_number":"753419"},"geometry":{"type":"Polygon","coordinates":[[[-98.323992,35.44959],[-98.324034,35.463932],[-98.306377,35.463919],[-98.306355,35.449456],[-98.323992,35.44959]]]}},{"type":"Feature","properties":{"county":"Custer","applicant":"MEWBOURNE","legal":"31-15N-20W-IM","section":"31","township":"15N","range":"20W","cause_number":"2025003090","order_number":"753518"},"geometry":{"type":"Polygon","coordinates":[[[-99.376633,35.72567],[-99.376583,35.740093],[-99.358965,35.740104],[-99.358982,35.725671],[-99.376633,35.72567]]]}},{"type":"Feature","properties":{"county":"Custer","applicant":"MEWBOURNE","legal":"07-14N-20W-IM","section":"07","township":"14N","range":"20W","cause_number":"2025003090","order_number":"753518"},"geometry":{"type":"Polygon","coordinates":[[[-99.376687,35.711222],[-99.359007,35.711227],[-99.359082,35.696828],[-99.376742,35.696743],[-99.376687,35.711222]]]}},{"type":"Feature","properties":{"county":"Custer","applicant":"MEWBOURNE","legal":"06-14N-20W-IM","section":"06","township":"14N","range":"20W","cause_number":"2025003090","order_number":"753518"},"geometry":{"type":"Polygon","coordinates":[[[-99.376687,35.711221],[-99.376634,35.725672],[-99.358982,35.725673],[-99.359007,35.711225],[-99.376687,35.711221]]]}},{"type":"Feature","properties":{"county":"Custer","applicant":"MEWBOURNE","legal":"18-15N-20W-IM","section":"18","township":"15N","range":"20W","cause_number":"2024002655","order_number":"753510"},"geometry":{"type":"Polygon","coordinates":[[[-99.376209,35.768803],[-99.376063,35.783231],[-99.358773,35.783325],[-99.358847,35.768959],[-99.376209,35.768803]]]}},{"type":"Feature","properties":{"county":"Custer","applicant":"MEWBOURNE","legal":"07-15N-20W-IM","section":"07","township":"15N","range":"20W","cause_number":"2024002655","order_number":"753510"},"geometry":{"type":"Polygon","coordinates":[[[-99.376062,35.783229],[-99.375911,35.797689],[-99.358684,35.797738],[-99.358773,35.783323],[-99.376062,35.783229]]]}},{"type":"Feature","properties":{"county":"Custer","applicant":"MEWBOURNE","legal":"18-15N-20W-IM","section":"18","township":"15N","range":"20W","cause_number":"2024002653","order_number":"753508"},"geometry":{"type":"Polygon","coordinates":[[[-99.376209,35.768803],[-99.376063,35.783231],[-99.358773,35.783325],[-99.358847,35.768959],[-99.376209,35.768803]]]}},{"type":"Feature","properties":{"county":"Custer","applicant":"MEWBOURNE","legal":"07-15N-20W-IM","section":"07","township":"15N","range":"20W","cause_number":"2024002651","order_number":"753506"},"geometry":{"type":"Polygon","coordinates":[[[-99.376062,35.783229],[-99.375911,35.797689],[-99.358684,35.797738],[-99.358773,35.783323],[-99.376062,35.783229]]]}},{"type":"Feature","properties":{"county":"Roger Mills","applicant":"CRAWLEY PETROLEUM","legal":"34-14N-21W-IM","section":"34","township":"14N","range":"21W","cause_number":"2025003100","order_number":"753577"},"geometry":{"type":"Polygon","coordinates":[[[-99.430113,35.638836],[-99.430054,35.65331],[-99.412306,35.653334],[-99.412371,35.638827],[-99.430113,35.638836]]]}},{"type":"Feature","properties":{"county":"Roger Mills","applicant":"MEWBOURNE","legal":"24-15N-21W-IM","section":"24","township":"15N","range":"21W","cause_number":"2024000587","order_number":"753557"},"geometry":{"type":"Polygon","coordinates":[[[-99.394137,35.75452],[-99.394001,35.768951],[-99.376208,35.768805],[-99.376355,35.754377],[-99.394137,35.75452]]]}},{"type":"Feature","properties":{"county":"Roger Mills","applicant":"MEWBOURNE","legal":"13-15N-21W-IM","section":"13","township":"15N","range":"21W","cause_number":"2024000587","order_number":"753557"},"geometry":{"type":"Polygon","coordinates":[[[-99.394001,35.768949],[-99.393857,35.783391],[-99.376061,35.783231],[-99.376209,35.768803],[-99.394001,35.768949]]]}},{"type":"Feature","properties":{"county":"Custer","applicant":"DUNCAN OIL PROPERTIES; WALTER DUNCAN OIL","legal":"05-15N-19W-IM","section":"05","township":"15N","range":"19W","cause_number":"2024003748","order_number":"753618"},"geometry":{"type":"Polygon","coordinates":[[[-99.252424,35.797807],[-99.252595,35.812417],[-99.234789,35.812357],[-99.234808,35.797923],[-99.252424,35.797807]]]}},{"type":"Feature","properties":{"county":"Custer","applicant":"DEVON ENERGY","legal":"32-13N-20W-IM","section":"32","township":"13N","range":"20W","cause_number":"2025002926","order_number":"753652"},"geometry":{"type":"Polygon","coordinates":[[[-99.359394,35.551738],[-99.359351,35.566221],[-99.341646,35.566193],[-99.341657,35.551706],[-99.359394,35.551738]]]}},{"type":"Feature","properties":{"county":"Custer","applicant":"DEVON ENERGY","legal":"29-13N-20W-IM","section":"29","township":"13N","range":"20W","cause_number":"2025002926","order_number":"753652"},"geometry":{"type":"Polygon","coordinates":[[[-99.35935,35.566219],[-99.359337,35.580736],[-99.341615,35.580702],[-99.341646,35.566191],[-99.35935,35.566219]]]}},{"type":"Feature","properties":{"county":"Custer","applicant":"DEVON ENERGY","legal":"20-13N-20W-IM","section":"20","township":"13N","range":"20W","cause_number":"2025002926","order_number":"753652"},"geometry":{"type":"Polygon","coordinates":[[[-99.359338,35.580734],[-99.359333,35.595266],[-99.3416,35.59522],[-99.341615,35.5807],[-99.359338,35.580734]]]}},{"type":"Feature","properties":{"county":"Custer","applicant":"DEVON ENERGY","legal":"16-13N-20W-IM","section":"16","township":"13N","range":"20W","cause_number":"2025002923","order_number":"753635"},"geometry":{"type":"Polygon","coordinates":[[[-99.341601,35.595218],[-99.341558,35.609734],[-99.323795,35.609738],[-99.323811,35.595214],[-99.341601,35.595218]]]}},{"type":"Feature","properties":{"county":"Custer","applicant":"DEVON ENERGY","legal":"09-13N-20W-IM","section":"09","township":"13N","range":"20W","cause_number":"2025002923","order_number":"753635"},"geometry":{"type":"Polygon","coordinates":[[[-99.341557,35.609732],[-99.341524,35.624257],[-99.323754,35.624254],[-99.323795,35.609736],[-99.341557,35.609732]]]}},{"type":"Feature","properties":{"county":"Custer","applicant":"DEVON ENERGY","legal":"04-13N-20W-IM","section":"04","township":"13N","range":"20W","cause_number":"2025002923","order_number":"753635"},"geometry":{"type":"Polygon","coordinates":[[[-99.341525,35.624255],[-99.341526,35.638755],[-99.323758,35.638768],[-99.323754,35.624253],[-99.341525,35.624255]]]}},{"type":"Feature","properties":{"county":"Custer","applicant":"DEVON ENERGY","legal":"36-14N-20W-IM","section":"36","township":"14N","range":"20W","cause_number":"2025002896","order_number":"753633"},"geometry":{"type":"Polygon","coordinates":[[[-99.28821,35.653091],[-99.270354,35.653251],[-99.270455,35.638692],[-99.288192,35.638704],[-99.28821,35.653091]]]}},{"type":"Feature","properties":{"county":"Custer","applicant":"DEVON ENERGY","legal":"25-14N-20W-IM","section":"25","township":"14N","range":"20W","cause_number":"2025002896","order_number":"753633"},"geometry":{"type":"Polygon","coordinates":[[[-99.28821,35.65309],[-99.28796,35.667576],[-99.270416,35.667689],[-99.270354,35.653249],[-99.28821,35.65309]]]}},{"type":"Feature","properties":{"county":"Custer","applicant":"DEVON ENERGY","legal":"36-14N-20W-IM","section":"36","township":"14N","range":"20W","cause_number":"2025002894","order_number":"753633"},"geometry":{"type":"Polygon","coordinates":[[[-99.28821,35.653091],[-99.270354,35.653251],[-99.270455,35.638692],[-99.288192,35.638704],[-99.28821,35.653091]]]}},{"type":"Feature","properties":{"county":"Custer","applicant":"DEVON ENERGY","legal":"25-14N-20W-IM","section":"25","township":"14N","range":"20W","cause_number":"2025002894","order_number":"753633"},"geometry":{"type":"Polygon","coordinates":[[[-99.28821,35.65309],[-99.28796,35.667576],[-99.270416,35.667689],[-99.270354,35.653249],[-99.28821,35.65309]]]}},{"type":"Feature","properties":{"county":"Custer","applicant":"DEVON ENERGY","legal":"14-13N-20W-IM","section":"14","township":"13N","range":"20W","cause_number":"2025000072","order_number":"753642"},"geometry":{"type":"Polygon","coordinates":[[[-99.306076,35.595209],[-99.30605,35.609755],[-99.288359,35.609651],[-99.288352,35.595115],[-99.306076,35.595209]]]}},{"type":"Feature","properties":{"county":"Custer","applicant":"DEVON ENERGY","legal":"11-13N-20W-IM","section":"11","township":"13N","range":"20W","cause_number":"2025000072","order_number":"753642"},"geometry":{"type":"Polygon","coordinates":[[[-99.30605,35.609753],[-99.305995,35.624306],[-99.288317,35.624177],[-99.288358,35.609649],[-99.30605,35.609753]]]}},{"type":"Feature","properties":{"county":"Custer","applicant":"DEVON ENERGY","legal":"02-13N-20W-IM","section":"02","township":"13N","range":"20W","cause_number":"2025000072","order_number":"753642"},"geometry":{"type":"Polygon","coordinates":[[[-99.305994,35.624304],[-99.305937,35.638713],[-99.28819,35.638706],[-99.288317,35.624175],[-99.305994,35.624304]]]}},{"type":"Feature","properties":{"county":"Custer","applicant":"DEVON ENERGY","legal":"14-13N-20W-IM","section":"14","township":"13N","range":"20W","cause_number":"2025000070","order_number":"753640"},"geometry":{"type":"Polygon","coordinates":[[[-99.306076,35.595209],[-99.30605,35.609755],[-99.288359,35.609651],[-99.288352,35.595115],[-99.306076,35.595209]]]}},{"type":"Feature","properties":{"county":"Custer","applicant":"DEVON ENERGY","legal":"11-13N-20W-IM","section":"11","township":"13N","range":"20W","cause_number":"2025000070","order_number":"753640"},"geometry":{"type":"Polygon","coordinates":[[[-99.30605,35.609753],[-99.305995,35.624306],[-99.288317,35.624177],[-99.288358,35.609649],[-99.30605,35.609753]]]}},{"type":"Feature","properties":{"county":"Custer","applicant":"DEVON ENERGY","legal":"02-13N-20W-IM","section":"02","township":"13N","range":"20W","cause_number":"2025000070","order_number":"753640"},"geometry":{"type":"Polygon","coordinates":[[[-99.305994,35.624304],[-99.305937,35.638713],[-99.28819,35.638706],[-99.288317,35.624175],[-99.305994,35.624304]]]}},{"type":"Feature","properties":{"county":"Custer","applicant":"DEVON ENERGY","legal":"14-13N-20W-IM","section":"14","township":"13N","range":"20W","cause_number":"2025000068","order_number":"753638"},"geometry":{"type":"Polygon","coordinates":[[[-99.306076,35.595209],[-99.30605,35.609755],[-99.288359,35.609651],[-99.288352,35.595115],[-99.306076,35.595209]]]}},{"type":"Feature","properties":{"county":"Custer","applicant":"DEVON ENERGY","legal":"11-13N-20W-IM","section":"11","township":"13N","range":"20W","cause_number":"2025000068","order_number":"753638"},"geometry":{"type":"Polygon","coordinates":[[[-99.30605,35.609753],[-99.305995,35.624306],[-99.288317,35.624177],[-99.288358,35.609649],[-99.30605,35.609753]]]}},{"type":"Feature","properties":{"county":"Custer","applicant":"DEVON ENERGY","legal":"02-13N-20W-IM","section":"02","township":"13N","range":"20W","cause_number":"2025000068","order_number":"753638"},"geometry":{"type":"Polygon","coordinates":[[[-99.305994,35.624304],[-99.305937,35.638713],[-99.28819,35.638706],[-99.288317,35.624175],[-99.305994,35.624304]]]}},{"type":"Feature","properties":{"county":"Custer","applicant":"DEVON ENERGY","legal":"36-14N-20W-IM","section":"36","township":"14N","range":"20W","cause_number":"2024000088","order_number":"753633"},"geometry":{"type":"Polygon","coordinates":[[[-99.28821,35.653091],[-99.270354,35.653251],[-99.270455,35.638692],[-99.288192,35.638704],[-99.28821,35.653091]]]}},{"type":"Feature","properties":{"county":"Custer","applicant":"DEVON ENERGY","legal":"25-14N-20W-IM","section":"25","township":"14N","range":"20W","cause_number":"2024000088","order_number":"753633"},"geometry":{"type":"Polygon","coordinates":[[[-99.28821,35.65309],[-99.28796,35.667576],[-99.270416,35.667689],[-99.270354,35.653249],[-99.28821,35.65309]]]}},{"type":"Feature","properties":{"county":"Roger Mills","applicant":"MEWBOURNE","legal":"36-14N-23W-IM","section":"36","township":"14N","range":"23W","cause_number":"2025003232","order_number":"753705"},"geometry":{"type":"Polygon","coordinates":[[[-99.606526,35.638798],[-99.606418,35.653277],[-99.588647,35.653302],[-99.58883,35.638837],[-99.606526,35.638798]]]}},{"type":"Feature","properties":{"county":"Roger Mills","applicant":"MEWBOURNE","legal":"21-13N-21W-IM","section":"21","township":"13N","range":"21W","cause_number":"2025003147","order_number":"753703"},"geometry":{"type":"Polygon","coordinates":[[[-99.447957,35.580825],[-99.447929,35.595327],[-99.430203,35.595341],[-99.430241,35.580827],[-99.447957,35.580825]]]}},{"type":"Feature","properties":{"county":"Roger Mills","applicant":"MEWBOURNE","legal":"16-13N-21W-IM","section":"16","township":"13N","range":"21W","cause_number":"2025003147","order_number":"753703"},"geometry":{"type":"Polygon","coordinates":[[[-99.447928,35.595325],[-99.447897,35.609833],[-99.430155,35.609849],[-99.430204,35.595339],[-99.447928,35.595325]]]}},{"type":"Feature","properties":{"county":"Roger Mills","applicant":"MEWBOURNE","legal":"33-14N-22W-IM","section":"33","township":"14N","range":"22W","cause_number":"2024003783","order_number":"753734"},"geometry":{"type":"Polygon","coordinates":[[[-99.553609,35.638894],[-99.553489,35.653374],[-99.535856,35.653384],[-99.53596,35.638866],[-99.553609,35.638894]]]}},{"type":"Feature","properties":{"county":"Roger Mills","applicant":"MEWBOURNE","legal":"04-13N-22W-IM","section":"04","township":"13N","range":"22W","cause_number":"2024003783","order_number":"753734"},"geometry":{"type":"Polygon","coordinates":[[[-99.553681,35.624397],[-99.55361,35.638896],[-99.53596,35.638868],[-99.536017,35.624363],[-99.553681,35.624397]]]}},{"type":"Feature","properties":{"county":"Roger Mills","applicant":"MEWBOURNE","legal":"34-14N-22W-IM","section":"34","township":"14N","range":"22W","cause_number":"2024003770","order_number":"753729"},"geometry":{"type":"Polygon","coordinates":[[[-99.535962,35.638866],[-99.535858,35.653385],[-99.518227,35.653369],[-99.518283,35.638828],[-99.535962,35.638866]]]}},{"type":"Feature","properties":{"county":"Roger Mills","applicant":"MEWBOURNE","legal":"03-13N-22W-IM","section":"03","township":"13N","range":"22W","cause_number":"2024003770","order_number":"753729"},"geometry":{"type":"Polygon","coordinates":[[[-99.536019,35.624363],[-99.535962,35.638868],[-99.518282,35.63883],[-99.518425,35.624313],[-99.536019,35.624363]]]}},{"type":"Feature","properties":{"county":"Custer","applicant":"KAISER FRANCIS","legal":"21-13N-19W-IM","section":"21","township":"13N","range":"19W","cause_number":"2025001935","order_number":"753830"},"geometry":{"type":"Polygon","coordinates":[[[-99.235158,35.595167],[-99.217306,35.595205],[-99.217307,35.580669],[-99.235161,35.58064],[-99.235158,35.595167]]]}},{"type":"Feature","properties":{"county":"Custer","applicant":"KAISER FRANCIS","legal":"16-13N-19W-IM","section":"16","township":"13N","range":"19W","cause_number":"2025001935","order_number":"753830"},"geometry":{"type":"Polygon","coordinates":[[[-99.235158,35.595165],[-99.235141,35.609731],[-99.217339,35.609707],[-99.217306,35.595203],[-99.235158,35.595165]]]}},{"type":"Feature","properties":{"county":"Roger Mills","applicant":"MEWBOURNE","legal":"13-13N-22W-IM","section":"13","township":"13N","range":"22W","cause_number":"2025001014","order_number":"753827"},"geometry":{"type":"Polygon","coordinates":[[[-99.500855,35.595306],[-99.50079,35.609791],[-99.483171,35.609789],[-99.483219,35.595294],[-99.500855,35.595306]]]}},{"type":"Feature","properties":{"county":"Roger Mills","applicant":"MEWBOURNE","legal":"12-13N-22W-IM","section":"12","township":"13N","range":"22W","cause_number":"2025001014","order_number":"753827"},"geometry":{"type":"Polygon","coordinates":[[[-99.50079,35.609789],[-99.500722,35.624292],[-99.483109,35.624273],[-99.483172,35.609787],[-99.50079,35.609789]]]}},{"type":"Feature","properties":{"county":"Custer","applicant":"BCE MACH III LLC","legal":"35-13N-17W-IM","section":"35","township":"13N","range":"17W","cause_number":"2025000336","order_number":"753823"},"geometry":{"type":"Polygon","coordinates":[[[-98.986705,35.551514],[-98.986724,35.565969],[-98.969038,35.565962],[-98.968968,35.551498],[-98.986705,35.551514]]]}},{"type":"Feature","properties":{"county":"Custer","applicant":"BCE MACH III LLC","legal":"02-12N-17W-IM","section":"02","township":"12N","range":"17W","cause_number":"2025000336","order_number":"753823"},"geometry":{"type":"Polygon","coordinates":[[[-98.975953,35.537457],[-98.976055,35.551508],[-98.958318,35.551495],[-98.95837,35.537592],[-98.975953,35.537457]]]}},{"type":"Feature","properties":{"county":"Custer","applicant":"VALIDUS ENERGY II MIDCON LLC","legal":"27-13N-14W-IM","section":"27","township":"13N","range":"14W","cause_number":"2025003409","order_number":"753867"},"geometry":{"type":"Polygon","coordinates":[[[-98.66768,35.565992],[-98.685391,35.565972],[-98.685391,35.580485],[-98.667712,35.580513],[-98.66768,35.565992]]]}},{"type":"Feature","properties":{"county":"Custer","applicant":"VALIDUS ENERGY II MIDCON LLC","legal":"22-13N-14W-IM","section":"22","township":"13N","range":"14W","cause_number":"2025003408","order_number":"753866"},"geometry":{"type":"Polygon","coordinates":[[[-98.667712,35.580512],[-98.685392,35.580483],[-98.68539,35.594969],[-98.667723,35.595015],[-98.667712,35.580512]]]}},{"type":"Feature","properties":{"county":"Custer","applicant":"VALIDUS ENERGY II MIDCON LLC","legal":"15-13N-14W-IM","section":"15","township":"13N","range":"14W","cause_number":"2025003406","order_number":"753865"},"geometry":{"type":"Polygon","coordinates":[[[-98.685395,35.609462],[-98.667736,35.609494],[-98.667723,35.595013],[-98.68539,35.594967],[-98.685395,35.609462]]]}},{"type":"Feature","properties":{"county":"Custer","applicant":"MEWBOURNE","legal":"14-15N-20W-IM","section":"14","township":"15N","range":"20W","cause_number":"2024002965","order_number":"753910"},"geometry":{"type":"Polygon","coordinates":[[[-99.30558,35.769],[-99.305497,35.783441],[-99.287812,35.783387],[-99.287914,35.768919],[-99.30558,35.769]]]}},{"type":"Feature","properties":{"county":"Custer","applicant":"MEWBOURNE","legal":"11-15N-20W-IM","section":"11","township":"15N","range":"20W","cause_number":"2024002965","order_number":"753910"},"geometry":{"type":"Polygon","coordinates":[[[-99.305497,35.783439],[-99.305391,35.797882],[-99.28773,35.797845],[-99.287812,35.783385],[-99.305497,35.783439]]]}},{"type":"Feature","properties":{"county":"Custer","applicant":"MEWBOURNE","legal":"08-12N-20W-IM","section":"08","township":"12N","range":"20W","cause_number":"2024002663","order_number":"753905"},"geometry":{"type":"Polygon","coordinates":[[[-99.346793,35.523411],[-99.346795,35.537894],[-99.329083,35.537893],[-99.329072,35.523381],[-99.346793,35.523411]]]}},{"type":"Feature","properties":{"county":"Custer","applicant":"MEWBOURNE","legal":"05-12N-20W-IM","section":"05","township":"12N","range":"20W","cause_number":"2024002663","order_number":"753905"},"geometry":{"type":"Polygon","coordinates":[[[-99.346795,35.537892],[-99.346794,35.551718],[-99.32909,35.551689],[-99.329082,35.537892],[-99.346795,35.537892]]]}},{"type":"Feature","properties":{"county":"Custer","applicant":"MEWBOURNE","legal":"13-15N-20W-IM","section":"13","township":"15N","range":"20W","cause_number":"2024000129","order_number":"753897"},"geometry":{"type":"Polygon","coordinates":[[[-99.287916,35.768919],[-99.287814,35.783387],[-99.270173,35.783393],[-99.270233,35.768944],[-99.287916,35.768919]]]}},{"type":"Feature","properties":{"county":"Custer","applicant":"MEWBOURNE","legal":"12-15N-20W-IM","section":"12","township":"15N","range":"20W","cause_number":"2024000129","order_number":"753897"},"geometry":{"type":"Polygon","coordinates":[[[-99.287814,35.783385],[-99.287731,35.797846],[-99.27013,35.797854],[-99.270173,35.783392],[-99.287814,35.783385]]]}},{"type":"Feature","properties":{"county":"Caddo","applicant":"DUNCAN OIL PROPERTIES; WALTER DUNCAN OIL","legal":"35-11N-11W-IM","section":"35","township":"11N","range":"11W","cause_number":"2025003072","order_number":"753947"},"geometry":{"type":"Polygon","coordinates":[[[-98.341717,35.377351],[-98.34168,35.391824],[-98.324078,35.391776],[-98.324047,35.377306],[-98.341717,35.377351]]]}},{"type":"Feature","properties":{"county":"Caddo","applicant":"DUNCAN OIL PROPERTIES; WALTER DUNCAN OIL","legal":"02-10N-11W-IM","section":"02","township":"10N","range":"11W","cause_number":"2025003072","order_number":"753947"},"geometry":{"type":"Polygon","coordinates":[[[-98.341707,35.363044],[-98.341717,35.377353],[-98.324047,35.377307],[-98.324035,35.362991],[-98.341707,35.363044]]]}},{"type":"Feature","properties":{"county":"Custer","applicant":"ROCKIES RESOURCES HOLDINGS LLC","legal":"23-15N-19W-IM","section":"23","township":"15N","range":"19W","cause_number":"2025000825","order_number":"753936"},"geometry":{"type":"Polygon","coordinates":[[[-99.199513,35.754514],[-99.199462,35.768986],[-99.181687,35.768943],[-99.181772,35.754482],[-99.199513,35.754514]]]}},{"type":"Feature","properties":{"county":"Custer","applicant":"ROCKIES RESOURCES HOLDINGS LLC","legal":"14-15N-19W-IM","section":"14","township":"15N","range":"19W","cause_number":"2025000825","order_number":"753936"},"geometry":{"type":"Polygon","coordinates":[[[-99.199462,35.768984],[-99.199409,35.783459],[-99.181626,35.783417],[-99.181688,35.768941],[-99.199462,35.768984]]]}},{"type":"Feature","properties":{"county":"Custer","applicant":"DEVON ENERGY","legal":"19-13N-20W-IM","section":"19","township":"13N","range":"20W","cause_number":"2025000760","order_number":"753966"},"geometry":{"type":"Polygon","coordinates":[[[-99.377036,35.580785],[-99.377007,35.595317],[-99.359332,35.595266],[-99.359336,35.580734],[-99.377036,35.580785]]]}},{"type":"Feature","properties":{"county":"Custer","applicant":"DEVON ENERGY","legal":"18-13N-20W-IM","section":"18","township":"13N","range":"20W","cause_number":"2025000760","order_number":"753966"},"geometry":{"type":"Polygon","coordinates":[[[-99.377006,35.595315],[-99.376999,35.609855],[-99.359353,35.609793],[-99.359332,35.595264],[-99.377006,35.595315]]]}},{"type":"Feature","properties":{"county":"Roger Mills","applicant":"MEWBOURNE","legal":"31-14N-22W-IM","section":"31","township":"14N","range":"22W","cause_number":"2025000700","order_number":"753964"},"geometry":{"type":"Polygon","coordinates":[[[-99.588832,35.638837],[-99.588649,35.653302],[-99.571051,35.653423],[-99.571326,35.638865],[-99.588832,35.638837]]]}},{"type":"Feature","properties":{"county":"Roger Mills","applicant":"MEWBOURNE","legal":"06-13N-22W-IM","section":"06","township":"13N","range":"22W","cause_number":"2025000700","order_number":"753964"},"geometry":{"type":"Polygon","coordinates":[[[-99.588923,35.624331],[-99.588832,35.638839],[-99.571326,35.638867],[-99.571318,35.624382],[-99.588923,35.624331]]]}},{"type":"Feature","properties":{"county":"Roger Mills","applicant":"MEWBOURNE","legal":"32-14N-22W-IM","section":"32","township":"14N","range":"22W","cause_number":"2025000698","order_number":"753963"},"geometry":{"type":"Polygon","coordinates":[[[-99.571327,35.638865],[-99.571053,35.653424],[-99.553487,35.653374],[-99.553609,35.638894],[-99.571327,35.638865]]]}},{"type":"Feature","properties":{"county":"Roger Mills","applicant":"MEWBOURNE","legal":"05-13N-22W-IM","section":"05","township":"13N","range":"22W","cause_number":"2025000698","order_number":"753963"},"geometry":{"type":"Polygon","coordinates":[[[-99.571319,35.624382],[-99.571327,35.638867],[-99.553608,35.638896],[-99.55368,35.624397],[-99.571319,35.624382]]]}},{"type":"Feature","properties":{"county":"Roger Mills","applicant":"JMA ENERGY; YUKON TRADING","legal":"31-14N-22W-IM","section":"31","township":"14N","range":"22W","cause_number":"2024003750","order_number":"753964"},"geometry":{"type":"Polygon","coordinates":[[[-99.588832,35.638837],[-99.588649,35.653302],[-99.571051,35.653423],[-99.571326,35.638865],[-99.588832,35.638837]]]}},{"type":"Feature","properties":{"county":"Roger Mills","applicant":"JMA ENERGY; YUKON TRADING","legal":"06-13N-22W-IM","section":"06","township":"13N","range":"22W","cause_number":"2024003750","order_number":"753964"},"geometry":{"type":"Polygon","coordinates":[[[-99.588923,35.624331],[-99.588832,35.638839],[-99.571326,35.638867],[-99.571318,35.624382],[-99.588923,35.624331]]]}},{"type":"Feature","properties":{"county":"Roger Mills","applicant":"JMA ENERGY; YUKON TRADING","legal":"32-14N-22W-IM","section":"32","township":"14N","range":"22W","cause_number":"2024003742","order_number":"753963"},"geometry":{"type":"Polygon","coordinates":[[[-99.571327,35.638865],[-99.571053,35.653424],[-99.553487,35.653374],[-99.553609,35.638894],[-99.571327,35.638865]]]}},{"type":"Feature","properties":{"county":"Roger Mills","applicant":"JMA ENERGY; YUKON TRADING","legal":"05-13N-22W-IM","section":"05","township":"13N","range":"22W","cause_number":"2024003742","order_number":"753963"},"geometry":{"type":"Polygon","coordinates":[[[-99.571319,35.624382],[-99.571327,35.638867],[-99.553608,35.638896],[-99.55368,35.624397],[-99.571319,35.624382]]]}},{"type":"Feature","properties":{"county":"Roger Mills","applicant":"MEWBOURNE","legal":"09-13N-21W-IM","section":"09","township":"13N","range":"21W","cause_number":"2025003050","order_number":"753997"},"geometry":{"type":"Polygon","coordinates":[[[-99.447897,35.609831],[-99.447841,35.624335],[-99.430099,35.624337],[-99.430155,35.609847],[-99.447897,35.609831]]]}},{"type":"Feature","properties":{"county":"Roger Mills","applicant":"MEWBOURNE","legal":"04-13N-21W-IM","section":"04","township":"13N","range":"21W","cause_number":"2025003050","order_number":"753997"},"geometry":{"type":"Polygon","coordinates":[[[-99.447841,35.624333],[-99.447857,35.638809],[-99.430112,35.638838],[-99.430099,35.624335],[-99.447841,35.624333]]]}},{"type":"Feature","properties":{"county":"Roger Mills","applicant":"MEWBOURNE","legal":"36-15N-21W-IM","section":"36","township":"15N","range":"21W","cause_number":"2025003324","order_number":"754237"},"geometry":{"type":"Polygon","coordinates":[[[-99.394376,35.725677],[-99.394277,35.740127],[-99.376582,35.740092],[-99.376632,35.72567],[-99.394376,35.725677]]]}},{"type":"Feature","properties":{"county":"Roger Mills","applicant":"MEWBOURNE","legal":"25-15N-21W-IM","section":"25","township":"15N","range":"21W","cause_number":"2025003324","order_number":"754237"},"geometry":{"type":"Polygon","coordinates":[[[-99.394277,35.740125],[-99.394136,35.754522],[-99.376354,35.754379],[-99.376582,35.740091],[-99.394277,35.740125]]]}},{"type":"Feature","properties":{"county":"Roger Mills","applicant":"MEWBOURNE","legal":"01-14N-21W-IM","section":"01","township":"14N","range":"21W","cause_number":"2025003324","order_number":"754237"},"geometry":{"type":"Polygon","coordinates":[[[-99.394425,35.711224],[-99.394376,35.725679],[-99.376632,35.725672],[-99.376685,35.711221],[-99.394425,35.711224]]]}},{"type":"Feature","properties":{"county":"Custer","applicant":"ROCKIES RESOURCES HOLDINGS LLC","legal":"20-15N-19W-IM","section":"20","township":"15N","range":"19W","cause_number":"2025000835","order_number":"754226"},"geometry":{"type":"Polygon","coordinates":[[[-99.252628,35.754496],[-99.25256,35.76894],[-99.234883,35.76897],[-99.234926,35.754508],[-99.252628,35.754496]]]}},{"type":"Feature","properties":{"county":"Custer","applicant":"ROCKIES RESOURCES HOLDINGS LLC","legal":"17-15N-19W-IM","section":"17","township":"15N","range":"19W","cause_number":"2025000835","order_number":"754226"},"geometry":{"type":"Polygon","coordinates":[[[-99.252561,35.768938],[-99.252507,35.78339],[-99.234836,35.783446],[-99.234883,35.768969],[-99.252561,35.768938]]]}},{"type":"Feature","properties":{"county":"Custer","applicant":"ROCKIES RESOURCES HOLDINGS LLC","legal":"08-15N-19W-IM","section":"08","township":"15N","range":"19W","cause_number":"2025000835","order_number":"754226"},"geometry":{"type":"Polygon","coordinates":[[[-99.252508,35.783388],[-99.252424,35.797809],[-99.234807,35.797925],[-99.234836,35.783444],[-99.252508,35.783388]]]}},{"type":"Feature","properties":{"county":"Custer","applicant":"ROCKIES RESOURCES HOLDINGS LLC","legal":"20-15N-19W-IM","section":"20","township":"15N","range":"19W","cause_number":"2025000833","order_number":"754226"},"geometry":{"type":"Polygon","coordinates":[[[-99.252628,35.754496],[-99.25256,35.76894],[-99.234883,35.76897],[-99.234926,35.754508],[-99.252628,35.754496]]]}},{"type":"Feature","properties":{"county":"Custer","applicant":"ROCKIES RESOURCES HOLDINGS LLC","legal":"17-15N-19W-IM","section":"17","township":"15N","range":"19W","cause_number":"2025000833","order_number":"754226"},"geometry":{"type":"Polygon","coordinates":[[[-99.252561,35.768938],[-99.252507,35.78339],[-99.234836,35.783446],[-99.234883,35.768969],[-99.252561,35.768938]]]}},{"type":"Feature","properties":{"county":"Custer","applicant":"ROCKIES RESOURCES HOLDINGS LLC","legal":"08-15N-19W-IM","section":"08","township":"15N","range":"19W","cause_number":"2025000833","order_number":"754226"},"geometry":{"type":"Polygon","coordinates":[[[-99.252508,35.783388],[-99.252424,35.797809],[-99.234807,35.797925],[-99.234836,35.783444],[-99.252508,35.783388]]]}},{"type":"Feature","properties":{"county":"Custer","applicant":"ROCKIES RESOURCES HOLDINGS LLC","legal":"20-15N-19W-IM","section":"20","township":"15N","range":"19W","cause_number":"2025000831","order_number":"754226"},"geometry":{"type":"Polygon","coordinates":[[[-99.252628,35.754496],[-99.25256,35.76894],[-99.234883,35.76897],[-99.234926,35.754508],[-99.252628,35.754496]]]}},{"type":"Feature","properties":{"county":"Custer","applicant":"ROCKIES RESOURCES HOLDINGS LLC","legal":"17-15N-19W-IM","section":"17","township":"15N","range":"19W","cause_number":"2025000831","order_number":"754226"},"geometry":{"type":"Polygon","coordinates":[[[-99.252561,35.768938],[-99.252507,35.78339],[-99.234836,35.783446],[-99.234883,35.768969],[-99.252561,35.768938]]]}},{"type":"Feature","properties":{"county":"Custer","applicant":"ROCKIES RESOURCES HOLDINGS LLC","legal":"08-15N-19W-IM","section":"08","township":"15N","range":"19W","cause_number":"2025000829","order_number":"754226"},"geometry":{"type":"Polygon","coordinates":[[[-99.252508,35.783388],[-99.252424,35.797809],[-99.234807,35.797925],[-99.234836,35.783444],[-99.252508,35.783388]]]}},{"type":"Feature","properties":{"county":"Roger Mills","applicant":"MEWBOURNE","legal":"36-14N-22W-IM","section":"36","township":"14N","range":"22W","cause_number":"2025003319","order_number":"754271"},"geometry":{"type":"Polygon","coordinates":[[[-99.500698,35.638802],[-99.500614,35.653298],[-99.48308,35.653297],[-99.483033,35.638773],[-99.500698,35.638802]]]}},{"type":"Feature","properties":{"county":"Roger Mills","applicant":"MEWBOURNE","legal":"01-13N-22W-IM","section":"01","township":"13N","range":"22W","cause_number":"2025003319","order_number":"754271"},"geometry":{"type":"Polygon","coordinates":[[[-99.500722,35.62429],[-99.500698,35.638804],[-99.483033,35.638775],[-99.48311,35.624271],[-99.500722,35.62429]]]}},{"type":"Feature","properties":{"county":"Custer","applicant":"DUNCAN OIL PROPERTIES; WALTER DUNCAN OIL","legal":"20-15N-19W-IM","section":"20","township":"15N","range":"19W","cause_number":"2025001121","order_number":"754265"},"geometry":{"type":"Polygon","coordinates":[[[-99.252628,35.754496],[-99.25256,35.76894],[-99.234883,35.76897],[-99.234926,35.754508],[-99.252628,35.754496]]]}},{"type":"Feature","properties":{"county":"Custer","applicant":"DUNCAN OIL PROPERTIES; WALTER DUNCAN OIL","legal":"17-15N-19W-IM","section":"17","township":"15N","range":"19W","cause_number":"2025001121","order_number":"754265"},"geometry":{"type":"Polygon","coordinates":[[[-99.252561,35.768938],[-99.252507,35.78339],[-99.234836,35.783446],[-99.234883,35.768969],[-99.252561,35.768938]]]}},{"type":"Feature","properties":{"county":"Custer","applicant":"DUNCAN OIL PROPERTIES; WALTER DUNCAN OIL","legal":"08-15N-19W-IM","section":"08","township":"15N","range":"19W","cause_number":"2025001121","order_number":"754265"},"geometry":{"type":"Polygon","coordinates":[[[-99.252508,35.783388],[-99.252424,35.797809],[-99.234807,35.797925],[-99.234836,35.783444],[-99.252508,35.783388]]]}},{"type":"Feature","properties":{"county":"Custer","applicant":"DUNCAN OIL PROPERTIES; WALTER DUNCAN OIL","legal":"20-15N-19W-IM","section":"20","township":"15N","range":"19W","cause_number":"2025001120","order_number":"754265"},"geometry":{"type":"Polygon","coordinates":[[[-99.252628,35.754496],[-99.25256,35.76894],[-99.234883,35.76897],[-99.234926,35.754508],[-99.252628,35.754496]]]}},{"type":"Feature","properties":{"county":"Custer","applicant":"DUNCAN OIL PROPERTIES; WALTER DUNCAN OIL","legal":"17-15N-19W-IM","section":"17","township":"15N","range":"19W","cause_number":"2025001119","order_number":"754265"},"geometry":{"type":"Polygon","coordinates":[[[-99.252561,35.768938],[-99.252507,35.78339],[-99.234836,35.783446],[-99.234883,35.768969],[-99.252561,35.768938]]]}},{"type":"Feature","properties":{"county":"Custer","applicant":"DUNCAN OIL PROPERTIES; WALTER DUNCAN OIL","legal":"08-15N-19W-IM","section":"08","township":"15N","range":"19W","cause_number":"2025001119","order_number":"754265"},"geometry":{"type":"Polygon","coordinates":[[[-99.252508,35.783388],[-99.252424,35.797809],[-99.234807,35.797925],[-99.234836,35.783444],[-99.252508,35.783388]]]}},{"type":"Feature","properties":{"county":"Custer","applicant":"NADEL & GUSSMAN","legal":"13-13N-20W-IM","section":"13","township":"13N","range":"20W","cause_number":"2025001557","order_number":"754299"},"geometry":{"type":"Polygon","coordinates":[[[-99.28836,35.60965],[-99.270663,35.609669],[-99.270708,35.59513],[-99.288354,35.595115],[-99.28836,35.60965]]]}},{"type":"Feature","properties":{"county":"Custer","applicant":"NADEL & GUSSMAN","legal":"12-13N-20W-IM","section":"12","township":"13N","range":"20W","cause_number":"2025001557","order_number":"754299"},"geometry":{"type":"Polygon","coordinates":[[[-99.288319,35.624177],[-99.270552,35.624215],[-99.270663,35.609667],[-99.28836,35.609649],[-99.288319,35.624177]]]}},{"type":"Feature","properties":{"county":"Custer","applicant":"TERRITORY RESOURCES","legal":"18-12N-17W-IM","section":"18","township":"12N","range":"17W","cause_number":"2025003400","order_number":"754369"},"geometry":{"type":"Polygon","coordinates":[[[-99.046175,35.508635],[-99.046148,35.523168],[-99.029111,35.523156],[-99.029043,35.508649],[-99.046175,35.508635]]]}},{"type":"Feature","properties":{"county":"Custer","applicant":"TERRITORY RESOURCES","legal":"07-12N-17W-IM","section":"07","township":"12N","range":"17W","cause_number":"2025003400","order_number":"754369"},"geometry":{"type":"Polygon","coordinates":[[[-99.046148,35.523166],[-99.046137,35.537678],[-99.029196,35.537686],[-99.029111,35.523154],[-99.046148,35.523166]]]}},{"type":"Feature","properties":{"county":"Custer","applicant":"TERRITORY RESOURCES","legal":"06-12N-17W-IM","section":"06","township":"12N","range":"17W","cause_number":"2025003400","order_number":"754369"},"geometry":{"type":"Polygon","coordinates":[[[-99.046138,35.537676],[-99.046112,35.551534],[-99.029265,35.551521],[-99.029195,35.537684],[-99.046138,35.537676]]]}},{"type":"Feature","properties":{"county":"Custer","applicant":"MEWBOURNE","legal":"14-15N-20W-IM","section":"14","township":"15N","range":"20W","cause_number":"2025003513","order_number":"754405"},"geometry":{"type":"Polygon","coordinates":[[[-99.30558,35.769],[-99.305497,35.783441],[-99.287812,35.783387],[-99.287914,35.768919],[-99.30558,35.769]]]}},{"type":"Feature","properties":{"county":"Custer","applicant":"MEWBOURNE","legal":"11-15N-20W-IM","section":"11","township":"15N","range":"20W","cause_number":"2025003513","order_number":"754405"},"geometry":{"type":"Polygon","coordinates":[[[-99.305497,35.783439],[-99.305391,35.797882],[-99.28773,35.797845],[-99.287812,35.783385],[-99.305497,35.783439]]]}},{"type":"Feature","properties":{"county":"Custer","applicant":"ARNOLD OIL PROPERTIES","legal":"35-13N-16W-IM","section":"35","township":"13N","range":"16W","cause_number":"2025001512","order_number":"754443"},"geometry":{"type":"Polygon","coordinates":[[[-98.880368,35.5515],[-98.88036,35.565985],[-98.862684,35.56602],[-98.862684,35.551503],[-98.880368,35.5515]]]}},{"type":"Feature","properties":{"county":"Custer","applicant":"ARNOLD OIL PROPERTIES","legal":"26-13N-16W-IM","section":"26","township":"13N","range":"16W","cause_number":"2025001512","order_number":"754443"},"geometry":{"type":"Polygon","coordinates":[[[-98.880359,35.565983],[-98.880376,35.580505],[-98.862705,35.580524],[-98.862684,35.566018],[-98.880359,35.565983]]]}},{"type":"Feature","properties":{"county":"Custer","applicant":"VALIDUS ENERGY II MIDCON LLC","legal":"14-13N-16W-IM","section":"14","township":"13N","range":"16W","cause_number":"2025003618","order_number":"754506"},"geometry":{"type":"Polygon","coordinates":[[[-98.880387,35.595018],[-98.88038,35.609509],[-98.862729,35.609538],[-98.86273,35.59502],[-98.880387,35.595018]]]}},{"type":"Feature","properties":{"county":"Custer","applicant":"VALIDUS ENERGY II MIDCON LLC","legal":"11-13N-16W-IM","section":"11","township":"13N","range":"16W","cause_number":"2025003617","order_number":"754505"},"geometry":{"type":"Polygon","coordinates":[[[-98.88038,35.609507],[-98.880393,35.62402],[-98.862693,35.624013],[-98.86273,35.609536],[-98.88038,35.609507]]]}},{"type":"Feature","properties":{"county":"Custer","applicant":"VALIDUS ENERGY II MIDCON LLC","legal":"02-13N-16W-IM","section":"02","township":"13N","range":"16W","cause_number":"2025003615","order_number":"754504"},"geometry":{"type":"Polygon","coordinates":[[[-98.880392,35.624018],[-98.880421,35.63852],[-98.862674,35.638527],[-98.862693,35.624012],[-98.880392,35.624018]]]}},{"type":"Feature","properties":{"county":"Caddo","applicant":"THUNDERBIRD NATURAL RESOURCES LLC","legal":"19-11N-11W-IM","section":"19","township":"11N","range":"11W","cause_number":"2025003558","order_number":"754503"},"geometry":{"type":"Polygon","coordinates":[[[-98.412103,35.406291],[-98.412092,35.420747],[-98.394677,35.420792],[-98.394687,35.406323],[-98.412103,35.406291]]]}},{"type":"Feature","properties":{"county":"Caddo","applicant":"THUNDERBIRD NATURAL RESOURCES LLC","legal":"18-11N-11W-IM","section":"18","township":"11N","range":"11W","cause_number":"2025003558","order_number":"754503"},"geometry":{"type":"Polygon","coordinates":[[[-98.412092,35.420745],[-98.412055,35.43522],[-98.394605,35.435296],[-98.394677,35.42079],[-98.412092,35.420745]]]}},{"type":"Feature","properties":{"county":"Roger Mills","applicant":"MEWBOURNE","legal":"36-15N-21W-IM","section":"36","township":"15N","range":"21W","cause_number":"2025003710","order_number":"754600"},"geometry":{"type":"Polygon","coordinates":[[[-99.394376,35.725677],[-99.394277,35.740127],[-99.376582,35.740092],[-99.376632,35.72567],[-99.394376,35.725677]]]}},{"type":"Feature","properties":{"county":"Roger Mills","applicant":"MEWBOURNE","legal":"25-15N-21W-IM","section":"25","township":"15N","range":"21W","cause_number":"2025003710","order_number":"754600"},"geometry":{"type":"Polygon","coordinates":[[[-99.394277,35.740125],[-99.394136,35.754522],[-99.376354,35.754379],[-99.376582,35.740091],[-99.394277,35.740125]]]}},{"type":"Feature","properties":{"county":"Roger Mills","applicant":"MEWBOURNE","legal":"24-15N-21W-IM","section":"24","township":"15N","range":"21W","cause_number":"2025003710","order_number":"754600"},"geometry":{"type":"Polygon","coordinates":[[[-99.394137,35.75452],[-99.394001,35.768951],[-99.376208,35.768805],[-99.376355,35.754377],[-99.394137,35.75452]]]}},{"type":"Feature","properties":{"county":"Roger Mills","applicant":"MEWBOURNE","legal":"13-15N-21W-IM","section":"13","township":"15N","range":"21W","cause_number":"2025003710","order_number":"754600"},"geometry":{"type":"Polygon","coordinates":[[[-99.394001,35.768949],[-99.393857,35.783391],[-99.376061,35.783231],[-99.376209,35.768803],[-99.394001,35.768949]]]}},{"type":"Feature","properties":{"county":"Custer","applicant":"MEWBOURNE","legal":"18-15N-20W-IM","section":"18","township":"15N","range":"20W","cause_number":"2025003508","order_number":"754593"},"geometry":{"type":"Polygon","coordinates":[[[-99.376209,35.768803],[-99.376063,35.783231],[-99.358773,35.783325],[-99.358847,35.768959],[-99.376209,35.768803]]]}},{"type":"Feature","properties":{"county":"Custer","applicant":"MEWBOURNE","legal":"07-15N-20W-IM","section":"07","township":"15N","range":"20W","cause_number":"2025003508","order_number":"754593"},"geometry":{"type":"Polygon","coordinates":[[[-99.376062,35.783229],[-99.375911,35.797689],[-99.358684,35.797738],[-99.358773,35.783323],[-99.376062,35.783229]]]}},{"type":"Feature","properties":{"county":"Roger Mills","applicant":"MEWBOURNE","legal":"18-13N-22W-IM","section":"18","township":"13N","range":"22W","cause_number":"2025003972","order_number":"754843"},"geometry":{"type":"Polygon","coordinates":[[[-99.589185,35.59538],[-99.589072,35.609853],[-99.571438,35.609876],[-99.571537,35.595392],[-99.589185,35.59538]]]}},{"type":"Feature","properties":{"county":"Roger Mills","applicant":"MEWBOURNE","legal":"07-13N-22W-IM","section":"07","township":"13N","range":"22W","cause_number":"2025003972","order_number":"754843"},"geometry":{"type":"Polygon","coordinates":[[[-99.589073,35.609851],[-99.588923,35.624333],[-99.571318,35.624384],[-99.571438,35.609875],[-99.589073,35.609851]]]}},{"type":"Feature","properties":{"county":"Roger Mills","applicant":"MEWBOURNE","legal":"22-13N-21W-IM","section":"22","township":"13N","range":"21W","cause_number":"2025003886","order_number":"754841"},"geometry":{"type":"Polygon","coordinates":[[[-99.430242,35.580827],[-99.430205,35.595341],[-99.412412,35.595313],[-99.412461,35.580801],[-99.430242,35.580827]]]}},{"type":"Feature","properties":{"county":"Roger Mills","applicant":"MEWBOURNE","legal":"15-13N-21W-IM","section":"15","township":"13N","range":"21W","cause_number":"2025003886","order_number":"754841"},"geometry":{"type":"Polygon","coordinates":[[[-99.430205,35.595339],[-99.430157,35.609849],[-99.412387,35.60983],[-99.412413,35.595311],[-99.430205,35.595339]]]}},{"type":"Feature","properties":{"county":"Custer","applicant":"NADEL & GUSSMAN","legal":"16-13N-19W-IM","section":"16","township":"13N","range":"19W","cause_number":"2025001590","order_number":"754861"},"geometry":{"type":"Polygon","coordinates":[[[-99.235158,35.595165],[-99.235141,35.609731],[-99.217339,35.609707],[-99.217306,35.595203],[-99.235158,35.595165]]]}},{"type":"Feature","properties":{"county":"Custer","applicant":"NADEL & GUSSMAN","legal":"09-13N-19W-IM","section":"09","township":"13N","range":"19W","cause_number":"2025001590","order_number":"754861"},"geometry":{"type":"Polygon","coordinates":[[[-99.235141,35.609729],[-99.235207,35.624236],[-99.21738,35.624237],[-99.217339,35.609705],[-99.235141,35.609729]]]}},{"type":"Feature","properties":{"county":"Custer","applicant":"ADPARO LLC","legal":"31-13N-19W-IM","section":"31","township":"13N","range":"19W","cause_number":"2026000129","order_number":"754934"},"geometry":{"type":"Polygon","coordinates":[[[-99.270743,35.551595],[-99.270727,35.566212],[-99.252956,35.566144],[-99.253028,35.551598],[-99.270743,35.551595]]]}},{"type":"Feature","properties":{"county":"Custer","applicant":"ADPARO LLC","legal":"30-13N-19W-IM","section":"30","township":"13N","range":"19W","cause_number":"2026000129","order_number":"754934"},"geometry":{"type":"Polygon","coordinates":[[[-99.270727,35.56621],[-99.270705,35.580628],[-99.253033,35.580641],[-99.252956,35.566142],[-99.270727,35.56621]]]}},{"type":"Feature","properties":{"county":"Roger Mills","applicant":"MEWBOURNE","legal":"18-13N-22W-IM","section":"18","township":"13N","range":"22W","cause_number":"2025003971","order_number":"754927"},"geometry":{"type":"Polygon","coordinates":[[[-99.589185,35.59538],[-99.589072,35.609853],[-99.571438,35.609876],[-99.571537,35.595392],[-99.589185,35.59538]]]}},{"type":"Feature","properties":{"county":"Caddo","applicant":"THUNDERBIRD NATURAL RESOURCES LLC","legal":"36-11N-11W-IM","section":"36","township":"11N","range":"11W","cause_number":"2026000443"},"geometry":{"type":"Polygon","coordinates":[[[-98.324048,35.377305],[-98.324078,35.391776],[-98.30635,35.391726],[-98.306384,35.377359],[-98.324048,35.377305]]]}},{"type":"Feature","properties":{"county":"Caddo","applicant":"THUNDERBIRD NATURAL RESOURCES LLC","legal":"25-11N-11W-IM","section":"25","township":"11N","range":"11W","cause_number":"2026000443"},"geometry":{"type":"Polygon","coordinates":[[[-98.324079,35.391774],[-98.324062,35.406194],[-98.306359,35.406156],[-98.30635,35.391724],[-98.324079,35.391774]]]}},{"type":"Feature","properties":{"county":"Roger Mills","applicant":"ADPARO LLC","legal":"12-15N-21W-IM","section":"12","township":"15N","range":"21W","cause_number":"2024003176","order_number":"754988"},"geometry":{"type":"Polygon","coordinates":[[[-99.393856,35.783389],[-99.39373,35.797843],[-99.37591,35.797689],[-99.376062,35.783229],[-99.393856,35.783389]]]}},{"type":"Feature","properties":{"county":"Roger Mills","applicant":"ADPARO LLC","legal":"01-15N-21W-IM","section":"01","township":"15N","range":"21W","cause_number":"2024003176","order_number":"754988"},"geometry":{"type":"Polygon","coordinates":[[[-99.39373,35.797841],[-99.393636,35.812147],[-99.375803,35.812164],[-99.37591,35.797687],[-99.39373,35.797841]]]}},{"type":"Feature","properties":{"county":"Custer","applicant":"MEWBOURNE","legal":"31-15N-19W-IM","section":"31","township":"15N","range":"19W","cause_number":"2024000609","order_number":"754984"},"geometry":{"type":"Polygon","coordinates":[[[-99.270385,35.725582],[-99.270338,35.74002],[-99.252712,35.740052],[-99.252823,35.725577],[-99.270385,35.725582]]]}},{"type":"Feature","properties":{"county":"Custer","applicant":"MEWBOURNE","legal":"30-15N-19W-IM","section":"30","township":"15N","range":"19W","cause_number":"2024000609","order_number":"754984"},"geometry":{"type":"Polygon","coordinates":[[[-99.270339,35.740018],[-99.270286,35.754481],[-99.252626,35.754498],[-99.252712,35.74005],[-99.270339,35.740018]]]}},{"type":"Feature","properties":{"county":"Custer","applicant":"TERRITORY RESOURCES","legal":"32-13N-18W-IM","section":"32","township":"13N","range":"18W","cause_number":"2026000035","order_number":"755017"},"geometry":{"type":"Polygon","coordinates":[[[-99.146498,35.55159],[-99.146372,35.566067],[-99.128732,35.566061],[-99.128729,35.551587],[-99.146498,35.55159]]]}},{"type":"Feature","properties":{"county":"Custer","applicant":"TERRITORY RESOURCES","legal":"29-13N-18W-IM","section":"29","township":"13N","range":"18W","cause_number":"2026000035","order_number":"755017"},"geometry":{"type":"Polygon","coordinates":[[[-99.146371,35.566065],[-99.146348,35.58054],[-99.128726,35.580551],[-99.128732,35.566059],[-99.146371,35.566065]]]}},{"type":"Feature","properties":{"county":"Custer","applicant":"MEWBOURNE","legal":"16-15N-20W-IM","section":"16","township":"15N","range":"20W","cause_number":"2024003023","order_number":"755068"},"geometry":{"type":"Polygon","coordinates":[[[-99.340959,35.769038],[-99.340882,35.783388],[-99.323111,35.783471],[-99.323203,35.769025],[-99.340959,35.769038]]]}},{"type":"Feature","properties":{"county":"Custer","applicant":"MEWBOURNE","legal":"09-15N-20W-IM","section":"09","township":"15N","range":"20W","cause_number":"2024003023","order_number":"755068"},"geometry":{"type":"Polygon","coordinates":[[[-99.340882,35.783386],[-99.340846,35.797857],[-99.32305,35.79791],[-99.323111,35.783469],[-99.340882,35.783386]]]}},{"type":"Feature","properties":{"county":"Custer","applicant":"MEWBOURNE","legal":"16-15N-20W-IM","section":"16","township":"15N","range":"20W","cause_number":"2024003023","order_number":"755067"},"geometry":{"type":"Polygon","coordinates":[[[-99.340959,35.769038],[-99.340882,35.783388],[-99.323111,35.783471],[-99.323203,35.769025],[-99.340959,35.769038]]]}},{"type":"Feature","properties":{"county":"Custer","applicant":"MEWBOURNE","legal":"09-15N-20W-IM","section":"09","township":"15N","range":"20W","cause_number":"2024003023","order_number":"755067"},"geometry":{"type":"Polygon","coordinates":[[[-99.340882,35.783386],[-99.340846,35.797857],[-99.32305,35.79791],[-99.323111,35.783469],[-99.340882,35.783386]]]}},{"type":"Feature","properties":{"county":"Roger Mills","applicant":"MEWBOURNE","legal":"17-13N-21W-IM","section":"17","township":"13N","range":"21W","cause_number":"2025000415","order_number":"755104"},"geometry":{"type":"Polygon","coordinates":[[[-99.465676,35.595306],[-99.465637,35.609803],[-99.447895,35.609833],[-99.447928,35.595325],[-99.465676,35.595306]]]}},{"type":"Feature","properties":{"county":"Roger Mills","applicant":"MEWBOURNE","legal":"08-13N-21W-IM","section":"08","township":"13N","range":"21W","cause_number":"2025000415","order_number":"755104"},"geometry":{"type":"Polygon","coordinates":[[[-99.465637,35.609801],[-99.465611,35.62429],[-99.447839,35.624335],[-99.447895,35.609831],[-99.465637,35.609801]]]}},{"type":"Feature","properties":{"county":"Custer","applicant":"ROCKIES RESOURCES HOLDINGS LLC","legal":"30-14N-18W-IM","section":"30","township":"14N","range":"18W","cause_number":"2026000580"},"geometry":{"type":"Polygon","coordinates":[[[-99.164196,35.653079],[-99.164168,35.667555],[-99.146343,35.667524],[-99.146366,35.653043],[-99.164196,35.653079]]]}},{"type":"Feature","properties":{"county":"Custer","applicant":"ROCKIES RESOURCES HOLDINGS LLC","legal":"19-14N-18W-IM","section":"19","township":"14N","range":"18W","cause_number":"2026000580"},"geometry":{"type":"Polygon","coordinates":[[[-99.164168,35.667553],[-99.164164,35.682049],[-99.146346,35.681971],[-99.146342,35.667523],[-99.164168,35.667553]]]}},{"type":"Feature","properties":{"county":"Custer","applicant":"VALIDUS ENERGY II MIDCON LLC","legal":"02-13N-16W-IM","section":"02","township":"13N","range":"16W","cause_number":"2025004114","order_number":"755192"},"geometry":{"type":"Polygon","coordinates":[[[-98.880392,35.624018],[-98.880421,35.63852],[-98.862674,35.638527],[-98.862693,35.624012],[-98.880392,35.624018]]]}},{"type":"Feature","properties":{"county":"Custer","applicant":"VALIDUS ENERGY II MIDCON LLC","legal":"02-13N-16W-IM","section":"02","township":"13N","range":"16W","cause_number":"2025004112","order_number":"755190"},"geometry":{"type":"Polygon","coordinates":[[[-98.880392,35.624018],[-98.880421,35.63852],[-98.862674,35.638527],[-98.862693,35.624012],[-98.880392,35.624018]]]}},{"type":"Feature","properties":{"county":"Custer","applicant":"NADEL & GUSSMAN","legal":"16-13N-19W-IM","section":"16","township":"13N","range":"19W","cause_number":"2025004096","order_number":"755217"},"geometry":{"type":"Polygon","coordinates":[[[-99.235158,35.595165],[-99.235141,35.609731],[-99.217339,35.609707],[-99.217306,35.595203],[-99.235158,35.595165]]]}},{"type":"Feature","properties":{"county":"Custer","applicant":"NADEL & GUSSMAN","legal":"09-13N-19W-IM","section":"09","township":"13N","range":"19W","cause_number":"2025004096","order_number":"755217"},"geometry":{"type":"Polygon","coordinates":[[[-99.235141,35.609729],[-99.235207,35.624236],[-99.21738,35.624237],[-99.217339,35.609705],[-99.235141,35.609729]]]}},{"type":"Feature","properties":{"county":"Roger Mills","applicant":"MEWBOURNE","legal":"36-14N-23W-IM","section":"36","township":"14N","range":"23W","cause_number":"2025003232","order_number":"755264"},"geometry":{"type":"Polygon","coordinates":[[[-99.606526,35.638798],[-99.606418,35.653277],[-99.588647,35.653302],[-99.58883,35.638837],[-99.606526,35.638798]]]}},{"type":"Feature","properties":{"county":"Custer","applicant":"NADEL & GUSSMAN","legal":"16-13N-19W-IM","section":"16","township":"13N","range":"19W","cause_number":"2025001590","order_number":"755217"},"geometry":{"type":"Polygon","coordinates":[[[-99.235158,35.595165],[-99.235141,35.609731],[-99.217339,35.609707],[-99.217306,35.595203],[-99.235158,35.595165]]]}},{"type":"Feature","properties":{"county":"Custer","applicant":"NADEL & GUSSMAN","legal":"09-13N-19W-IM","section":"09","township":"13N","range":"19W","cause_number":"2025001590","order_number":"755217"},"geometry":{"type":"Polygon","coordinates":[[[-99.235141,35.609729],[-99.235207,35.624236],[-99.21738,35.624237],[-99.217339,35.609705],[-99.235141,35.609729]]]}},{"type":"Feature","properties":{"county":"Custer","applicant":"MEWBOURNE","legal":"09-12N-20W-IM","section":"09","township":"12N","range":"20W","cause_number":"2024002356","order_number":"755160"},"geometry":{"type":"Polygon","coordinates":[[[-99.329073,35.52338],[-99.329084,35.537893],[-99.311315,35.537905],[-99.311328,35.523369],[-99.329073,35.52338]]]}},{"type":"Feature","properties":{"county":"Custer","applicant":"MEWBOURNE","legal":"04-12N-20W-IM","section":"04","township":"12N","range":"20W","cause_number":"2024002356","order_number":"755160"},"geometry":{"type":"Polygon","coordinates":[[[-99.329084,35.537891],[-99.329091,35.551689],[-99.31131,35.551656],[-99.311315,35.537904],[-99.329084,35.537891]]]}},{"type":"Feature","properties":{"county":"Custer","applicant":"DEVON ENERGY","legal":"34-13N-20W-IM","section":"34","township":"13N","range":"20W","cause_number":"2024002149","order_number":"755246"},"geometry":{"type":"Polygon","coordinates":[[[-99.323928,35.551676],[-99.323896,35.566198],[-99.306195,35.566158],[-99.306207,35.551645],[-99.323928,35.551676]]]}},{"type":"Feature","properties":{"county":"Custer","applicant":"DEVON ENERGY","legal":"27-13N-20W-IM","section":"27","township":"13N","range":"20W","cause_number":"2024002149","order_number":"755246"},"geometry":{"type":"Polygon","coordinates":[[[-99.323896,35.566196],[-99.323859,35.580707],[-99.306144,35.580675],[-99.306194,35.566156],[-99.323896,35.566196]]]}},{"type":"Feature","properties":{"county":"Custer","applicant":"DEVON ENERGY","legal":"34-13N-20W-IM","section":"34","township":"13N","range":"20W","cause_number":"2024002147","order_number":"755244"},"geometry":{"type":"Polygon","coordinates":[[[-99.323928,35.551676],[-99.323896,35.566198],[-99.306195,35.566158],[-99.306207,35.551645],[-99.323928,35.551676]]]}},{"type":"Feature","properties":{"county":"Custer","applicant":"DEVON ENERGY","legal":"27-13N-20W-IM","section":"27","township":"13N","range":"20W","cause_number":"2024002147","order_number":"755244"},"geometry":{"type":"Polygon","coordinates":[[[-99.323896,35.566196],[-99.323859,35.580707],[-99.306144,35.580675],[-99.306194,35.566156],[-99.323896,35.566196]]]}},{"type":"Feature","properties":{"county":"Custer","applicant":"DEVON ENERGY","legal":"34-13N-20W-IM","section":"34","township":"13N","range":"20W","cause_number":"2024000764","order_number":"755242"},"geometry":{"type":"Polygon","coordinates":[[[-99.323928,35.551676],[-99.323896,35.566198],[-99.306195,35.566158],[-99.306207,35.551645],[-99.323928,35.551676]]]}},{"type":"Feature","properties":{"county":"Custer","applicant":"DEVON ENERGY","legal":"27-13N-20W-IM","section":"27","township":"13N","range":"20W","cause_number":"2024000764","order_number":"755242"},"geometry":{"type":"Polygon","coordinates":[[[-99.323896,35.566196],[-99.323859,35.580707],[-99.306144,35.580675],[-99.306194,35.566156],[-99.323896,35.566196]]]}},{"type":"Feature","properties":{"county":"Custer","applicant":"TERRITORY RESOURCES","legal":"32-13N-18W-IM","section":"32","township":"13N","range":"18W","cause_number":"2026000035","order_number":"755350"},"geometry":{"type":"Polygon","coordinates":[[[-99.146498,35.55159],[-99.146372,35.566067],[-99.128732,35.566061],[-99.128729,35.551587],[-99.146498,35.55159]]]}},{"type":"Feature","properties":{"county":"Custer","applicant":"TERRITORY RESOURCES","legal":"29-13N-18W-IM","section":"29","township":"13N","range":"18W","cause_number":"2026000035","order_number":"755350"},"geometry":{"type":"Polygon","coordinates":[[[-99.146371,35.566065],[-99.146348,35.58054],[-99.128726,35.580551],[-99.128732,35.566059],[-99.146371,35.566065]]]}},{"type":"Feature","properties":{"county":"Roger Mills","applicant":"MEWBOURNE","legal":"34-14N-22W-IM","section":"34","township":"14N","range":"22W","cause_number":"2025000349","order_number":"755433"},"geometry":{"type":"Polygon","coordinates":[[[-99.535962,35.638866],[-99.535858,35.653385],[-99.518227,35.653369],[-99.518283,35.638828],[-99.535962,35.638866]]]}},{"type":"Feature","properties":{"county":"Roger Mills","applicant":"MEWBOURNE","legal":"03-13N-22W-IM","section":"03","township":"13N","range":"22W","cause_number":"2025000349","order_number":"755433"},"geometry":{"type":"Polygon","coordinates":[[[-99.536019,35.624363],[-99.535962,35.638868],[-99.518282,35.63883],[-99.518425,35.624313],[-99.536019,35.624363]]]}},{"type":"Feature","properties":{"county":"Custer","applicant":"ROCKIES RESOURCES HOLDINGS LLC","legal":"25-14N-19W-IM","section":"25","township":"14N","range":"19W","cause_number":"2026000750"},"geometry":{"type":"Polygon","coordinates":[[[-99.181919,35.653078],[-99.181909,35.667551],[-99.164166,35.667555],[-99.164194,35.653079],[-99.181919,35.653078]]]}},{"type":"Feature","properties":{"county":"Custer","applicant":"ROCKIES RESOURCES HOLDINGS LLC","legal":"24-14N-19W-IM","section":"24","township":"14N","range":"19W","cause_number":"2026000750"},"geometry":{"type":"Polygon","coordinates":[[[-99.181909,35.667549],[-99.181897,35.682032],[-99.164162,35.682049],[-99.164167,35.667553],[-99.181909,35.667549]]]}},{"type":"Feature","properties":{"county":"Roger Mills","applicant":"MEWBOURNE","legal":"22-13N-21W-IM","section":"22","township":"13N","range":"21W","cause_number":"2025004188","order_number":"755469"},"geometry":{"type":"Polygon","coordinates":[[[-99.430242,35.580827],[-99.430205,35.595341],[-99.412412,35.595313],[-99.412461,35.580801],[-99.430242,35.580827]]]}},{"type":"Feature","properties":{"county":"Roger Mills","applicant":"MEWBOURNE","legal":"15-13N-21W-IM","section":"15","township":"13N","range":"21W","cause_number":"2025004188","order_number":"755469"},"geometry":{"type":"Polygon","coordinates":[[[-99.430205,35.595339],[-99.430157,35.609849],[-99.412387,35.60983],[-99.412413,35.595311],[-99.430205,35.595339]]]}},{"type":"Feature","properties":{"county":"Custer","applicant":"DUNCAN OIL PROPERTIES; WALTER DUNCAN OIL","legal":"03-13N-18W-IM","section":"03","township":"13N","range":"18W","cause_number":"2025003946","order_number":"755502"},"geometry":{"type":"Polygon","coordinates":[[[-99.110922,35.62402],[-99.110942,35.638567],[-99.093216,35.638561],[-99.093128,35.62402],[-99.110922,35.62402]]]}},{"type":"Feature","properties":{"county":"Custer","applicant":"VALIDUS ENERGY II MIDCON LLC","legal":"23-13N-16W-IM","section":"23","township":"13N","range":"16W","cause_number":"2026000774"},"geometry":{"type":"Polygon","coordinates":[[[-98.880376,35.580503],[-98.880387,35.59502],[-98.862729,35.595022],[-98.862705,35.580522],[-98.880376,35.580503]]]}},{"type":"Feature","properties":{"county":"Custer","applicant":"VALIDUS ENERGY II MIDCON LLC","legal":"14-13N-16W-IM","section":"14","township":"13N","range":"16W","cause_number":"2026000774"},"geometry":{"type":"Polygon","coordinates":[[[-98.880387,35.595018],[-98.88038,35.609509],[-98.862729,35.609538],[-98.86273,35.59502],[-98.880387,35.595018]]]}},{"type":"Feature","properties":{"county":"Custer","applicant":"VALIDUS ENERGY II MIDCON LLC","legal":"11-13N-16W-IM","section":"11","township":"13N","range":"16W","cause_number":"2026000774"},"geometry":{"type":"Polygon","coordinates":[[[-98.88038,35.609507],[-98.880393,35.62402],[-98.862693,35.624013],[-98.86273,35.609536],[-98.88038,35.609507]]]}},{"type":"Feature","properties":{"county":"Custer","applicant":"VALIDUS ENERGY II MIDCON LLC","legal":"23-13N-16W-IM","section":"23","township":"13N","range":"16W","cause_number":"2026000772"},"geometry":{"type":"Polygon","coordinates":[[[-98.880376,35.580503],[-98.880387,35.59502],[-98.862729,35.595022],[-98.862705,35.580522],[-98.880376,35.580503]]]}},{"type":"Feature","properties":{"county":"Custer","applicant":"VALIDUS ENERGY II MIDCON LLC","legal":"14-13N-16W-IM","section":"14","township":"13N","range":"16W","cause_number":"2026000772"},"geometry":{"type":"Polygon","coordinates":[[[-98.880387,35.595018],[-98.88038,35.609509],[-98.862729,35.609538],[-98.86273,35.59502],[-98.880387,35.595018]]]}},{"type":"Feature","properties":{"county":"Custer","applicant":"VALIDUS ENERGY II MIDCON LLC","legal":"11-13N-16W-IM","section":"11","township":"13N","range":"16W","cause_number":"2026000772"},"geometry":{"type":"Polygon","coordinates":[[[-98.88038,35.609507],[-98.880393,35.62402],[-98.862693,35.624013],[-98.86273,35.609536],[-98.88038,35.609507]]]}},{"type":"Feature","properties":{"county":"Custer","applicant":"VALIDUS ENERGY II MIDCON LLC","legal":"23-13N-16W-IM","section":"23","township":"13N","range":"16W","cause_number":"2026000771"},"geometry":{"type":"Polygon","coordinates":[[[-98.880376,35.580503],[-98.880387,35.59502],[-98.862729,35.595022],[-98.862705,35.580522],[-98.880376,35.580503]]]}},{"type":"Feature","properties":{"county":"Caddo","applicant":"THUNDERBIRD NATURAL RESOURCES LLC","legal":"01-10N-11W-IM","section":"01","township":"10N","range":"11W","cause_number":"2025004006","order_number":"755532"},"geometry":{"type":"Polygon","coordinates":[[[-98.324037,35.362991],[-98.324049,35.377307],[-98.306384,35.377361],[-98.306402,35.362956],[-98.324037,35.362991]]]}},{"type":"Feature","properties":{"county":"Caddo","applicant":"THUNDERBIRD NATURAL RESOURCES LLC","legal":"01-10N-11W-IM","section":"01","township":"10N","range":"11W","cause_number":"2025004004","order_number":"755532"},"geometry":{"type":"Polygon","coordinates":[[[-98.324037,35.362991],[-98.324049,35.377307],[-98.306384,35.377361],[-98.306402,35.362956],[-98.324037,35.362991]]]}},{"type":"Feature","properties":{"county":"Caddo","applicant":"THUNDERBIRD NATURAL RESOURCES LLC","legal":"36-11N-11W-IM","section":"36","township":"11N","range":"11W","cause_number":"2025003622","order_number":"755532"},"geometry":{"type":"Polygon","coordinates":[[[-98.324048,35.377305],[-98.324078,35.391776],[-98.30635,35.391726],[-98.306384,35.377359],[-98.324048,35.377305]]]}},{"type":"Feature","properties":{"county":"Caddo","applicant":"THUNDERBIRD NATURAL RESOURCES LLC","legal":"25-11N-11W-IM","section":"25","township":"11N","range":"11W","cause_number":"2025003622","order_number":"755532"},"geometry":{"type":"Polygon","coordinates":[[[-98.324079,35.391774],[-98.324062,35.406194],[-98.306359,35.406156],[-98.30635,35.391724],[-98.324079,35.391774]]]}},{"type":"Feature","properties":{"county":"Roger Mills","applicant":"DEVON ENERGY","legal":"12-13N-21W-IM","section":"12","township":"13N","range":"21W","cause_number":"2025000476","order_number":"755526"},"geometry":{"type":"Polygon","coordinates":[[[-99.394695,35.609849],[-99.394706,35.624397],[-99.376985,35.624421],[-99.376997,35.609853],[-99.394695,35.609849]]]}},{"type":"Feature","properties":{"county":"Roger Mills","applicant":"DEVON ENERGY","legal":"01-13N-21W-IM","section":"01","township":"13N","range":"21W","cause_number":"2025000476","order_number":"755526"},"geometry":{"type":"Polygon","coordinates":[[[-99.394706,35.624395],[-99.394632,35.638836],[-99.376938,35.638892],[-99.376985,35.624419],[-99.394706,35.624395]]]}},{"type":"Feature","properties":{"county":"Roger Mills","applicant":"DEVON ENERGY","legal":"12-13N-21W-IM","section":"12","township":"13N","range":"21W","cause_number":"2025000474","order_number":"755524"},"geometry":{"type":"Polygon","coordinates":[[[-99.394695,35.609849],[-99.394706,35.624397],[-99.376985,35.624421],[-99.376997,35.609853],[-99.394695,35.609849]]]}},{"type":"Feature","properties":{"county":"Roger Mills","applicant":"DEVON ENERGY","legal":"01-13N-21W-IM","section":"01","township":"13N","range":"21W","cause_number":"2025000474","order_number":"755524"},"geometry":{"type":"Polygon","coordinates":[[[-99.394706,35.624395],[-99.394632,35.638836],[-99.376938,35.638892],[-99.376985,35.624419],[-99.394706,35.624395]]]}},{"type":"Feature","properties":{"county":"Custer","applicant":"DEVON ENERGY","legal":"24-14N-20W-IM","section":"24","township":"14N","range":"20W","cause_number":"2024001564","order_number":"755520"},"geometry":{"type":"Polygon","coordinates":[[[-99.287961,35.667574],[-99.288027,35.682116],[-99.270429,35.682148],[-99.270416,35.667687],[-99.287961,35.667574]]]}},{"type":"Feature","properties":{"county":"Custer","applicant":"DEVON ENERGY","legal":"13-14N-20W-IM","section":"13","township":"14N","range":"20W","cause_number":"2024001564","order_number":"755520"},"geometry":{"type":"Polygon","coordinates":[[[-99.288028,35.682114],[-99.288041,35.696603],[-99.27042,35.696628],[-99.270429,35.682146],[-99.288028,35.682114]]]}},{"type":"Feature","properties":{"county":"Custer","applicant":"DEVON ENERGY","legal":"24-14N-20W-IM","section":"24","township":"14N","range":"20W","cause_number":"2024001562","order_number":"755518"},"geometry":{"type":"Polygon","coordinates":[[[-99.287961,35.667574],[-99.288027,35.682116],[-99.270429,35.682148],[-99.270416,35.667687],[-99.287961,35.667574]]]}},{"type":"Feature","properties":{"county":"Custer","applicant":"DEVON ENERGY","legal":"13-14N-20W-IM","section":"13","township":"14N","range":"20W","cause_number":"2024001562","order_number":"755518"},"geometry":{"type":"Polygon","coordinates":[[[-99.288028,35.682114],[-99.288041,35.696603],[-99.27042,35.696628],[-99.270429,35.682146],[-99.288028,35.682114]]]}},{"type":"Feature","properties":{"county":"Custer","applicant":"DEVON ENERGY","legal":"24-14N-20W-IM","section":"24","township":"14N","range":"20W","cause_number":"2024001560","order_number":"755516"},"geometry":{"type":"Polygon","coordinates":[[[-99.287961,35.667574],[-99.288027,35.682116],[-99.270429,35.682148],[-99.270416,35.667687],[-99.287961,35.667574]]]}},{"type":"Feature","properties":{"county":"Custer","applicant":"DEVON ENERGY","legal":"13-14N-20W-IM","section":"13","township":"14N","range":"20W","cause_number":"2024001560","order_number":"755516"},"geometry":{"type":"Polygon","coordinates":[[[-99.288028,35.682114],[-99.288041,35.696603],[-99.27042,35.696628],[-99.270429,35.682146],[-99.288028,35.682114]]]}},{"type":"Feature","properties":{"county":"Custer","applicant":"MEWBOURNE","legal":"24-15N-20W-IM","section":"24","township":"15N","range":"20W","cause_number":"2026000045","order_number":"755609"},"geometry":{"type":"Polygon","coordinates":[[[-99.287964,35.754443],[-99.287916,35.768921],[-99.270233,35.768945],[-99.270285,35.754479],[-99.287964,35.754443]]]}},{"type":"Feature","properties":{"county":"Custer","applicant":"MEWBOURNE","legal":"13-15N-20W-IM","section":"13","township":"15N","range":"20W","cause_number":"2026000045","order_number":"755609"},"geometry":{"type":"Polygon","coordinates":[[[-99.287916,35.768919],[-99.287814,35.783387],[-99.270173,35.783393],[-99.270233,35.768944],[-99.287916,35.768919]]]}},{"type":"Feature","properties":{"county":"Custer","applicant":"MEWBOURNE","legal":"12-15N-20W-IM","section":"12","township":"15N","range":"20W","cause_number":"2026000045","order_number":"755609"},"geometry":{"type":"Polygon","coordinates":[[[-99.287814,35.783385],[-99.287731,35.797846],[-99.27013,35.797854],[-99.270173,35.783392],[-99.287814,35.783385]]]}},{"type":"Feature","properties":{"county":"Roger Mills","applicant":"MEWBOURNE","legal":"17-13N-22W-IM","section":"17","township":"13N","range":"22W","cause_number":"2025004196","order_number":"755605"},"geometry":{"type":"Polygon","coordinates":[[[-99.571539,35.595392],[-99.57144,35.609877],[-99.553749,35.609895],[-99.553838,35.595381],[-99.571539,35.595392]]]}},{"type":"Feature","properties":{"county":"Roger Mills","applicant":"MEWBOURNE","legal":"08-13N-22W-IM","section":"08","township":"13N","range":"22W","cause_number":"2025004196","order_number":"755605"},"geometry":{"type":"Polygon","coordinates":[[[-99.57144,35.609875],[-99.57132,35.624384],[-99.55368,35.624399],[-99.55375,35.609893],[-99.57144,35.609875]]]}},{"type":"Feature","properties":{"county":"Roger Mills","applicant":"MEWBOURNE","legal":"18-13N-22W-IM","section":"18","township":"13N","range":"22W","cause_number":"2025003972","order_number":"755603"},"geometry":{"type":"Polygon","coordinates":[[[-99.589185,35.59538],[-99.589072,35.609853],[-99.571438,35.609876],[-99.571537,35.595392],[-99.589185,35.59538]]]}},{"type":"Feature","properties":{"county":"Roger Mills","applicant":"MEWBOURNE","legal":"07-13N-22W-IM","section":"07","township":"13N","range":"22W","cause_number":"2025003972","order_number":"755603"},"geometry":{"type":"Polygon","coordinates":[[[-99.589073,35.609851],[-99.588923,35.624333],[-99.571318,35.624384],[-99.571438,35.609875],[-99.589073,35.609851]]]}},{"type":"Feature","properties":{"county":"Roger Mills","applicant":"MEWBOURNE","legal":"18-13N-22W-IM","section":"18","township":"13N","range":"22W","cause_number":"2025003971","order_number":"755602"},"geometry":{"type":"Polygon","coordinates":[[[-99.589185,35.59538],[-99.589072,35.609853],[-99.571438,35.609876],[-99.571537,35.595392],[-99.589185,35.59538]]]}},{"type":"Feature","properties":{"county":"Roger Mills","applicant":"MEWBOURNE","legal":"15-13N-22W-IM","section":"15","township":"13N","range":"22W","cause_number":"2025000848","order_number":"755591"},"geometry":{"type":"Polygon","coordinates":[[[-99.536141,35.595369],[-99.536077,35.609867],[-99.518427,35.609818],[-99.51847,35.595335],[-99.536141,35.595369]]]}},{"type":"Feature","properties":{"county":"Roger Mills","applicant":"MEWBOURNE","legal":"10-13N-22W-IM","section":"10","township":"13N","range":"22W","cause_number":"2025000848","order_number":"755591"},"geometry":{"type":"Polygon","coordinates":[[[-99.536077,35.609865],[-99.536019,35.624365],[-99.518425,35.624315],[-99.518427,35.609817],[-99.536077,35.609865]]]}},{"type":"Feature","properties":{"county":"Custer","applicant":"ANTHEM ARAPAHO LLC","legal":"25-13N-18W-IM","section":"25","township":"13N","range":"18W","cause_number":"2026000904"},"geometry":{"type":"Polygon","coordinates":[[[-99.075461,35.566033],[-99.075434,35.580512],[-99.057718,35.580569],[-99.057708,35.566035],[-99.075461,35.566033]]]}},{"type":"Feature","properties":{"county":"Custer","applicant":"ANTHEM ARAPAHO LLC","legal":"24-13N-18W-IM","section":"24","township":"13N","range":"18W","cause_number":"2026000904"},"geometry":{"type":"Polygon","coordinates":[[[-99.075434,35.58051],[-99.075416,35.595011],[-99.057725,35.595091],[-99.057718,35.580568],[-99.075434,35.58051]]]}},{"type":"Feature","properties":{"county":"Custer","applicant":"ANTHEM ARAPAHO LLC","legal":"34-13N-18W-IM","section":"34","township":"13N","range":"18W","cause_number":"2026000900"},"geometry":{"type":"Polygon","coordinates":[[[-99.11097,35.551574],[-99.110975,35.566063],[-99.093202,35.566036],[-99.09322,35.551556],[-99.11097,35.551574]]]}},{"type":"Feature","properties":{"county":"Custer","applicant":"ANTHEM ARAPAHO LLC","legal":"27-13N-18W-IM","section":"27","township":"13N","range":"18W","cause_number":"2026000900"},"geometry":{"type":"Polygon","coordinates":[[[-99.110976,35.566061],[-99.110963,35.580559],[-99.093193,35.580531],[-99.093202,35.566034],[-99.110976,35.566061]]]}},{"type":"Feature","properties":{"county":"Roger Mills","applicant":"MEWBOURNE","legal":"08-13N-22W-IM","section":"08","township":"13N","range":"22W","cause_number":"2025004192","order_number":"755646"},"geometry":{"type":"Polygon","coordinates":[[[-99.57144,35.609875],[-99.57132,35.624384],[-99.55368,35.624399],[-99.55375,35.609893],[-99.57144,35.609875]]]}},{"type":"Feature","properties":{"county":"Custer","applicant":"CHARTER OAK PRODUCTION","legal":"18-13N-14W-IM","section":"18","township":"13N","range":"14W","cause_number":"2025003926","order_number":"755641"},"geometry":{"type":"Polygon","coordinates":[[[-98.738495,35.609391],[-98.72085,35.60946],[-98.720831,35.594932],[-98.738526,35.594921],[-98.738495,35.609391]]]}},{"type":"Feature","properties":{"county":"Custer","applicant":"CHARTER OAK PRODUCTION","legal":"07-13N-14W-IM","section":"07","township":"13N","range":"14W","cause_number":"2025003926","order_number":"755641"},"geometry":{"type":"Polygon","coordinates":[[[-98.720846,35.623954],[-98.72085,35.609458],[-98.738495,35.60939],[-98.738504,35.623901],[-98.720846,35.623954]]]}},{"type":"Feature","properties":{"county":"Custer","applicant":"CHARTER OAK PRODUCTION","legal":"06-13N-14W-IM","section":"06","township":"13N","range":"14W","cause_number":"2025003926","order_number":"755641"},"geometry":{"type":"Polygon","coordinates":[[[-98.738481,35.63841],[-98.720883,35.638432],[-98.720845,35.623952],[-98.738504,35.623899],[-98.738481,35.63841]]]}},{"type":"Feature","properties":{"county":"Custer","applicant":"MEWBOURNE","legal":"17-15N-20W-IM","section":"17","township":"15N","range":"20W","cause_number":"2024001102","order_number":"755629"},"geometry":{"type":"Polygon","coordinates":[[[-99.358849,35.768959],[-99.358774,35.783325],[-99.34088,35.783388],[-99.340957,35.769038],[-99.358849,35.768959]]]}},{"type":"Feature","properties":{"county":"Custer","applicant":"MEWBOURNE","legal":"08-15N-20W-IM","section":"08","township":"15N","range":"20W","cause_number":"2024001102","order_number":"755629"},"geometry":{"type":"Polygon","coordinates":[[[-99.358775,35.783323],[-99.358686,35.797738],[-99.340844,35.797857],[-99.34088,35.783386],[-99.358775,35.783323]]]}},{"type":"Feature","properties":{"county":"Custer","applicant":"ANTHEM ARAPAHO LLC","legal":"32-13N-17W-IM","section":"32","township":"13N","range":"17W","cause_number":"2026000931"},"geometry":{"type":"Polygon","coordinates":[[[-99.039953,35.551528],[-99.039912,35.566017],[-99.022173,35.566001],[-99.022172,35.551519],[-99.039953,35.551528]]]}},{"type":"Feature","properties":{"county":"Custer","applicant":"ANTHEM ARAPAHO LLC","legal":"29-13N-17W-IM","section":"29","township":"13N","range":"17W","cause_number":"2026000931"},"geometry":{"type":"Polygon","coordinates":[[[-99.039912,35.566015],[-99.039909,35.580526],[-99.02218,35.580511],[-99.022172,35.565999],[-99.039912,35.566015]]]}},{"type":"Feature","properties":{"county":"Custer","applicant":"ANTHEM ARAPAHO LLC","legal":"09-13N-18W-IM","section":"09","township":"13N","range":"18W","cause_number":"2026000924"},"geometry":{"type":"Polygon","coordinates":[[[-99.128683,35.609542],[-99.12865,35.624022],[-99.11092,35.624021],[-99.110933,35.609539],[-99.128683,35.609542]]]}},{"type":"Feature","properties":{"county":"Custer","applicant":"ANTHEM ARAPAHO LLC","legal":"04-13N-18W-IM","section":"04","township":"13N","range":"18W","cause_number":"2026000924"},"geometry":{"type":"Polygon","coordinates":[[[-99.128651,35.62402],[-99.128681,35.638575],[-99.11094,35.638567],[-99.11092,35.62402],[-99.128651,35.62402]]]}},{"type":"Feature","properties":{"county":"Caddo","applicant":"COTERRA ENERGY OPERATING CO","legal":"06-10N-11W-IM","section":"06","township":"10N","range":"11W","cause_number":"2026000914"},"geometry":{"type":"Polygon","coordinates":[[[-98.412228,35.36305],[-98.412194,35.377464],[-98.394739,35.377417],[-98.394631,35.362968],[-98.412228,35.36305]]]}},{"type":"Feature","properties":{"county":"Caddo","applicant":"COTERRA ENERGY OPERATING CO","legal":"06-10N-11W-IM","section":"06","township":"10N","range":"11W","cause_number":"2026000911"},"geometry":{"type":"Polygon","coordinates":[[[-98.412228,35.36305],[-98.412194,35.377464],[-98.394739,35.377417],[-98.394631,35.362968],[-98.412228,35.36305]]]}},{"type":"Feature","properties":{"county":"Custer","applicant":"ARNOLD OIL PROPERTIES","legal":"35-13N-16W-IM","section":"35","township":"13N","range":"16W","cause_number":"2025001512","order_number":"755673"},"geometry":{"type":"Polygon","coordinates":[[[-98.880368,35.5515],[-98.88036,35.565985],[-98.862684,35.56602],[-98.862684,35.551503],[-98.880368,35.5515]]]}},{"type":"Feature","properties":{"county":"Custer","applicant":"ARNOLD OIL PROPERTIES","legal":"26-13N-16W-IM","section":"26","township":"13N","range":"16W","cause_number":"2025001512","order_number":"755673"},"geometry":{"type":"Polygon","coordinates":[[[-98.880359,35.565983],[-98.880376,35.580505],[-98.862705,35.580524],[-98.862684,35.566018],[-98.880359,35.565983]]]}},{"type":"Feature","properties":{"county":"Roger Mills","applicant":"MEWBOURNE","legal":"10-13N-21W-IM","section":"10","township":"13N","range":"21W","cause_number":"2024001589","order_number":"755666"},"geometry":{"type":"Polygon","coordinates":[[[-99.430157,35.609847],[-99.4301,35.624337],[-99.412365,35.62436],[-99.412387,35.609829],[-99.430157,35.609847]]]}},{"type":"Feature","properties":{"county":"Roger Mills","applicant":"MEWBOURNE","legal":"03-13N-21W-IM","section":"03","township":"13N","range":"21W","cause_number":"2024001589","order_number":"755666"},"geometry":{"type":"Polygon","coordinates":[[[-99.430101,35.624335],[-99.430113,35.638838],[-99.412371,35.638829],[-99.412365,35.624358],[-99.430101,35.624335]]]}},{"type":"Feature","properties":{"county":"Caddo","applicant":"DUNCAN OIL PROPERTIES; WALTER DUNCAN OIL","legal":"36-11N-11W-IM","section":"36","township":"11N","range":"11W","cause_number":"2026000953"},"geometry":{"type":"Polygon","coordinates":[[[-98.324048,35.377305],[-98.324078,35.391776],[-98.30635,35.391726],[-98.306384,35.377359],[-98.324048,35.377305]]]}},{"type":"Feature","properties":{"county":"Caddo","applicant":"DUNCAN OIL PROPERTIES; WALTER DUNCAN OIL","legal":"01-10N-11W-IM","section":"01","township":"10N","range":"11W","cause_number":"2026000953"},"geometry":{"type":"Polygon","coordinates":[[[-98.324037,35.362991],[-98.324049,35.377307],[-98.306384,35.377361],[-98.306402,35.362956],[-98.324037,35.362991]]]}},{"type":"Feature","properties":{"county":"Caddo","applicant":"DUNCAN OIL PROPERTIES; WALTER DUNCAN OIL","legal":"36-11N-11W-IM","section":"36","township":"11N","range":"11W","cause_number":"2026000952"},"geometry":{"type":"Polygon","coordinates":[[[-98.324048,35.377305],[-98.324078,35.391776],[-98.30635,35.391726],[-98.306384,35.377359],[-98.324048,35.377305]]]}},{"type":"Feature","properties":{"county":"Custer","applicant":"ANTHEM ARAPAHO LLC","legal":"19-13N-18W-IM","section":"19","township":"13N","range":"18W","cause_number":"2026000941"},"geometry":{"type":"Polygon","coordinates":[[[-99.164238,35.580618],[-99.164205,35.595091],[-99.146382,35.595052],[-99.146346,35.580538],[-99.164238,35.580618]]]}},{"type":"Feature","properties":{"county":"Custer","applicant":"ANTHEM ARAPAHO LLC","legal":"18-13N-18W-IM","section":"18","township":"13N","range":"18W","cause_number":"2026000941"},"geometry":{"type":"Polygon","coordinates":[[[-99.164205,35.595089],[-99.16419,35.609579],[-99.146403,35.609557],[-99.146382,35.595051],[-99.164205,35.595089]]]}},{"type":"Feature","properties":{"county":"Custer","applicant":"MEWBOURNE","legal":"36-15N-20W-IM","section":"36","township":"15N","range":"20W","cause_number":"2026000182","order_number":"755715"},"geometry":{"type":"Polygon","coordinates":[[[-99.28804,35.725528],[-99.28802,35.740002],[-99.270337,35.74002],[-99.270384,35.725582],[-99.28804,35.725528]]]}},{"type":"Feature","properties":{"county":"Custer","applicant":"MEWBOURNE","legal":"25-15N-20W-IM","section":"25","township":"15N","range":"20W","cause_number":"2026000182","order_number":"755715"},"geometry":{"type":"Polygon","coordinates":[[[-99.28802,35.74],[-99.287964,35.754445],[-99.270284,35.75448],[-99.270337,35.740018],[-99.28802,35.74]]]}},{"type":"Feature","properties":{"county":"Custer","applicant":"MEWBOURNE","legal":"01-14N-20W-IM","section":"01","township":"14N","range":"20W","cause_number":"2026000182","order_number":"755715"},"geometry":{"type":"Polygon","coordinates":[[[-99.288004,35.71103],[-99.28804,35.72553],[-99.270383,35.725584],[-99.270391,35.71109],[-99.288004,35.71103]]]}},{"type":"Feature","properties":{"county":"Custer","applicant":"NADEL & GUSSMAN","legal":"13-13N-20W-IM","section":"13","township":"13N","range":"20W","cause_number":"2024002085","order_number":"755691"},"geometry":{"type":"Polygon","coordinates":[[[-99.28836,35.60965],[-99.270663,35.609669],[-99.270708,35.59513],[-99.288354,35.595115],[-99.28836,35.60965]]]}},{"type":"Feature","properties":{"county":"Custer","applicant":"NADEL & GUSSMAN","legal":"12-13N-20W-IM","section":"12","township":"13N","range":"20W","cause_number":"2024002085","order_number":"755691"},"geometry":{"type":"Polygon","coordinates":[[[-99.288319,35.624177],[-99.270552,35.624215],[-99.270663,35.609667],[-99.28836,35.609649],[-99.288319,35.624177]]]}},{"type":"Feature","properties":{"county":"Custer","applicant":"NADEL & GUSSMAN","legal":"12-13N-20W-IM","section":"12","township":"13N","range":"20W","cause_number":"2024002084","order_number":"755690"},"geometry":{"type":"Polygon","coordinates":[[[-99.288319,35.624177],[-99.270552,35.624215],[-99.270663,35.609667],[-99.28836,35.609649],[-99.288319,35.624177]]]}},{"type":"Feature","properties":{"county":"Custer","applicant":"NADEL & GUSSMAN","legal":"01-13N-20W-IM","section":"01","township":"13N","range":"20W","cause_number":"2024002084","order_number":"755690"},"geometry":{"type":"Polygon","coordinates":[[[-99.288192,35.638706],[-99.270455,35.638694],[-99.270552,35.624213],[-99.288319,35.624175],[-99.288192,35.638706]]]}},{"type":"Feature","properties":{"county":"Custer","applicant":"ANTHEM ARAPAHO LLC","legal":"22-13N-18W-IM","section":"22","township":"13N","range":"18W","cause_number":"2026000976"},"geometry":{"type":"Polygon","coordinates":[[[-99.110964,35.580557],[-99.11095,35.595053],[-99.093174,35.595017],[-99.093192,35.58053],[-99.110964,35.580557]]]}},{"type":"Feature","properties":{"county":"Custer","applicant":"ANTHEM ARAPAHO LLC","legal":"15-13N-18W-IM","section":"15","township":"13N","range":"18W","cause_number":"2026000976"},"geometry":{"type":"Polygon","coordinates":[[[-99.11095,35.595051],[-99.110934,35.609541],[-99.093171,35.609517],[-99.093174,35.595015],[-99.11095,35.595051]]]}},{"type":"Feature","properties":{"county":"Custer","applicant":"ANTHEM ARAPAHO LLC","legal":"21-13N-18W-IM","section":"21","township":"13N","range":"18W","cause_number":"2026000968"},"geometry":{"type":"Polygon","coordinates":[[[-99.128728,35.58055],[-99.128713,35.595059],[-99.110948,35.595053],[-99.110962,35.580557],[-99.128728,35.58055]]]}},{"type":"Feature","properties":{"county":"Custer","applicant":"ANTHEM ARAPAHO LLC","legal":"16-13N-18W-IM","section":"16","township":"13N","range":"18W","cause_number":"2026000968"},"geometry":{"type":"Polygon","coordinates":[[[-99.128712,35.595057],[-99.128683,35.609544],[-99.110933,35.609541],[-99.110948,35.595051],[-99.128712,35.595057]]]}},{"type":"Feature","properties":{"county":"Caddo","applicant":"VALIDUS ENERGY II MIDCON LLC","legal":"02-11N-11W-IM","section":"02","township":"11N","range":"11W","cause_number":"2026000991"},"geometry":{"type":"Polygon","coordinates":[[[-98.3416,35.44953],[-98.341638,35.464008],[-98.324032,35.463932],[-98.323991,35.44959],[-98.3416,35.44953]]]}},{"type":"Feature","properties":{"county":"Custer","applicant":"ARNOLD OIL PROPERTIES","legal":"23-13N-16W-IM","section":"23","township":"13N","range":"16W","cause_number":"2025004153","order_number":"755788"},"geometry":{"type":"Polygon","coordinates":[[[-98.880376,35.580503],[-98.880387,35.59502],[-98.862729,35.595022],[-98.862705,35.580522],[-98.880376,35.580503]]]}},{"type":"Feature","properties":{"county":"Roger Mills","applicant":"MEWBOURNE","legal":"18-13N-22W-IM","section":"18","township":"13N","range":"22W","cause_number":"2025003971","order_number":"755787"},"geometry":{"type":"Polygon","coordinates":[[[-99.589185,35.59538],[-99.589072,35.609853],[-99.571438,35.609876],[-99.571537,35.595392],[-99.589185,35.59538]]]}},{"type":"Feature","properties":{"county":"Custer","applicant":"CITIZEN ENERGY III","legal":"24-13N-14W-IM","section":"24","township":"13N","range":"14W","cause_number":"2024003326","order_number":"755858"},"geometry":{"type":"Polygon","coordinates":[[[-98.632127,35.594976],[-98.632154,35.580467],[-98.649898,35.580496],[-98.649917,35.595014],[-98.632127,35.594976]]]}},{"type":"Feature","properties":{"county":"Custer","applicant":"CITIZEN ENERGY III","legal":"13-13N-14W-IM","section":"13","township":"13N","range":"14W","cause_number":"2024003326","order_number":"755858"},"geometry":{"type":"Polygon","coordinates":[[[-98.632127,35.594974],[-98.649917,35.595012],[-98.649949,35.609534],[-98.632125,35.609498],[-98.632127,35.594974]]]}},{"type":"Feature","properties":{"county":"Custer","applicant":"CITIZEN ENERGY III","legal":"12-13N-14W-IM","section":"12","township":"13N","range":"14W","cause_number":"2024003326","order_number":"755858"},"geometry":{"type":"Polygon","coordinates":[[[-98.632125,35.609497],[-98.649949,35.609532],[-98.649938,35.624006],[-98.632136,35.623994],[-98.632125,35.609497]]]}},{"type":"Feature","properties":{"county":"Custer","applicant":"CITIZEN ENERGY III","legal":"23-13N-14W-IM","section":"23","township":"13N","range":"14W","cause_number":"2024003318","order_number":"755857"},"geometry":{"type":"Polygon","coordinates":[[[-98.649916,35.595014],[-98.649896,35.580496],[-98.667714,35.580512],[-98.667725,35.595015],[-98.649916,35.595014]]]}},{"type":"Feature","properties":{"county":"Custer","applicant":"CITIZEN ENERGY III","legal":"14-13N-14W-IM","section":"14","township":"13N","range":"14W","cause_number":"2024003318","order_number":"755857"},"geometry":{"type":"Polygon","coordinates":[[[-98.649915,35.595012],[-98.667725,35.595013],[-98.667738,35.609494],[-98.649947,35.609534],[-98.649915,35.595012]]]}},{"type":"Feature","properties":{"county":"Custer","applicant":"CITIZEN ENERGY III","legal":"11-13N-14W-IM","section":"11","township":"13N","range":"14W","cause_number":"2024003318","order_number":"755857"},"geometry":{"type":"Polygon","coordinates":[[[-98.667737,35.609492],[-98.667736,35.623991],[-98.649936,35.624007],[-98.649947,35.609532],[-98.667737,35.609492]]]}},{"type":"Feature","properties":{"county":"Canadian","applicant":"VALIDUS ENERGY II MIDCON LLC","legal":"07-11N-10W-IM","section":"07","township":"11N","range":"10W","cause_number":"2026000327","order_number":"755879"},"geometry":{"type":"Polygon","coordinates":[[[-98.306356,35.435027],[-98.306357,35.449458],[-98.289116,35.449303],[-98.289196,35.434813],[-98.306356,35.435027]]]}},{"type":"Feature","properties":{"county":"Roger Mills","applicant":"CRAWLEY PETROLEUM","legal":"33-14N-23W-IM","section":"33","township":"14N","range":"23W","cause_number":"2025003807","order_number":"755864"},"geometry":{"type":"Polygon","coordinates":[[[-99.659765,35.638822],[-99.659659,35.653321],[-99.641903,35.653317],[-99.642017,35.638821],[-99.659765,35.638822]]]}},{"type":"Feature","properties":{"county":"Custer","applicant":"NADEL & GUSSMAN","legal":"21-13N-19W-IM","section":"21","township":"13N","range":"19W","cause_number":"2026000337","order_number":"755914"},"geometry":{"type":"Polygon","coordinates":[[[-99.235158,35.595167],[-99.217306,35.595205],[-99.217307,35.580669],[-99.235161,35.58064],[-99.235158,35.595167]]]}},{"type":"Feature","properties":{"county":"Custer","applicant":"NADEL & GUSSMAN","legal":"16-13N-19W-IM","section":"16","township":"13N","range":"19W","cause_number":"2026000337","order_number":"755914"},"geometry":{"type":"Polygon","coordinates":[[[-99.235158,35.595165],[-99.235141,35.609731],[-99.217339,35.609707],[-99.217306,35.595203],[-99.235158,35.595165]]]}},{"type":"Feature","properties":{"county":"Custer","applicant":"NADEL & GUSSMAN","legal":"21-13N-19W-IM","section":"21","township":"13N","range":"19W","cause_number":"2026000335","order_number":"755912"},"geometry":{"type":"Polygon","coordinates":[[[-99.235158,35.595167],[-99.217306,35.595205],[-99.217307,35.580669],[-99.235161,35.58064],[-99.235158,35.595167]]]}},{"type":"Feature","properties":{"county":"Custer","applicant":"NADEL & GUSSMAN","legal":"16-13N-19W-IM","section":"16","township":"13N","range":"19W","cause_number":"2026000335","order_number":"755912"},"geometry":{"type":"Polygon","coordinates":[[[-99.235158,35.595165],[-99.235141,35.609731],[-99.217339,35.609707],[-99.217306,35.595203],[-99.235158,35.595165]]]}},{"type":"Feature","properties":{"county":"Custer","applicant":"NADEL & GUSSMAN","legal":"21-13N-19W-IM","section":"21","township":"13N","range":"19W","cause_number":"2026000333","order_number":"755910"},"geometry":{"type":"Polygon","coordinates":[[[-99.235158,35.595167],[-99.217306,35.595205],[-99.217307,35.580669],[-99.235161,35.58064],[-99.235158,35.595167]]]}},{"type":"Feature","properties":{"county":"Custer","applicant":"NADEL & GUSSMAN","legal":"16-13N-19W-IM","section":"16","township":"13N","range":"19W","cause_number":"2026000333","order_number":"755910"},"geometry":{"type":"Polygon","coordinates":[[[-99.235158,35.595165],[-99.235141,35.609731],[-99.217339,35.609707],[-99.217306,35.595203],[-99.235158,35.595165]]]}},{"type":"Feature","properties":{"county":"Roger Mills","applicant":"DEVON ENERGY","legal":"35-14N-21W-IM","section":"35","township":"14N","range":"21W","cause_number":"2026001076"},"geometry":{"type":"Polygon","coordinates":[[[-99.412373,35.638827],[-99.412308,35.653334],[-99.394486,35.653334],[-99.394631,35.638834],[-99.412373,35.638827]]]}},{"type":"Feature","properties":{"county":"Roger Mills","applicant":"DEVON ENERGY","legal":"02-13N-21W-IM","section":"02","township":"13N","range":"21W","cause_number":"2026001076"},"geometry":{"type":"Polygon","coordinates":[[[-99.412367,35.624358],[-99.412373,35.638829],[-99.39463,35.638836],[-99.394705,35.624395],[-99.412367,35.624358]]]}},{"type":"Feature","properties":{"county":"Roger Mills","applicant":"DEVON ENERGY","legal":"35-14N-21W-IM","section":"35","township":"14N","range":"21W","cause_number":"2026001074"},"geometry":{"type":"Polygon","coordinates":[[[-99.412373,35.638827],[-99.412308,35.653334],[-99.394486,35.653334],[-99.394631,35.638834],[-99.412373,35.638827]]]}},{"type":"Feature","properties":{"county":"Roger Mills","applicant":"DEVON ENERGY","legal":"02-13N-21W-IM","section":"02","township":"13N","range":"21W","cause_number":"2026001074"},"geometry":{"type":"Polygon","coordinates":[[[-99.412367,35.624358],[-99.412373,35.638829],[-99.39463,35.638836],[-99.394705,35.624395],[-99.412367,35.624358]]]}},{"type":"Feature","properties":{"county":"Custer","applicant":"MEWBOURNE","legal":"16-15N-20W-IM","section":"16","township":"15N","range":"20W","cause_number":"2025001842","order_number":"755984"},"geometry":{"type":"Polygon","coordinates":[[[-99.340959,35.769038],[-99.340882,35.783388],[-99.323111,35.783471],[-99.323203,35.769025],[-99.340959,35.769038]]]}},{"type":"Feature","properties":{"county":"Custer","applicant":"MEWBOURNE","legal":"09-15N-20W-IM","section":"09","township":"15N","range":"20W","cause_number":"2025001842","order_number":"755984"},"geometry":{"type":"Polygon","coordinates":[[[-99.340882,35.783386],[-99.340846,35.797857],[-99.32305,35.79791],[-99.323111,35.783469],[-99.340882,35.783386]]]}},{"type":"Feature","properties":{"county":"Custer","applicant":"MEWBOURNE","legal":"14-13N-17W-IM","section":"14","township":"13N","range":"17W","cause_number":"2025001093","order_number":"755976"},"geometry":{"type":"Polygon","coordinates":[[[-98.986763,35.594959],[-98.986755,35.609488],[-98.96903,35.609476],[-98.969047,35.594963],[-98.986763,35.594959]]]}},{"type":"Feature","properties":{"county":"Custer","applicant":"MEWBOURNE","legal":"11-13N-17W-IM","section":"11","township":"13N","range":"17W","cause_number":"2025001093","order_number":"755976"},"geometry":{"type":"Polygon","coordinates":[[[-98.986756,35.609486],[-98.986754,35.623995],[-98.969014,35.624003],[-98.969031,35.609474],[-98.986756,35.609486]]]}},{"type":"Feature","properties":{"county":"Custer","applicant":"GEOSOUTHERN","legal":"32-13N-15W-IM","section":"32","township":"13N","range":"15W","cause_number":"2026001141"},"geometry":{"type":"Polygon","coordinates":[[[-98.827222,35.551485],[-98.827214,35.565982],[-98.809433,35.565989],[-98.80948,35.551491],[-98.827222,35.551485]]]}},{"type":"Feature","properties":{"county":"Custer","applicant":"GEOSOUTHERN","legal":"29-13N-15W-IM","section":"29","township":"13N","range":"15W","cause_number":"2026001141"},"geometry":{"type":"Polygon","coordinates":[[[-98.827215,35.56598],[-98.827228,35.580472],[-98.8094,35.580489],[-98.809433,35.565987],[-98.827215,35.56598]]]}},{"type":"Feature","properties":{"county":"Custer","applicant":"MEWBOURNE","legal":"31-15N-20W-IM","section":"31","township":"15N","range":"20W","cause_number":"2025003090","order_number":"756025"},"geometry":{"type":"Polygon","coordinates":[[[-99.376633,35.72567],[-99.376583,35.740093],[-99.358965,35.740104],[-99.358982,35.725671],[-99.376633,35.72567]]]}},{"type":"Feature","properties":{"county":"Custer","applicant":"MEWBOURNE","legal":"07-14N-20W-IM","section":"07","township":"14N","range":"20W","cause_number":"2025003090","order_number":"756025"},"geometry":{"type":"Polygon","coordinates":[[[-99.376687,35.711222],[-99.359007,35.711227],[-99.359082,35.696828],[-99.376742,35.696743],[-99.376687,35.711222]]]}},{"type":"Feature","properties":{"county":"Custer","applicant":"MEWBOURNE","legal":"06-14N-20W-IM","section":"06","township":"14N","range":"20W","cause_number":"2025003090","order_number":"756025"},"geometry":{"type":"Polygon","coordinates":[[[-99.376687,35.711221],[-99.376634,35.725672],[-99.358982,35.725673],[-99.359007,35.711225],[-99.376687,35.711221]]]}},{"type":"Feature","properties":{"county":"Custer","applicant":"CITIZEN ENERGY III","legal":"24-13N-14W-IM","section":"24","township":"13N","range":"14W","cause_number":"2024003328","order_number":"756016"},"geometry":{"type":"Polygon","coordinates":[[[-98.632127,35.594976],[-98.632154,35.580467],[-98.649898,35.580496],[-98.649917,35.595014],[-98.632127,35.594976]]]}},{"type":"Feature","properties":{"county":"Custer","applicant":"CITIZEN ENERGY III","legal":"13-13N-14W-IM","section":"13","township":"13N","range":"14W","cause_number":"2024003328","order_number":"756016"},"geometry":{"type":"Polygon","coordinates":[[[-98.632127,35.594974],[-98.649917,35.595012],[-98.649949,35.609534],[-98.632125,35.609498],[-98.632127,35.594974]]]}},{"type":"Feature","properties":{"county":"Custer","applicant":"CITIZEN ENERGY III","legal":"12-13N-14W-IM","section":"12","township":"13N","range":"14W","cause_number":"2024003328","order_number":"756016"},"geometry":{"type":"Polygon","coordinates":[[[-98.632125,35.609497],[-98.649949,35.609532],[-98.649938,35.624006],[-98.632136,35.623994],[-98.632125,35.609497]]]}},{"type":"Feature","properties":{"county":"Custer","applicant":"MEWBOURNE","legal":"07-15N-20W-IM","section":"07","township":"15N","range":"20W","cause_number":"2024002651","order_number":"756015"},"geometry":{"type":"Polygon","coordinates":[[[-99.376062,35.783229],[-99.375911,35.797689],[-99.358684,35.797738],[-99.358773,35.783323],[-99.376062,35.783229]]]}},{"type":"Feature","properties":{"county":"Custer","applicant":"NADEL & GUSSMAN","legal":"16-13N-19W-IM","section":"16","township":"13N","range":"19W","cause_number":"2025004096","order_number":"756148"},"geometry":{"type":"Polygon","coordinates":[[[-99.235158,35.595165],[-99.235141,35.609731],[-99.217339,35.609707],[-99.217306,35.595203],[-99.235158,35.595165]]]}},{"type":"Feature","properties":{"county":"Custer","applicant":"NADEL & GUSSMAN","legal":"09-13N-19W-IM","section":"09","township":"13N","range":"19W","cause_number":"2025004096","order_number":"756148"},"geometry":{"type":"Polygon","coordinates":[[[-99.235141,35.609729],[-99.235207,35.624236],[-99.21738,35.624237],[-99.217339,35.609705],[-99.235141,35.609729]]]}},{"type":"Feature","properties":{"county":"Custer","applicant":"NADEL & GUSSMAN","legal":"16-13N-19W-IM","section":"16","township":"13N","range":"19W","cause_number":"2025001590","order_number":"756134"},"geometry":{"type":"Polygon","coordinates":[[[-99.235158,35.595165],[-99.235141,35.609731],[-99.217339,35.609707],[-99.217306,35.595203],[-99.235158,35.595165]]]}},{"type":"Feature","properties":{"county":"Custer","applicant":"NADEL & GUSSMAN","legal":"09-13N-19W-IM","section":"09","township":"13N","range":"19W","cause_number":"2025001590","order_number":"756134"},"geometry":{"type":"Polygon","coordinates":[[[-99.235141,35.609729],[-99.235207,35.624236],[-99.21738,35.624237],[-99.217339,35.609705],[-99.235141,35.609729]]]}},{"type":"Feature","properties":{"county":"Custer","applicant":"ROCKIES RESOURCES HOLDINGS LLC","legal":"22-15N-19W-IM","section":"22","township":"15N","range":"19W","cause_number":"2026001247"},"geometry":{"type":"Polygon","coordinates":[[[-99.217213,35.754512],[-99.217158,35.768986],[-99.19946,35.768986],[-99.199512,35.754514],[-99.217213,35.754512]]]}},{"type":"Feature","properties":{"county":"Custer","applicant":"ROCKIES RESOURCES HOLDINGS LLC","legal":"15-15N-19W-IM","section":"15","township":"15N","range":"19W","cause_number":"2026001247"},"geometry":{"type":"Polygon","coordinates":[[[-99.217158,35.768984],[-99.21712,35.783479],[-99.199407,35.783459],[-99.19946,35.768984],[-99.217158,35.768984]]]}},{"type":"Feature","properties":{"county":"Custer","applicant":"MEWBOURNE","legal":"19-12N-19W-IM","section":"19","township":"12N","range":"19W","cause_number":"2026001234"},"geometry":{"type":"Polygon","coordinates":[[[-99.258148,35.494331],[-99.258134,35.508829],[-99.241001,35.508845],[-99.24098,35.494341],[-99.258148,35.494331]]]}},{"type":"Feature","properties":{"county":"Custer","applicant":"MEWBOURNE","legal":"18-12N-19W-IM","section":"18","township":"12N","range":"19W","cause_number":"2026001234"},"geometry":{"type":"Polygon","coordinates":[[[-99.258134,35.508827],[-99.258137,35.523365],[-99.241024,35.523357],[-99.241001,35.508843],[-99.258134,35.508827]]]}},{"type":"Feature","properties":{"county":"Custer","applicant":"MEWBOURNE","legal":"18-15N-20W-IM","section":"18","township":"15N","range":"20W","cause_number":"2024002653","order_number":"756165"},"geometry":{"type":"Polygon","coordinates":[[[-99.376209,35.768803],[-99.376063,35.783231],[-99.358773,35.783325],[-99.358847,35.768959],[-99.376209,35.768803]]]}},{"type":"Feature","properties":{"county":"Custer","applicant":"DUNCAN OIL PROPERTIES; WALTER DUNCAN OIL","legal":"10-13N-18W-IM","section":"10","township":"13N","range":"18W","cause_number":"2026001280"},"geometry":{"type":"Polygon","coordinates":[[[-99.110935,35.609539],[-99.110922,35.624022],[-99.093128,35.624022],[-99.093171,35.609515],[-99.110935,35.609539]]]}},{"type":"Feature","properties":{"county":"Custer","applicant":"DUNCAN OIL PROPERTIES; WALTER DUNCAN OIL","legal":"03-13N-18W-IM","section":"03","township":"13N","range":"18W","cause_number":"2026001280"},"geometry":{"type":"Polygon","coordinates":[[[-99.110922,35.62402],[-99.110942,35.638567],[-99.093216,35.638561],[-99.093128,35.62402],[-99.110922,35.62402]]]}},{"type":"Feature","properties":{"county":"Roger Mills","applicant":"MEWBOURNE","legal":"10-13N-21W-IM","section":"10","township":"13N","range":"21W","cause_number":"2026001336"},"geometry":{"type":"Polygon","coordinates":[[[-99.430157,35.609847],[-99.4301,35.624337],[-99.412365,35.62436],[-99.412387,35.609829],[-99.430157,35.609847]]]}},{"type":"Feature","properties":{"county":"Roger Mills","applicant":"MEWBOURNE","legal":"03-13N-21W-IM","section":"03","township":"13N","range":"21W","cause_number":"2026001336"},"geometry":{"type":"Polygon","coordinates":[[[-99.430101,35.624335],[-99.430113,35.638838],[-99.412371,35.638829],[-99.412365,35.624358],[-99.430101,35.624335]]]}},{"type":"Feature","properties":{"county":"Canadian","applicant":"VALIDUS ENERGY II MIDCON LLC","legal":"07-11N-10W-IM","section":"07","township":"11N","range":"10W","cause_number":"2026001318"},"geometry":{"type":"Polygon","coordinates":[[[-98.306356,35.435027],[-98.306357,35.449458],[-98.289116,35.449303],[-98.289196,35.434813],[-98.306356,35.435027]]]}},{"type":"Feature","properties":{"county":"Canadian","applicant":"VALIDUS ENERGY II MIDCON LLC","legal":"06-11N-10W-IM","section":"06","township":"11N","range":"10W","cause_number":"2026001318"},"geometry":{"type":"Polygon","coordinates":[[[-98.306357,35.449456],[-98.306377,35.463919],[-98.289056,35.463902],[-98.289116,35.449301],[-98.306357,35.449456]]]}},{"type":"Feature","properties":{"county":"Canadian","applicant":"VALIDUS ENERGY II MIDCON LLC","legal":"07-11N-10W-IM","section":"07","township":"11N","range":"10W","cause_number":"2026001316"},"geometry":{"type":"Polygon","coordinates":[[[-98.306356,35.435027],[-98.306357,35.449458],[-98.289116,35.449303],[-98.289196,35.434813],[-98.306356,35.435027]]]}},{"type":"Feature","properties":{"county":"Canadian","applicant":"VALIDUS ENERGY II MIDCON LLC","legal":"06-11N-10W-IM","section":"06","township":"11N","range":"10W","cause_number":"2026001314"},"geometry":{"type":"Polygon","coordinates":[[[-98.306357,35.449456],[-98.306377,35.463919],[-98.289056,35.463902],[-98.289116,35.449301],[-98.306357,35.449456]]]}},{"type":"Feature","properties":{"county":"Roger Mills","applicant":"MEWBOURNE","legal":"24-13N-23W-IM","section":"24","township":"13N","range":"23W","cause_number":"2026001348"},"geometry":{"type":"Polygon","coordinates":[[[-99.607061,35.580884],[-99.606945,35.595385],[-99.589183,35.595382],[-99.589296,35.580883],[-99.607061,35.580884]]]}},{"type":"Feature","properties":{"county":"Roger Mills","applicant":"MEWBOURNE","legal":"13-13N-23W-IM","section":"13","township":"13N","range":"23W","cause_number":"2026001348"},"geometry":{"type":"Polygon","coordinates":[[[-99.606945,35.595383],[-99.606796,35.609876],[-99.589071,35.609852],[-99.589183,35.59538],[-99.606945,35.595383]]]}},{"type":"Feature","properties":{"county":"Caddo","applicant":"THUNDERBIRD NATURAL RESOURCES LLC","legal":"20-11N-11W-IM","section":"20","township":"11N","range":"11W","cause_number":"2026001373"},"geometry":{"type":"Polygon","coordinates":[[[-98.394688,35.406323],[-98.394678,35.420792],[-98.376898,35.420764],[-98.376927,35.406315],[-98.394688,35.406323]]]}},{"type":"Feature","properties":{"county":"Caddo","applicant":"THUNDERBIRD NATURAL RESOURCES LLC","legal":"17-11N-11W-IM","section":"17","township":"11N","range":"11W","cause_number":"2026001373"},"geometry":{"type":"Polygon","coordinates":[[[-98.394679,35.42079],[-98.394607,35.435296],[-98.376871,35.435256],[-98.376898,35.420762],[-98.394679,35.42079]]]}},{"type":"Feature","properties":{"county":"Caddo","applicant":"THUNDERBIRD NATURAL RESOURCES LLC","legal":"20-11N-11W-IM","section":"20","township":"11N","range":"11W","cause_number":"2026001371"},"geometry":{"type":"Polygon","coordinates":[[[-98.394688,35.406323],[-98.394678,35.420792],[-98.376898,35.420764],[-98.376927,35.406315],[-98.394688,35.406323]]]}},{"type":"Feature","properties":{"county":"Caddo","applicant":"THUNDERBIRD NATURAL RESOURCES LLC","legal":"17-11N-11W-IM","section":"17","township":"11N","range":"11W","cause_number":"2026001371"},"geometry":{"type":"Polygon","coordinates":[[[-98.394679,35.42079],[-98.394607,35.435296],[-98.376871,35.435256],[-98.376898,35.420762],[-98.394679,35.42079]]]}},{"type":"Feature","properties":{"county":"Caddo","applicant":"THUNDERBIRD NATURAL RESOURCES LLC","legal":"20-11N-11W-IM","section":"20","township":"11N","range":"11W","cause_number":"2026001369"},"geometry":{"type":"Polygon","coordinates":[[[-98.394688,35.406323],[-98.394678,35.420792],[-98.376898,35.420764],[-98.376927,35.406315],[-98.394688,35.406323]]]}},{"type":"Feature","properties":{"county":"Caddo","applicant":"THUNDERBIRD NATURAL RESOURCES LLC","legal":"17-11N-11W-IM","section":"17","township":"11N","range":"11W","cause_number":"2026001368"},"geometry":{"type":"Polygon","coordinates":[[[-98.394679,35.42079],[-98.394607,35.435296],[-98.376871,35.435256],[-98.376898,35.420762],[-98.394679,35.42079]]]}},{"type":"Feature","properties":{"county":"Custer","applicant":"ANTHEM ARAPAHO LLC","legal":"26-13N-18W-IM","section":"26","township":"13N","range":"18W","cause_number":"2026001382"},"geometry":{"type":"Polygon","coordinates":[[[-99.093204,35.566034],[-99.093194,35.580531],[-99.075432,35.580512],[-99.07546,35.566033],[-99.093204,35.566034]]]}},{"type":"Feature","properties":{"county":"Custer","applicant":"ANTHEM ARAPAHO LLC","legal":"23-13N-18W-IM","section":"23","township":"13N","range":"18W","cause_number":"2026001382"},"geometry":{"type":"Polygon","coordinates":[[[-99.093194,35.580529],[-99.093176,35.595017],[-99.075415,35.595011],[-99.075432,35.58051],[-99.093194,35.580529]]]}},{"type":"Feature","properties":{"county":"Custer","applicant":"ANTHEM ARAPAHO LLC","legal":"12-13N-18W-IM","section":"12","township":"13N","range":"18W","cause_number":"2026000801","order_number":"756362"},"geometry":{"type":"Polygon","coordinates":[[[-99.075401,35.609535],[-99.075418,35.624025],[-99.057639,35.624052],[-99.057675,35.609545],[-99.075401,35.609535]]]}},{"type":"Feature","properties":{"county":"Custer","applicant":"ANTHEM ARAPAHO LLC","legal":"01-13N-18W-IM","section":"01","township":"13N","range":"18W","cause_number":"2026000801","order_number":"756362"},"geometry":{"type":"Polygon","coordinates":[[[-99.075418,35.624023],[-99.07543,35.638561],[-99.057648,35.63856],[-99.057639,35.62405],[-99.075418,35.624023]]]}},{"type":"Feature","properties":{"county":"Roger Mills","applicant":"MEWBOURNE","legal":"31-14N-21W-IM","section":"31","township":"14N","range":"21W","cause_number":"2025003535","order_number":"756398"},"geometry":{"type":"Polygon","coordinates":[[[-99.483035,35.638773],[-99.483082,35.653297],[-99.465499,35.653282],[-99.465624,35.638808],[-99.483035,35.638773]]]}},{"type":"Feature","properties":{"county":"Roger Mills","applicant":"MEWBOURNE","legal":"06-13N-21W-IM","section":"06","township":"13N","range":"21W","cause_number":"2025003535","order_number":"756398"},"geometry":{"type":"Polygon","coordinates":[[[-99.483111,35.624271],[-99.483035,35.638775],[-99.465624,35.63881],[-99.46561,35.624288],[-99.483111,35.624271]]]}},{"type":"Feature","properties":{"county":"Roger Mills","applicant":"MEWBOURNE","legal":"21-13N-21W-IM","section":"21","township":"13N","range":"21W","cause_number":"2025003147","order_number":"756447"},"geometry":{"type":"Polygon","coordinates":[[[-99.447957,35.580825],[-99.447929,35.595327],[-99.430203,35.595341],[-99.430241,35.580827],[-99.447957,35.580825]]]}},{"type":"Feature","properties":{"county":"Roger Mills","applicant":"MEWBOURNE","legal":"16-13N-21W-IM","section":"16","township":"13N","range":"21W","cause_number":"2025003147","order_number":"756447"},"geometry":{"type":"Polygon","coordinates":[[[-99.447928,35.595325],[-99.447897,35.609833],[-99.430155,35.609849],[-99.430204,35.595339],[-99.447928,35.595325]]]}},{"type":"Feature","properties":{"county":"Custer","applicant":"MEWBOURNE","legal":"18-15N-20W-IM","section":"18","township":"15N","range":"20W","cause_number":"2024002655","order_number":"756443"},"geometry":{"type":"Polygon","coordinates":[[[-99.376209,35.768803],[-99.376063,35.783231],[-99.358773,35.783325],[-99.358847,35.768959],[-99.376209,35.768803]]]}},{"type":"Feature","properties":{"county":"Custer","applicant":"MEWBOURNE","legal":"07-15N-20W-IM","section":"07","township":"15N","range":"20W","cause_number":"2024002655","order_number":"756443"},"geometry":{"type":"Polygon","coordinates":[[[-99.376062,35.783229],[-99.375911,35.797689],[-99.358684,35.797738],[-99.358773,35.783323],[-99.376062,35.783229]]]}},{"type":"Feature","properties":{"county":"Caddo","applicant":"NOVO II OPERATING LLC; THUNDERBIRD NATURAL RESOURCES LLC","legal":"31-11N-11W-IM","section":"31","township":"11N","range":"11W","cause_number":"2026001446"},"geometry":{"type":"Polygon","coordinates":[[[-98.412194,35.377462],[-98.412122,35.391885],[-98.394704,35.391864],[-98.394739,35.377415],[-98.412194,35.377462]]]}},{"type":"Feature","properties":{"county":"Caddo","applicant":"NOVO II OPERATING LLC; THUNDERBIRD NATURAL RESOURCES LLC","legal":"30-11N-11W-IM","section":"30","township":"11N","range":"11W","cause_number":"2026001446"},"geometry":{"type":"Polygon","coordinates":[[[-98.412122,35.391883],[-98.412103,35.406293],[-98.394687,35.406325],[-98.394705,35.391862],[-98.412122,35.391883]]]}},{"type":"Feature","properties":{"county":"Caddo","applicant":"NOVO II OPERATING LLC; THUNDERBIRD NATURAL RESOURCES LLC","legal":"06-10N-11W-IM","section":"06","township":"10N","range":"11W","cause_number":"2026001446"},"geometry":{"type":"Polygon","coordinates":[[[-98.412228,35.36305],[-98.412194,35.377464],[-98.394739,35.377417],[-98.394631,35.362968],[-98.412228,35.36305]]]}},{"type":"Feature","properties":{"county":"Caddo","applicant":"THUNDERBIRD NATURAL RESOURCES LLC","legal":"31-11N-11W-IM","section":"31","township":"11N","range":"11W","cause_number":"2026001444"},"geometry":{"type":"Polygon","coordinates":[[[-98.412194,35.377462],[-98.412122,35.391885],[-98.394704,35.391864],[-98.394739,35.377415],[-98.412194,35.377462]]]}},{"type":"Feature","properties":{"county":"Caddo","applicant":"THUNDERBIRD NATURAL RESOURCES LLC","legal":"30-11N-11W-IM","section":"30","township":"11N","range":"11W","cause_number":"2026001437"},"geometry":{"type":"Polygon","coordinates":[[[-98.412122,35.391883],[-98.412103,35.406293],[-98.394687,35.406325],[-98.394705,35.391862],[-98.412122,35.391883]]]}},{"type":"Feature","properties":{"county":"Caddo","applicant":"THUNDERBIRD NATURAL RESOURCES LLC","legal":"06-10N-11W-IM","section":"06","township":"10N","range":"11W","cause_number":"2026001436"},"geometry":{"type":"Polygon","coordinates":[[[-98.412228,35.36305],[-98.412194,35.377464],[-98.394739,35.377417],[-98.394631,35.362968],[-98.412228,35.36305]]]}},{"type":"Feature","properties":{"county":"Caddo","applicant":"WARWICK-JUPITER","legal":"06-10N-11W-IM","section":"06","township":"10N","range":"11W","cause_number":"2026001421"},"geometry":{"type":"Polygon","coordinates":[[[-98.412228,35.36305],[-98.412194,35.377464],[-98.394739,35.377417],[-98.394631,35.362968],[-98.412228,35.36305]]]}},{"type":"Feature","properties":{"county":"Caddo","applicant":"WARWICK-JUPITER","legal":"06-10N-11W-IM","section":"06","township":"10N","range":"11W","cause_number":"2026001418"},"geometry":{"type":"Polygon","coordinates":[[[-98.412228,35.36305],[-98.412194,35.377464],[-98.394739,35.377417],[-98.394631,35.362968],[-98.412228,35.36305]]]}},{"type":"Feature","properties":{"county":"Roger Mills","applicant":"ADPARO LLC","legal":"12-15N-21W-IM","section":"12","township":"15N","range":"21W","cause_number":"2026000555","order_number":"756481"},"geometry":{"type":"Polygon","coordinates":[[[-99.393856,35.783389],[-99.39373,35.797843],[-99.37591,35.797689],[-99.376062,35.783229],[-99.393856,35.783389]]]}},{"type":"Feature","properties":{"county":"Roger Mills","applicant":"ADPARO LLC","legal":"01-15N-21W-IM","section":"01","township":"15N","range":"21W","cause_number":"2026000555","order_number":"756481"},"geometry":{"type":"Polygon","coordinates":[[[-99.39373,35.797841],[-99.393636,35.812147],[-99.375803,35.812164],[-99.37591,35.797687],[-99.39373,35.797841]]]}},{"type":"Feature","properties":{"county":"Custer","applicant":"ARNOLD OIL PROPERTIES","legal":"35-13N-16W-IM","section":"35","township":"13N","range":"16W","cause_number":"2026001462"},"geometry":{"type":"Polygon","coordinates":[[[-98.880368,35.5515],[-98.88036,35.565985],[-98.862684,35.56602],[-98.862684,35.551503],[-98.880368,35.5515]]]}},{"type":"Feature","properties":{"county":"Custer","applicant":"ARNOLD OIL PROPERTIES","legal":"26-13N-16W-IM","section":"26","township":"13N","range":"16W","cause_number":"2026001462"},"geometry":{"type":"Polygon","coordinates":[[[-98.880359,35.565983],[-98.880376,35.580505],[-98.862705,35.580524],[-98.862684,35.566018],[-98.880359,35.565983]]]}},{"type":"Feature","properties":{"county":"Custer","applicant":"MEWBOURNE","legal":"12-15N-19W-IM","section":"12","township":"15N","range":"19W","cause_number":"2025003961","order_number":"756538"},"geometry":{"type":"Polygon","coordinates":[[[-99.181628,35.783415],[-99.18161,35.797905],[-99.163886,35.797895],[-99.163928,35.783409],[-99.181628,35.783415]]]}},{"type":"Feature","properties":{"county":"Custer","applicant":"MEWBOURNE","legal":"01-15N-19W-IM","section":"01","township":"15N","range":"19W","cause_number":"2025003961","order_number":"756538"},"geometry":{"type":"Polygon","coordinates":[[[-99.18161,35.797903],[-99.181548,35.81237],[-99.163827,35.812409],[-99.163886,35.797893],[-99.18161,35.797903]]]}},{"type":"Feature","properties":{"county":"Roger Mills","applicant":"DEVON ENERGY","legal":"13-13N-21W-IM","section":"13","township":"13N","range":"21W","cause_number":"2026000465","order_number":"756580"},"geometry":{"type":"Polygon","coordinates":[[[-99.394707,35.595319],[-99.394696,35.609851],[-99.376997,35.609855],[-99.377005,35.595315],[-99.394707,35.595319]]]}},{"type":"Feature","properties":{"county":"Roger Mills","applicant":"DEVON ENERGY","legal":"12-13N-21W-IM","section":"12","township":"13N","range":"21W","cause_number":"2026000465","order_number":"756580"},"geometry":{"type":"Polygon","coordinates":[[[-99.394695,35.609849],[-99.394706,35.624397],[-99.376985,35.624421],[-99.376997,35.609853],[-99.394695,35.609849]]]}},{"type":"Feature","properties":{"county":"Roger Mills","applicant":"DEVON ENERGY","legal":"01-13N-21W-IM","section":"01","township":"13N","range":"21W","cause_number":"2026000465","order_number":"756580"},"geometry":{"type":"Polygon","coordinates":[[[-99.394706,35.624395],[-99.394632,35.638836],[-99.376938,35.638892],[-99.376985,35.624419],[-99.394706,35.624395]]]}},{"type":"Feature","properties":{"county":"Roger Mills","applicant":"DEVON ENERGY","legal":"13-13N-21W-IM","section":"13","township":"13N","range":"21W","cause_number":"2026000463","order_number":"756580"},"geometry":{"type":"Polygon","coordinates":[[[-99.394707,35.595319],[-99.394696,35.609851],[-99.376997,35.609855],[-99.377005,35.595315],[-99.394707,35.595319]]]}},{"type":"Feature","properties":{"county":"Roger Mills","applicant":"DEVON ENERGY","legal":"12-13N-21W-IM","section":"12","township":"13N","range":"21W","cause_number":"2026000463","order_number":"756580"},"geometry":{"type":"Polygon","coordinates":[[[-99.394695,35.609849],[-99.394706,35.624397],[-99.376985,35.624421],[-99.376997,35.609853],[-99.394695,35.609849]]]}},{"type":"Feature","properties":{"county":"Roger Mills","applicant":"DEVON ENERGY","legal":"01-13N-21W-IM","section":"01","township":"13N","range":"21W","cause_number":"2026000463","order_number":"756580"},"geometry":{"type":"Polygon","coordinates":[[[-99.394706,35.624395],[-99.394632,35.638836],[-99.376938,35.638892],[-99.376985,35.624419],[-99.394706,35.624395]]]}},{"type":"Feature","properties":{"county":"Roger Mills","applicant":"DEVON ENERGY","legal":"13-13N-21W-IM","section":"13","township":"13N","range":"21W","cause_number":"2026000461","order_number":"756580"},"geometry":{"type":"Polygon","coordinates":[[[-99.394707,35.595319],[-99.394696,35.609851],[-99.376997,35.609855],[-99.377005,35.595315],[-99.394707,35.595319]]]}},{"type":"Feature","properties":{"county":"Roger Mills","applicant":"DEVON ENERGY","legal":"12-13N-21W-IM","section":"12","township":"13N","range":"21W","cause_number":"2026000461","order_number":"756580"},"geometry":{"type":"Polygon","coordinates":[[[-99.394695,35.609849],[-99.394706,35.624397],[-99.376985,35.624421],[-99.376997,35.609853],[-99.394695,35.609849]]]}},{"type":"Feature","properties":{"county":"Roger Mills","applicant":"DEVON ENERGY","legal":"01-13N-21W-IM","section":"01","township":"13N","range":"21W","cause_number":"2026000461","order_number":"756580"},"geometry":{"type":"Polygon","coordinates":[[[-99.394706,35.624395],[-99.394632,35.638836],[-99.376938,35.638892],[-99.376985,35.624419],[-99.394706,35.624395]]]}},{"type":"Feature","properties":{"county":"Roger Mills","applicant":"MEWBOURNE","legal":"14-13N-22W-IM","section":"14","township":"13N","range":"22W","cause_number":"2024003069","order_number":"756551"},"geometry":{"type":"Polygon","coordinates":[[[-99.518472,35.595335],[-99.518428,35.609819],[-99.500789,35.609791],[-99.500853,35.595306],[-99.518472,35.595335]]]}},{"type":"Feature","properties":{"county":"Roger Mills","applicant":"MEWBOURNE","legal":"11-13N-22W-IM","section":"11","township":"13N","range":"22W","cause_number":"2024003069","order_number":"756551"},"geometry":{"type":"Polygon","coordinates":[[[-99.518429,35.609817],[-99.518427,35.624315],[-99.500721,35.624292],[-99.500789,35.609789],[-99.518429,35.609817]]]}},{"type":"Feature","properties":{"county":"Custer","applicant":"ANTHEM ARAPAHO LLC","legal":"12-13N-18W-IM","section":"12","township":"13N","range":"18W","cause_number":"2026000801","order_number":"756619"},"geometry":{"type":"Polygon","coordinates":[[[-99.075401,35.609535],[-99.075418,35.624025],[-99.057639,35.624052],[-99.057675,35.609545],[-99.075401,35.609535]]]}},{"type":"Feature","properties":{"county":"Custer","applicant":"ANTHEM ARAPAHO LLC","legal":"01-13N-18W-IM","section":"01","township":"13N","range":"18W","cause_number":"2026000801","order_number":"756619"},"geometry":{"type":"Polygon","coordinates":[[[-99.075418,35.624023],[-99.07543,35.638561],[-99.057648,35.63856],[-99.057639,35.62405],[-99.075418,35.624023]]]}},{"type":"Feature","properties":{"county":"Custer","applicant":"DEVON ENERGY","legal":"18-15N-20W-IM","section":"18","township":"15N","range":"20W","cause_number":"2024003189","order_number":"756597"},"geometry":{"type":"Polygon","coordinates":[[[-99.376209,35.768803],[-99.376063,35.783231],[-99.358773,35.783325],[-99.358847,35.768959],[-99.376209,35.768803]]]}},{"type":"Feature","properties":{"county":"Custer","applicant":"DEVON ENERGY","legal":"07-15N-20W-IM","section":"07","township":"15N","range":"20W","cause_number":"2024003189","order_number":"756597"},"geometry":{"type":"Polygon","coordinates":[[[-99.376062,35.783229],[-99.375911,35.797689],[-99.358684,35.797738],[-99.358773,35.783323],[-99.376062,35.783229]]]}},{"type":"Feature","properties":{"county":"Custer","applicant":"DEVON ENERGY","legal":"18-15N-20W-IM","section":"18","township":"15N","range":"20W","cause_number":"2024003187","order_number":"756595"},"geometry":{"type":"Polygon","coordinates":[[[-99.376209,35.768803],[-99.376063,35.783231],[-99.358773,35.783325],[-99.358847,35.768959],[-99.376209,35.768803]]]}},{"type":"Feature","properties":{"county":"Custer","applicant":"DEVON ENERGY","legal":"07-15N-20W-IM","section":"07","township":"15N","range":"20W","cause_number":"2024003185","order_number":"756593"},"geometry":{"type":"Polygon","coordinates":[[[-99.376062,35.783229],[-99.375911,35.797689],[-99.358684,35.797738],[-99.358773,35.783323],[-99.376062,35.783229]]]}},{"type":"Feature","properties":{"county":"Custer","applicant":"DUNCAN OIL PROPERTIES; WALTER DUNCAN OIL","legal":"10-13N-18W-IM","section":"10","township":"13N","range":"18W","cause_number":"2026001503"},"geometry":{"type":"Polygon","coordinates":[[[-99.110935,35.609539],[-99.110922,35.624022],[-99.093128,35.624022],[-99.093171,35.609515],[-99.110935,35.609539]]]}},{"type":"Feature","properties":{"county":"Custer","applicant":"DUNCAN OIL PROPERTIES; WALTER DUNCAN OIL","legal":"03-13N-18W-IM","section":"03","township":"13N","range":"18W","cause_number":"2026001503"},"geometry":{"type":"Polygon","coordinates":[[[-99.110922,35.62402],[-99.110942,35.638567],[-99.093216,35.638561],[-99.093128,35.62402],[-99.110922,35.62402]]]}},{"type":"Feature","properties":{"county":"Roger Mills","applicant":"MEWBOURNE","legal":"18-13N-22W-IM","section":"18","township":"13N","range":"22W","cause_number":"2025003972","order_number":"756693"},"geometry":{"type":"Polygon","coordinates":[[[-99.589185,35.59538],[-99.589072,35.609853],[-99.571438,35.609876],[-99.571537,35.595392],[-99.589185,35.59538]]]}},{"type":"Feature","properties":{"county":"Roger Mills","applicant":"MEWBOURNE","legal":"07-13N-22W-IM","section":"07","township":"13N","range":"22W","cause_number":"2025003972","order_number":"756693"},"geometry":{"type":"Polygon","coordinates":[[[-99.589073,35.609851],[-99.588923,35.624333],[-99.571318,35.624384],[-99.571438,35.609875],[-99.589073,35.609851]]]}},{"type":"Feature","properties":{"county":"Custer","applicant":"REIGN OPERATING LLC","legal":"33-12N-17W-IM","section":"33","township":"12N","range":"17W","cause_number":"2025003571","order_number":"756635"},"geometry":{"type":"Polygon","coordinates":[[[-99.011368,35.465144],[-99.011358,35.479634],[-98.993678,35.479639],[-98.993644,35.465106],[-99.011368,35.465144]]]}},{"type":"Feature","properties":{"county":"Custer","applicant":"REIGN OPERATING LLC","legal":"28-12N-17W-IM","section":"28","township":"12N","range":"17W","cause_number":"2025003571","order_number":"756635"},"geometry":{"type":"Polygon","coordinates":[[[-99.011358,35.479632],[-99.011391,35.494133],[-98.993704,35.494136],[-98.993678,35.479637],[-99.011358,35.479632]]]}},{"type":"Feature","properties":{"county":"Custer","applicant":"MEWBOURNE","legal":"18-15N-18W-IM","section":"18","township":"15N","range":"18W","cause_number":"2025003369","order_number":"756691"},"geometry":{"type":"Polygon","coordinates":[[[-99.163954,35.76893],[-99.163929,35.783411],[-99.146335,35.783379],[-99.146349,35.768908],[-99.163954,35.76893]]]}},{"type":"Feature","properties":{"county":"Custer","applicant":"MEWBOURNE","legal":"07-15N-18W-IM","section":"07","township":"15N","range":"18W","cause_number":"2025003369","order_number":"756691"},"geometry":{"type":"Polygon","coordinates":[[[-99.16393,35.783409],[-99.163887,35.797895],[-99.146337,35.797839],[-99.146335,35.783378],[-99.16393,35.783409]]]}},{"type":"Feature","properties":{"county":"Custer","applicant":"MEWBOURNE","legal":"06-15N-18W-IM","section":"06","township":"15N","range":"18W","cause_number":"2025003369","order_number":"756691"},"geometry":{"type":"Polygon","coordinates":[[[-99.163888,35.797893],[-99.163829,35.812409],[-99.146333,35.812413],[-99.146336,35.797837],[-99.163888,35.797893]]]}},{"type":"Feature","properties":{"county":"Caddo","applicant":"BCE MACH","legal":"13-11N-11W-IM","section":"13","township":"11N","range":"11W","cause_number":"2025002956","order_number":"756682"},"geometry":{"type":"Polygon","coordinates":[[[-98.324043,35.420658],[-98.324009,35.435116],[-98.306355,35.435029],[-98.306363,35.420577],[-98.324043,35.420658]]]}},{"type":"Feature","properties":{"county":"Caddo","applicant":"BCE MACH","legal":"12-11N-11W-IM","section":"12","township":"11N","range":"11W","cause_number":"2025002956","order_number":"756682"},"geometry":{"type":"Polygon","coordinates":[[[-98.324009,35.435114],[-98.323993,35.449592],[-98.306355,35.449458],[-98.306355,35.435027],[-98.324009,35.435114]]]}},{"type":"Feature","properties":{"county":"Caddo","applicant":"BCE MACH","legal":"01-11N-11W-IM","section":"01","township":"11N","range":"11W","cause_number":"2025002956","order_number":"756682"},"geometry":{"type":"Polygon","coordinates":[[[-98.323992,35.44959],[-98.324034,35.463932],[-98.306377,35.463919],[-98.306355,35.449456],[-98.323992,35.44959]]]}},{"type":"Feature","properties":{"county":"Caddo","applicant":"BCE MACH","legal":"13-11N-11W-IM","section":"13","township":"11N","range":"11W","cause_number":"2025002954","order_number":"756680"},"geometry":{"type":"Polygon","coordinates":[[[-98.324043,35.420658],[-98.324009,35.435116],[-98.306355,35.435029],[-98.306363,35.420577],[-98.324043,35.420658]]]}},{"type":"Feature","properties":{"county":"Caddo","applicant":"BCE MACH","legal":"12-11N-11W-IM","section":"12","township":"11N","range":"11W","cause_number":"2025002954","order_number":"756680"},"geometry":{"type":"Polygon","coordinates":[[[-98.324009,35.435114],[-98.323993,35.449592],[-98.306355,35.449458],[-98.306355,35.435027],[-98.324009,35.435114]]]}},{"type":"Feature","properties":{"county":"Caddo","applicant":"BCE MACH","legal":"01-11N-11W-IM","section":"01","township":"11N","range":"11W","cause_number":"2025002954","order_number":"756680"},"geometry":{"type":"Polygon","coordinates":[[[-98.323992,35.44959],[-98.324034,35.463932],[-98.306377,35.463919],[-98.306355,35.449456],[-98.323992,35.44959]]]}},{"type":"Feature","properties":{"county":"Roger Mills","applicant":"MEWBOURNE","legal":"32-14N-21W-IM","section":"32","township":"14N","range":"21W","cause_number":"2026001530"},"geometry":{"type":"Polygon","coordinates":[[[-99.465625,35.638808],[-99.465501,35.653282],[-99.447781,35.653298],[-99.447856,35.638807],[-99.465625,35.638808]]]}},{"type":"Feature","properties":{"county":"Custer","applicant":"ANTHEM ARAPAHO LLC","legal":"11-13N-18W-IM","section":"11","township":"13N","range":"18W","cause_number":"2026000826","order_number":"756749"},"geometry":{"type":"Polygon","coordinates":[[[-99.093172,35.609515],[-99.093129,35.624022],[-99.075417,35.624025],[-99.0754,35.609535],[-99.093172,35.609515]]]}},{"type":"Feature","properties":{"county":"Custer","applicant":"ANTHEM ARAPAHO LLC","legal":"02-13N-18W-IM","section":"02","township":"13N","range":"18W","cause_number":"2026000826","order_number":"756749"},"geometry":{"type":"Polygon","coordinates":[[[-99.093129,35.62402],[-99.093217,35.638561],[-99.075428,35.638561],[-99.075416,35.624023],[-99.093129,35.62402]]]}},{"type":"Feature","properties":{"county":"Roger Mills","applicant":"MEWBOURNE","legal":"17-13N-22W-IM","section":"17","township":"13N","range":"22W","cause_number":"2025004196","order_number":"756740"},"geometry":{"type":"Polygon","coordinates":[[[-99.571539,35.595392],[-99.57144,35.609877],[-99.553749,35.609895],[-99.553838,35.595381],[-99.571539,35.595392]]]}},{"type":"Feature","properties":{"county":"Roger Mills","applicant":"MEWBOURNE","legal":"08-13N-22W-IM","section":"08","township":"13N","range":"22W","cause_number":"2025004196","order_number":"756740"},"geometry":{"type":"Polygon","coordinates":[[[-99.57144,35.609875],[-99.57132,35.624384],[-99.55368,35.624399],[-99.55375,35.609893],[-99.57144,35.609875]]]}},{"type":"Feature","properties":{"county":"Custer","applicant":"VALIDUS ENERGY II MIDCON LLC","legal":"36-13N-14W-IM","section":"36","township":"13N","range":"14W","cause_number":"2026001580"},"geometry":{"type":"Polygon","coordinates":[[[-98.632162,35.565968],[-98.632205,35.551515],[-98.649912,35.551502],[-98.649907,35.566005],[-98.632162,35.565968]]]}},{"type":"Feature","properties":{"county":"Custer","applicant":"VALIDUS ENERGY II MIDCON LLC","legal":"35-13N-14W-IM","section":"35","township":"13N","range":"14W","cause_number":"2026001580"},"geometry":{"type":"Polygon","coordinates":[[[-98.667639,35.55149],[-98.667682,35.565994],[-98.649905,35.566005],[-98.64991,35.551503],[-98.667639,35.55149]]]}},{"type":"Feature","properties":{"county":"Custer","applicant":"VALIDUS ENERGY II MIDCON LLC","legal":"26-13N-14W-IM","section":"26","township":"13N","range":"14W","cause_number":"2026001580"},"geometry":{"type":"Polygon","coordinates":[[[-98.667681,35.565992],[-98.667713,35.580514],[-98.649896,35.580498],[-98.649906,35.566003],[-98.667681,35.565992]]]}},{"type":"Feature","properties":{"county":"Custer","applicant":"VALIDUS ENERGY II MIDCON LLC","legal":"25-13N-14W-IM","section":"25","township":"13N","range":"14W","cause_number":"2026001580"},"geometry":{"type":"Polygon","coordinates":[[[-98.632162,35.565967],[-98.649907,35.566003],[-98.649898,35.580498],[-98.632153,35.580469],[-98.632162,35.565967]]]}},{"type":"Feature","properties":{"county":"Custer","applicant":"VALIDUS ENERGY II MIDCON LLC","legal":"02-12N-14W-IM","section":"02","township":"12N","range":"14W","cause_number":"2026001580"},"geometry":{"type":"Polygon","coordinates":[[[-98.658658,35.536943],[-98.658678,35.551499],[-98.640964,35.551511],[-98.64097,35.536825],[-98.658658,35.536943]]]}},{"type":"Feature","properties":{"county":"Custer","applicant":"VALIDUS ENERGY II MIDCON LLC","legal":"01-12N-14W-IM","section":"01","township":"12N","range":"14W","cause_number":"2026001580"},"geometry":{"type":"Polygon","coordinates":[[[-98.640971,35.536824],[-98.640965,35.551511],[-98.623243,35.551523],[-98.623285,35.536809],[-98.640971,35.536824]]]}},{"type":"Feature","properties":{"county":"Custer","applicant":"VALIDUS ENERGY II MIDCON LLC","legal":"36-13N-14W-IM","section":"36","township":"13N","range":"14W","cause_number":"2026001577"},"geometry":{"type":"Polygon","coordinates":[[[-98.632162,35.565968],[-98.632205,35.551515],[-98.649912,35.551502],[-98.649907,35.566005],[-98.632162,35.565968]]]}},{"type":"Feature","properties":{"county":"Custer","applicant":"VALIDUS ENERGY II MIDCON LLC","legal":"35-13N-14W-IM","section":"35","township":"13N","range":"14W","cause_number":"2026001577"},"geometry":{"type":"Polygon","coordinates":[[[-98.667639,35.55149],[-98.667682,35.565994],[-98.649905,35.566005],[-98.64991,35.551503],[-98.667639,35.55149]]]}},{"type":"Feature","properties":{"county":"Custer","applicant":"VALIDUS ENERGY II MIDCON LLC","legal":"26-13N-14W-IM","section":"26","township":"13N","range":"14W","cause_number":"2026001577"},"geometry":{"type":"Polygon","coordinates":[[[-98.667681,35.565992],[-98.667713,35.580514],[-98.649896,35.580498],[-98.649906,35.566003],[-98.667681,35.565992]]]}},{"type":"Feature","properties":{"county":"Custer","applicant":"VALIDUS ENERGY II MIDCON LLC","legal":"25-13N-14W-IM","section":"25","township":"13N","range":"14W","cause_number":"2026001577"},"geometry":{"type":"Polygon","coordinates":[[[-98.632162,35.565967],[-98.649907,35.566003],[-98.649898,35.580498],[-98.632153,35.580469],[-98.632162,35.565967]]]}},{"type":"Feature","properties":{"county":"Custer","applicant":"VALIDUS ENERGY II MIDCON LLC","legal":"02-12N-14W-IM","section":"02","township":"12N","range":"14W","cause_number":"2026001577"},"geometry":{"type":"Polygon","coordinates":[[[-98.658658,35.536943],[-98.658678,35.551499],[-98.640964,35.551511],[-98.64097,35.536825],[-98.658658,35.536943]]]}},{"type":"Feature","properties":{"county":"Custer","applicant":"VALIDUS ENERGY II MIDCON LLC","legal":"01-12N-14W-IM","section":"01","township":"12N","range":"14W","cause_number":"2026001577"},"geometry":{"type":"Polygon","coordinates":[[[-98.640971,35.536824],[-98.640965,35.551511],[-98.623243,35.551523],[-98.623285,35.536809],[-98.640971,35.536824]]]}},{"type":"Feature","properties":{"county":"Custer","applicant":"VALIDUS ENERGY II MIDCON LLC","legal":"36-13N-14W-IM","section":"36","township":"13N","range":"14W","cause_number":"2026001574"},"geometry":{"type":"Polygon","coordinates":[[[-98.632162,35.565968],[-98.632205,35.551515],[-98.649912,35.551502],[-98.649907,35.566005],[-98.632162,35.565968]]]}},{"type":"Feature","properties":{"county":"Custer","applicant":"VALIDUS ENERGY II MIDCON LLC","legal":"35-13N-14W-IM","section":"35","township":"13N","range":"14W","cause_number":"2026001574"},"geometry":{"type":"Polygon","coordinates":[[[-98.667639,35.55149],[-98.667682,35.565994],[-98.649905,35.566005],[-98.64991,35.551503],[-98.667639,35.55149]]]}},{"type":"Feature","properties":{"county":"Custer","applicant":"VALIDUS ENERGY II MIDCON LLC","legal":"26-13N-14W-IM","section":"26","township":"13N","range":"14W","cause_number":"2026001574"},"geometry":{"type":"Polygon","coordinates":[[[-98.667681,35.565992],[-98.667713,35.580514],[-98.649896,35.580498],[-98.649906,35.566003],[-98.667681,35.565992]]]}},{"type":"Feature","properties":{"county":"Custer","applicant":"VALIDUS ENERGY II MIDCON LLC","legal":"25-13N-14W-IM","section":"25","township":"13N","range":"14W","cause_number":"2026001574"},"geometry":{"type":"Polygon","coordinates":[[[-98.632162,35.565967],[-98.649907,35.566003],[-98.649898,35.580498],[-98.632153,35.580469],[-98.632162,35.565967]]]}},{"type":"Feature","properties":{"county":"Custer","applicant":"VALIDUS ENERGY II MIDCON LLC","legal":"02-12N-14W-IM","section":"02","township":"12N","range":"14W","cause_number":"2026001574"},"geometry":{"type":"Polygon","coordinates":[[[-98.658658,35.536943],[-98.658678,35.551499],[-98.640964,35.551511],[-98.64097,35.536825],[-98.658658,35.536943]]]}},{"type":"Feature","properties":{"county":"Custer","applicant":"VALIDUS ENERGY II MIDCON LLC","legal":"01-12N-14W-IM","section":"01","township":"12N","range":"14W","cause_number":"2026001574"},"geometry":{"type":"Polygon","coordinates":[[[-98.640971,35.536824],[-98.640965,35.551511],[-98.623243,35.551523],[-98.623285,35.536809],[-98.640971,35.536824]]]}},{"type":"Feature","properties":{"county":"Custer","applicant":"VALIDUS ENERGY II MIDCON LLC","legal":"36-13N-14W-IM","section":"36","township":"13N","range":"14W","cause_number":"2026001572"},"geometry":{"type":"Polygon","coordinates":[[[-98.632162,35.565968],[-98.632205,35.551515],[-98.649912,35.551502],[-98.649907,35.566005],[-98.632162,35.565968]]]}},{"type":"Feature","properties":{"county":"Custer","applicant":"VALIDUS ENERGY II MIDCON LLC","legal":"35-13N-14W-IM","section":"35","township":"13N","range":"14W","cause_number":"2026001572"},"geometry":{"type":"Polygon","coordinates":[[[-98.667639,35.55149],[-98.667682,35.565994],[-98.649905,35.566005],[-98.64991,35.551503],[-98.667639,35.55149]]]}},{"type":"Feature","properties":{"county":"Custer","applicant":"VALIDUS ENERGY II MIDCON LLC","legal":"26-13N-14W-IM","section":"26","township":"13N","range":"14W","cause_number":"2026001572"},"geometry":{"type":"Polygon","coordinates":[[[-98.667681,35.565992],[-98.667713,35.580514],[-98.649896,35.580498],[-98.649906,35.566003],[-98.667681,35.565992]]]}},{"type":"Feature","properties":{"county":"Custer","applicant":"VALIDUS ENERGY II MIDCON LLC","legal":"25-13N-14W-IM","section":"25","township":"13N","range":"14W","cause_number":"2026001572"},"geometry":{"type":"Polygon","coordinates":[[[-98.632162,35.565967],[-98.649907,35.566003],[-98.649898,35.580498],[-98.632153,35.580469],[-98.632162,35.565967]]]}},{"type":"Feature","properties":{"county":"Custer","applicant":"VALIDUS ENERGY II MIDCON LLC","legal":"02-12N-14W-IM","section":"02","township":"12N","range":"14W","cause_number":"2026001572"},"geometry":{"type":"Polygon","coordinates":[[[-98.658658,35.536943],[-98.658678,35.551499],[-98.640964,35.551511],[-98.64097,35.536825],[-98.658658,35.536943]]]}},{"type":"Feature","properties":{"county":"Custer","applicant":"VALIDUS ENERGY II MIDCON LLC","legal":"01-12N-14W-IM","section":"01","township":"12N","range":"14W","cause_number":"2026001572"},"geometry":{"type":"Polygon","coordinates":[[[-98.640971,35.536824],[-98.640965,35.551511],[-98.623243,35.551523],[-98.623285,35.536809],[-98.640971,35.536824]]]}},{"type":"Feature","properties":{"county":"Custer","applicant":"VALIDUS ENERGY II MIDCON LLC","legal":"02-12N-14W-IM","section":"02","township":"12N","range":"14W","cause_number":"2026001571"},"geometry":{"type":"Polygon","coordinates":[[[-98.658658,35.536943],[-98.658678,35.551499],[-98.640964,35.551511],[-98.64097,35.536825],[-98.658658,35.536943]]]}},{"type":"Feature","properties":{"county":"Custer","applicant":"VALIDUS ENERGY II MIDCON LLC","legal":"01-12N-14W-IM","section":"01","township":"12N","range":"14W","cause_number":"2026001571"},"geometry":{"type":"Polygon","coordinates":[[[-98.640971,35.536824],[-98.640965,35.551511],[-98.623243,35.551523],[-98.623285,35.536809],[-98.640971,35.536824]]]}},{"type":"Feature","properties":{"county":"Custer","applicant":"VALIDUS ENERGY II MIDCON LLC","legal":"36-13N-14W-IM","section":"36","township":"13N","range":"14W","cause_number":"2026001570"},"geometry":{"type":"Polygon","coordinates":[[[-98.632162,35.565968],[-98.632205,35.551515],[-98.649912,35.551502],[-98.649907,35.566005],[-98.632162,35.565968]]]}},{"type":"Feature","properties":{"county":"Custer","applicant":"VALIDUS ENERGY II MIDCON LLC","legal":"35-13N-14W-IM","section":"35","township":"13N","range":"14W","cause_number":"2026001570"},"geometry":{"type":"Polygon","coordinates":[[[-98.667639,35.55149],[-98.667682,35.565994],[-98.649905,35.566005],[-98.64991,35.551503],[-98.667639,35.55149]]]}},{"type":"Feature","properties":{"county":"Custer","applicant":"VALIDUS ENERGY II MIDCON LLC","legal":"26-13N-14W-IM","section":"26","township":"13N","range":"14W","cause_number":"2026001569"},"geometry":{"type":"Polygon","coordinates":[[[-98.667681,35.565992],[-98.667713,35.580514],[-98.649896,35.580498],[-98.649906,35.566003],[-98.667681,35.565992]]]}},{"type":"Feature","properties":{"county":"Custer","applicant":"VALIDUS ENERGY II MIDCON LLC","legal":"25-13N-14W-IM","section":"25","township":"13N","range":"14W","cause_number":"2026001569"},"geometry":{"type":"Polygon","coordinates":[[[-98.632162,35.565967],[-98.649907,35.566003],[-98.649898,35.580498],[-98.632153,35.580469],[-98.632162,35.565967]]]}},{"type":"Feature","properties":{"county":"Custer","applicant":"ANTHEM ARAPAHO LLC","legal":"33-13N-18W-IM","section":"33","township":"13N","range":"18W","cause_number":"2026000897","order_number":"756788"},"geometry":{"type":"Polygon","coordinates":[[[-99.128731,35.551587],[-99.128734,35.566061],[-99.110974,35.566063],[-99.110968,35.551575],[-99.128731,35.551587]]]}},{"type":"Feature","properties":{"county":"Custer","applicant":"ANTHEM ARAPAHO LLC","legal":"28-13N-18W-IM","section":"28","township":"13N","range":"18W","cause_number":"2026000897","order_number":"756788"},"geometry":{"type":"Polygon","coordinates":[[[-99.128733,35.566059],[-99.128728,35.580552],[-99.110962,35.580558],[-99.110974,35.566061],[-99.128733,35.566059]]]}},{"type":"Feature","properties":{"county":"Caddo","applicant":"BCE MACH","legal":"24-11N-11W-IM","section":"24","township":"11N","range":"11W","cause_number":"2026000604","order_number":"756782"},"geometry":{"type":"Polygon","coordinates":[[[-98.324062,35.406192],[-98.324044,35.42066],[-98.306363,35.420579],[-98.306359,35.406154],[-98.324062,35.406192]]]}},{"type":"Feature","properties":{"county":"Caddo","applicant":"BCE MACH","legal":"25-11N-11W-IM","section":"25","township":"11N","range":"11W","cause_number":"2026000605","order_number":"756828"},"geometry":{"type":"Polygon","coordinates":[[[-98.324079,35.391774],[-98.324062,35.406194],[-98.306359,35.406156],[-98.30635,35.391724],[-98.324079,35.391774]]]}},{"type":"Feature","properties":{"county":"Canadian","applicant":"BCE MACH","legal":"30-11N-10W-IM","section":"30","township":"11N","range":"10W","cause_number":"2026000438","order_number":"756826"},"geometry":{"type":"Polygon","coordinates":[[[-98.306352,35.391724],[-98.30636,35.406156],[-98.289166,35.406113],[-98.289116,35.391725],[-98.306352,35.391724]]]}},{"type":"Feature","properties":{"county":"Canadian","applicant":"BCE MACH","legal":"19-11N-10W-IM","section":"19","township":"11N","range":"10W","cause_number":"2026000438","order_number":"756826"},"geometry":{"type":"Polygon","coordinates":[[[-98.30636,35.406154],[-98.306364,35.420579],[-98.289208,35.420496],[-98.289166,35.406112],[-98.30636,35.406154]]]}},{"type":"Feature","properties":{"county":"Canadian","applicant":"BCE MACH","legal":"18-11N-10W-IM","section":"18","township":"11N","range":"10W","cause_number":"2026000438","order_number":"756826"},"geometry":{"type":"Polygon","coordinates":[[[-98.306365,35.420577],[-98.306357,35.435029],[-98.289196,35.434815],[-98.289208,35.420494],[-98.306365,35.420577]]]}},{"type":"Feature","properties":{"county":"Canadian","applicant":"BCE MACH","legal":"30-11N-10W-IM","section":"30","township":"11N","range":"10W","cause_number":"2026000436","order_number":"756825"},"geometry":{"type":"Polygon","coordinates":[[[-98.306352,35.391724],[-98.30636,35.406156],[-98.289166,35.406113],[-98.289116,35.391725],[-98.306352,35.391724]]]}},{"type":"Feature","properties":{"county":"Canadian","applicant":"BCE MACH","legal":"19-11N-10W-IM","section":"19","township":"11N","range":"10W","cause_number":"2026000436","order_number":"756825"},"geometry":{"type":"Polygon","coordinates":[[[-98.30636,35.406154],[-98.306364,35.420579],[-98.289208,35.420496],[-98.289166,35.406112],[-98.30636,35.406154]]]}},{"type":"Feature","properties":{"county":"Canadian","applicant":"BCE MACH","legal":"18-11N-10W-IM","section":"18","township":"11N","range":"10W","cause_number":"2026000436","order_number":"756825"},"geometry":{"type":"Polygon","coordinates":[[[-98.306365,35.420577],[-98.306357,35.435029],[-98.289196,35.434815],[-98.289208,35.420494],[-98.306365,35.420577]]]}},{"type":"Feature","properties":{"county":"Custer","applicant":"ADPARO LLC","legal":"31-13N-19W-IM","section":"31","township":"13N","range":"19W","cause_number":"2026000129","order_number":"756822"},"geometry":{"type":"Polygon","coordinates":[[[-99.270743,35.551595],[-99.270727,35.566212],[-99.252956,35.566144],[-99.253028,35.551598],[-99.270743,35.551595]]]}},{"type":"Feature","properties":{"county":"Custer","applicant":"ADPARO LLC","legal":"30-13N-19W-IM","section":"30","township":"13N","range":"19W","cause_number":"2026000129","order_number":"756822"},"geometry":{"type":"Polygon","coordinates":[[[-99.270727,35.56621],[-99.270705,35.580628],[-99.253033,35.580641],[-99.252956,35.566142],[-99.270727,35.56621]]]}},{"type":"Feature","properties":{"county":"Roger Mills","applicant":"MEWBOURNE","legal":"36-15N-21W-IM","section":"36","township":"15N","range":"21W","cause_number":"2025003710","order_number":"756821"},"geometry":{"type":"Polygon","coordinates":[[[-99.394376,35.725677],[-99.394277,35.740127],[-99.376582,35.740092],[-99.376632,35.72567],[-99.394376,35.725677]]]}},{"type":"Feature","properties":{"county":"Roger Mills","applicant":"MEWBOURNE","legal":"25-15N-21W-IM","section":"25","township":"15N","range":"21W","cause_number":"2025003710","order_number":"756821"},"geometry":{"type":"Polygon","coordinates":[[[-99.394277,35.740125],[-99.394136,35.754522],[-99.376354,35.754379],[-99.376582,35.740091],[-99.394277,35.740125]]]}},{"type":"Feature","properties":{"county":"Roger Mills","applicant":"MEWBOURNE","legal":"24-15N-21W-IM","section":"24","township":"15N","range":"21W","cause_number":"2025003710","order_number":"756821"},"geometry":{"type":"Polygon","coordinates":[[[-99.394137,35.75452],[-99.394001,35.768951],[-99.376208,35.768805],[-99.376355,35.754377],[-99.394137,35.75452]]]}},{"type":"Feature","properties":{"county":"Roger Mills","applicant":"MEWBOURNE","legal":"13-15N-21W-IM","section":"13","township":"15N","range":"21W","cause_number":"2025003710","order_number":"756821"},"geometry":{"type":"Polygon","coordinates":[[[-99.394001,35.768949],[-99.393857,35.783391],[-99.376061,35.783231],[-99.376209,35.768803],[-99.394001,35.768949]]]}},{"type":"Feature","properties":{"county":"Caddo","applicant":"BCE MACH","legal":"13-11N-11W-IM","section":"13","township":"11N","range":"11W","cause_number":"2025002953","order_number":"756818"},"geometry":{"type":"Polygon","coordinates":[[[-98.324043,35.420658],[-98.324009,35.435116],[-98.306355,35.435029],[-98.306363,35.420577],[-98.324043,35.420658]]]}},{"type":"Feature","properties":{"county":"Custer","applicant":"DUNCAN OIL PROPERTIES; WALTER DUNCAN OIL","legal":"20-15N-19W-IM","section":"20","township":"15N","range":"19W","cause_number":"2025001120","order_number":"756815"},"geometry":{"type":"Polygon","coordinates":[[[-99.252628,35.754496],[-99.25256,35.76894],[-99.234883,35.76897],[-99.234926,35.754508],[-99.252628,35.754496]]]}},{"type":"Feature","properties":{"county":"Custer","applicant":"DUNCAN OIL PROPERTIES; WALTER DUNCAN OIL","legal":"17-15N-19W-IM","section":"17","township":"15N","range":"19W","cause_number":"2025001119","order_number":"756814"},"geometry":{"type":"Polygon","coordinates":[[[-99.252561,35.768938],[-99.252507,35.78339],[-99.234836,35.783446],[-99.234883,35.768969],[-99.252561,35.768938]]]}},{"type":"Feature","properties":{"county":"Custer","applicant":"DUNCAN OIL PROPERTIES; WALTER DUNCAN OIL","legal":"08-15N-19W-IM","section":"08","township":"15N","range":"19W","cause_number":"2025001119","order_number":"756814"},"geometry":{"type":"Polygon","coordinates":[[[-99.252508,35.783388],[-99.252424,35.797809],[-99.234807,35.797925],[-99.234836,35.783444],[-99.252508,35.783388]]]}},{"type":"Feature","properties":{"county":"Custer","applicant":"CITIZEN ENERGY III","legal":"23-13N-14W-IM","section":"23","township":"13N","range":"14W","cause_number":"2024003315","order_number":"756799"},"geometry":{"type":"Polygon","coordinates":[[[-98.649916,35.595014],[-98.649896,35.580496],[-98.667714,35.580512],[-98.667725,35.595015],[-98.649916,35.595014]]]}},{"type":"Feature","properties":{"county":"Custer","applicant":"CITIZEN ENERGY III","legal":"14-13N-14W-IM","section":"14","township":"13N","range":"14W","cause_number":"2024003315","order_number":"756799"},"geometry":{"type":"Polygon","coordinates":[[[-98.649915,35.595012],[-98.667725,35.595013],[-98.667738,35.609494],[-98.649947,35.609534],[-98.649915,35.595012]]]}},{"type":"Feature","properties":{"county":"Custer","applicant":"CITIZEN ENERGY III","legal":"11-13N-14W-IM","section":"11","township":"13N","range":"14W","cause_number":"2024003315","order_number":"756799"},"geometry":{"type":"Polygon","coordinates":[[[-98.667737,35.609492],[-98.667736,35.623991],[-98.649936,35.624007],[-98.649947,35.609532],[-98.667737,35.609492]]]}},{"type":"Feature","properties":{"county":"Custer","applicant":"ANTHEM ARAPAHO LLC","legal":"10-13N-18W-IM","section":"10","township":"13N","range":"18W","cause_number":"2026000927","order_number":"756906"},"geometry":{"type":"Polygon","coordinates":[[[-99.110935,35.609539],[-99.110922,35.624022],[-99.093128,35.624022],[-99.093171,35.609515],[-99.110935,35.609539]]]}},{"type":"Feature","properties":{"county":"Custer","applicant":"ANTHEM ARAPAHO LLC","legal":"03-13N-18W-IM","section":"03","township":"13N","range":"18W","cause_number":"2026000927","order_number":"756906"},"geometry":{"type":"Polygon","coordinates":[[[-99.110922,35.62402],[-99.110942,35.638567],[-99.093216,35.638561],[-99.093128,35.62402],[-99.110922,35.62402]]]}},{"type":"Feature","properties":{"county":"Custer","applicant":"ANTHEM ARAPAHO LLC","legal":"31-13N-17W-IM","section":"31","township":"13N","range":"17W","cause_number":"2026000929","order_number":"756936"},"geometry":{"type":"Polygon","coordinates":[[[-99.05772,35.55153],[-99.057709,35.566037],[-99.03991,35.566017],[-99.039951,35.551528],[-99.05772,35.55153]]]}},{"type":"Feature","properties":{"county":"Custer","applicant":"ANTHEM ARAPAHO LLC","legal":"30-13N-17W-IM","section":"30","township":"13N","range":"17W","cause_number":"2026000929","order_number":"756936"},"geometry":{"type":"Polygon","coordinates":[[[-99.05771,35.566035],[-99.05772,35.58057],[-99.039907,35.580526],[-99.03991,35.566016],[-99.05771,35.566035]]]}},{"type":"Feature","properties":{"county":"Roger Mills","applicant":"MEWBOURNE","legal":"17-13N-21W-IM","section":"17","township":"13N","range":"21W","cause_number":"2026000322","order_number":"756970"},"geometry":{"type":"Polygon","coordinates":[[[-99.465676,35.595306],[-99.465637,35.609803],[-99.447895,35.609833],[-99.447928,35.595325],[-99.465676,35.595306]]]}},{"type":"Feature","properties":{"county":"Roger Mills","applicant":"MEWBOURNE","legal":"08-13N-21W-IM","section":"08","township":"13N","range":"21W","cause_number":"2026000322","order_number":"756970"},"geometry":{"type":"Polygon","coordinates":[[[-99.465637,35.609801],[-99.465611,35.62429],[-99.447839,35.624335],[-99.447895,35.609831],[-99.465637,35.609801]]]}},{"type":"Feature","properties":{"county":"Roger Mills","applicant":"MEWBOURNE","legal":"05-13N-21W-IM","section":"05","township":"13N","range":"21W","cause_number":"2026000322","order_number":"756970"},"geometry":{"type":"Polygon","coordinates":[[[-99.465611,35.624288],[-99.465625,35.63881],[-99.447856,35.638809],[-99.447839,35.624333],[-99.465611,35.624288]]]}},{"type":"Feature","properties":{"county":"Custer","applicant":"DEVON ENERGY","legal":"24-14N-20W-IM","section":"24","township":"14N","range":"20W","cause_number":"2025002353","order_number":"756961"},"geometry":{"type":"Polygon","coordinates":[[[-99.287961,35.667574],[-99.288027,35.682116],[-99.270429,35.682148],[-99.270416,35.667687],[-99.287961,35.667574]]]}},{"type":"Feature","properties":{"county":"Custer","applicant":"DEVON ENERGY","legal":"13-14N-20W-IM","section":"13","township":"14N","range":"20W","cause_number":"2025002353","order_number":"756961"},"geometry":{"type":"Polygon","coordinates":[[[-99.288028,35.682114],[-99.288041,35.696603],[-99.27042,35.696628],[-99.270429,35.682146],[-99.288028,35.682114]]]}},{"type":"Feature","properties":{"county":"Custer","applicant":"DEVON ENERGY","legal":"12-14N-20W-IM","section":"12","township":"14N","range":"20W","cause_number":"2025002353","order_number":"756961"},"geometry":{"type":"Polygon","coordinates":[[[-99.288041,35.696601],[-99.288004,35.711032],[-99.270391,35.711092],[-99.27042,35.696626],[-99.288041,35.696601]]]}},{"type":"Feature","properties":{"county":"Custer","applicant":"DEVON ENERGY","legal":"24-14N-20W-IM","section":"24","township":"14N","range":"20W","cause_number":"2025002351","order_number":"756959"},"geometry":{"type":"Polygon","coordinates":[[[-99.287961,35.667574],[-99.288027,35.682116],[-99.270429,35.682148],[-99.270416,35.667687],[-99.287961,35.667574]]]}},{"type":"Feature","properties":{"county":"Custer","applicant":"DEVON ENERGY","legal":"13-14N-20W-IM","section":"13","township":"14N","range":"20W","cause_number":"2025002351","order_number":"756959"},"geometry":{"type":"Polygon","coordinates":[[[-99.288028,35.682114],[-99.288041,35.696603],[-99.27042,35.696628],[-99.270429,35.682146],[-99.288028,35.682114]]]}},{"type":"Feature","properties":{"county":"Custer","applicant":"DEVON ENERGY","legal":"12-14N-20W-IM","section":"12","township":"14N","range":"20W","cause_number":"2025002351","order_number":"756959"},"geometry":{"type":"Polygon","coordinates":[[[-99.288041,35.696601],[-99.288004,35.711032],[-99.270391,35.711092],[-99.27042,35.696626],[-99.288041,35.696601]]]}},{"type":"Feature","properties":{"county":"Custer","applicant":"DEVON ENERGY","legal":"24-14N-20W-IM","section":"24","township":"14N","range":"20W","cause_number":"2025002349","order_number":"756957"},"geometry":{"type":"Polygon","coordinates":[[[-99.287961,35.667574],[-99.288027,35.682116],[-99.270429,35.682148],[-99.270416,35.667687],[-99.287961,35.667574]]]}},{"type":"Feature","properties":{"county":"Custer","applicant":"DEVON ENERGY","legal":"13-14N-20W-IM","section":"13","township":"14N","range":"20W","cause_number":"2025002349","order_number":"756957"},"geometry":{"type":"Polygon","coordinates":[[[-99.288028,35.682114],[-99.288041,35.696603],[-99.27042,35.696628],[-99.270429,35.682146],[-99.288028,35.682114]]]}},{"type":"Feature","properties":{"county":"Custer","applicant":"DEVON ENERGY","legal":"12-14N-20W-IM","section":"12","township":"14N","range":"20W","cause_number":"2025002349","order_number":"756957"},"geometry":{"type":"Polygon","coordinates":[[[-99.288041,35.696601],[-99.288004,35.711032],[-99.270391,35.711092],[-99.27042,35.696626],[-99.288041,35.696601]]]}},{"type":"Feature","properties":{"county":"Custer","applicant":"NADEL & GUSSMAN","legal":"11-13N-19W-IM","section":"11","township":"13N","range":"19W","cause_number":"2025004141","order_number":"757006"},"geometry":{"type":"Polygon","coordinates":[[[-99.199698,35.609672],[-99.199682,35.624197],[-99.181933,35.624116],[-99.181952,35.609637],[-99.199698,35.609672]]]}},{"type":"Feature","properties":{"county":"Custer","applicant":"NADEL & GUSSMAN","legal":"02-13N-19W-IM","section":"02","township":"13N","range":"19W","cause_number":"2025004141","order_number":"757006"},"geometry":{"type":"Polygon","coordinates":[[[-99.199682,35.624195],[-99.199679,35.638599],[-99.181942,35.638596],[-99.181933,35.624114],[-99.199682,35.624195]]]}},{"type":"Feature","properties":{"county":"Caddo","applicant":"THUNDERBIRD NATURAL RESOURCES LLC","legal":"31-11N-11W-IM","section":"31","township":"11N","range":"11W","cause_number":"2026001742"},"geometry":{"type":"Polygon","coordinates":[[[-98.412194,35.377462],[-98.412122,35.391885],[-98.394704,35.391864],[-98.394739,35.377415],[-98.412194,35.377462]]]}},{"type":"Feature","properties":{"county":"Custer","applicant":"OIL CAPITAL OPERATING LLC","legal":"31-13N-18W-IM","section":"31","township":"13N","range":"18W","cause_number":"2026001776"},"geometry":{"type":"Polygon","coordinates":[[[-99.164281,35.551605],[-99.164228,35.566104],[-99.14637,35.566067],[-99.146497,35.55159],[-99.164281,35.551605]]]}},{"type":"Feature","properties":{"county":"Custer","applicant":"OIL CAPITAL OPERATING LLC","legal":"30-13N-18W-IM","section":"30","township":"13N","range":"18W","cause_number":"2026001776"},"geometry":{"type":"Polygon","coordinates":[[[-99.164228,35.566102],[-99.164238,35.58062],[-99.146346,35.58054],[-99.14637,35.566066],[-99.164228,35.566102]]]}},{"type":"Feature","properties":{"county":"Custer","applicant":"OIL CAPITAL OPERATING LLC","legal":"30-13N-18W-IM","section":"30","township":"13N","range":"18W","cause_number":"2026001774"},"geometry":{"type":"Polygon","coordinates":[[[-99.164228,35.566102],[-99.164238,35.58062],[-99.146346,35.58054],[-99.14637,35.566066],[-99.164228,35.566102]]]}},{"type":"Feature","properties":{"county":"Custer","applicant":"OIL CAPITAL OPERATING LLC","legal":"19-13N-18W-IM","section":"19","township":"13N","range":"18W","cause_number":"2026001774"},"geometry":{"type":"Polygon","coordinates":[[[-99.164238,35.580618],[-99.164205,35.595091],[-99.146382,35.595052],[-99.146346,35.580538],[-99.164238,35.580618]]]}},{"type":"Feature","properties":{"county":"Custer","applicant":"OIL CAPITAL OPERATING LLC","legal":"31-13N-18W-IM","section":"31","township":"13N","range":"18W","cause_number":"2026001772"},"geometry":{"type":"Polygon","coordinates":[[[-99.164281,35.551605],[-99.164228,35.566104],[-99.14637,35.566067],[-99.146497,35.55159],[-99.164281,35.551605]]]}},{"type":"Feature","properties":{"county":"Custer","applicant":"OIL CAPITAL OPERATING LLC","legal":"30-13N-18W-IM","section":"30","township":"13N","range":"18W","cause_number":"2026001770"},"geometry":{"type":"Polygon","coordinates":[[[-99.164228,35.566102],[-99.164238,35.58062],[-99.146346,35.58054],[-99.14637,35.566066],[-99.164228,35.566102]]]}},{"type":"Feature","properties":{"county":"Custer","applicant":"OIL CAPITAL OPERATING LLC","legal":"19-13N-18W-IM","section":"19","township":"13N","range":"18W","cause_number":"2026001769"},"geometry":{"type":"Polygon","coordinates":[[[-99.164238,35.580618],[-99.164205,35.595091],[-99.146382,35.595052],[-99.146346,35.580538],[-99.164238,35.580618]]]}},{"type":"Feature","properties":{"county":"Canadian","applicant":"VALIDUS ENERGY II MIDCON LLC","legal":"07-11N-10W-IM","section":"07","township":"11N","range":"10W","cause_number":"2026000696","order_number":"757143"},"geometry":{"type":"Polygon","coordinates":[[[-98.306356,35.435027],[-98.306357,35.449458],[-98.289116,35.449303],[-98.289196,35.434813],[-98.306356,35.435027]]]}},{"type":"Feature","properties":{"county":"Canadian","applicant":"VALIDUS ENERGY II MIDCON LLC","legal":"06-11N-10W-IM","section":"06","township":"11N","range":"10W","cause_number":"2026000696","order_number":"757143"},"geometry":{"type":"Polygon","coordinates":[[[-98.306357,35.449456],[-98.306377,35.463919],[-98.289056,35.463902],[-98.289116,35.449301],[-98.306357,35.449456]]]}},{"type":"Feature","properties":{"county":"Canadian","applicant":"VALIDUS ENERGY II MIDCON LLC","legal":"07-11N-10W-IM","section":"07","township":"11N","range":"10W","cause_number":"2026000694","order_number":"757141"},"geometry":{"type":"Polygon","coordinates":[[[-98.306356,35.435027],[-98.306357,35.449458],[-98.289116,35.449303],[-98.289196,35.434813],[-98.306356,35.435027]]]}},{"type":"Feature","properties":{"county":"Canadian","applicant":"VALIDUS ENERGY II MIDCON LLC","legal":"06-11N-10W-IM","section":"06","township":"11N","range":"10W","cause_number":"2026000694","order_number":"757141"},"geometry":{"type":"Polygon","coordinates":[[[-98.306357,35.449456],[-98.306377,35.463919],[-98.289056,35.463902],[-98.289116,35.449301],[-98.306357,35.449456]]]}},{"type":"Feature","properties":{"county":"Canadian","applicant":"VALIDUS ENERGY II MIDCON LLC","legal":"07-11N-10W-IM","section":"07","township":"11N","range":"10W","cause_number":"2026000692","order_number":"757139"},"geometry":{"type":"Polygon","coordinates":[[[-98.306356,35.435027],[-98.306357,35.449458],[-98.289116,35.449303],[-98.289196,35.434813],[-98.306356,35.435027]]]}},{"type":"Feature","properties":{"county":"Canadian","applicant":"VALIDUS ENERGY II MIDCON LLC","legal":"06-11N-10W-IM","section":"06","township":"11N","range":"10W","cause_number":"2026000692","order_number":"757139"},"geometry":{"type":"Polygon","coordinates":[[[-98.306357,35.449456],[-98.306377,35.463919],[-98.289056,35.463902],[-98.289116,35.449301],[-98.306357,35.449456]]]}},{"type":"Feature","properties":{"county":"Roger Mills","applicant":"MEWBOURNE","legal":"18-13N-21W-IM","section":"18","township":"13N","range":"21W","cause_number":"2026001822"},"geometry":{"type":"Polygon","coordinates":[[[-99.483173,35.609789],[-99.465635,35.609803],[-99.465675,35.595306],[-99.483221,35.595294],[-99.483173,35.609789]]]}},{"type":"Feature","properties":{"county":"Roger Mills","applicant":"MEWBOURNE","legal":"07-13N-21W-IM","section":"07","township":"13N","range":"21W","cause_number":"2026001822"},"geometry":{"type":"Polygon","coordinates":[[[-99.483173,35.609787],[-99.483111,35.624273],[-99.465609,35.62429],[-99.465636,35.609801],[-99.483173,35.609787]]]}},{"type":"Feature","properties":{"county":"Roger Mills","applicant":"DEVON ENERGY","legal":"35-14N-21W-IM","section":"35","township":"14N","range":"21W","cause_number":"2024003814","order_number":"757160"},"geometry":{"type":"Polygon","coordinates":[[[-99.412373,35.638827],[-99.412308,35.653334],[-99.394486,35.653334],[-99.394631,35.638834],[-99.412373,35.638827]]]}},{"type":"Feature","properties":{"county":"Roger Mills","applicant":"DEVON ENERGY","legal":"02-13N-21W-IM","section":"02","township":"13N","range":"21W","cause_number":"2024003814","order_number":"757160"},"geometry":{"type":"Polygon","coordinates":[[[-99.412367,35.624358],[-99.412373,35.638829],[-99.39463,35.638836],[-99.394705,35.624395],[-99.412367,35.624358]]]}},{"type":"Feature","properties":{"county":"Custer","applicant":"CRAWLEY PETROLEUM","legal":"23-12N-18W-IM","section":"23","township":"12N","range":"18W","cause_number":"2026001863"},"geometry":{"type":"Polygon","coordinates":[[[-99.081645,35.494207],[-99.081663,35.508713],[-99.063958,35.508671],[-99.063947,35.494172],[-99.081645,35.494207]]]}},{"type":"Feature","properties":{"county":"Custer","applicant":"CRAWLEY PETROLEUM","legal":"14-12N-18W-IM","section":"14","township":"12N","range":"18W","cause_number":"2026001863"},"geometry":{"type":"Polygon","coordinates":[[[-99.081663,35.508711],[-99.081654,35.523188],[-99.063945,35.523171],[-99.063957,35.508669],[-99.081663,35.508711]]]}},{"type":"Feature","properties":{"county":"Custer","applicant":"REIGN OPERATING LLC","legal":"32-12N-17W-IM","section":"32","township":"12N","range":"17W","cause_number":"2026000946","order_number":"757265"},"geometry":{"type":"Polygon","coordinates":[[[-99.029038,35.465117],[-99.029013,35.479653],[-99.011356,35.479633],[-99.011366,35.465144],[-99.029038,35.465117]]]}},{"type":"Feature","properties":{"county":"Custer","applicant":"REIGN OPERATING LLC","legal":"29-12N-17W-IM","section":"29","township":"12N","range":"17W","cause_number":"2026000946","order_number":"757265"},"geometry":{"type":"Polygon","coordinates":[[[-99.029013,35.479651],[-99.029009,35.494158],[-99.01139,35.494133],[-99.011356,35.479632],[-99.029013,35.479651]]]}},{"type":"Feature","properties":{"county":"Custer","applicant":"ARNOLD OIL PROPERTIES","legal":"23-13N-16W-IM","section":"23","township":"13N","range":"16W","cause_number":"2026000902","order_number":"757263"},"geometry":{"type":"Polygon","coordinates":[[[-98.880376,35.580503],[-98.880387,35.59502],[-98.862729,35.595022],[-98.862705,35.580522],[-98.880376,35.580503]]]}},{"type":"Feature","properties":{"county":"Custer","applicant":"ARNOLD OIL PROPERTIES","legal":"14-13N-16W-IM","section":"14","township":"13N","range":"16W","cause_number":"2026000902","order_number":"757263"},"geometry":{"type":"Polygon","coordinates":[[[-98.880387,35.595018],[-98.88038,35.609509],[-98.862729,35.609538],[-98.86273,35.59502],[-98.880387,35.595018]]]}},{"type":"Feature","properties":{"county":"Custer","applicant":"ADPARO LLC","legal":"32-15N-19W-IM","section":"32","township":"15N","range":"19W","cause_number":"2026001876"},"geometry":{"type":"Polygon","coordinates":[[[-99.252825,35.725577],[-99.252713,35.740052],[-99.235,35.740042],[-99.235086,35.725574],[-99.252825,35.725577]]]}},{"type":"Feature","properties":{"county":"Custer","applicant":"ADPARO LLC","legal":"29-15N-19W-IM","section":"29","township":"15N","range":"19W","cause_number":"2026001876"},"geometry":{"type":"Polygon","coordinates":[[[-99.252714,35.74005],[-99.252628,35.754498],[-99.234926,35.75451],[-99.235,35.74004],[-99.252714,35.74005]]]}},{"type":"Feature","properties":{"county":"Custer","applicant":"ADPARO LLC","legal":"20-15N-19W-IM","section":"20","township":"15N","range":"19W","cause_number":"2026001876"},"geometry":{"type":"Polygon","coordinates":[[[-99.252628,35.754496],[-99.25256,35.76894],[-99.234883,35.76897],[-99.234926,35.754508],[-99.252628,35.754496]]]}},{"type":"Feature","properties":{"county":"Roger Mills","applicant":"MEWBOURNE","legal":"30-13N-21W-IM","section":"30","township":"13N","range":"21W","cause_number":"2026001865"},"geometry":{"type":"Polygon","coordinates":[[[-99.483346,35.566289],[-99.483286,35.580789],[-99.465708,35.58081],[-99.465729,35.5663],[-99.483346,35.566289]]]}},{"type":"Feature","properties":{"county":"Roger Mills","applicant":"MEWBOURNE","legal":"19-13N-21W-IM","section":"19","township":"13N","range":"21W","cause_number":"2026001865"},"geometry":{"type":"Polygon","coordinates":[[[-99.483286,35.580787],[-99.483221,35.595296],[-99.465674,35.595308],[-99.465708,35.580808],[-99.483286,35.580787]]]}},{"type":"Feature","properties":{"county":"Custer","applicant":"DUNCAN OIL PROPERTIES; WALTER DUNCAN OIL","legal":"20-15N-19W-IM","section":"20","township":"15N","range":"19W","cause_number":"2025001121","order_number":"757280"},"geometry":{"type":"Polygon","coordinates":[[[-99.252628,35.754496],[-99.25256,35.76894],[-99.234883,35.76897],[-99.234926,35.754508],[-99.252628,35.754496]]]}},{"type":"Feature","properties":{"county":"Custer","applicant":"DUNCAN OIL PROPERTIES; WALTER DUNCAN OIL","legal":"17-15N-19W-IM","section":"17","township":"15N","range":"19W","cause_number":"2025001121","order_number":"757280"},"geometry":{"type":"Polygon","coordinates":[[[-99.252561,35.768938],[-99.252507,35.78339],[-99.234836,35.783446],[-99.234883,35.768969],[-99.252561,35.768938]]]}},{"type":"Feature","properties":{"county":"Custer","applicant":"DUNCAN OIL PROPERTIES; WALTER DUNCAN OIL","legal":"08-15N-19W-IM","section":"08","township":"15N","range":"19W","cause_number":"2025001121","order_number":"757280"},"geometry":{"type":"Polygon","coordinates":[[[-99.252508,35.783388],[-99.252424,35.797809],[-99.234807,35.797925],[-99.234836,35.783444],[-99.252508,35.783388]]]}},{"type":"Feature","properties":{"county":"Caddo","applicant":"BCE MACH","legal":"25-11N-11W-IM","section":"25","township":"11N","range":"11W","cause_number":"2026000608","order_number":"757323"},"geometry":{"type":"Polygon","coordinates":[[[-98.324079,35.391774],[-98.324062,35.406194],[-98.306359,35.406156],[-98.30635,35.391724],[-98.324079,35.391774]]]}},{"type":"Feature","properties":{"county":"Caddo","applicant":"BCE MACH","legal":"24-11N-11W-IM","section":"24","township":"11N","range":"11W","cause_number":"2026000608","order_number":"757323"},"geometry":{"type":"Polygon","coordinates":[[[-98.324062,35.406192],[-98.324044,35.42066],[-98.306363,35.420579],[-98.306359,35.406154],[-98.324062,35.406192]]]}},{"type":"Feature","properties":{"county":"Caddo","applicant":"BCE MACH","legal":"13-11N-11W-IM","section":"13","township":"11N","range":"11W","cause_number":"2026000608","order_number":"757323"},"geometry":{"type":"Polygon","coordinates":[[[-98.324043,35.420658],[-98.324009,35.435116],[-98.306355,35.435029],[-98.306363,35.420577],[-98.324043,35.420658]]]}},{"type":"Feature","properties":{"county":"Caddo","applicant":"BCE MACH","legal":"25-11N-11W-IM","section":"25","township":"11N","range":"11W","cause_number":"2026000606","order_number":"757321"},"geometry":{"type":"Polygon","coordinates":[[[-98.324079,35.391774],[-98.324062,35.406194],[-98.306359,35.406156],[-98.30635,35.391724],[-98.324079,35.391774]]]}},{"type":"Feature","properties":{"county":"Caddo","applicant":"BCE MACH","legal":"24-11N-11W-IM","section":"24","township":"11N","range":"11W","cause_number":"2026000606","order_number":"757321"},"geometry":{"type":"Polygon","coordinates":[[[-98.324062,35.406192],[-98.324044,35.42066],[-98.306363,35.420579],[-98.306359,35.406154],[-98.324062,35.406192]]]}},{"type":"Feature","properties":{"county":"Caddo","applicant":"BCE MACH","legal":"13-11N-11W-IM","section":"13","township":"11N","range":"11W","cause_number":"2026000606","order_number":"757321"},"geometry":{"type":"Polygon","coordinates":[[[-98.324043,35.420658],[-98.324009,35.435116],[-98.306355,35.435029],[-98.306363,35.420577],[-98.324043,35.420658]]]}},{"type":"Feature","properties":{"county":"Caddo","applicant":"COTERRA ENERGY OPERATING CO","legal":"01-10N-12W-IM","section":"01","township":"10N","range":"12W","cause_number":"2026000989","order_number":"757420"},"geometry":{"type":"Polygon","coordinates":[[[-98.429783,35.36306],[-98.42982,35.377391],[-98.412192,35.377464],[-98.412227,35.363051],[-98.429783,35.36306]]]}},{"type":"Feature","properties":{"county":"Caddo","applicant":"COTERRA ENERGY OPERATING CO","legal":"01-10N-12W-IM","section":"01","township":"10N","range":"12W","cause_number":"2026000986","order_number":"757417"},"geometry":{"type":"Polygon","coordinates":[[[-98.429783,35.36306],[-98.42982,35.377391],[-98.412192,35.377464],[-98.412227,35.363051],[-98.429783,35.36306]]]}},{"type":"Feature","properties":{"county":"Caddo","applicant":"WARWICK-JUPITER","legal":"34-11N-12W-IM","section":"34","township":"11N","range":"12W","cause_number":"2026002008"},"geometry":{"type":"Polygon","coordinates":[[[-98.46509,35.377327],[-98.465101,35.391803],[-98.447427,35.39186],[-98.447432,35.377372],[-98.46509,35.377327]]]}},{"type":"Feature","properties":{"county":"Caddo","applicant":"WARWICK-JUPITER","legal":"03-10N-12W-IM","section":"03","township":"10N","range":"12W","cause_number":"2026002008"},"geometry":{"type":"Polygon","coordinates":[[[-98.465057,35.362981],[-98.465091,35.377329],[-98.447431,35.377374],[-98.4474,35.363048],[-98.465057,35.362981]]]}},{"type":"Feature","properties":{"county":"Caddo","applicant":"WARWICK-JUPITER","legal":"34-11N-12W-IM","section":"34","township":"11N","range":"12W","cause_number":"2026002006"},"geometry":{"type":"Polygon","coordinates":[[[-98.46509,35.377327],[-98.465101,35.391803],[-98.447427,35.39186],[-98.447432,35.377372],[-98.46509,35.377327]]]}},{"type":"Feature","properties":{"county":"Caddo","applicant":"WARWICK-JUPITER","legal":"03-10N-12W-IM","section":"03","township":"10N","range":"12W","cause_number":"2026002006"},"geometry":{"type":"Polygon","coordinates":[[[-98.465057,35.362981],[-98.465091,35.377329],[-98.447431,35.377374],[-98.4474,35.363048],[-98.465057,35.362981]]]}},{"type":"Feature","properties":{"county":"Caddo","applicant":"WARWICK-JUPITER","legal":"34-11N-12W-IM","section":"34","township":"11N","range":"12W","cause_number":"2026002005"},"geometry":{"type":"Polygon","coordinates":[[[-98.46509,35.377327],[-98.465101,35.391803],[-98.447427,35.39186],[-98.447432,35.377372],[-98.46509,35.377327]]]}},{"type":"Feature","properties":{"county":"Caddo","applicant":"WARWICK-JUPITER","legal":"03-10N-12W-IM","section":"03","township":"10N","range":"12W","cause_number":"2026002004"},"geometry":{"type":"Polygon","coordinates":[[[-98.465057,35.362981],[-98.465091,35.377329],[-98.447431,35.377374],[-98.4474,35.363048],[-98.465057,35.362981]]]}},{"type":"Feature","properties":{"county":"Roger Mills","applicant":"MEWBOURNE","legal":"25-13N-22W-IM","section":"25","township":"13N","range":"22W","cause_number":"2026001993"},"geometry":{"type":"Polygon","coordinates":[[[-99.501024,35.566314],[-99.500932,35.580821],[-99.483284,35.580788],[-99.483345,35.566289],[-99.501024,35.566314]]]}},{"type":"Feature","properties":{"county":"Roger Mills","applicant":"MEWBOURNE","legal":"24-13N-22W-IM","section":"24","township":"13N","range":"22W","cause_number":"2026001993"},"geometry":{"type":"Polygon","coordinates":[[[-99.500932,35.580819],[-99.500855,35.595308],[-99.483219,35.595296],[-99.483285,35.580787],[-99.500932,35.580819]]]}},{"type":"Feature","properties":{"county":"Roger Mills","applicant":"MEWBOURNE","legal":"27-13N-22W-IM","section":"27","township":"13N","range":"22W","cause_number":"2026001258","order_number":"757579"},"geometry":{"type":"Polygon","coordinates":[[[-99.536309,35.56639],[-99.536234,35.580882],[-99.518609,35.580829],[-99.518701,35.566334],[-99.536309,35.56639]]]}},{"type":"Feature","properties":{"county":"Roger Mills","applicant":"MEWBOURNE","legal":"22-13N-22W-IM","section":"22","township":"13N","range":"22W","cause_number":"2026001258","order_number":"757579"},"geometry":{"type":"Polygon","coordinates":[[[-99.536234,35.58088],[-99.53614,35.595371],[-99.51847,35.595336],[-99.518609,35.580827],[-99.536234,35.58088]]]}},{"type":"Feature","properties":{"county":"Custer","applicant":"ARNOLD OIL PROPERTIES","legal":"23-13N-16W-IM","section":"23","township":"13N","range":"16W","cause_number":"2025004154","order_number":"757561"},"geometry":{"type":"Polygon","coordinates":[[[-98.880376,35.580503],[-98.880387,35.59502],[-98.862729,35.595022],[-98.862705,35.580522],[-98.880376,35.580503]]]}},{"type":"Feature","properties":{"county":"Custer","applicant":"ARNOLD OIL PROPERTIES","legal":"14-13N-16W-IM","section":"14","township":"13N","range":"16W","cause_number":"2025004154","order_number":"757561"},"geometry":{"type":"Polygon","coordinates":[[[-98.880387,35.595018],[-98.88038,35.609509],[-98.862729,35.609538],[-98.86273,35.59502],[-98.880387,35.595018]]]}},{"type":"Feature","properties":{"county":"Custer","applicant":"DEVON ENERGY","legal":"23-14N-20W-IM","section":"23","township":"14N","range":"20W","cause_number":"2026002057"},"geometry":{"type":"Polygon","coordinates":[[[-99.305737,35.667684],[-99.30573,35.682185],[-99.288026,35.682116],[-99.287959,35.667574],[-99.305737,35.667684]]]}},{"type":"Feature","properties":{"county":"Custer","applicant":"DEVON ENERGY","legal":"14-14N-20W-IM","section":"14","township":"14N","range":"20W","cause_number":"2026002057"},"geometry":{"type":"Polygon","coordinates":[[[-99.305729,35.682183],[-99.30573,35.696682],[-99.28804,35.696603],[-99.288026,35.682114],[-99.305729,35.682183]]]}},{"type":"Feature","properties":{"county":"Custer","applicant":"DEVON ENERGY","legal":"11-14N-20W-IM","section":"11","township":"14N","range":"20W","cause_number":"2026002057"},"geometry":{"type":"Polygon","coordinates":[[[-99.305729,35.69668],[-99.305694,35.711149],[-99.288003,35.711032],[-99.28804,35.696601],[-99.305729,35.69668]]]}},{"type":"Feature","properties":{"county":"Custer","applicant":"DEVON ENERGY","legal":"23-14N-20W-IM","section":"23","township":"14N","range":"20W","cause_number":"2026002055"},"geometry":{"type":"Polygon","coordinates":[[[-99.305737,35.667684],[-99.30573,35.682185],[-99.288026,35.682116],[-99.287959,35.667574],[-99.305737,35.667684]]]}},{"type":"Feature","properties":{"county":"Custer","applicant":"DEVON ENERGY","legal":"14-14N-20W-IM","section":"14","township":"14N","range":"20W","cause_number":"2026002055"},"geometry":{"type":"Polygon","coordinates":[[[-99.305729,35.682183],[-99.30573,35.696682],[-99.28804,35.696603],[-99.288026,35.682114],[-99.305729,35.682183]]]}},{"type":"Feature","properties":{"county":"Custer","applicant":"DEVON ENERGY","legal":"11-14N-20W-IM","section":"11","township":"14N","range":"20W","cause_number":"2026002055"},"geometry":{"type":"Polygon","coordinates":[[[-99.305729,35.69668],[-99.305694,35.711149],[-99.288003,35.711032],[-99.28804,35.696601],[-99.305729,35.69668]]]}},{"type":"Feature","properties":{"county":"Custer","applicant":"DEVON ENERGY","legal":"23-14N-20W-IM","section":"23","township":"14N","range":"20W","cause_number":"2026002052"},"geometry":{"type":"Polygon","coordinates":[[[-99.305737,35.667684],[-99.30573,35.682185],[-99.288026,35.682116],[-99.287959,35.667574],[-99.305737,35.667684]]]}},{"type":"Feature","properties":{"county":"Custer","applicant":"DEVON ENERGY","legal":"14-14N-20W-IM","section":"14","township":"14N","range":"20W","cause_number":"2026002052"},"geometry":{"type":"Polygon","coordinates":[[[-99.305729,35.682183],[-99.30573,35.696682],[-99.28804,35.696603],[-99.288026,35.682114],[-99.305729,35.682183]]]}},{"type":"Feature","properties":{"county":"Custer","applicant":"DEVON ENERGY","legal":"11-14N-20W-IM","section":"11","township":"14N","range":"20W","cause_number":"2026002052"},"geometry":{"type":"Polygon","coordinates":[[[-99.305729,35.69668],[-99.305694,35.711149],[-99.288003,35.711032],[-99.28804,35.696601],[-99.305729,35.69668]]]}},{"type":"Feature","properties":{"county":"Custer","applicant":"CRAWLEY PETROLEUM","legal":"33-12N-17W-IM","section":"33","township":"12N","range":"17W","cause_number":"2026002050"},"geometry":{"type":"Polygon","coordinates":[[[-99.011368,35.465144],[-99.011358,35.479634],[-98.993678,35.479639],[-98.993644,35.465106],[-99.011368,35.465144]]]}},{"type":"Feature","properties":{"county":"Custer","applicant":"CRAWLEY PETROLEUM","legal":"28-12N-17W-IM","section":"28","township":"12N","range":"17W","cause_number":"2026002050"},"geometry":{"type":"Polygon","coordinates":[[[-99.011358,35.479632],[-99.011391,35.494133],[-98.993704,35.494136],[-98.993678,35.479637],[-99.011358,35.479632]]]}},{"type":"Feature","properties":{"county":"Custer","applicant":"MEWBOURNE","legal":"19-12N-19W-IM","section":"19","township":"12N","range":"19W","cause_number":"2026001232","order_number":"757627"},"geometry":{"type":"Polygon","coordinates":[[[-99.258148,35.494331],[-99.258134,35.508829],[-99.241001,35.508845],[-99.24098,35.494341],[-99.258148,35.494331]]]}},{"type":"Feature","properties":{"county":"Custer","applicant":"DEVON ENERGY","legal":"31-13N-19W-IM","section":"31","township":"13N","range":"19W","cause_number":"2025003056","order_number":"757650"},"geometry":{"type":"Polygon","coordinates":[[[-99.270743,35.551595],[-99.270727,35.566212],[-99.252956,35.566144],[-99.253028,35.551598],[-99.270743,35.551595]]]}},{"type":"Feature","properties":{"county":"Custer","applicant":"DEVON ENERGY","legal":"30-13N-19W-IM","section":"30","township":"13N","range":"19W","cause_number":"2025003056","order_number":"757650"},"geometry":{"type":"Polygon","coordinates":[[[-99.270727,35.56621],[-99.270705,35.580628],[-99.253033,35.580641],[-99.252956,35.566142],[-99.270727,35.56621]]]}},{"type":"Feature","properties":{"county":"Custer","applicant":"DEVON ENERGY","legal":"19-13N-19W-IM","section":"19","township":"13N","range":"19W","cause_number":"2025003056","order_number":"757650"},"geometry":{"type":"Polygon","coordinates":[[[-99.270705,35.580626],[-99.27071,35.595132],[-99.252984,35.595143],[-99.253034,35.580639],[-99.270705,35.580626]]]}},{"type":"Feature","properties":{"county":"Custer","applicant":"REIGN OPERATING LLC","legal":"19-12N-18W-IM","section":"19","township":"12N","range":"18W","cause_number":"2026002103"},"geometry":{"type":"Polygon","coordinates":[[[-99.152286,35.494266],[-99.152298,35.508765],[-99.134866,35.508748],[-99.134871,35.494249],[-99.152286,35.494266]]]}},{"type":"Feature","properties":{"county":"Custer","applicant":"REIGN OPERATING LLC","legal":"18-12N-18W-IM","section":"18","township":"12N","range":"18W","cause_number":"2026002103"},"geometry":{"type":"Polygon","coordinates":[[[-99.152299,35.508763],[-99.152301,35.523253],[-99.134881,35.523254],[-99.134866,35.508747],[-99.152299,35.508763]]]}},{"type":"Feature","properties":{"county":"Custer","applicant":"REIGN OPERATING LLC","legal":"34-12N-18W-IM","section":"34","township":"12N","range":"18W","cause_number":"2026002102"},"geometry":{"type":"Polygon","coordinates":[[[-99.099374,35.465212],[-99.09938,35.479725],[-99.081645,35.479701],[-99.081647,35.465197],[-99.099374,35.465212]]]}},{"type":"Feature","properties":{"county":"Custer","applicant":"REIGN OPERATING LLC","legal":"27-12N-18W-IM","section":"27","township":"12N","range":"18W","cause_number":"2026002102"},"geometry":{"type":"Polygon","coordinates":[[[-99.09938,35.479723],[-99.09939,35.494231],[-99.081643,35.494209],[-99.081645,35.479699],[-99.09938,35.479723]]]}},{"type":"Feature","properties":{"county":"Custer","applicant":"ANTHEM ARAPAHO LLC","legal":"33-13N-18W-IM","section":"33","township":"13N","range":"18W","cause_number":"2026000897","order_number":"757719"},"geometry":{"type":"Polygon","coordinates":[[[-99.128731,35.551587],[-99.128734,35.566061],[-99.110974,35.566063],[-99.110968,35.551575],[-99.128731,35.551587]]]}},{"type":"Feature","properties":{"county":"Custer","applicant":"ANTHEM ARAPAHO LLC","legal":"28-13N-18W-IM","section":"28","township":"13N","range":"18W","cause_number":"2026000897","order_number":"757719"},"geometry":{"type":"Polygon","coordinates":[[[-99.128733,35.566059],[-99.128728,35.580552],[-99.110962,35.580558],[-99.110974,35.566061],[-99.128733,35.566059]]]}},{"type":"Feature","properties":{"county":"Custer","applicant":"NADEL & GUSSMAN","legal":"21-13N-19W-IM","section":"21","township":"13N","range":"19W","cause_number":"2026002122"},"geometry":{"type":"Polygon","coordinates":[[[-99.235158,35.595167],[-99.217306,35.595205],[-99.217307,35.580669],[-99.235161,35.58064],[-99.235158,35.595167]]]}},{"type":"Feature","properties":{"county":"Custer","applicant":"NADEL & GUSSMAN","legal":"16-13N-19W-IM","section":"16","township":"13N","range":"19W","cause_number":"2026002122"},"geometry":{"type":"Polygon","coordinates":[[[-99.235158,35.595165],[-99.235141,35.609731],[-99.217339,35.609707],[-99.217306,35.595203],[-99.235158,35.595165]]]}},{"type":"Feature","properties":{"county":"Custer","applicant":"NADEL & GUSSMAN","legal":"21-13N-19W-IM","section":"21","township":"13N","range":"19W","cause_number":"2026002120"},"geometry":{"type":"Polygon","coordinates":[[[-99.235158,35.595167],[-99.217306,35.595205],[-99.217307,35.580669],[-99.235161,35.58064],[-99.235158,35.595167]]]}},{"type":"Feature","properties":{"county":"Custer","applicant":"NADEL & GUSSMAN","legal":"16-13N-19W-IM","section":"16","township":"13N","range":"19W","cause_number":"2026002120"},"geometry":{"type":"Polygon","coordinates":[[[-99.235158,35.595165],[-99.235141,35.609731],[-99.217339,35.609707],[-99.217306,35.595203],[-99.235158,35.595165]]]}},{"type":"Feature","properties":{"county":"Roger Mills","applicant":"MEWBOURNE","legal":"26-13N-22W-IM","section":"26","township":"13N","range":"22W","cause_number":"2026002104"},"geometry":{"type":"Polygon","coordinates":[[[-99.518702,35.566334],[-99.518611,35.580829],[-99.50093,35.580821],[-99.501022,35.566314],[-99.518702,35.566334]]]}},{"type":"Feature","properties":{"county":"Roger Mills","applicant":"MEWBOURNE","legal":"23-13N-22W-IM","section":"23","township":"13N","range":"22W","cause_number":"2026002104"},"geometry":{"type":"Polygon","coordinates":[[[-99.518611,35.580827],[-99.518471,35.595337],[-99.500853,35.595308],[-99.500931,35.580819],[-99.518611,35.580827]]]}},{"type":"Feature","properties":{"county":"Custer","applicant":"ARNOLD OIL PROPERTIES","legal":"36-13N-16W-IM","section":"36","township":"13N","range":"16W","cause_number":"2026001342","order_number":"757742"},"geometry":{"type":"Polygon","coordinates":[[[-98.862685,35.551503],[-98.862686,35.56602],[-98.844997,35.56595],[-98.844968,35.551484],[-98.862685,35.551503]]]}},{"type":"Feature","properties":{"county":"Custer","applicant":"ARNOLD OIL PROPERTIES","legal":"25-13N-16W-IM","section":"25","township":"13N","range":"16W","cause_number":"2026001342","order_number":"757742"},"geometry":{"type":"Polygon","coordinates":[[[-98.862685,35.566018],[-98.862707,35.580524],[-98.845005,35.580493],[-98.844997,35.565949],[-98.862685,35.566018]]]}},{"type":"Feature","properties":{"county":"Beckham","applicant":"YUKON TRADING","legal":"32-11N-23W-IM","section":"32","township":"11N","range":"23W","cause_number":"2026002147"},"geometry":{"type":"Polygon","coordinates":[[[-99.664463,35.378272],[-99.664392,35.392787],[-99.646743,35.392739],[-99.646786,35.378225],[-99.664463,35.378272]]]}},{"type":"Feature","properties":{"county":"Beckham","applicant":"YUKON TRADING","legal":"29-11N-23W-IM","section":"29","township":"11N","range":"23W","cause_number":"2026002147"},"geometry":{"type":"Polygon","coordinates":[[[-99.664393,35.392785],[-99.664375,35.407284],[-99.646694,35.407241],[-99.646743,35.392737],[-99.664393,35.392785]]]}},{"type":"Feature","properties":{"county":"Custer","applicant":"TERRITORY RESOURCES","legal":"33-13N-18W-IM","section":"33","township":"13N","range":"18W","cause_number":"2026002125"},"geometry":{"type":"Polygon","coordinates":[[[-99.128731,35.551587],[-99.128734,35.566061],[-99.110974,35.566063],[-99.110968,35.551575],[-99.128731,35.551587]]]}},{"type":"Feature","properties":{"county":"Custer","applicant":"TERRITORY RESOURCES","legal":"28-13N-18W-IM","section":"28","township":"13N","range":"18W","cause_number":"2026002125"},"geometry":{"type":"Polygon","coordinates":[[[-99.128733,35.566059],[-99.128728,35.580552],[-99.110962,35.580558],[-99.110974,35.566061],[-99.128733,35.566059]]]}},{"type":"Feature","properties":{"county":"Custer","applicant":"TERRITORY RESOURCES","legal":"21-13N-18W-IM","section":"21","township":"13N","range":"18W","cause_number":"2026002125"},"geometry":{"type":"Polygon","coordinates":[[[-99.128728,35.58055],[-99.128713,35.595059],[-99.110948,35.595053],[-99.110962,35.580557],[-99.128728,35.58055]]]}},{"type":"Feature","properties":{"county":"Custer","applicant":"TERRITORY RESOURCES","legal":"21-13N-18W-IM","section":"21","township":"13N","range":"18W","cause_number":"2026002124"},"geometry":{"type":"Polygon","coordinates":[[[-99.128728,35.58055],[-99.128713,35.595059],[-99.110948,35.595053],[-99.110962,35.580557],[-99.128728,35.58055]]]}},{"type":"Feature","properties":{"county":"Custer","applicant":"CRAWLEY PETROLEUM","legal":"26-12N-18W-IM","section":"26","township":"12N","range":"18W","cause_number":"2025002952","order_number":"757768"},"geometry":{"type":"Polygon","coordinates":[[[-99.081646,35.479699],[-99.081645,35.494209],[-99.063947,35.494174],[-99.063954,35.479682],[-99.081646,35.479699]]]}},{"type":"Feature","properties":{"county":"Custer","applicant":"CRAWLEY PETROLEUM","legal":"23-12N-18W-IM","section":"23","township":"12N","range":"18W","cause_number":"2025002952","order_number":"757768"},"geometry":{"type":"Polygon","coordinates":[[[-99.081645,35.494207],[-99.081663,35.508713],[-99.063958,35.508671],[-99.063947,35.494172],[-99.081645,35.494207]]]}},{"type":"Feature","properties":{"county":"Custer","applicant":"CRAWLEY PETROLEUM","legal":"28-12N-18W-IM","section":"28","township":"12N","range":"18W","cause_number":"2025002951","order_number":"757767"},"geometry":{"type":"Polygon","coordinates":[[[-99.117102,35.47973],[-99.117082,35.49426],[-99.099388,35.494231],[-99.099378,35.479724],[-99.117102,35.47973]]]}},{"type":"Feature","properties":{"county":"Custer","applicant":"CRAWLEY PETROLEUM","legal":"21-12N-18W-IM","section":"21","township":"12N","range":"18W","cause_number":"2025002951","order_number":"757767"},"geometry":{"type":"Polygon","coordinates":[[[-99.117082,35.494258],[-99.117129,35.508757],[-99.099402,35.508727],[-99.099388,35.49423],[-99.117082,35.494258]]]}},{"type":"Feature","properties":{"county":"Custer","applicant":"CRAWLEY PETROLEUM","legal":"29-12N-18W-IM","section":"29","township":"12N","range":"18W","cause_number":"2025002950","order_number":"757766"},"geometry":{"type":"Polygon","coordinates":[[[-99.134851,35.479735],[-99.134873,35.494251],[-99.11708,35.49426],[-99.1171,35.47973],[-99.134851,35.479735]]]}},{"type":"Feature","properties":{"county":"Custer","applicant":"CRAWLEY PETROLEUM","legal":"20-12N-18W-IM","section":"20","township":"12N","range":"18W","cause_number":"2025002950","order_number":"757766"},"geometry":{"type":"Polygon","coordinates":[[[-99.134873,35.494249],[-99.134868,35.508748],[-99.117127,35.508757],[-99.11708,35.494258],[-99.134873,35.494249]]]}},{"type":"Feature","properties":{"county":"Custer","applicant":"CRAWLEY PETROLEUM","legal":"14-12N-18W-IM","section":"14","township":"12N","range":"18W","cause_number":"2025002948","order_number":"757765"},"geometry":{"type":"Polygon","coordinates":[[[-99.081663,35.508711],[-99.081654,35.523188],[-99.063945,35.523171],[-99.063957,35.508669],[-99.081663,35.508711]]]}},{"type":"Feature","properties":{"county":"Custer","applicant":"CRAWLEY PETROLEUM","legal":"11-12N-18W-IM","section":"11","township":"12N","range":"18W","cause_number":"2025002948","order_number":"757765"},"geometry":{"type":"Polygon","coordinates":[[[-99.081654,35.523186],[-99.081644,35.537692],[-99.06392,35.53769],[-99.063946,35.523169],[-99.081654,35.523186]]]}},{"type":"Feature","properties":{"county":"Roger Mills","applicant":"MEWBOURNE","legal":"33-14N-21W-IM","section":"33","township":"14N","range":"21W","cause_number":"2025000535","order_number":"757757"},"geometry":{"type":"Polygon","coordinates":[[[-99.447858,35.638807],[-99.447782,35.653299],[-99.430053,35.65331],[-99.430111,35.638836],[-99.447858,35.638807]]]}},{"type":"Feature","properties":{"county":"Custer","applicant":"DUNCAN OIL PROPERTIES; WALTER DUNCAN OIL","legal":"36-15N-19W-IM","section":"36","township":"15N","range":"19W","cause_number":"2026002155"},"geometry":{"type":"Polygon","coordinates":[[[-99.18185,35.725539],[-99.18187,35.740023],[-99.164004,35.739958],[-99.164079,35.725506],[-99.18185,35.725539]]]}},{"type":"Feature","properties":{"county":"Custer","applicant":"DUNCAN OIL PROPERTIES; WALTER DUNCAN OIL","legal":"12-14N-19W-IM","section":"12","township":"14N","range":"19W","cause_number":"2026002155"},"geometry":{"type":"Polygon","coordinates":[[[-99.181876,35.696522],[-99.181859,35.711019],[-99.164104,35.711037],[-99.164127,35.696536],[-99.181876,35.696522]]]}},{"type":"Feature","properties":{"county":"Custer","applicant":"DUNCAN OIL PROPERTIES; WALTER DUNCAN OIL","legal":"01-14N-19W-IM","section":"01","township":"14N","range":"19W","cause_number":"2026002155"},"geometry":{"type":"Polygon","coordinates":[[[-99.18186,35.711017],[-99.181849,35.725541],[-99.164079,35.725508],[-99.164104,35.711036],[-99.18186,35.711017]]]}},{"type":"Feature","properties":{"county":"Roger Mills","applicant":"MEWBOURNE","legal":"33-14N-21W-IM","section":"33","township":"14N","range":"21W","cause_number":"2025002074","order_number":"757837"},"geometry":{"type":"Polygon","coordinates":[[[-99.447858,35.638807],[-99.447782,35.653299],[-99.430053,35.65331],[-99.430111,35.638836],[-99.447858,35.638807]]]}},{"type":"Feature","properties":{"county":"Caddo","applicant":"TAMWORTH RESOURCES LLC","legal":"20-11N-11W-IM","section":"20","township":"11N","range":"11W","cause_number":"2026001963","order_number":"757896"},"geometry":{"type":"Polygon","coordinates":[[[-98.394688,35.406323],[-98.394678,35.420792],[-98.376898,35.420764],[-98.376927,35.406315],[-98.394688,35.406323]]]}},{"type":"Feature","properties":{"county":"Caddo","applicant":"TAMWORTH RESOURCES LLC","legal":"17-11N-11W-IM","section":"17","township":"11N","range":"11W","cause_number":"2026001963","order_number":"757896"},"geometry":{"type":"Polygon","coordinates":[[[-98.394679,35.42079],[-98.394607,35.435296],[-98.376871,35.435256],[-98.376898,35.420762],[-98.394679,35.42079]]]}},{"type":"Feature","properties":{"county":"Beckham","applicant":"KING ENERGY","legal":"32-11N-23W-IM","section":"32","township":"11N","range":"23W","cause_number":"2026001790"},"geometry":{"type":"Polygon","coordinates":[[[-99.664463,35.378272],[-99.664392,35.392787],[-99.646743,35.392739],[-99.646786,35.378225],[-99.664463,35.378272]]]}},{"type":"Feature","properties":{"county":"Beckham","applicant":"KING ENERGY","legal":"29-11N-23W-IM","section":"29","township":"11N","range":"23W","cause_number":"2026001790"},"geometry":{"type":"Polygon","coordinates":[[[-99.664393,35.392785],[-99.664375,35.407284],[-99.646694,35.407241],[-99.646743,35.392737],[-99.664393,35.392785]]]}},{"type":"Feature","properties":{"county":"Roger Mills","applicant":"MEWBOURNE","legal":"34-13N-22W-IM","section":"34","township":"13N","range":"22W","cause_number":"2026001576","order_number":"757893"},"geometry":{"type":"Polygon","coordinates":[[[-99.536439,35.551887],[-99.536309,35.566392],[-99.5187,35.566336],[-99.51878,35.551854],[-99.536439,35.551887]]]}},{"type":"Feature","properties":{"county":"Roger Mills","applicant":"MEWBOURNE","legal":"04-12N-22W-IM","section":"04","township":"12N","range":"22W","cause_number":"2026001576","order_number":"757893"},"geometry":{"type":"Polygon","coordinates":[[[-99.540532,35.537866],[-99.540569,35.551896],[-99.522873,35.551863],[-99.522901,35.537837],[-99.540532,35.537866]]]}},{"type":"Feature","properties":{"county":"Custer","applicant":"MEWBOURNE","legal":"20-12N-19W-IM","section":"20","township":"12N","range":"19W","cause_number":"2026001082","order_number":"757881"},"geometry":{"type":"Polygon","coordinates":[[[-99.240982,35.494341],[-99.241002,35.508845],[-99.223261,35.508819],[-99.223247,35.494305],[-99.240982,35.494341]]]}},{"type":"Feature","properties":{"county":"Custer","applicant":"MEWBOURNE","legal":"17-12N-19W-IM","section":"17","township":"12N","range":"19W","cause_number":"2026001082","order_number":"757881"},"geometry":{"type":"Polygon","coordinates":[[[-99.241002,35.508843],[-99.241026,35.523357],[-99.223315,35.523315],[-99.223261,35.508817],[-99.241002,35.508843]]]}},{"type":"Feature","properties":{"county":"Custer","applicant":"MEWBOURNE","legal":"08-12N-19W-IM","section":"08","township":"12N","range":"19W","cause_number":"2026001078","order_number":"757880"},"geometry":{"type":"Polygon","coordinates":[[[-99.241025,35.523355],[-99.241005,35.537833],[-99.223303,35.537787],[-99.223314,35.523314],[-99.241025,35.523355]]]}},{"type":"Feature","properties":{"county":"Custer","applicant":"MEWBOURNE","legal":"05-12N-19W-IM","section":"05","township":"12N","range":"19W","cause_number":"2026001078","order_number":"757880"},"geometry":{"type":"Polygon","coordinates":[[[-99.241004,35.537831],[-99.241033,35.5516],[-99.223273,35.551622],[-99.223303,35.537785],[-99.241004,35.537831]]]}},{"type":"Feature","properties":{"county":"Roger Mills","applicant":"CRAWLEY PETROLEUM","legal":"34-14N-21W-IM","section":"34","township":"14N","range":"21W","cause_number":"2025003100","order_number":"757870"},"geometry":{"type":"Polygon","coordinates":[[[-99.430113,35.638836],[-99.430054,35.65331],[-99.412306,35.653334],[-99.412371,35.638827],[-99.430113,35.638836]]]}},{"type":"Feature","properties":{"county":"Custer","applicant":"CRAWLEY PETROLEUM","legal":"30-12N-18W-IM","section":"30","township":"12N","range":"18W","cause_number":"2025002949","order_number":"757927"},"geometry":{"type":"Polygon","coordinates":[[[-99.152288,35.479753],[-99.152286,35.494268],[-99.134871,35.494251],[-99.134849,35.479735],[-99.152288,35.479753]]]}},{"type":"Feature","properties":{"county":"Custer","applicant":"CRAWLEY PETROLEUM","legal":"19-12N-18W-IM","section":"19","township":"12N","range":"18W","cause_number":"2025002949","order_number":"757927"},"geometry":{"type":"Polygon","coordinates":[[[-99.152286,35.494266],[-99.152298,35.508765],[-99.134866,35.508748],[-99.134871,35.494249],[-99.152286,35.494266]]]}},{"type":"Feature","properties":{"county":"Roger Mills","applicant":"MEWBOURNE","legal":"30-13N-21W-IM","section":"30","township":"13N","range":"21W","cause_number":"2025000641","order_number":"757984"},"geometry":{"type":"Polygon","coordinates":[[[-99.483346,35.566289],[-99.483286,35.580789],[-99.465708,35.58081],[-99.465729,35.5663],[-99.483346,35.566289]]]}},{"type":"Feature","properties":{"county":"Roger Mills","applicant":"MEWBOURNE","legal":"19-13N-21W-IM","section":"19","township":"13N","range":"21W","cause_number":"2025000641","order_number":"757984"},"geometry":{"type":"Polygon","coordinates":[[[-99.483286,35.580787],[-99.483221,35.595296],[-99.465674,35.595308],[-99.465708,35.580808],[-99.483286,35.580787]]]}},{"type":"Feature","properties":{"county":"Roger Mills","applicant":"MEWBOURNE","legal":"18-13N-21W-IM","section":"18","township":"13N","range":"21W","cause_number":"2025000467","order_number":"757979"},"geometry":{"type":"Polygon","coordinates":[[[-99.483173,35.609789],[-99.465635,35.609803],[-99.465675,35.595306],[-99.483221,35.595294],[-99.483173,35.609789]]]}},{"type":"Feature","properties":{"county":"Roger Mills","applicant":"MEWBOURNE","legal":"07-13N-21W-IM","section":"07","township":"13N","range":"21W","cause_number":"2025000467","order_number":"757979"},"geometry":{"type":"Polygon","coordinates":[[[-99.483173,35.609787],[-99.483111,35.624273],[-99.465609,35.62429],[-99.465636,35.609801],[-99.483173,35.609787]]]}}]}