{
  "type": "FeatureCollection",
  "name": "WAB Package 1.0 \u2014 owned tracts (section polygons)",
  "crs": {
    "type": "name",
    "properties": {
      "name": "urn:ogc:def:crs:OGC:1.3:CRS84"
    }
  },
  "features": [
    {
      "type": "Feature",
      "properties": {
        "str": "16-11N-11W",
        "county": "Caddo",
        "township_range": "11N-11W",
        "tract_ids": [
          "Min001"
        ],
        "tract_count": 1,
        "mineral_count": 1,
        "orri_count": 0,
        "orri_hbp_count": 0,
        "orri_nonhbp_count": 0,
        "total_nra": 45.0,
        "total_nma": 30.0,
        "deal_names": [
          "MOORE"
        ],
        "status_categories": [
          "HBP"
        ],
        "has_regulatory": false,
        "tract_label": "Min001",
        "type_summary": "mineral",
        "plssid": "OK170110N0110W0",
        "frstdivid": "OK170110N0110W0SN160",
        "section_number": "16"
      },
      "geometry": {
        "type": "Polygon",
        "coordinates": [
          [
            [
              -98.3768932759233,
              35.42801486381551
            ],
            [
              -98.37688651969405,
              35.4316378914644
            ],
            [
              -98.37687976166816,
              35.435260948614264
            ],
            [
              -98.37248342553231,
              35.43525734024183
            ],
            [
              -98.36808708939644,
              35.43525375968229
            ],
            [
              -98.36369072631112,
              35.435250152041476
            ],
            [
              -98.35929439107358,
              35.43524657221348
            ],
            [
              -98.35929253784914,
              35.43162771363919
            ],
            [
              -98.35929071247249,
              35.42800885420011
            ],
            [
              -98.359288861943,
              35.42438996757235
            ],
            [
              -98.35928703566803,
              35.420771106489184
            ],
            [
              -98.3636919534098,
              35.42077051865061
            ],
            [
              -98.36809689989765,
              35.42076995716588
            ],
            [
              -98.37250181674112,
              35.420769367863166
            ],
            [
              -98.37690676233065,
              35.42076878002453
            ],
            [
              -98.37690000610141,
              35.42439183568786
            ],
            [
              -98.3768932759233,
              35.42801486381551
            ]
          ]
        ]
      }
    },
    {
      "type": "Feature",
      "properties": {
        "str": "25-11N-11W",
        "county": "Caddo",
        "township_range": "11N-11W",
        "tract_ids": [
          "Min002"
        ],
        "tract_count": 1,
        "mineral_count": 1,
        "orri_count": 0,
        "orri_hbp_count": 0,
        "orri_nonhbp_count": 0,
        "total_nra": 48.0,
        "total_nma": 30.0,
        "deal_names": [
          "OPITZ"
        ],
        "status_categories": [
          "LEASED"
        ],
        "has_regulatory": true,
        "tract_label": "Min002",
        "type_summary": "mineral",
        "plssid": "OK170110N0110W0",
        "frstdivid": "OK170110N0110W0SN250",
        "section_number": "25"
      },
      "geometry": {
        "type": "Polygon",
        "coordinates": [
          [
            [
              -98.32407773160034,
              35.398989999632185
            ],
            [
              -98.32407366402875,
              35.40259466003784
            ],
            [
              -98.32406962520322,
              35.40619932108364
            ],
            [
              -98.31964415221111,
              35.406189801207866
            ],
            [
              -98.31521868011734,
              35.40618025424014
            ],
            [
              -98.31079320622693,
              35.406170734362114
            ],
            [
              -98.30636773413313,
              35.40616121448296
            ],
            [
              -98.30636552427754,
              35.40255366825646
            ],
            [
              -98.30636328657417,
              35.398946149505505
            ],
            [
              -98.30636104976911,
              35.39533862970355
            ],
            [
              -98.30635881296405,
              35.391731111076034
            ],
            [
              -98.31079056158673,
              35.39174349015915
            ],
            [
              -98.3152223398538,
              35.391755894871395
            ],
            [
              -98.3196540893748,
              35.391768272486054
            ],
            [
              -98.32408586494694,
              35.391780651563415
            ],
            [
              -98.32408179917195,
              35.395385311336234
            ],
            [
              -98.32407773160034,
              35.398989999632185
            ]
          ]
        ]
      }
    },
    {
      "type": "Feature",
      "properties": {
        "str": "05-12N-16W",
        "county": "Custer",
        "township_range": "12N-16W",
        "tract_ids": [
          "Min003"
        ],
        "tract_count": 1,
        "mineral_count": 1,
        "orri_count": 0,
        "orri_hbp_count": 0,
        "orri_nonhbp_count": 0,
        "total_nra": 75.75,
        "total_nma": 37.88,
        "deal_names": [
          "RIVERS"
        ],
        "status_categories": [
          "LEASED"
        ],
        "has_regulatory": false,
        "tract_label": "Min003",
        "type_summary": "mineral",
        "plssid": "OK170120N0160W0",
        "frstdivid": "OK170120N0160W0SN050",
        "section_number": "05"
      },
      "geometry": {
        "type": "Polygon",
        "coordinates": [
          [
            [
              -98.92342872237968,
              35.548291341327385
            ],
            [
              -98.9234306330963,
              35.55150763715255
            ],
            [
              -98.92019672142968,
              35.551503755538214
            ],
            [
              -98.91897986534244,
              35.55150226823158
            ],
            [
              -98.91576514797846,
              35.5514984136589
            ],
            [
              -98.91452906884247,
              35.55149845531815
            ],
            [
              -98.91134199353812,
              35.551499100670384
            ],
            [
              -98.91008652247007,
              35.55149933673923
            ],
            [
              -98.90691883640282,
              35.55149998282232
            ],
            [
              -98.90564397879263,
              35.55150002375064
            ],
            [
              -98.9056462048179,
              35.54827570168858
            ],
            [
              -98.90564905517229,
              35.5446532458596
            ],
            [
              -98.90565487984861,
              35.541034261448885
            ],
            [
              -98.90566067667713,
              35.53741527893855
            ],
            [
              -98.91009977890873,
              35.53743156177493
            ],
            [
              -98.9145388811403,
              35.53744781829231
            ],
            [
              -98.91897798516854,
              35.53746407261344
            ],
            [
              -98.9211975219113,
              35.53747221585457
            ],
            [
              -98.92341708740013,
              35.537480329855235
            ],
            [
              -98.92342170563902,
              35.541079648118995
            ],
            [
              -98.92342635262398,
              35.54467896712875
            ],
            [
              -98.92342872237968,
              35.548291341327385
            ]
          ]
        ]
      }
    },
    {
      "type": "Feature",
      "properties": {
        "str": "17-12N-18W",
        "county": "Custer",
        "township_range": "12N-18W",
        "tract_ids": [
          "Min004",
          "Min005"
        ],
        "tract_count": 2,
        "mineral_count": 2,
        "orri_count": 0,
        "orri_hbp_count": 0,
        "orri_nonhbp_count": 0,
        "total_nra": 80.0,
        "total_nma": 40.0,
        "deal_names": [
          "GILMORE",
          "TACKITT"
        ],
        "status_categories": [
          "LEASED"
        ],
        "has_regulatory": true,
        "tract_label": "Min004, Min005",
        "type_summary": "mineral",
        "plssid": "OK170120N0180W0",
        "frstdivid": "OK170120N0180W0SN170",
        "section_number": "17"
      },
      "geometry": {
        "type": "Polygon",
        "coordinates": [
          [
            [
              -99.13488295498766,
              35.51600627820038
            ],
            [
              -99.13488654196057,
              35.51963263641558
            ],
            [
              -99.13489013073014,
              35.5232589675247
            ],
            [
              -99.13045480860926,
              35.523260811410815
            ],
            [
              -99.12601948738669,
              35.523262656759144
            ],
            [
              -99.12158416616414,
              35.52326450064516
            ],
            [
              -99.11714884314496,
              35.52326634526222
            ],
            [
              -99.11714564604084,
              35.519640293787134
            ],
            [
              -99.11714247498789,
              35.516014242284996
            ],
            [
              -99.11713930393493,
              35.51238821710917
            ],
            [
              -99.11713610593253,
              35.5087621656422
            ],
            [
              -99.12157103818457,
              35.50876001429697
            ],
            [
              -99.12600594258883,
              35.50875789147047
            ],
            [
              -99.13044087394258,
              35.50875574012512
            ],
            [
              -99.13487577834684,
              35.50875358951093
            ],
            [
              -99.1348793680147,
              35.51237991922863
            ],
            [
              -99.13488295498766,
              35.51600627820038
            ]
          ]
        ]
      }
    },
    {
      "type": "Feature",
      "properties": {
        "str": "32-12N-17W",
        "county": "Custer",
        "township_range": "12N-17W",
        "tract_ids": [
          "Min006"
        ],
        "tract_count": 1,
        "mineral_count": 1,
        "orri_count": 0,
        "orri_hbp_count": 0,
        "orri_nonhbp_count": 0,
        "total_nra": 95.0,
        "total_nma": 63.33,
        "deal_names": [
          "Napier/McClung"
        ],
        "status_categories": [
          "LEASED"
        ],
        "has_regulatory": false,
        "tract_label": "Min006",
        "type_summary": "mineral",
        "plssid": "OK170120N0170W0",
        "frstdivid": "OK170120N0170W0SN320",
        "section_number": "32"
      },
      "geometry": {
        "type": "Polygon",
        "coordinates": [
          [
            [
              -99.02903297744975,
              35.472391031348266
            ],
            [
              -99.02902666408993,
              35.476024433570124
            ],
            [
              -99.0290203507301,
              35.47965783618532
            ],
            [
              -99.0246066968722,
              35.479653099608875
            ],
            [
              -99.02019301426819,
              35.479648334502976
            ],
            [
              -99.01577933346083,
              35.479643597925985
            ],
            [
              -99.01136565085683,
              35.479638862080236
            ],
            [
              -99.01136810235924,
              35.47601690371904
            ],
            [
              -99.01137055475996,
              35.47239497385268
            ],
            [
              -99.01137300626237,
              35.46877304324949
            ],
            [
              -99.01137543171365,
              35.46515111340177
            ],
            [
              -99.01579297437843,
              35.46514437637231
            ],
            [
              -99.0202105179415,
              35.46513766933994
            ],
            [
              -99.02462805970795,
              35.465130960112035
            ],
            [
              -99.02904557542328,
              35.46512425307855
            ],
            [
              -99.02903928991122,
              35.468757628085974
            ],
            [
              -99.02903297744975,
              35.472391031348266
            ]
          ]
        ]
      }
    },
    {
      "type": "Feature",
      "properties": {
        "str": "35-12N-19W",
        "county": "Custer",
        "township_range": "12N-19W",
        "tract_ids": [
          "Min007"
        ],
        "tract_count": 1,
        "mineral_count": 1,
        "orri_count": 0,
        "orri_hbp_count": 0,
        "orri_nonhbp_count": 0,
        "total_nra": 72.0,
        "total_nma": 45.0,
        "deal_names": [
          "BG"
        ],
        "status_categories": [
          "LEASED"
        ],
        "has_regulatory": true,
        "tract_label": "Min007",
        "type_summary": "mineral",
        "plssid": "OK170120N0190W0",
        "frstdivid": "OK170120N0190W0SN350",
        "section_number": "35"
      },
      "geometry": {
        "type": "Polygon",
        "coordinates": [
          [
            [
              -99.18778291489615,
              35.4725425158521
            ],
            [
              -99.18778204532695,
              35.476171117386045
            ],
            [
              -99.18778117575778,
              35.47979971974574
            ],
            [
              -99.18334668817178,
              35.47979476152822
            ],
            [
              -99.17891219878918,
              35.47978980257888
            ],
            [
              -99.1744777112032,
              35.47978484289769
            ],
            [
              -99.17004322271892,
              35.47977991174538
            ],
            [
              -99.17004964836813,
              35.47615281036264
            ],
            [
              -99.17005610096683,
              35.47252573774142
            ],
            [
              -99.17006252571773,
              35.46889863611725
            ],
            [
              -99.17006895136697,
              35.46527156258413
            ],
            [
              -99.17449788377122,
              35.46527499328368
            ],
            [
              -99.1789268170738,
              35.46527842398314
            ],
            [
              -99.18335574947805,
              35.46528185468246
            ],
            [
              -99.18778465403454,
              35.46528528538157
            ],
            [
              -99.18778378446534,
              35.46891388737192
            ],
            [
              -99.18778291489615,
              35.4725425158521
            ]
          ]
        ]
      }
    },
    {
      "type": "Feature",
      "properties": {
        "str": "01-12N-15W",
        "county": "Roger Mills",
        "township_range": "12N-15W",
        "tract_ids": [
          "Min008"
        ],
        "tract_count": 1,
        "mineral_count": 1,
        "orri_count": 0,
        "orri_hbp_count": 0,
        "orri_nonhbp_count": 0,
        "total_nra": 13.0,
        "total_nma": 6.5,
        "deal_names": [
          "Allen Family "
        ],
        "status_categories": [
          "OPEN"
        ],
        "has_regulatory": false,
        "tract_label": "Min008",
        "type_summary": "mineral",
        "plssid": "OK170120N0150W0",
        "frstdivid": "OK170120N0150W0SN010",
        "section_number": "01"
      },
      "geometry": {
        "type": "Polygon",
        "coordinates": [
          [
            [
              -98.74664440761359,
              35.544234585177605
            ],
            [
              -98.74663848591925,
              35.5478670848938
            ],
            [
              -98.74663261992043,
              35.55148686236447
            ],
            [
              -98.74301118043012,
              35.55148887589297
            ],
            [
              -98.74222265185014,
              35.551489316603565
            ],
            [
              -98.73857798731648,
              35.551491357904844
            ],
            [
              -98.73781287422268,
              35.55149168752417
            ],
            [
              -98.73414740470703,
              35.55149986807676
            ],
            [
              -98.73340684885815,
              35.551501837022286
            ],
            [
              -98.72971935085512,
              35.55151176652935
            ],
            [
              -98.72900079564589,
              35.55151206910663
            ],
            [
              -98.72900829208693,
              35.54765199131173
            ],
            [
              -98.72901479948284,
              35.54404324296682
            ],
            [
              -98.72902791758092,
              35.54045127304471
            ],
            [
              -98.72904103567903,
              35.53685930307056
            ],
            [
              -98.73344786683235,
              35.53688373443767
            ],
            [
              -98.73785472493515,
              35.5369081665283
            ],
            [
              -98.74226158393624,
              35.53693257083366
            ],
            [
              -98.74666841419123,
              35.53695700364042
            ],
            [
              -98.74665641180073,
              35.54059578083044
            ],
            [
              -98.74664440761359,
              35.544234585177605
            ]
          ]
        ]
      }
    },
    {
      "type": "Feature",
      "properties": {
        "str": "06-13N-23W",
        "county": "Roger Mills",
        "township_range": "13N-23W",
        "tract_ids": [
          "Min009"
        ],
        "tract_count": 1,
        "mineral_count": 1,
        "orri_count": 0,
        "orri_hbp_count": 0,
        "orri_nonhbp_count": 0,
        "total_nra": 24.0,
        "total_nma": 15.0,
        "deal_names": [
          "BG"
        ],
        "status_categories": [
          "LEASED"
        ],
        "has_regulatory": true,
        "tract_label": "Min009",
        "type_summary": "mineral",
        "plssid": "OK170130N0230W0",
        "frstdivid": "OK170130N0230W0SN060",
        "section_number": "06"
      },
      "geometry": {
        "type": "Polygon",
        "coordinates": [
          [
            [
              -99.69548338044136,
              35.63164189603906
            ],
            [
              -99.69546279015674,
              35.635259369693934
            ],
            [
              -99.69544222682156,
              35.63887664969541
            ],
            [
              -99.69080031104995,
              35.63887579843863
            ],
            [
              -99.68637848521793,
              35.63887516912187
            ],
            [
              -99.68197615552248,
              35.63887076244416
            ],
            [
              -99.67757382852199,
              35.63886635430612
            ],
            [
              -99.67759983385113,
              35.63525418599159
            ],
            [
              -99.6776260323181,
              35.6316311842727
            ],
            [
              -99.67768748247342,
              35.62801082071324
            ],
            [
              -99.67774890567928,
              35.624390485972754
            ],
            [
              -99.6822219866865,
              35.62439536588692
            ],
            [
              -99.68669504074424,
              35.62440024580084
            ],
            [
              -99.69115228894458,
              35.62440373614757
            ],
            [
              -99.69552456101061,
              35.62440714398174
            ],
            [
              -99.6955039716243,
              35.62802450692675
            ],
            [
              -99.69548338044136,
              35.63164189603906
            ]
          ]
        ]
      }
    },
    {
      "type": "Feature",
      "properties": {
        "str": "07-12N-23W",
        "county": "Roger Mills",
        "township_range": "12N-23W",
        "tract_ids": [
          "Min010",
          "OR010",
          "OR011",
          "OR012",
          "OR013",
          "OR017",
          "OR053",
          "OR054",
          "OR055"
        ],
        "tract_count": 9,
        "mineral_count": 1,
        "orri_count": 8,
        "orri_hbp_count": 0,
        "orri_nonhbp_count": 8,
        "total_nra": 20.93,
        "total_nma": 8.5,
        "deal_names": [
          "J&A Deal"
        ],
        "status_categories": [
          "HBP",
          "NON_PRODUCING"
        ],
        "has_regulatory": false,
        "tract_label": "Min010, OR010, OR011, OR012, OR013, OR017, OR053, OR054, OR055",
        "type_summary": "mineral + orri",
        "plssid": "OK170120N0230W0",
        "frstdivid": "OK170120N0230W0SN070",
        "section_number": "07"
      },
      "geometry": {
        "type": "Polygon",
        "coordinates": [
          [
            [
              -99.681854523633,
              35.53047107055441
            ],
            [
              -99.68184762816489,
              35.53409640531943
            ],
            [
              -99.68184073449339,
              35.53772174073628
            ],
            [
              -99.67759800667787,
              35.53771716328416
            ],
            [
              -99.67315991235601,
              35.53771236214926
            ],
            [
              -99.6687200690143,
              35.53770808951902
            ],
            [
              -99.66428022387599,
              35.53770378984194
            ],
            [
              -99.664283309589,
              35.534078843248565
            ],
            [
              -99.66428639530199,
              35.53045386883115
            ],
            [
              -99.66428948101499,
              35.52682892217803
            ],
            [
              -99.664292566728,
              35.52320397553958
            ],
            [
              -99.66872808019002,
              35.52320830450747
            ],
            [
              -99.67316359365205,
              35.523212604961394
            ],
            [
              -99.67759913406354,
              35.52321737771917
            ],
            [
              -99.68186830828104,
              35.523220428686926
            ],
            [
              -99.68186141640616,
              35.52684576425205
            ],
            [
              -99.681854523633,
              35.53047107055441
            ]
          ]
        ]
      }
    },
    {
      "type": "Feature",
      "properties": {
        "str": "07-13N-23W",
        "county": "Roger Mills",
        "township_range": "13N-23W",
        "tract_ids": [
          "Min011"
        ],
        "tract_count": 1,
        "mineral_count": 1,
        "orri_count": 0,
        "orri_hbp_count": 0,
        "orri_nonhbp_count": 0,
        "total_nra": 15.0,
        "total_nma": 10.0,
        "deal_names": [
          "BG"
        ],
        "status_categories": [
          "HBP"
        ],
        "has_regulatory": true,
        "tract_label": "Min011",
        "type_summary": "mineral",
        "plssid": "OK170130N0230W0",
        "frstdivid": "OK170130N0230W0SN070",
        "section_number": "07"
      },
      "geometry": {
        "type": "Polygon",
        "coordinates": [
          [
            [
              -99.69556588171704,
              35.61717205783632
            ],
            [
              -99.69556516126819,
              35.617295335081465
            ],
            [
              -99.69554520699079,
              35.62078958670713
            ],
            [
              -99.69552456101061,
              35.62440714398174
            ],
            [
              -99.69115228894458,
              35.62440373614757
            ],
            [
              -99.68669504074424,
              35.62440024580084
            ],
            [
              -99.6822219866865,
              35.62439536588692
            ],
            [
              -99.67774890567928,
              35.624390485972754
            ],
            [
              -99.67782618953981,
              35.620765039256426
            ],
            [
              -99.67790347340033,
              35.61713959393998
            ],
            [
              -99.67798075726085,
              35.61351417415283
            ],
            [
              -99.67805804022306,
              35.60988872880467
            ],
            [
              -99.68246264984269,
              35.609898997251946
            ],
            [
              -99.68686723251285,
              35.60990926715855
            ],
            [
              -99.69128942575585,
              35.60991023046431
            ],
            [
              -99.6956455353333,
              35.609911027985085
            ],
            [
              -99.6956057219999,
              35.61354152890079
            ],
            [
              -99.69556588171704,
              35.61717205783632
            ]
          ]
        ]
      }
    },
    {
      "type": "Feature",
      "properties": {
        "str": "08-12N-23W",
        "county": "Roger Mills",
        "township_range": "12N-23W",
        "tract_ids": [
          "Min012",
          "Min013"
        ],
        "tract_count": 2,
        "mineral_count": 2,
        "orri_count": 0,
        "orri_hbp_count": 0,
        "orri_nonhbp_count": 0,
        "total_nra": 8.3,
        "total_nma": 5.53,
        "deal_names": [
          "J&A Deal",
          "Muirhead et al"
        ],
        "status_categories": [
          "HBP"
        ],
        "has_regulatory": false,
        "tract_label": "Min012, Min013",
        "type_summary": "mineral",
        "plssid": "OK170120N0230W0",
        "frstdivid": "OK170120N0230W0SN080",
        "section_number": "08"
      },
      "geometry": {
        "type": "Polygon",
        "coordinates": [
          [
            [
              -99.66428639530199,
              35.53045386883115
            ],
            [
              -99.664283309589,
              35.534078843248565
            ],
            [
              -99.66428022387599,
              35.53770378984194
            ],
            [
              -99.65984812850361,
              35.53769496241859
            ],
            [
              -99.65541603402956,
              35.53768613426326
            ],
            [
              -99.65098394045381,
              35.537677278329326
            ],
            [
              -99.64655184508145,
              35.53766845090305
            ],
            [
              -99.64655040059046,
              35.53404703135745
            ],
            [
              -99.64654895520117,
              35.53042558357564
            ],
            [
              -99.64654751250683,
              35.52680416387682
            ],
            [
              -99.64654606801584,
              35.52318271672886
            ],
            [
              -99.65098269179556,
              35.52318821110509
            ],
            [
              -99.65541931737191,
              35.52319367989176
            ],
            [
              -99.65985594204994,
              35.52319884087603
            ],
            [
              -99.664292566728,
              35.52320397553958
            ],
            [
              -99.66428948101499,
              35.52682892217803
            ],
            [
              -99.66428639530199,
              35.53045386883115
            ]
          ]
        ]
      }
    },
    {
      "type": "Feature",
      "properties": {
        "str": "11-12N-23W",
        "county": "Roger Mills",
        "township_range": "12N-23W",
        "tract_ids": [
          "Min014"
        ],
        "tract_count": 1,
        "mineral_count": 1,
        "orri_count": 0,
        "orri_hbp_count": 0,
        "orri_nonhbp_count": 0,
        "total_nra": 17.78,
        "total_nma": 17.78,
        "deal_names": [
          "BERLIN"
        ],
        "status_categories": [
          "HBP"
        ],
        "has_regulatory": false,
        "tract_label": "Min014",
        "type_summary": "mineral",
        "plssid": "OK170120N0230W0",
        "frstdivid": "OK170120N0230W0SN110",
        "section_number": "11"
      },
      "geometry": {
        "type": "Polygon",
        "coordinates": [
          [
            [
              -99.61109727668666,
              35.53040837453207
            ],
            [
              -99.61109236380037,
              35.53403296137001
            ],
            [
              -99.61108745271073,
              35.53765754892787
            ],
            [
              -99.60664922004833,
              35.537652554077184
            ],
            [
              -99.6022109855893,
              35.53764758846571
            ],
            [
              -99.59777272418081,
              35.53764259361441
            ],
            [
              -99.59333449062011,
              35.53763762654031
            ],
            [
              -99.59334376213215,
              35.534012594351545
            ],
            [
              -99.5933530327459,
              35.5303875891607
            ],
            [
              -99.59336230335963,
              35.52676255690021
            ],
            [
              -99.59337160271944,
              35.52313755096766
            ],
            [
              -99.5978054489083,
              35.52314296419254
            ],
            [
              -99.60223932384326,
              35.52314837595476
            ],
            [
              -99.6066731978799,
              35.52315378771662
            ],
            [
              -99.61110707191654,
              35.52315919947818
            ],
            [
              -99.61110216082687,
              35.52678378698136
            ],
            [
              -99.61109727668666,
              35.53040837453207
            ]
          ]
        ]
      }
    },
    {
      "type": "Feature",
      "properties": {
        "str": "13-12N-23W",
        "county": "Roger Mills",
        "township_range": "12N-23W",
        "tract_ids": [
          "Min015"
        ],
        "tract_count": 1,
        "mineral_count": 1,
        "orri_count": 0,
        "orri_hbp_count": 0,
        "orri_nonhbp_count": 0,
        "total_nra": 60.0,
        "total_nma": 30.0,
        "deal_names": [
          "ROGERS et al"
        ],
        "status_categories": [
          "LEASED"
        ],
        "has_regulatory": false,
        "tract_label": "Min015",
        "type_summary": "mineral",
        "plssid": "OK170120N0230W0",
        "frstdivid": "OK170120N0230W0SN130",
        "section_number": "13"
      },
      "geometry": {
        "type": "Polygon",
        "coordinates": [
          [
            [
              -99.59339045027241,
              35.51589098679952
            ],
            [
              -99.59338101257204,
              35.519514269868274
            ],
            [
              -99.59337160271944,
              35.52313755096766
            ],
            [
              -99.58894319942287,
              35.52313561276401
            ],
            [
              -99.58451479792295,
              35.52313369941849
            ],
            [
              -99.58008639552472,
              35.52313178826627
            ],
            [
              -99.5756579949231,
              35.52312987638287
            ],
            [
              -99.57567392923961,
              35.51951050953953
            ],
            [
              -99.57568983660666,
              35.51589114254253
            ],
            [
              -99.57570574487202,
              35.51227177615211
            ],
            [
              -99.57572168008686,
              35.50865240966643
            ],
            [
              -99.58014358586897,
              35.508650405300166
            ],
            [
              -99.5845655177022,
              35.50864840239644
            ],
            [
              -99.58898742078937,
              35.50864642581776
            ],
            [
              -99.59340932567316,
              35.50864442145134
            ],
            [
              -99.59339988707447,
              35.512267704715384
            ],
            [
              -99.59339045027241,
              35.51589098679952
            ]
          ]
        ]
      }
    },
    {
      "type": "Feature",
      "properties": {
        "str": "16-12N-23W",
        "county": "Roger Mills",
        "township_range": "12N-23W",
        "tract_ids": [
          "Min016",
          "Min017",
          "OR029",
          "OR030",
          "OR031",
          "OR034",
          "OR035",
          "OR036",
          "OR037",
          "OR060",
          "OR061",
          "OR062",
          "OR063",
          "OR064"
        ],
        "tract_count": 14,
        "mineral_count": 2,
        "orri_count": 12,
        "orri_hbp_count": 0,
        "orri_nonhbp_count": 12,
        "total_nra": 58.11,
        "total_nma": 23.4,
        "deal_names": [
          "J&A Deal",
          "Muirhead et al"
        ],
        "status_categories": [
          "LEASED",
          "NON_PRODUCING"
        ],
        "has_regulatory": false,
        "tract_label": "Min016, Min017, OR029, OR030, OR031, OR034, OR035, OR036, OR037, OR060, OR061, OR062, OR063, OR064",
        "type_summary": "mineral + orri",
        "plssid": "OK170120N0230W0",
        "frstdivid": "OK170120N0230W0SN160",
        "section_number": "16"
      },
      "geometry": {
        "type": "Polygon",
        "coordinates": [
          [
            [
              -99.64654909623665,
              35.51593248900287
            ],
            [
              -99.64654756730404,
              35.51955760247106
            ],
            [
              -99.64654606801584,
              35.52318271672886
            ],
            [
              -99.6421174715815,
              35.523182444020584
            ],
            [
              -99.63768884640106,
              35.52318217058122
            ],
            [
              -99.63326025086504,
              35.52318189714186
            ],
            [
              -99.62883162658292,
              35.52318162443363
            ],
            [
              -99.62882959639037,
              35.519556315639484
            ],
            [
              -99.62882753835007,
              35.51593100688618
            ],
            [
              -99.62882548030974,
              35.512305697471724
            ],
            [
              -99.62882342137112,
              35.508680359637694
            ],
            [
              -99.63325616083554,
              35.50868082837114
            ],
            [
              -99.63768889850334,
              35.50868132416093
            ],
            [
              -99.64212163617117,
              35.50868179289431
            ],
            [
              -99.64655437294064,
              35.50868226089648
            ],
            [
              -99.64655173638529,
              35.51230737489118
            ],
            [
              -99.64654909623665,
              35.51593248900287
            ]
          ]
        ]
      }
    },
    {
      "type": "Feature",
      "properties": {
        "str": "17-12N-23W",
        "county": "Roger Mills",
        "township_range": "12N-23W",
        "tract_ids": [
          "Min018",
          "Min019",
          "OR039",
          "OR040",
          "OR041",
          "OR044",
          "OR048",
          "OR049",
          "OR050",
          "OR065",
          "OR066",
          "OR067",
          "OR068",
          "OR069",
          "OR070"
        ],
        "tract_count": 15,
        "mineral_count": 2,
        "orri_count": 13,
        "orri_hbp_count": 0,
        "orri_nonhbp_count": 13,
        "total_nra": 63.94,
        "total_nma": 29.17,
        "deal_names": [
          "J&A Deal",
          "Muirhead et al"
        ],
        "status_categories": [
          "LEASED",
          "NON_PRODUCING"
        ],
        "has_regulatory": false,
        "tract_label": "Min018, Min019, OR039, OR040, OR041, OR044, OR048, OR049, OR050, OR065, OR066, OR067, OR068, OR069, OR070",
        "type_summary": "mineral + orri",
        "plssid": "OK170120N0230W0",
        "frstdivid": "OK170120N0230W0SN170",
        "section_number": "17"
      },
      "geometry": {
        "type": "Polygon",
        "coordinates": [
          [
            [
              -99.66430093273823,
              35.515954026122685
            ],
            [
              -99.6642967349109,
              35.51957900116133
            ],
            [
              -99.664292566728,
              35.52320397553958
            ],
            [
              -99.65985594204994,
              35.52319884087603
            ],
            [
              -99.65541931737191,
              35.52319367989176
            ],
            [
              -99.65098269179556,
              35.52318821110509
            ],
            [
              -99.64654606801584,
              35.52318271672886
            ],
            [
              -99.64654756730404,
              35.51955760247106
            ],
            [
              -99.64654909623665,
              35.51593248900287
            ],
            [
              -99.64655173638529,
              35.51230737489118
            ],
            [
              -99.64655437294064,
              35.50868226089648
            ],
            [
              -99.65099311225286,
              35.508687895934635
            ],
            [
              -99.65543184887014,
              35.50869353024113
            ],
            [
              -99.65987058818233,
              35.508698803308185
            ],
            [
              -99.66430932659625,
              35.508704104893766
            ],
            [
              -99.66430512966724,
              35.51232905191533
            ],
            [
              -99.66430093273823,
              35.515954026122685
            ]
          ]
        ]
      }
    },
    {
      "type": "Feature",
      "properties": {
        "str": "17-13N-23W",
        "county": "Roger Mills",
        "township_range": "13N-23W",
        "tract_ids": [
          "Min020"
        ],
        "tract_count": 1,
        "mineral_count": 1,
        "orri_count": 0,
        "orri_hbp_count": 0,
        "orri_nonhbp_count": 0,
        "total_nra": 15.0,
        "total_nma": 10.0,
        "deal_names": [
          "BG"
        ],
        "status_categories": [
          "LEASED"
        ],
        "has_regulatory": false,
        "tract_label": "Min020",
        "type_summary": "mineral",
        "plssid": "OK170130N0230W0",
        "frstdivid": "OK170130N0230W0SN170",
        "section_number": "17"
      },
      "geometry": {
        "type": "Polygon",
        "coordinates": [
          [
            [
              -99.6780510773813,
              35.60266150234219
            ],
            [
              -99.6780545457766,
              35.606275114644475
            ],
            [
              -99.67805804022306,
              35.60988872880467
            ],
            [
              -99.67361734527849,
              35.60986229302439
            ],
            [
              -99.66917665123219,
              35.60983585723538
            ],
            [
              -99.66468906872137,
              35.60985211513344
            ],
            [
              -99.66020148441389,
              35.60986834527564
            ],
            [
              -99.66022045773099,
              35.60625425984057
            ],
            [
              -99.66023940679361,
              35.60264014627463
            ],
            [
              -99.66025835226293,
              35.59902606084634
            ],
            [
              -99.66027730042723,
              35.59541197363958
            ],
            [
              -99.66471899699336,
              35.59541755072223
            ],
            [
              -99.66916072140727,
              35.59542312561309
            ],
            [
              -99.67360241707507,
              35.5954287282611
            ],
            [
              -99.6780441136412,
              35.59543430388164
            ],
            [
              -99.67804758113822,
              35.599047916761755
            ],
            [
              -99.6780510773813,
              35.60266150234219
            ]
          ]
        ]
      }
    },
    {
      "type": "Feature",
      "properties": {
        "str": "18-12N-23W",
        "county": "Roger Mills",
        "township_range": "12N-23W",
        "tract_ids": [
          "Min021"
        ],
        "tract_count": 1,
        "mineral_count": 1,
        "orri_count": 0,
        "orri_hbp_count": 0,
        "orri_nonhbp_count": 0,
        "total_nra": 1.88,
        "total_nma": 1.25,
        "deal_names": [
          "J&A Deal"
        ],
        "status_categories": [
          "HBP"
        ],
        "has_regulatory": false,
        "tract_label": "Min021",
        "type_summary": "mineral",
        "plssid": "OK170120N0230W0",
        "frstdivid": "OK170120N0230W0SN180",
        "section_number": "18"
      },
      "geometry": {
        "type": "Polygon",
        "coordinates": [
          [
            [
              -99.68188207047119,
              35.515969814644826
            ],
            [
              -99.68187520374916,
              35.519595120914424
            ],
            [
              -99.68186830828104,
              35.523220428686926
            ],
            [
              -99.67759913406354,
              35.52321737771917
            ],
            [
              -99.67316359365205,
              35.523212604961394
            ],
            [
              -99.66872808019002,
              35.52320830450747
            ],
            [
              -99.664292566728,
              35.52320397553958
            ],
            [
              -99.6642967349109,
              35.51957900116133
            ],
            [
              -99.66430093273823,
              35.515954026122685
            ],
            [
              -99.66430512966724,
              35.51232905191533
            ],
            [
              -99.66430932659625,
              35.508704104893766
            ],
            [
              -99.66874142556189,
              35.508708072673286
            ],
            [
              -99.67317349667974,
              35.50871204045261
            ],
            [
              -99.67760554084816,
              35.50871584223732
            ],
            [
              -99.68189585691586,
              35.508719172363634
            ],
            [
              -99.68188896414269,
              35.51234447992767
            ],
            [
              -99.68188207047119,
              35.515969814644826
            ]
          ]
        ]
      }
    },
    {
      "type": "Feature",
      "properties": {
        "str": "08-11N-20W",
        "county": "Washita",
        "township_range": "11N-20W",
        "tract_ids": [
          "Min022"
        ],
        "tract_count": 1,
        "mineral_count": 1,
        "orri_count": 0,
        "orri_hbp_count": 0,
        "orri_nonhbp_count": 0,
        "total_nra": 1.0,
        "total_nma": 1.0,
        "deal_names": [
          "Weston Pass"
        ],
        "status_categories": [
          "HBP"
        ],
        "has_regulatory": false,
        "tract_label": "Min022",
        "type_summary": "mineral",
        "plssid": "OK170110N0200W0",
        "frstdivid": "OK170110N0200W0SN080",
        "section_number": "08"
      },
      "geometry": {
        "type": "Polygon",
        "coordinates": [
          [
            [
              -99.34686476097544,
              35.44364764558198
            ],
            [
              -99.34687026495318,
              35.44727127831296
            ],
            [
              -99.34687577162588,
              35.45089491108774
            ],
            [
              -99.34242692447009,
              35.450893798051546
            ],
            [
              -99.33797810606038,
              35.45089265940302
            ],
            [
              -99.33352928585404,
              35.45089154783033
            ],
            [
              -99.3290804656477,
              35.45089040771824
            ],
            [
              -99.3290896805659,
              35.44726827641936
            ],
            [
              -99.32909892243354,
              35.44364611529381
            ],
            [
              -99.32910813914835,
              35.44002398364879
            ],
            [
              -99.32911738011768,
              35.43640182296457
            ],
            [
              -99.33355147873314,
              35.43640146213244
            ],
            [
              -99.33798554860252,
              35.43640110203225
            ],
            [
              -99.34241964901459,
              35.43640076974464
            ],
            [
              -99.34685374852836,
              35.43640040818059
            ],
            [
              -99.34685925340443,
              35.44002404000339
            ],
            [
              -99.34686476097544,
              35.44364764558198
            ]
          ]
        ]
      }
    },
    {
      "type": "Feature",
      "properties": {
        "str": "13-11N-17W",
        "county": "Washita",
        "township_range": "11N-17W",
        "tract_ids": [
          "Min023"
        ],
        "tract_count": 1,
        "mineral_count": 1,
        "orri_count": 0,
        "orri_hbp_count": 0,
        "orri_nonhbp_count": 0,
        "total_nra": 3.0,
        "total_nma": 2.0,
        "deal_names": [
          "Weston Pass"
        ],
        "status_categories": [
          "HBP"
        ],
        "has_regulatory": false,
        "tract_label": "Min023",
        "type_summary": "mineral",
        "plssid": "OK170110N0170W0",
        "frstdivid": "OK170110N0170W0SN130",
        "section_number": "13"
      },
      "geometry": {
        "type": "Polygon",
        "coordinates": [
          [
            [
              -98.9583398774012,
              35.42885229823679
            ],
            [
              -98.95834041998364,
              35.43247445086507
            ],
            [
              -98.95834093381998,
              35.43609660378947
            ],
            [
              -98.95391081114796,
              35.4360916275076
            ],
            [
              -98.94948065883155,
              35.43608667757433
            ],
            [
              -98.94505053526123,
              35.43608170129179
            ],
            [
              -98.94062038384313,
              35.436076751357895
            ],
            [
              -98.94062259459703,
              35.43245568082182
            ],
            [
              -98.94062483230041,
              35.42883460994733
            ],
            [
              -98.94062704215601,
              35.42521356657999
            ],
            [
              -98.94062925290991,
              35.421592495849275
            ],
            [
              -98.94505665189,
              35.42159636251403
            ],
            [
              -98.94948402122566,
              35.42160023064265
            ],
            [
              -98.95391139325626,
              35.421604095842916
            ],
            [
              -98.95833879223633,
              35.42160799105688
            ],
            [
              -98.95833933481877,
              35.42523014373766
            ],
            [
              -98.9583398774012,
              35.42885229823679
            ]
          ]
        ]
      }
    },
    {
      "type": "Feature",
      "properties": {
        "str": "13-11N-18W",
        "county": "Washita",
        "township_range": "11N-18W",
        "tract_ids": [
          "Min024"
        ],
        "tract_count": 1,
        "mineral_count": 1,
        "orri_count": 0,
        "orri_hbp_count": 0,
        "orri_nonhbp_count": 0,
        "total_nra": 3.0,
        "total_nma": 2.0,
        "deal_names": [
          "Weston Pass"
        ],
        "status_categories": [
          "HBP"
        ],
        "has_regulatory": false,
        "tract_label": "Min024",
        "type_summary": "mineral",
        "plssid": "OK170110N0180W0",
        "frstdivid": "OK170110N0180W0SN130",
        "section_number": "13"
      },
      "geometry": {
        "type": "Polygon",
        "coordinates": [
          [
            [
              -99.0640325213053,
              35.42895710374249
            ],
            [
              -99.06402406995511,
              35.43257947929209
            ],
            [
              -99.06401561590998,
              35.43620182803612
            ],
            [
              -99.0595964338198,
              35.436202259864686
            ],
            [
              -99.05517722388187,
              35.43620271877399
            ],
            [
              -99.05075801394393,
              35.436203150602545
            ],
            [
              -99.046338804006,
              35.43620360877997
            ],
            [
              -99.04634856240492,
              35.432582400487476
            ],
            [
              -99.04635831900723,
              35.428961163296066
            ],
            [
              -99.0463680792028,
              35.4253399550598
            ],
            [
              -99.04637786365286,
              35.42171874506584
            ],
            [
              -99.05079574049093,
              35.4217171462808
            ],
            [
              -99.0552136182273,
              35.421715576045386
            ],
            [
              -99.05963152201481,
              35.421714004345894
            ],
            [
              -99.06404939885287,
              35.4217124077568
            ],
            [
              -99.06404097355382,
              35.42533475484964
            ],
            [
              -99.0640325213053,
              35.42895710374249
            ]
          ]
        ]
      }
    },
    {
      "type": "Feature",
      "properties": {
        "str": "14-11N-20W",
        "county": "Washita",
        "township_range": "11N-20W",
        "tract_ids": [
          "Min025"
        ],
        "tract_count": 1,
        "mineral_count": 1,
        "orri_count": 0,
        "orri_hbp_count": 0,
        "orri_nonhbp_count": 0,
        "total_nra": 1.25,
        "total_nma": 1.25,
        "deal_names": [
          "Weston Pass"
        ],
        "status_categories": [
          "HBP"
        ],
        "has_regulatory": false,
        "tract_label": "Min025",
        "type_summary": "mineral",
        "plssid": "OK170110N0200W0",
        "frstdivid": "OK170110N0200W0SN140",
        "section_number": "14"
      },
      "geometry": {
        "type": "Polygon",
        "coordinates": [
          [
            [
              -99.29369150750637,
              35.42915327964215
            ],
            [
              -99.29368302022354,
              35.4327806616476
            ],
            [
              -99.29367455989019,
              35.43640804274398
            ],
            [
              -99.28925004629883,
              35.43641101649808
            ],
            [
              -99.28482553001251,
              35.43641398732443
            ],
            [
              -99.28040104247228,
              35.436416958882596
            ],
            [
              -99.27597652708425,
              35.436419929708684
            ],
            [
              -99.2759848454838,
              35.432794993108146
            ],
            [
              -99.27599316388333,
              35.429170056550554
            ],
            [
              -99.27600148228285,
              35.42554512006518
            ],
            [
              -99.27600977283463,
              35.42192018221705
            ],
            [
              -99.28043445710588,
              35.421914766565536
            ],
            [
              -99.28485914047886,
              35.4219093487176
            ],
            [
              -99.28928379690235,
              35.42190393306541
            ],
            [
              -99.29370848117365,
              35.42189851668079
            ],
            [
              -99.29369999389085,
              35.42552589748877
            ],
            [
              -99.29369150750637,
              35.42915327964215
            ]
          ]
        ]
      }
    },
    {
      "type": "Feature",
      "properties": {
        "str": "15-11N-20W",
        "county": "Washita",
        "township_range": "11N-20W",
        "tract_ids": [
          "Min026"
        ],
        "tract_count": 1,
        "mineral_count": 1,
        "orri_count": 0,
        "orri_hbp_count": 0,
        "orri_nonhbp_count": 0,
        "total_nra": 6.0,
        "total_nma": 4.0,
        "deal_names": [
          "Weston Pass"
        ],
        "status_categories": [
          "HBP"
        ],
        "has_regulatory": false,
        "tract_label": "Min026",
        "type_summary": "mineral",
        "plssid": "OK170110N0200W0",
        "frstdivid": "OK170110N0200W0SN150",
        "section_number": "15"
      },
      "geometry": {
        "type": "Polygon",
        "coordinates": [
          [
            [
              -99.31138582308365,
              35.429150668680535
            ],
            [
              -99.31138411089472,
              35.432771912721485
            ],
            [
              -99.3113823996041,
              35.436393127861436
            ],
            [
              -99.30695543900188,
              35.43639684962919
            ],
            [
              -99.30252848109463,
              35.43640057139678
            ],
            [
              -99.29810152049241,
              35.43640429316413
            ],
            [
              -99.29367455989019,
              35.43640804274398
            ],
            [
              -99.29368302022354,
              35.4327806616476
            ],
            [
              -99.29369150750637,
              35.42915327964215
            ],
            [
              -99.29369999389085,
              35.42552589748877
            ],
            [
              -99.29370848117365,
              35.42189851668079
            ],
            [
              -99.29812866578368,
              35.42190096023964
            ],
            [
              -99.30254885039369,
              35.42190337744493
            ],
            [
              -99.30696903410539,
              35.42190579391807
            ],
            [
              -99.31138921961374,
              35.42190823747675
            ],
            [
              -99.31138750742483,
              35.42552945432455
            ],
            [
              -99.31138582308365,
              35.429150668680535
            ]
          ]
        ]
      }
    },
    {
      "type": "Feature",
      "properties": {
        "str": "17-11N-18W",
        "county": "Washita",
        "township_range": "11N-18W",
        "tract_ids": [
          "Min027"
        ],
        "tract_count": 1,
        "mineral_count": 1,
        "orri_count": 0,
        "orri_hbp_count": 0,
        "orri_nonhbp_count": 0,
        "total_nra": 1.5,
        "total_nma": 1.0,
        "deal_names": [
          "Weston Pass"
        ],
        "status_categories": [
          "HBP"
        ],
        "has_regulatory": false,
        "tract_label": "Min027",
        "type_summary": "mineral",
        "plssid": "OK170110N0180W0",
        "frstdivid": "OK170110N0180W0SN170",
        "section_number": "17"
      },
      "geometry": {
        "type": "Polygon",
        "coordinates": [
          [
            [
              -99.13482785951463,
              35.42902339097131
            ],
            [
              -99.13483262867048,
              35.432639602756815
            ],
            [
              -99.13483736997856,
              35.436255787558416
            ],
            [
              -99.13041921466277,
              35.43624771749276
            ],
            [
              -99.1260010323975,
              35.43623964962196
            ],
            [
              -99.12158285013224,
              35.43623158175036
            ],
            [
              -99.11716466696868,
              35.43622354022686
            ],
            [
              -99.11716548174064,
              35.432607385450645
            ],
            [
              -99.1171662956143,
              35.428991257127855
            ],
            [
              -99.11716711038625,
              35.42537512967071
            ],
            [
              -99.11716789641213,
              35.421759001644126
            ],
            [
              -99.12158052259736,
              35.42176701313419
            ],
            [
              -99.12599312273142,
              35.421774998269875
            ],
            [
              -99.1304057219672,
              35.421783011222416
            ],
            [
              -99.13481834905073,
              35.421791024174155
            ],
            [
              -99.1348230903588,
              35.42540720712805
            ],
            [
              -99.13482785951463,
              35.42902339097131
            ]
          ]
        ]
      }
    },
    {
      "type": "Feature",
      "properties": {
        "str": "19-11N-18W",
        "county": "Washita",
        "township_range": "11N-18W",
        "tract_ids": [
          "Min028"
        ],
        "tract_count": 1,
        "mineral_count": 1,
        "orri_count": 0,
        "orri_hbp_count": 0,
        "orri_nonhbp_count": 0,
        "total_nra": 10.0,
        "total_nma": 5.0,
        "deal_names": [
          "Weston Pass"
        ],
        "status_categories": [
          "HBP"
        ],
        "has_regulatory": false,
        "tract_label": "Min028",
        "type_summary": "mineral",
        "plssid": "OK170110N0180W0",
        "frstdivid": "OK170110N0180W0SN190",
        "section_number": "19"
      },
      "geometry": {
        "type": "Polygon",
        "coordinates": [
          [
            [
              -99.1525170654746,
              35.41449173450033
            ],
            [
              -99.15251027960093,
              35.41811208557546
            ],
            [
              -99.1525034649812,
              35.421732463577676
            ],
            [
              -99.14808678380078,
              35.42174853414511
            ],
            [
              -99.14366123984178,
              35.421764633259045
            ],
            [
              -99.13923978052236,
              35.421777814442855
            ],
            [
              -99.13481834905073,
              35.421791024174155
            ],
            [
              -99.13482221809464,
              35.418169784953086
            ],
            [
              -99.13482608803689,
              35.41454854549321
            ],
            [
              -99.13482998582691,
              35.410927278734334
            ],
            [
              -99.13483385576916,
              35.40730603961509
            ],
            [
              -99.13925648200012,
              35.40729299590933
            ],
            [
              -99.14367913607887,
              35.40727992584317
            ],
            [
              -99.14810490192174,
              35.40726546464093
            ],
            [
              -99.15253066686633,
              35.40725103345531
            ],
            [
              -99.15252388099266,
              35.41087138329585
            ],
            [
              -99.1525170654746,
              35.41449173450033
            ]
          ]
        ]
      }
    },
    {
      "type": "Feature",
      "properties": {
        "str": "23-11N-18W",
        "county": "Washita",
        "township_range": "11N-18W",
        "tract_ids": [
          "Min029"
        ],
        "tract_count": 1,
        "mineral_count": 1,
        "orri_count": 0,
        "orri_hbp_count": 0,
        "orri_nonhbp_count": 0,
        "total_nra": 5.25,
        "total_nma": 3.5,
        "deal_names": [
          "Weston Pass"
        ],
        "status_categories": [
          "HBP"
        ],
        "has_regulatory": false,
        "tract_label": "Min029",
        "type_summary": "mineral",
        "plssid": "OK170110N0180W0",
        "frstdivid": "OK170110N0180W0SN230",
        "section_number": "23"
      },
      "geometry": {
        "type": "Polygon",
        "coordinates": [
          [
            [
              -99.08173322659923,
              35.41448973144705
            ],
            [
              -99.08172999805409,
              35.418113218830975
            ],
            [
              -99.08172676771233,
              35.421736707238516
            ],
            [
              -99.07730741853553,
              35.42173064005526
            ],
            [
              -99.07288809720647,
              35.42172457067536
            ],
            [
              -99.06846874802967,
              35.42171847494144
            ],
            [
              -99.06404939885287,
              35.4217124077568
            ],
            [
              -99.06405115685587,
              35.418090613747644
            ],
            [
              -99.06405291575722,
              35.4144687930945
            ],
            [
              -99.06405467196358,
              35.41084700073358
            ],
            [
              -99.06405640391544,
              35.407225208143
            ],
            [
              -99.06847722543101,
              35.40722958069872
            ],
            [
              -99.07289804604825,
              35.407233981809114
            ],
            [
              -99.07731886756382,
              35.40723835509656
            ],
            [
              -99.08173968997768,
              35.407242756206415
            ],
            [
              -99.0817364578393,
              35.41086624365179
            ],
            [
              -99.08173322659923,
              35.41448973144705
            ]
          ]
        ]
      }
    },
    {
      "type": "Feature",
      "properties": {
        "str": "23-11N-19W",
        "county": "Washita",
        "township_range": "11N-19W",
        "tract_ids": [
          "Min030"
        ],
        "tract_count": 1,
        "mineral_count": 1,
        "orri_count": 0,
        "orri_hbp_count": 0,
        "orri_nonhbp_count": 0,
        "total_nra": 4.5,
        "total_nma": 3.0,
        "deal_names": [
          "Weston Pass"
        ],
        "status_categories": [
          "HBP"
        ],
        "has_regulatory": false,
        "tract_label": "Min030",
        "type_summary": "mineral",
        "plssid": "OK170110N0190W0",
        "frstdivid": "OK170110N0190W0SN230",
        "section_number": "23"
      },
      "geometry": {
        "type": "Polygon",
        "coordinates": [
          [
            [
              -99.18786663788063,
              35.41454900013328
            ],
            [
              -99.18785518525907,
              35.41817240725177
            ],
            [
              -99.18784373084088,
              35.42179581393653
            ],
            [
              -99.18343357681934,
              35.42178566195319
            ],
            [
              -99.17902344974723,
              35.42177548361499
            ],
            [
              -99.17461329572566,
              35.421765331629096
            ],
            [
              -99.17020316865357,
              35.421755153288316
            ],
            [
              -99.1702109821999,
              35.418138745627225
            ],
            [
              -99.17021879754289,
              35.414522367446004
            ],
            [
              -99.1702266398353,
              35.410905960206236
            ],
            [
              -99.17023445427996,
              35.407289553219975
            ],
            [
              -99.17464822042729,
              35.407292704503504
            ],
            [
              -99.17906198657461,
              35.40729588287732
            ],
            [
              -99.1834757518236,
              35.40729903489274
            ],
            [
              -99.18788951797092,
              35.407302184711526
            ],
            [
              -99.18787806355273,
              35.41092559187803
            ],
            [
              -99.18786663788063,
              35.41454900013328
            ]
          ]
        ]
      }
    },
    {
      "type": "Feature",
      "properties": {
        "str": "24-11N-17W",
        "county": "Washita",
        "township_range": "11N-17W",
        "tract_ids": [
          "Min031"
        ],
        "tract_count": 1,
        "mineral_count": 1,
        "orri_count": 0,
        "orri_hbp_count": 0,
        "orri_nonhbp_count": 0,
        "total_nra": 3.0,
        "total_nma": 2.0,
        "deal_names": [
          "Weston Pass"
        ],
        "status_categories": [
          "HBP"
        ],
        "has_regulatory": false,
        "tract_label": "Min031",
        "type_summary": "mineral",
        "plssid": "OK170110N0170W0",
        "frstdivid": "OK170110N0170W0SN240",
        "section_number": "24"
      },
      "geometry": {
        "type": "Polygon",
        "coordinates": [
          [
            [
              -98.95834423423034,
              35.41435576689494
            ],
            [
              -98.9583415285047,
              35.41798186430613
            ],
            [
              -98.95833879223633,
              35.42160799105688
            ],
            [
              -98.95391139325626,
              35.421604095842916
            ],
            [
              -98.94948402122566,
              35.42160023064265
            ],
            [
              -98.94505665189,
              35.42159636251403
            ],
            [
              -98.94062925290991,
              35.421592495849275
            ],
            [
              -98.9406329899015,
              35.4179713421425
            ],
            [
              -98.94063669994362,
              35.41435021529438
            ],
            [
              -98.94064043783352,
              35.41072906189102
            ],
            [
              -98.94064417662175,
              35.40710790758417
            ],
            [
              -98.94507054523417,
              35.40710682981936
            ],
            [
              -98.9494969416944,
              35.40710572569615
            ],
            [
              -98.9539233085102,
              35.40710464866345
            ],
            [
              -98.95834967891928,
              35.40710354380801
            ],
            [
              -98.95834696960037,
              35.410729668838655
            ],
            [
              -98.95834423423034,
              35.41435576689494
            ]
          ]
        ]
      }
    },
    {
      "type": "Feature",
      "properties": {
        "str": "25-11N-18W",
        "county": "Washita",
        "township_range": "11N-18W",
        "tract_ids": [
          "Min032"
        ],
        "tract_count": 1,
        "mineral_count": 1,
        "orri_count": 0,
        "orri_hbp_count": 0,
        "orri_nonhbp_count": 0,
        "total_nra": 2.0,
        "total_nma": 2.0,
        "deal_names": [
          "Weston Pass"
        ],
        "status_categories": [
          "HBP"
        ],
        "has_regulatory": false,
        "tract_label": "Min032",
        "type_summary": "mineral",
        "plssid": "OK170110N0180W0",
        "frstdivid": "OK170110N0180W0SN250",
        "section_number": "25"
      },
      "geometry": {
        "type": "Polygon",
        "coordinates": [
          [
            [
              -99.06406325356949,
              35.399990982637
            ],
            [
              -99.064059827395,
              35.403608080987595
            ],
            [
              -99.06405640391544,
              35.407225208143
            ],
            [
              -99.059637916223,
              35.40722966709554
            ],
            [
              -99.05521942763222,
              35.40723412824429
            ],
            [
              -99.05080093993979,
              35.40723858792848
            ],
            [
              -99.04638245134902,
              35.407243074702954
            ],
            [
              -99.04639065296756,
              35.403622172348335
            ],
            [
              -99.04639885728105,
              35.40000126770524
            ],
            [
              -99.0464070588996,
              35.39638036519619
            ],
            [
              -99.04641526141646,
              35.3927594882843
            ],
            [
              -99.05082897276654,
              35.392758807238295
            ],
            [
              -99.05524268231999,
              35.392758123995385
            ],
            [
              -99.05965639277177,
              35.39275744075246
            ],
            [
              -99.06407010322353,
              35.39275675824185
            ],
            [
              -99.06406667704904,
              35.39637385600671
            ],
            [
              -99.06406325356949,
              35.399990982637
            ]
          ]
        ]
      }
    },
    {
      "type": "Feature",
      "properties": {
        "str": "26-11N-18W",
        "county": "Washita",
        "township_range": "11N-18W",
        "tract_ids": [
          "Min033"
        ],
        "tract_count": 1,
        "mineral_count": 1,
        "orri_count": 0,
        "orri_hbp_count": 0,
        "orri_nonhbp_count": 0,
        "total_nra": 1.0,
        "total_nma": 1.0,
        "deal_names": [
          "Weston Pass"
        ],
        "status_categories": [
          "HBP"
        ],
        "has_regulatory": false,
        "tract_label": "Min033",
        "type_summary": "mineral",
        "plssid": "OK170110N0180W0",
        "frstdivid": "OK170110N0180W0SN260",
        "section_number": "26"
      },
      "geometry": {
        "type": "Polygon",
        "coordinates": [
          [
            [
              -99.08175059462693,
              35.400002418789256
            ],
            [
              -99.08174514185315,
              35.40362257433098
            ],
            [
              -99.08173968997768,
              35.407242756206415
            ],
            [
              -99.07731886756382,
              35.40723835509656
            ],
            [
              -99.07289804604825,
              35.407233981809114
            ],
            [
              -99.06847722543101,
              35.40722958069872
            ],
            [
              -99.06405640391544,
              35.407225208143
            ],
            [
              -99.064059827395,
              35.403608080987595
            ],
            [
              -99.06406325356949,
              35.399990982637
            ],
            [
              -99.06406667704904,
              35.39637385600671
            ],
            [
              -99.06407010322353,
              35.39275675824185
            ],
            [
              -99.06849295223668,
              35.39275807493076
            ],
            [
              -99.07291582999594,
              35.3927594201797
            ],
            [
              -99.0773386790091,
              35.39276073686863
            ],
            [
              -99.08176152802226,
              35.39276208138513
            ],
            [
              -99.08175607524846,
              35.39638223689011
            ],
            [
              -99.08175059462693,
              35.400002418789256
            ]
          ]
        ]
      }
    },
    {
      "type": "Feature",
      "properties": {
        "str": "32-11N-18W",
        "county": "Washita",
        "township_range": "11N-18W",
        "tract_ids": [
          "Min034"
        ],
        "tract_count": 1,
        "mineral_count": 1,
        "orri_count": 0,
        "orri_hbp_count": 0,
        "orri_nonhbp_count": 0,
        "total_nra": 10.0,
        "total_nma": 5.0,
        "deal_names": [
          "Weston Pass"
        ],
        "status_categories": [
          "HBP"
        ],
        "has_regulatory": false,
        "tract_label": "Min034",
        "type_summary": "mineral",
        "plssid": "OK170110N0180W0",
        "frstdivid": "OK170110N0180W0SN320",
        "section_number": "32"
      },
      "geometry": {
        "type": "Polygon",
        "coordinates": [
          [
            [
              -99.13485948919579,
              35.385556937682004
            ],
            [
              -99.13485184183777,
              35.38918184287659
            ],
            [
              -99.13484419447977,
              35.39280672210502
            ],
            [
              -99.13042515073015,
              35.39280315430479
            ],
            [
              -99.12600610608222,
              35.392799559409106
            ],
            [
              -99.12158703538316,
              35.39279599234087
            ],
            [
              -99.11716799073524,
              35.39279239744488
            ],
            [
              -99.11716966699154,
              35.389170714237174
            ],
            [
              -99.11717136840069,
              35.3855490302513
            ],
            [
              -99.11717304465702,
              35.381927319882024
            ],
            [
              -99.1171747191167,
              35.3783056358904
            ],
            [
              -99.12159973486632,
              35.37830600870174
            ],
            [
              -99.12602475241258,
              35.378306410078146
            ],
            [
              -99.13044979600996,
              35.3783067814246
            ],
            [
              -99.1348748126579,
              35.37830715423589
            ],
            [
              -99.1348671652999,
              35.38193206001264
            ],
            [
              -99.13485948919579,
              35.385556937682004
            ]
          ]
        ]
      }
    },
    {
      "type": "Feature",
      "properties": {
        "str": "33-11N-17W",
        "county": "Washita",
        "township_range": "11N-17W",
        "tract_ids": [
          "Min035"
        ],
        "tract_count": 1,
        "mineral_count": 1,
        "orri_count": 0,
        "orri_hbp_count": 0,
        "orri_nonhbp_count": 0,
        "total_nra": 3.6,
        "total_nma": 2.4,
        "deal_names": [
          "Weston Pass"
        ],
        "status_categories": [
          "HBP"
        ],
        "has_regulatory": false,
        "tract_label": "Min035",
        "type_summary": "mineral",
        "plssid": "OK170110N0170W0",
        "frstdivid": "OK170110N0170W0SN330",
        "section_number": "33"
      },
      "geometry": {
        "type": "Polygon",
        "coordinates": [
          [
            [
              -99.01147462997552,
              35.385497671847226
            ],
            [
              -99.01146701136359,
              35.38911507541128
            ],
            [
              -99.01145939185336,
              35.39273245002183
            ],
            [
              -99.00702648799724,
              35.39272249429721
            ],
            [
              -99.00259360929394,
              35.392712538571416
            ],
            [
              -98.99816069555632,
              35.39270259895517
            ],
            [
              -98.99372774498781,
              35.392692676180786
            ],
            [
              -98.99373242071886,
              35.389070134585275
            ],
            [
              -98.99373706860214,
              35.38544762069787
            ],
            [
              -98.99374174253656,
              35.38182510745231
            ],
            [
              -98.99374639131814,
              35.37820259341299
            ],
            [
              -98.99818231171702,
              35.37821765603348
            ],
            [
              -99.00261819528494,
              35.37823273403241
            ],
            [
              -99.00705401866576,
              35.378247828874635
            ],
            [
              -99.01148986899601,
              35.378262922981584
            ],
            [
              -99.01148225038408,
              35.38188029867957
            ],
            [
              -99.01147462997552,
              35.385497671847226
            ]
          ]
        ]
      }
    },
    {
      "type": "Feature",
      "properties": {
        "str": "14-15N-20W",
        "county": "Custer",
        "township_range": "15N-20W",
        "tract_ids": [
          "OR001"
        ],
        "tract_count": 1,
        "mineral_count": 0,
        "orri_count": 1,
        "orri_hbp_count": 1,
        "orri_nonhbp_count": 0,
        "total_nra": 3.23,
        "total_nma": 0.0,
        "deal_names": [],
        "status_categories": [
          "HBP"
        ],
        "has_regulatory": false,
        "tract_label": "OR001",
        "type_summary": "orri",
        "plssid": "OK170150N0200W0",
        "frstdivid": "OK170150N0200W0SN140",
        "section_number": "14"
      },
      "geometry": {
        "type": "Polygon",
        "coordinates": [
          [
            [
              -99.30554569665685,
              35.776226651811406
            ],
            [
              -99.30552493748895,
              35.77983636519236
            ],
            [
              -99.30550420437218,
              35.78344607865125
            ],
            [
              -99.30108349604436,
              35.783432596179246
            ],
            [
              -99.29666278502158,
              35.78341908601275
            ],
            [
              -99.29224207489712,
              35.78340557657271
            ],
            [
              -99.28782136567095,
              35.78339206567287
            ],
            [
              -99.28784693172395,
              35.7797754919751
            ],
            [
              -99.28787249687862,
              35.77615889149502
            ],
            [
              -99.28789806203329,
              35.77254231746393
            ],
            [
              -99.28792360023851,
              35.76892574440408
            ],
            [
              -99.2923395043762,
              35.768946115025365
            ],
            [
              -99.29675537886949,
              35.76896648491259
            ],
            [
              -99.3011712839055,
              35.76898685479456
            ],
            [
              -99.30558716019543,
              35.76900722540019
            ],
            [
              -99.3055664288753,
              35.772616937808785
            ],
            [
              -99.30554569665685,
              35.776226651811406
            ]
          ]
        ]
      }
    },
    {
      "type": "Feature",
      "properties": {
        "str": "17-14N-19W",
        "county": "Custer",
        "township_range": "14N-19W",
        "tract_ids": [
          "OR002"
        ],
        "tract_count": 1,
        "mineral_count": 0,
        "orri_count": 1,
        "orri_hbp_count": 1,
        "orri_nonhbp_count": 0,
        "total_nra": 2.42,
        "total_nma": 0.0,
        "deal_names": [],
        "status_categories": [
          "HBP"
        ],
        "has_regulatory": false,
        "tract_label": "OR002",
        "type_summary": "orri",
        "plssid": "OK170140N0190W0",
        "frstdivid": "OK170140N0190W0SN170",
        "section_number": "17"
      },
      "geometry": {
        "type": "Polygon",
        "coordinates": [
          [
            [
              -99.2528400782769,
              35.6893530754273
            ],
            [
              -99.2528393901674,
              35.692968438858564
            ],
            [
              -99.25283870115958,
              35.69658383101015
            ],
            [
              -99.24840593205073,
              35.69658268782363
            ],
            [
              -99.24397316204359,
              35.696581524209996
            ],
            [
              -99.23954039023981,
              35.69658038613024
            ],
            [
              -99.23510761933434,
              35.69657924877996
            ],
            [
              -99.23511355809667,
              35.69296160788151
            ],
            [
              -99.23511946811293,
              35.68934396777454
            ],
            [
              -99.23512540687527,
              35.68572632702926
            ],
            [
              -99.23513131599321,
              35.68210865721764
            ],
            [
              -99.23955886409361,
              35.68211207207645
            ],
            [
              -99.24398641309234,
              35.68211548693512
            ],
            [
              -99.24841393424329,
              35.68211890033426
            ],
            [
              -99.25284148144537,
              35.682122291113494
            ],
            [
              -99.25284079243754,
              35.68573768383786
            ],
            [
              -99.2528400782769,
              35.6893530754273
            ]
          ]
        ]
      }
    },
    {
      "type": "Feature",
      "properties": {
        "str": "19-14N-19W",
        "county": "Custer",
        "township_range": "14N-19W",
        "tract_ids": [
          "OR003"
        ],
        "tract_count": 1,
        "mineral_count": 0,
        "orri_count": 1,
        "orri_hbp_count": 1,
        "orri_nonhbp_count": 0,
        "total_nra": 4.11,
        "total_nma": 0.0,
        "deal_names": [],
        "status_categories": [
          "HBP"
        ],
        "has_regulatory": false,
        "tract_label": "OR003",
        "type_summary": "orri",
        "plssid": "OK170140N0190W0",
        "frstdivid": "OK170140N0190W0SN190",
        "section_number": "19"
      },
      "geometry": {
        "type": "Polygon",
        "coordinates": [
          [
            [
              -99.27043157268677,
              35.674923839191734
            ],
            [
              -99.27043482907968,
              35.67853870286923
            ],
            [
              -99.2704380567265,
              35.68215353924966
            ],
            [
              -99.26616267964195,
              35.68214647750032
            ],
            [
              -99.2617207701751,
              35.68213911074811
            ],
            [
              -99.25728111278468,
              35.682130715159815
            ],
            [
              -99.25284148144537,
              35.682122291113494
            ],
            [
              -99.25283978003624,
              35.678505650949404
            ],
            [
              -99.25283807862708,
              35.67488898113586
            ],
            [
              -99.25283635026847,
              35.67127231234843
            ],
            [
              -99.25283464885933,
              35.66765566942983
            ],
            [
              -99.25726880856024,
              35.66766578741588
            ],
            [
              -99.26170294041334,
              35.66767593240332
            ],
            [
              -99.2661416006738,
              35.66768524395499
            ],
            [
              -99.2704250904437,
              35.667694165791
            ],
            [
              -99.27042834593829,
              35.67130900151589
            ],
            [
              -99.27043157268677,
              35.674923839191734
            ]
          ]
        ]
      }
    },
    {
      "type": "Feature",
      "properties": {
        "str": "25-15N-20W",
        "county": "Custer",
        "township_range": "15N-20W",
        "tract_ids": [
          "OR004"
        ],
        "tract_count": 1,
        "mineral_count": 0,
        "orri_count": 1,
        "orri_hbp_count": 1,
        "orri_nonhbp_count": 0,
        "total_nra": 2.42,
        "total_nma": 0.0,
        "deal_names": [],
        "status_categories": [
          "HBP"
        ],
        "has_regulatory": false,
        "tract_label": "OR004",
        "type_summary": "orri",
        "plssid": "OK170150N0200W0",
        "frstdivid": "OK170150N0200W0SN250",
        "section_number": "25"
      },
      "geometry": {
        "type": "Polygon",
        "coordinates": [
          [
            [
              -99.28799959681324,
              35.747228792366236
            ],
            [
              -99.28798556423017,
              35.750839376351635
            ],
            [
              -99.28797147146001,
              35.75444994963543
            ],
            [
              -99.28355206838427,
              35.75445891425303
            ],
            [
              -99.27913263835907,
              35.754467878140595
            ],
            [
              -99.27471323528337,
              35.75447681359589
            ],
            [
              -99.27029383310595,
              35.75448577748144
            ],
            [
              -99.27030687035568,
              35.75087053777165
            ],
            [
              -99.27031987526604,
              35.74725528839443
            ],
            [
              -99.27033287119325,
              35.74364003448162
            ],
            [
              -99.27034589317161,
              35.740024810331455
            ],
            [
              -99.2747663230217,
              35.7400205127762
            ],
            [
              -99.27918678161788,
              35.74001621449154
            ],
            [
              -99.28360724111239,
              35.74001191766496
            ],
            [
              -99.2880277015052,
              35.74000761937991
            ],
            [
              -99.28801364915923,
              35.74361820572719
            ],
            [
              -99.28799959681324,
              35.747228792366236
            ]
          ]
        ]
      }
    },
    {
      "type": "Feature",
      "properties": {
        "str": "26-14N-20W",
        "county": "Custer",
        "township_range": "14N-20W",
        "tract_ids": [
          "OR005"
        ],
        "tract_count": 1,
        "mineral_count": 0,
        "orri_count": 1,
        "orri_hbp_count": 1,
        "orri_nonhbp_count": 0,
        "total_nra": 2.12,
        "total_nma": 0.0,
        "deal_names": [],
        "status_categories": [
          "HBP"
        ],
        "has_regulatory": false,
        "tract_label": "OR005",
        "type_summary": "orri",
        "plssid": "OK170140N0200W0",
        "frstdivid": "OK170140N0200W0SN260",
        "section_number": "26"
      },
      "geometry": {
        "type": "Polygon",
        "coordinates": [
          [
            [
              -99.30579766151764,
              35.660488510795105
            ],
            [
              -99.30578446885937,
              35.662289277188925
            ],
            [
              -99.30578114958439,
              35.66273946901052
            ],
            [
              -99.30577948949775,
              35.662964578566374
            ],
            [
              -99.30577785815719,
              35.66318966048331
            ],
            [
              -99.30577124745501,
              35.66409004311221
            ],
            [
              -99.3057448333924,
              35.66769160199478
            ],
            [
              -99.30130822668067,
              35.667641595910425
            ],
            [
              -99.29687162176558,
              35.667591562792005
            ],
            [
              -99.29241982364407,
              35.667586195817364
            ],
            [
              -99.28796802372594,
              35.66758082884237
            ],
            [
              -99.28803160468513,
              35.663960159301396
            ],
            [
              -99.28809521349207,
              35.660339489052774
            ],
            [
              -99.28815612735316,
              35.65671826339963
            ],
            [
              -99.28821706816372,
              35.653097010769415
            ],
            [
              -99.29263056032488,
              35.653060488417346
            ],
            [
              -99.29704405158773,
              35.653023966048586
            ],
            [
              -99.30146624213577,
              35.653080832468014
            ],
            [
              -99.30588843178552,
              35.65313767037954
            ],
            [
              -99.30584304620241,
              35.65681309085849
            ],
            [
              -99.30579766151764,
              35.660488510795105
            ]
          ]
        ]
      }
    },
    {
      "type": "Feature",
      "properties": {
        "str": "26-15N-20W",
        "county": "Custer",
        "township_range": "15N-20W",
        "tract_ids": [
          "OR006"
        ],
        "tract_count": 1,
        "mineral_count": 0,
        "orri_count": 1,
        "orri_hbp_count": 1,
        "orri_nonhbp_count": 0,
        "total_nra": 2.76,
        "total_nma": 0.0,
        "deal_names": [],
        "status_categories": [
          "HBP"
        ],
        "has_regulatory": false,
        "tract_label": "OR006",
        "type_summary": "orri",
        "plssid": "OK170150N0200W0",
        "frstdivid": "OK170150N0200W0SN260",
        "section_number": "26"
      },
      "geometry": {
        "type": "Polygon",
        "coordinates": [
          [
            [
              -99.30566843347412,
              35.74729404671203
            ],
            [
              -99.30565592712873,
              35.75091588121377
            ],
            [
              -99.30564339024062,
              35.75453767774669
            ],
            [
              -99.3012254038081,
              35.754515752835765
            ],
            [
              -99.29680741737559,
              35.75449382864782
            ],
            [
              -99.29238945879084,
              35.75447190372482
            ],
            [
              -99.28797147146001,
              35.75444994963543
            ],
            [
              -99.28798556423017,
              35.750839376351635
            ],
            [
              -99.28799959681324,
              35.747228792366236
            ],
            [
              -99.28801364915923,
              35.74361820572719
            ],
            [
              -99.2880277015052,
              35.74000761937991
            ],
            [
              -99.29244413295396,
              35.740018294001
            ],
            [
              -99.29686056350441,
              35.740028995598834
            ],
            [
              -99.30127702280096,
              35.74003969865354
            ],
            [
              -99.30569345514803,
              35.74005037254117
            ],
            [
              -99.30568095868414,
              35.74367220999198
            ],
            [
              -99.30566843347412,
              35.74729404671203
            ]
          ]
        ]
      }
    },
    {
      "type": "Feature",
      "properties": {
        "str": "28-14N-20W",
        "county": "Custer",
        "township_range": "14N-20W",
        "tract_ids": [
          "OR007"
        ],
        "tract_count": 1,
        "mineral_count": 0,
        "orri_count": 1,
        "orri_hbp_count": 1,
        "orri_nonhbp_count": 0,
        "total_nra": 1.34,
        "total_nma": 0.0,
        "deal_names": [],
        "status_categories": [
          "HBP"
        ],
        "has_regulatory": false,
        "tract_label": "OR007",
        "type_summary": "orri",
        "plssid": "OK170140N0200W0",
        "frstdivid": "OK170140N0200W0SN280",
        "section_number": "28"
      },
      "geometry": {
        "type": "Polygon",
        "coordinates": [
          [
            [
              -99.34138111390115,
              35.660575113278924
            ],
            [
              -99.34136205793902,
              35.66420733925927
            ],
            [
              -99.34134297592577,
              35.667839566399465
            ],
            [
              -99.3368805660058,
              35.667824754353624
            ],
            [
              -99.33241815608585,
              35.66780994376457
            ],
            [
              -99.32795574436928,
              35.66779510398074
            ],
            [
              -99.32349333444932,
              35.667780291926654
            ],
            [
              -99.32351774886212,
              35.664145677718906
            ],
            [
              -99.3235421632749,
              35.66051106153478
            ],
            [
              -99.32357305004932,
              35.65688047391897
            ],
            [
              -99.32360390987427,
              35.65324985993456
            ],
            [
              -99.32805773729001,
              35.65326506008962
            ],
            [
              -99.33251156560404,
              35.65328028724932
            ],
            [
              -99.33696542176587,
              35.65329548666865
            ],
            [
              -99.34141925007992,
              35.653310687544966
            ],
            [
              -99.34140016806663,
              35.65694291403475
            ],
            [
              -99.34138111390115,
              35.660575113278924
            ]
          ]
        ]
      }
    },
    {
      "type": "Feature",
      "properties": {
        "str": "30-14N-19W",
        "county": "Custer",
        "township_range": "14N-19W",
        "tract_ids": [
          "OR008"
        ],
        "tract_count": 1,
        "mineral_count": 0,
        "orri_count": 1,
        "orri_hbp_count": 1,
        "orri_nonhbp_count": 0,
        "total_nra": 1.69,
        "total_nma": 0.0,
        "deal_names": [],
        "status_categories": [
          "HBP"
        ],
        "has_regulatory": false,
        "tract_label": "OR008",
        "type_summary": "orri",
        "plssid": "OK170140N0190W0",
        "frstdivid": "OK170140N0190W0SN300",
        "section_number": "30"
      },
      "geometry": {
        "type": "Polygon",
        "coordinates": [
          [
            [
              -99.27039410665122,
              35.66047504837194
            ],
            [
              -99.27040961247133,
              35.66408460729763
            ],
            [
              -99.2704250904437,
              35.667694165791
            ],
            [
              -99.2661416006738,
              35.66768524395499
            ],
            [
              -99.26170294041334,
              35.66767593240332
            ],
            [
              -99.25726880856024,
              35.66766578741588
            ],
            [
              -99.25283464885933,
              35.66765566942983
            ],
            [
              -99.25283792052359,
              35.664036889908964
            ],
            [
              -99.25284119128955,
              35.66041810985123
            ],
            [
              -99.25284443510603,
              35.65679932928581
            ],
            [
              -99.25284770587199,
              35.653180548241984
            ],
            [
              -99.25726428284783,
              35.65320213680121
            ],
            [
              -99.26168083467084,
              35.65322372681451
            ],
            [
              -99.26608241067974,
              35.65324006494262
            ],
            [
              -99.27036315070653,
              35.65325593152968
            ],
            [
              -99.27037862867888,
              35.65686548977297
            ],
            [
              -99.27039410665122,
              35.66047504837194
            ]
          ]
        ]
      }
    },
    {
      "type": "Feature",
      "properties": {
        "str": "30-14N-20W",
        "county": "Custer",
        "township_range": "14N-20W",
        "tract_ids": [
          "OR009"
        ],
        "tract_count": 1,
        "mineral_count": 0,
        "orri_count": 1,
        "orri_hbp_count": 1,
        "orri_nonhbp_count": 0,
        "total_nra": 3.99,
        "total_nma": 0.0,
        "deal_names": [],
        "status_categories": [
          "HBP"
        ],
        "has_regulatory": false,
        "tract_label": "OR009",
        "type_summary": "orri",
        "plssid": "OK170140N0200W0",
        "frstdivid": "OK170140N0200W0SN300",
        "section_number": "30"
      },
      "geometry": {
        "type": "Polygon",
        "coordinates": [
          [
            [
              -99.37690700403789,
              35.66053426987908
            ],
            [
              -99.37689136347048,
              35.66417505356965
            ],
            [
              -99.37687572469969,
              35.66781586464343
            ],
            [
              -99.37253001222336,
              35.66781569168051
            ],
            [
              -99.36808654597611,
              35.66781560264476
            ],
            [
              -99.3636430806272,
              35.667815123895046
            ],
            [
              -99.35919961527827,
              35.667814645145334
            ],
            [
              -99.35922447705207,
              35.66418708562304
            ],
            [
              -99.3592493109781,
              35.6605595247658
            ],
            [
              -99.35927414400582,
              35.65693196406266
            ],
            [
              -99.35929897883015,
              35.65330443201063
            ],
            [
              -99.36374197256357,
              35.653310159802686
            ],
            [
              -99.3681849923481,
              35.653315860586765
            ],
            [
              -99.37262801572592,
              35.653321088373346
            ],
            [
              -99.37693775696333,
              35.653326508862094
            ],
            [
              -99.37692239397535,
              35.65693037579833
            ],
            [
              -99.37690700403789,
              35.66053426987908
            ]
          ]
        ]
      }
    },
    {
      "type": "Feature",
      "properties": {
        "str": "12-12N-23W",
        "county": "Roger Mills",
        "township_range": "12N-23W",
        "tract_ids": [
          "OR018",
          "OR020",
          "OR024",
          "OR056",
          "OR057",
          "OR058",
          "OR059"
        ],
        "tract_count": 7,
        "mineral_count": 0,
        "orri_count": 7,
        "orri_hbp_count": 0,
        "orri_nonhbp_count": 7,
        "total_nra": 4.65,
        "total_nma": 0.0,
        "deal_names": [],
        "status_categories": [
          "NON_PRODUCING"
        ],
        "has_regulatory": true,
        "tract_label": "OR018, OR020, OR024, OR056, OR057, OR058, OR059",
        "type_summary": "orri",
        "plssid": "OK170120N0230W0",
        "frstdivid": "OK170120N0230W0SN120",
        "section_number": "12"
      },
      "geometry": {
        "type": "Polygon",
        "coordinates": [
          [
            [
              -99.5933530327459,
              35.5303875891607
            ],
            [
              -99.59334376213215,
              35.534012594351545
            ],
            [
              -99.59333449062011,
              35.53763762654031
            ],
            [
              -99.58890853523269,
              35.53762591023849
            ],
            [
              -99.58448257984529,
              35.53761422025053
            ],
            [
              -99.58005662355956,
              35.53760253245388
            ],
            [
              -99.57563066637553,
              35.53759081541593
            ],
            [
              -99.57563749267337,
              35.53397558778521
            ],
            [
              -99.57564434412404,
              35.53036033247745
            ],
            [
              -99.57565116952358,
              35.526745105080664
            ],
            [
              -99.5756579949231,
              35.52312987638287
            ],
            [
              -99.58008639552472,
              35.52313178826627
            ],
            [
              -99.58451479792295,
              35.52313369941849
            ],
            [
              -99.58894319942287,
              35.52313561276401
            ],
            [
              -99.59337160271944,
              35.52313755096766
            ],
            [
              -99.59336230335963,
              35.52676255690021
            ],
            [
              -99.5933530327459,
              35.5303875891607
            ]
          ]
        ]
      }
    },
    {
      "type": "Feature",
      "properties": {
        "str": "14-13N-23W",
        "county": "Roger Mills",
        "township_range": "13N-23W",
        "tract_ids": [
          "OR025"
        ],
        "tract_count": 1,
        "mineral_count": 0,
        "orri_count": 1,
        "orri_hbp_count": 0,
        "orri_nonhbp_count": 1,
        "total_nra": 0.5,
        "total_nma": 0.0,
        "deal_names": [],
        "status_categories": [
          "NON_PRODUCING"
        ],
        "has_regulatory": false,
        "tract_label": "OR025",
        "type_summary": "orri",
        "plssid": "OK170130N0230W0",
        "frstdivid": "OK170130N0230W0SN140",
        "section_number": "14"
      },
      "geometry": {
        "type": "Polygon",
        "coordinates": [
          [
            [
              -99.62460981424215,
              35.602633684454375
            ],
            [
              -99.62457645530408,
              35.60625193801414
            ],
            [
              -99.624543096366,
              35.60987019155182
            ],
            [
              -99.62010823418254,
              35.609872921528115
            ],
            [
              -99.61567337379572,
              35.6098756536953
            ],
            [
              -99.61123851430722,
              35.609878384401696
            ],
            [
              -99.60680365302208,
              35.60988114213026
            ],
            [
              -99.60684092681817,
              35.606258443364005
            ],
            [
              -99.60687820151256,
              35.60263574417331
            ],
            [
              -99.60691544746088,
              35.59901307380465
            ],
            [
              -99.60695272125696,
              35.59539037458476
            ],
            [
              -99.61138369373523,
              35.59539208971162
            ],
            [
              -99.61581464016237,
              35.59539377561999
            ],
            [
              -99.62024561533556,
              35.595395462258736
            ],
            [
              -99.62467655996606,
              35.59539717665506
            ],
            [
              -99.624643201028,
              35.59901543017136
            ],
            [
              -99.62460981424215,
              35.602633684454375
            ]
          ]
        ]
      }
    },
    {
      "type": "Feature",
      "properties": {
        "str": "27-12N-23W",
        "county": "Roger Mills",
        "township_range": "12N-23W",
        "tract_ids": [
          "OR051",
          "OR052"
        ],
        "tract_count": 2,
        "mineral_count": 0,
        "orri_count": 2,
        "orri_hbp_count": 0,
        "orri_nonhbp_count": 2,
        "total_nra": 2.95,
        "total_nma": 0.0,
        "deal_names": [],
        "status_categories": [
          "NON_PRODUCING"
        ],
        "has_regulatory": false,
        "tract_label": "OR051, OR052",
        "type_summary": "orri",
        "plssid": "OK170120N0230W0",
        "frstdivid": "OK170120N0230W0SN270",
        "section_number": "27"
      },
      "geometry": {
        "type": "Polygon",
        "coordinates": [
          [
            [
              -99.62880305566532,
              35.486915586376824
            ],
            [
              -99.62876413705392,
              35.49054086068788
            ],
            [
              -99.62872524629034,
              35.49416613527729
            ],
            [
              -99.6243152584571,
              35.494165056483624
            ],
            [
              -99.61990529757334,
              35.494163976227206
            ],
            [
              -99.61549530704517,
              35.494162868909484
            ],
            [
              -99.61108531651698,
              35.494161789384385
            ],
            [
              -99.61111220578839,
              35.49053493180912
            ],
            [
              -99.61113906541539,
              35.48690804584272
            ],
            [
              -99.61116595289013,
              35.483281187835054
            ],
            [
              -99.61119281521206,
              35.47965430295533
            ],
            [
              -99.6156148332836,
              35.47965699274554
            ],
            [
              -99.62003682620228,
              35.47965965620104
            ],
            [
              -99.62445884517213,
              35.47966234599102
            ],
            [
              -99.62888086414196,
              35.4796650087148
            ],
            [
              -99.6288419464289,
              35.483290311641944
            ],
            [
              -99.62880305566532,
              35.486915586376824
            ]
          ]
        ]
      }
    }
  ]
}